student_id,annee_universitaire,filiere,age,sexe,bac_type,mention_bac,etablissement_origine,boursier,distance_domicile_km,heures_travail_remunere_sem,taux_presence_pct,connexions_lms_30j,heures_lms_total,ressources_consultees,retards_rendus,nb_devoirs_total,nb_devoirs_rendus,messages_forum,moyenne_partiels_s1,nb_ue_total,nb_ue_validees_s1,motivation,satisfaction,sentiment_appartenance,groupe_td,couleur_carte_etudiante,jour_inscription,id_dossier,date_inscription,moyenne_finale,abandon,commentaire_tuteur
ETU-03041,2024-2025,droit,22,NB,TECHNO,AB,lycee_public,Oui,"2,2",0.0,"86,3",33,35.4,73,2,12,11,4,"10,17",6,5,,3,,D,jaune,mercredi,265469,04 Sep 2024,15.06,0,RAS.
ETU-03916,2024-2025,Lettres,19,femme,general,passable,lycee_public,N,18.8,9.0,77.5%,45,56.7,114,3,13,10,7,,5,4,3,5,3,C,bleu,vendredi,800111,2024-09-27,15.61,0,
ETU-05174,2024-2025, Lettres ,17,h,general,ab,lycee_public,Non,"42,8",0.0,"74,6",37,77.1,77,4,9,6,4,10.17,5,4,2,3,1,A,bleu,jeudi,982786,26/09/2024,14.85,0,"Motivation en berne, à accompagner."
ETU-03759,2024-2025,gestion,20,f,TECHNO,B,lycee_public,O,12.0 km,15.0,"68,2",22,46.7,30,5,10,5,4,10.75,6,5,4,3,4,D,bleu,jeudi,457438,19/09/2024,13.02,0,Profil dans la moyenne.
ETU-03407,2024-2025, Biologie ,21,femme,GEN,Bien,lycee_public,O,"8,2",0.0,62.1%,25,42.7,48,7,9,7,0,8.96,6,2,3,2,2,D,jaune,mercredi,372576,04/09/2024,4.79,1,
ETU-04706,2024-2025,Droit,21,Homme,techno,Passable,lycee_public,non,"31,1",13.0,63.4,40,52.3,81,7,11,9,2,"3,93",6,0,1,3,2,G,gris,jeudi,408861,19 Sep 2024,1.56,1,
ETU-02274,2024-2025,Lettres,22,f,Generale,B,lycee_public,O,17.0,6.0,60.8%,15,30.0,28,7,12,7,0,7.35,6,4,2,3,2,B,jaune,mercredi,260317,04 Sep 2024,3.14,1,Résultats fragiles aux partiels.
ETU-01385,2024-2025,psychologie,17,F,Generale,ab,lycee_prive,Oui,16.4,,64.5%,19,27.4,17,2,13,9,1,11.08,6,6,3,5,3,D,rouge,mercredi,699408,25/09/2024,15.06,0,
ETU-02817,2024-2025,Psychologie,19,femme,général ,AB,cfa,Oui,17.1,0.0,63.6,17,32.1,27,7,11,7,0,4.77,6,3,1,2,1,B,bleu,mardi,612310,2024-09-03,1.13,1,En difficulté sur les évaluations.
ETU-03049,2024-2025,Biologie,22,femme,techno,Assez Bien,lycee_public,0,5.5,,95.3,37,75.0,65,3,10,8,3,8.86,6,5,3,3,4,H,gris,jeudi,385676,05/09/2024,14.08,0,
ETU-03975,2024-2025,Biologie,18,Femme,pro,AB,lycee_public,Oui,16.6,0.0,"78,5",40,53.6,92,2,9,9,4,11.48,5,5,5,,3,B,bleu,mercredi,135249,2024-09-18,16.1,0,RAS.
ETU-02683,2024-2025,Lettres,22,Homme,Professionnel,Assez Bien,lycee_public,non,4.4,16.0,66.6%,31,63.3,95,3,13,11,3,"8,33",6,2,3,,4,A,bleu,jeudi,507498,12 Sep 2024,12.35,0,RAS.
ETU-05128,2024-2025,biologie,23,h,techno,AB,lycee_public,1,"6,3",,76.2,22,41.7,61,4,11,10,2,10.94,5,3,3,5,4,C,jaune,jeudi,172508,2024-09-26,15.9,0,
ETU-04078,2024-2025,Informatique,18,f,GEN,Assez Bien,lycee_public,Oui,"24,4",0.0,69.1,3,6.5,22,5,10,6,1,"9,9",6,2,1,,2,G,rouge,vendredi,370619,2024-09-27,5.22,1,
ETU-03091,2024-2025,Informatique,22,M,GEN,B,cfa,oui,"35,8",10.0,79.6,30,59.2,50,4,11,8,2,"14,83",7,7,5,1,2,A,gris,mardi,201189,24/09/2024,14.53,0,
ETU-03214,2024-2025,Psychologie,17,Femme,pro,P,lycee_public,non,,9.0,80.4,22,15.7,65,2,12,9,3,"7,18",5,1,3,3,4,H,bleu,mercredi,908817,11 Sep 2024,13.8,0,En difficulté sur les évaluations.
ETU-02890,2024-2025, Informatique ,19,Femme,general,Assez Bien,lycee_prive,0,98.9,25.0,"64,1",18,24.2,28,7,13,8,0,10.51,6,6,2,2,,H,bleu,mercredi,634486,25/09/2024,10.63,0,"Motivation en berne, à accompagner."
ETU-01779,2024-2025,gestion,19,F,Général,ab,lycee_public,Oui,29.6,,88.9,36,68.8,99,2,8,8,6,"14,73",7,6,4,3,3,D,gris,jeudi,995394,05 Sep 2024,17.06,0,
ETU-04202,2024-2025,INFORMATIQUE,18,F,général ,Assez Bien,lycee_public,Non,15.8,18.0,82.8%,27,36.3,53,7,9,7,4,14.13,5,5,4,3,4,C,vert,jeudi,300863,2024-09-12,16.43,0,Travail sérieux et régulier.
ETU-04936,2024-2025,biologie,18,H,TECHNO,Passable,lycee_public,non,"6,5",20.0,"63,9",3,2.2,1,5,10,5,0,9.87,6,4,,1,4,A,rouge,mardi,189642,2024-09-03,4.81,1,Engagement en ligne très faible.
ETU-01005,2024-2025,INFORMATIQUE,20,F,Generale,B,lycee_public,1,33.0,9.0,74.8%,28,50.7,65,5,10,6,0,13.15,6,6,4,3,2,H,vert,jeudi,796462,19 Sep 2024,16.13,0,Suivi sans particularité.
ETU-02746,2024-2025,Informatique,22,F,GEN,Assez Bien,lycee_prive,non,76.4,7.0,85.9,39,60.2,76,3,12,10,8,10.83,7,5,2,5,3,C,gris,jeudi,582092,2024-09-05,14.39,0,Semble peu engagé dans la formation.
ETU-00969,2024-2025, Gestion ,22,NR,general,,lycee_public,N,37.7,8.0,96.7%,26,20.9,44,4,12,9,3,10.74,5,4,3,2,4,B,gris,mercredi,804097,25 Sep 2024,15.45,0,
ETU-00408,2024-2025,INFORMATIQUE,21,h,techno,passable,lycee_public,oui,5.0,11.0,85.2,36,56.5,73,6,9,8,8,9.08,6,1,4,3,2,F,rouge,vendredi,515974,2024-09-13,15.29,0,
ETU-03247,2024-2025,STAPS,18,H,Général,Passable,lycee_public,Non,,0.0,77.2%,22,35.2,46,2,12,8,2,7.36,6,2,3,4,3,A,gris,vendredi,525069,13/09/2024,13.17,0,
ETU-02962,2024-2025,staps,19,Femme,Generale,,lycee_public,N,,,73.1,31,55.6,73,4,11,9,1,13.72,6,6,,1,1,C,gris,vendredi,932068,27/09/2024,18.1,0,
ETU-04376,2024-2025,Mathematiques,17,Femme,Technologique,Passable,,O,15.6,9.0,69.6%,22,25.6,55,4,8,6,1,15.45,7,6,4,3,,B,gris,jeudi,672926,2024-09-12,16.85,0,Suivi sans particularité.
ETU-01902,2024-2025, Informatique ,22,femme,TECHNO,AB,lycee_prive,N,13.9,11.0,"84,4",23,38.8,53,4,8,6,5,12.36,7,7,2,3,2,H,bleu,vendredi,369800,2024-09-20,15.72,0,
ETU-02491,2024-2025,informatique,21,f,Generale,Bien,lycee_public,0,9.9,8.0,60.3%,3,6.4,5,4,11,9,0,,6,4,1,2,2,D,bleu,mercredi,619700,2024-09-04,6.19,1,
ETU-01668,2024-2025,biologie,20,M,GEN,ab,cfa,non,1.6,18.0,"68,6",33,72.2,86,2,9,7,2,"13,64",5,3,4,4,3,E,bleu,mardi,148724,2024-09-03,16.18,0,
ETU-03935,2024-2025,Informatique,20,Femme,GEN,P,lycee_public,N,16.4,20.0,78.0,27,32.1,45,6,9,7,3,11.04,7,5,1,3,4,G,bleu,jeudi,862773,05/09/2024,9.01,1,
ETU-00192,2024-2025,Informatique,19,f,GEN,B,lycee_prive,0,46.4 km,9.0,92.6%,47,71.1,104,5,9,8,3,10.44,5,3,4,3,2,C,rouge,vendredi,130294,2024-09-27,16.75,0,Très actif sur la plateforme.
ETU-02334,2024-2025,gestion,19,f,TECHNO,Bien,lycee_public,oui,14.8,27.0,70.6,,15.0,33,6,9,6,1,9.37,6,2,4,4,1,D,jaune,lundi,998025,16 Sep 2024,3.94,1,Profil dans la moyenne.
ETU-04850,2024-2025,Psychologie,20,f,TECHNO,P,lycee_public,non,12.0,26.0,75.9,53,65.6,135,2,10,9,0,9.57,5,2,3,,3,E,jaune,vendredi,825566,2024-09-27,15.25,0,Très actif sur la plateforme.
ETU-02945,2024-2025,Biologie,19,Femme,Generale,ab,autre,non,"5,1",10.0,76.3,9,11.1,20,3,9,8,2,12.68,5,3,3,4,2,F,vert,mercredi,393859,2024-09-04,15.05,0,
ETU-03958,2024-2025,Gestion,22,f,techno,AB,lycee_public,oui,4.4,15.0,69.8,17,19.7,43,4,8,7,2,8.26,5,0,4,3,3,F,gris,mardi,788320,24/09/2024,6.03,1,
ETU-04342,2024-2025,Gestion,22,h,général ,ab,lycee_public,Oui,4.7,11.0,"76,4",15,27.3,23,1,8,6,4,"10,32",5,2,3,1,4,B,gris,lundi,832978,16 Sep 2024,6.17,1,Profil dans la moyenne.
ETU-01991,2024-2025,Psychologie,20,F,techno,AB,lycee_public,non,51.6,13.0,75.1,11,16.3,25,4,10,9,1,4.8,5,1,4,2,3,H,jaune,mercredi,300775,2024-09-04,1.54,1,En difficulté sur les évaluations.
ETU-04816,2024-2025,Psychologie,18,f,Generale,passable,lycee_public,N,17.2,11.0,81.6%,17,19.3,22,6,9,7,2,11.58,6,2,2,3,1,B,rouge,jeudi,137328,2024-09-19,6.01,1,"Motivation en berne, à accompagner."
ETU-03839,2024-2025,GESTION,19,H,GEN,ab,lycee_prive,Oui,9.7 km,26.0,73.1,,31.3,69,6,11,9,2,13.91,5,4,4,4,4,D,rouge,jeudi,331859,19 Sep 2024,16.41,0,
ETU-03170,2024-2025,Droit,20,H,Général,B,lycee_prive,N,"25,0",0.0,83.5,29,18.3,57,2,12,11,5,16.91,6,4,4,4,5,B,vert,jeudi,552762,2024-09-26,19.61,0,
ETU-01555,2024-2025,INFORMATIQUE,18,Femme,Général,,lycee_prive,N,26.2,11.0,"74,8",3,3.5,10,6,13,8,0,"5,08",5,2,1,4,2,A,vert,vendredi,491131,13/09/2024,0.95,1,
ETU-04196,2024-2025,Gestion,18,H,Technologique,Passable,lycee_public,0,6.7,11.0,"70,6",3,1.4,2,2,8,6,3,"10,86",6,6,3,4,3,C,vert,jeudi,120356,26/09/2024,13.29,0,
ETU-02811,2024-2025,Psychologie,18,Femme,general,Passable,lycee_prive,O,44.7 km,3.0,82.5,47,53.1,87,4,10,9,2,"4,47",5,0,2,2,2,D,jaune,mardi,753493,10 Sep 2024,1.57,1,En difficulté sur les évaluations.
ETU-04817,2024-2025,INFORMATIQUE,24,M, pro,passable,lycee_prive,N,29.8,0.0,"80,8",51,52.5,134,2,13,13,2,"11,48",7,6,4,3,5,B,vert,mardi,494796,03/09/2024,18.12,0,Très actif sur la plateforme.
ETU-03694,2024-2025,Biologie,18,h,TECHNO,P,lycee_public,N,38.4,8.0,86.8,55,103.2,98,4,13,12,8,11.27,6,3,4,3,4,G,rouge,lundi,186045,2024-09-16,17.75,0,Engagement en ligne remarquable.
ETU-04928,2024-2025,Psychologie,20,H,Professionnel,tres bien,lycee_prive,O,51.4,,90.0,35,52.4,88,1,11,11,7,15.41,6,5,4,5,3,C,vert,vendredi,299910,2024-09-27,19.25,0,
ETU-03931,2024-2025,biologie,20,Femme,Generale,AB,lycee_public,Oui,7.5,0.0,"84,6",21,25.7,41,6,8,6,0,"11,21",6,3,3,3,4,D,bleu,mercredi,688764,04/09/2024,15.73,0,Suivi sans particularité.
ETU-02596,2024-2025,Informatique,18,h,GEN,B,lycee_public,Non,27.1,0.0,96.5,32,46.3,71,0,13,12,5,17.96,6,5,,,3,D,jaune,jeudi,886045,26 Sep 2024,18.8,0,
ETU-00413,2024-2025,Lettres,18,M,GEN,Passable,lycee_public,N,"34,8",,87.4,36,52.6,70,1,11,10,7,12.64,6,6,5,4,2,B,bleu,lundi,553705,2024-09-02,18.35,0,
ETU-01291,2024-2025,Informatique,20,f,Technologique,passable,lycee_public,oui,27.9 km,3.0,71.1,30,47.8,58,3,10,8,6,8.04,6,4,5,3,2,C,gris,vendredi,532775,2024-09-06,12.3,0,Suivi sans particularité.
ETU-01853,2024-2025,Gestion,19,Homme,Technologique,passable,lycee_public,Non,1.6,14.0,"54,6",24,48.7,45,5,9,8,5,"8,91",7,5,5,2,4,E,gris,mercredi,451688,18 Sep 2024,13.22,0,Forte baisse d'assiduité ce semestre.
ETU-01038,2024-2025,STAPS,18,femme,Général,Passable,lycee_public,non,7.9,,"89,7",37,44.3,73,2,8,8,5,11.1,5,3,,4,3,A,jaune,jeudi,684894,26 Sep 2024,15.85,0,
ETU-01664,2024-2025,Psychologie,24,f,general,AB,cfa,non,13.5,0.0,80.8,28,40.4,40,6,11,10,3,14.93,6,6,4,4,3,A,bleu,vendredi,761643,06/09/2024,17.35,0,Travail sérieux et régulier.
ETU-03553,2024-2025,PSYCHOLOGIE,22,H,general,AB,lycee_prive,O,"20,9",0.0,"71,9",8,13.9,18,3,9,8,4,"10,59",6,5,5,4,3,F,vert,vendredi,451457,20 Sep 2024,7.19,1,Engagement en ligne très faible.
ETU-00477,2024-2025,staps,22,Homme,général ,ab,lycee_prive,0,10.6,,72.2%,,6.6,7,3,11,7,0,9.2,6,3,2,4,2,E,rouge,lundi,844995,16 Sep 2024,3.33,1,
ETU-03947,2024-2025,DROIT,23,h,Generale,passable,lycee_prive,O,"19,3",18.0,85.4,43,23.9,83,1,9,9,4,9.17,6,2,5,4,4,H,vert,vendredi,760185,2024-09-27,15.53,0,
ETU-02958,2024-2025,Gestion,20,f,GEN,P,lycee_public,N,25.7,23.0,64.2%,8,11.1,17,5,10,7,0,"7,08",6,3,1,4,3,B,jaune,mardi,282698,2024-09-03,1.64,1,En difficulté sur les évaluations.
ETU-03302,2024-2025,Gestion,24,Femme,Général,Passable,lycee_public,N,1.4,,68.7%,36,66.6,82,4,13,10,1,13.21,6,6,4,3,3,A,vert,mercredi,835515,04 Sep 2024,17.01,0,
ETU-01369,2024-2025, Droit ,22,Homme,TECHNO,passable,lycee_public,N,6.6 km,10.0,78.3%,21,28.7,37,7,9,7,1,"10,32",6,2,3,4,3,H,jaune,mardi,147192,10 Sep 2024,6.91,1,
ETU-02434,2024-2025,Biologie,20,F,Professionnel,TB,,Non,16.1,8.0,81.2,40,56.5,89,2,11,11,7,"11,04",5,4,4,,4,H,bleu,lundi,630304,16/09/2024,17.04,0,
ETU-00686,2024-2025,STAPS,18,H,général ,passable,lycee_public,non,14.3,4.0,"73,1",10,10.6,25,7,12,9,0,"14,22",7,7,4,1,1,B,vert,vendredi,725072,2024-09-06,14.4,0,
ETU-00998,2024-2025,informatique,20,H,TECHNO,,lycee_prive,oui,30.3,0.0,72.3,,48.3,50,6,9,6,4,15.5,6,6,5,,3,A,gris,jeudi,626222,05/09/2024,16.84,0,
ETU-01193,2024-2025,Mathematiques,19,Homme,Technologique,passable,lycee_public,1,,26.0,"69,9",21,35.5,36,6,10,6,0,"9,58",6,5,1,2,2,B,jaune,lundi,776399,2024-09-09,3.98,1,
ETU-05126,2024-2025,Biologie,23,Femme,Generale,Passable,lycee_public,0,4.8,5.0,"77,5",32,31.5,72,3,9,8,3,15.92,6,6,5,4,3,F,bleu,mardi,545329,2024-09-24,17.67,0,
ETU-02435,2024-2025,Droit,19,H,techno,AB,,non,2.4,0.0,50.5,23,10.9,30,4,12,8,0,"12,66",6,3,1,2,1,D,gris,lundi,274140,2024-09-16,8.62,1,Forte baisse d'assiduité ce semestre.
ETU-01173,2024-2025,LETTRES,19,Femme,GEN,tres bien,lycee_prive,oui,,,92.7,54,55.7,131,4,10,10,10,9.45,6,3,4,4,5,A,bleu,jeudi,320845,19/09/2024,16.23,0,
ETU-03649,2024-2025, Lettres ,23,femme,général ,ab,lycee_prive,0,2.1 km,0.0,"74,4",27,39.2,50,3,10,8,2,11.79,6,2,3,,2,E,gris,mardi,204781,17/09/2024,8.17,1,
ETU-03157,2024-2025, Psychologie ,26,F,general,Assez Bien,lycee_public,O,4.9,23.0,70.2,16,36.6,50,5,11,8,1,12.75,7,5,1,2,4,E,jaune,vendredi,196252,13/09/2024,7.99,1,
ETU-01435,2024-2025,INFORMATIQUE,20,Femme,Generale,AB,cfa,0,24.1,18.0,84.5,32,59.7,67,4,9,9,5,"9,11",6,3,3,2,2,B,vert,vendredi,748668,2024-09-13,14.95,0,Suivi sans particularité.
ETU-04366,2024-2025,Biologie,22,F,Professionnel,Bien,lycee_public,non,12.8,18.0,62.2,26,34.4,56,8,13,13,4,6.54,6,3,3,5,2,B,jaune,jeudi,223345,12/09/2024,4.0,1,Résultats fragiles aux partiels.
ETU-02765,2024-2025,Informatique,18,femme, pro,P,lycee_prive,Non,9.6 km,10.0,84.9%,36,50.2,89,7,10,8,2,6.22,6,0,,2,3,H,rouge,vendredi,976338,27/09/2024,12.66,0,Résultats fragiles aux partiels.
ETU-01590,2024-2025,Lettres,18,M,TECHNO,Assez Bien,cfa,Non,6.1,16.0,69.1,38,86.7,102,5,12,9,3,"17,12",6,5,2,3,2,A,vert,vendredi,924143,27 Sep 2024,18.66,0,Semble peu engagé dans la formation.
ETU-03869,2024-2025,MATHEMATIQUES,20,f,pro,Passable,lycee_public,1,34.7,0.0,72.3%,31,41.3,71,6,12,8,2,,7,2,4,3,3,A,jaune,vendredi,586254,2024-09-13,12.86,0,
ETU-02736,2024-2025,Droit,19,H,Generale,passable,cfa,1,8.2,10.0,79.9%,33,55.4,63,5,12,10,4,"13,98",5,3,5,4,2,G,vert,mercredi,321534,2024-09-04,16.92,0,"Bon semestre, résultats solides."
ETU-03741,2024-2025,STAPS,18,H,techno,TB,lycee_prive,0,9.0 km,6.0,69.8,21,31.3,56,3,10,6,1,"14,78",6,5,4,4,3,F,jaune,mercredi,978134,2024-09-11,16.02,0,
ETU-02056,2024-2025,Mathematiques,21,f,GEN,P,lycee_prive,Oui,18.0,0.0,77.3,22,20.6,35,5,9,7,2,"11,34",7,6,4,4,,A,bleu,mardi,932108,03/09/2024,15.0,0,
ETU-00542,2024-2025,Gestion,18,H,pro,AB,lycee_prive,Oui,"2,0",6.0,70.6,25,26.3,39,4,11,10,3,"8,66",5,3,1,3,4,D,bleu,mardi,661025,10 Sep 2024,5.69,1,"Motivation en berne, à accompagner."
ETU-04345,2024-2025,Informatique,18,M,Général,Passable,lycee_public,Non,32.2,0.0,83.9,25,46.8,69,3,13,12,2,10.72,6,5,3,3,3,A,vert,mardi,952413,03 Sep 2024,14.01,0,
ETU-01905,2024-2025,PSYCHOLOGIE,21,Autre,Général,Bien,lycee_public,Non,"2,9",,"64,5",7,11.1,23,5,10,8,2,"16,45",6,5,3,4,4,F,bleu,mercredi,672505,2024-09-11,9.7,1,
ETU-00535,2024-2025,Gestion,17,Femme,général ,Bien,lycee_public,N,22.6 km,26.0,88.3,14,6.4,33,2,9,5,4,13.12,6,6,3,4,1,C,vert,mercredi,786966,04/09/2024,14.17,0,"Bon semestre, résultats solides."
ETU-01457,2024-2025,Droit,25,Femme,Generale,passable,lycee_public,N,29.4,11.0,68.4,28,51.0,42,4,10,7,1,"6,56",7,3,1,3,3,C,vert,vendredi,454507,20/09/2024,6.71,1,
ETU-00688,2024-2025,biologie,23,F,Général,ab,lycee_public,0,6.1,15.0,83.9,33,60.8,81,4,13,11,4,9.46,6,2,4,3,3,C,rouge,vendredi,185679,2024-09-06,14.86,0,RAS.
ETU-05170,2024-2025,Psychologie,25,M, pro,AB,lycee_public,O,"7,5",5.0,66.2,19,28.8,50,7,10,8,1,8.44,5,4,2,5,2,G,gris,mardi,777329,10/09/2024,2.65,1,Semble peu engagé dans la formation.
ETU-03536,2024-2025,Psychologie,18,f,Général,AB,lycee_public,Oui,"6,0",9.0,84.4,31,43.4,80,6,12,8,3,10.24,6,5,3,2,3,D,jaune,jeudi,730895,2024-09-19,15.15,0,Profil dans la moyenne.
ETU-01592,2024-2025,Biologie,17,Femme,Général,B,cfa,Oui,"17,2",13.0,65.5,19,31.5,33,3,12,8,1,14.69,6,3,3,3,4,E,rouge,vendredi,121798,13/09/2024,9.45,1,
ETU-00051,2024-2025,GESTION,20,h,Technologique,B,lycee_prive,O,"5,8",7.0,83.6,40,58.4,71,1,13,13,3,13.98,6,2,5,4,3,A,vert,vendredi,580775,2024-09-20,18.57,0,Travail sérieux et régulier.
ETU-02701,2024-2025,Gestion,21,f,general,Passable,lycee_public,1,0.8,,70.8,8,9.6,14,6,10,8,3,13.08,5,3,,3,4,E,bleu,lundi,531184,2024-09-02,5.94,1,Peu actif sur la plateforme.
ETU-03281,2024-2025,Psychologie,24,Femme,général ,B,lycee_public,1,17.3,0.0,71.5,37,63.6,92,2,10,8,3,19.01,6,6,3,2,5,D,gris,mardi,471579,03 Sep 2024,19.7,0,
ETU-00715,2024-2025,informatique,19,f,Generale,passable,lycee_prive,non,28.6 km,7.0,83.6,25,49.6,63,1,11,11,3,"14,75",7,5,4,4,4,A,vert,lundi,494129,16 Sep 2024,18.58,0,"Bon semestre, résultats solides."
ETU-01673,2024-2025,LETTRES,20,Femme,Generale,Bien,lycee_prive,1,"0,6",5.0,77.3%,,47.8,69,3,8,6,3,11.34,6,4,2,4,3,A,bleu,vendredi,625650,2024-09-06,14.57,0,"Motivation en berne, à accompagner."
ETU-02346,2024-2025,lettres,17,NR,pro,Assez Bien,lycee_public,N,53.7,21.0,79.0,22,26.4,64,7,12,7,0,9.81,6,3,1,2,1,G,gris,lundi,124077,2024-09-02,3.18,1,Semble peu engagé dans la formation.
ETU-03641,2024-2025,BIOLOGIE,17,F,Generale,B,cfa,non,4.0,,78.1%,44,53.8,97,2,8,8,6,"12,45",7,6,5,3,,F,rouge,mercredi,434859,2024-09-25,17.86,0,
ETU-04259,2024-2025,Psychologie,23,h,techno,ab,lycee_public,non,,0.0,74.6%,36,59.7,67,3,12,10,5,16.74,6,4,5,4,4,G,jaune,lundi,876818,2024-09-09,18.82,0,
ETU-04099,2024-2025,Droit,21,Femme,techno,B,cfa,non,4.0,3.0,89.5%,40,67.3,103,1,12,10,6,"9,37",5,4,4,3,3,B,gris,lundi,165282,23 Sep 2024,14.63,0,Profil dans la moyenne.
ETU-02428,2024-2025, Lettres ,18,M,general,,lycee_public,0,1.3,3.0,57.7%,17,19.8,40,5,9,5,0,5.93,5,2,2,4,3,A,bleu,mercredi,196599,04/09/2024,2.43,1,En difficulté sur les évaluations.
ETU-03905,2024-2025,Droit,17,Femme,techno,B,lycee_prive,Oui,2.1,,80.1,13,10.7,22,6,11,8,1,9.8,7,6,2,3,4,E,jaune,vendredi,275958,20/09/2024,4.57,1,Semble peu engagé dans la formation.
ETU-04617,2024-2025,Informatique,18,femme,Professionnel,Bien,,oui,8.8 km,,"70,5",6,5.9,12,7,12,7,0,11.53,6,5,1,3,2,G,rouge,jeudi,120994,2024-09-19,6.09,1,
ETU-05050,2024-2025,Psychologie,22,M,Général,Bien,cfa,Non,8.6,,88.1,45,93.7,96,4,11,9,2,10.02,6,5,3,2,2,E,bleu,lundi,161126,23/09/2024,16.63,0,Très actif sur la plateforme.
ETU-00035,2024-2025,Biologie,21,Homme,techno,passable,lycee_public,O,30.6,13.0,72.1,26,67.9,61,5,10,9,1,8.56,6,2,4,2,2,G,rouge,vendredi,251394,20 Sep 2024,14.25,0,
ETU-04621,2024-2025,STAPS,20,femme,general,B,lycee_public,oui,9.7 km,0.0,58.6%,12,27.8,22,3,9,6,5,9.37,6,4,5,1,3,A,rouge,jeudi,640224,2024-09-19,3.91,1,
ETU-02265,2024-2025,STAPS,21,femme,Generale,Bien,lycee_public,oui,"7,0",19.0,95.0,39,99.7,103,4,10,8,2,14.77,6,4,4,,1,D,bleu,mardi,591400,2024-09-10,19.0,0,
ETU-03320,2024-2025,Psychologie,21,femme,Technologique,Passable,lycee_public,N,53.3,6.0,79.3,18,14.3,42,6,8,6,1,9.29,7,4,3,1,1,E,bleu,vendredi,239130,2024-09-27,6.13,1,
ETU-00344,2024-2025,Informatique,20,Homme,TECHNO,passable,lycee_prive,Oui,"37,0",,"98,3",44,63.3,127,0,13,13,10,"16,26",5,5,5,3,3,C,bleu,mardi,756724,24 Sep 2024,19.25,0,Étudiant assidu et investi.
ETU-04258,2024-2025,Droit,22,femme,GEN,ab,lycee_prive,non,23.1,0.0,76.7,22,22.6,43,8,9,8,4,14.61,7,6,2,5,3,E,rouge,lundi,856891,16 Sep 2024,9.0,1,"Rendus souvent en retard, à relancer."
ETU-01625,2024-2025, Droit ,20,Homme,general,Passable,lycee_public,0,20.7,11.0,"76,1",22,34.3,44,1,11,10,1,12.8,5,4,2,3,3,E,gris,jeudi,518773,05/09/2024,16.24,0,
ETU-00235,2024-2025,Gestion,18,f,PRO,passable,lycee_public,non,6.2,14.0,78.4,28,55.2,80,3,9,7,1,14.65,6,6,5,4,4,F,bleu,vendredi,751480,27 Sep 2024,18.85,0,
ETU-03945,2024-2025,psychologie,22,M,pro,P,lycee_public,0,"2,1",3.0,"75,2",47,70.1,84,7,8,8,7,"6,16",7,3,3,4,5,E,vert,mercredi,259854,2024-09-11,13.75,0,
ETU-02797,2024-2025,Biologie,21,M,général ,P,lycee_prive,Oui,"15,5",0.0,79.3,31,66.7,78,5,11,8,5,18.3,7,7,5,,3,B,rouge,jeudi,944786,19/09/2024,19.54,0,
ETU-02530,2024-2025,biologie,18,f,général ,Bien,lycee_public,N,0.9,25.0,74.6,25,41.2,62,4,12,9,3,14.18,5,4,4,4,4,E,rouge,mardi,595705,03/09/2024,16.49,0,Suivi sans particularité.
ETU-01029,2024-2025,Psychologie,19,f,GEN,ab,lycee_public,0,4.9,0.0,"81,5",37,17.9,55,4,10,7,2,15.85,7,6,4,2,1,A,rouge,lundi,330396,09/09/2024,18.16,0,Travail sérieux et régulier.
ETU-03633,2024-2025,staps,18,M,Technologique,P,,Non,19.6,0.0,99.2,52,115.4,136,0,13,13,10,13.0,7,5,5,4,5,C,vert,jeudi,444375,19/09/2024,19.17,0,
ETU-02531,2024-2025,Psychologie,22,h,Generale,Passable,cfa,non,6.8,0.0,72.5,58,110.0,112,2,13,12,5,15.62,5,5,5,,4,F,bleu,vendredi,401438,27 Sep 2024,18.72,0,RAS.
ETU-02952,2024-2025,DROIT,21,femme,général ,ab,lycee_prive,Oui,25.9,0.0,"98,9",51,59.3,129,1,10,10,10,14.85,6,6,5,3,5,B,vert,jeudi,457789,19/09/2024,18.94,0,"Très bon investissement, en réussite."
ETU-00614,2024-2025,Informatique,21,h,Generale,Assez Bien,lycee_public,non,"0,4",0.0,74.0,29,33.0,72,5,10,9,1,12.48,7,6,2,1,3,G,jaune,vendredi,630584,13/09/2024,8.42,1,
ETU-01061,2024-2025,Psychologie,19,M,PRO,ab,lycee_public,0,3.2,7.0,71.7%,33,43.6,55,2,8,7,3,10.89,6,5,4,3,2,F,bleu,mardi,843666,2024-09-17,16.03,0,
ETU-03734,2024-2025,STAPS,19,f,general,Assez Bien,lycee_public,non,8.4,14.0,80.6,31,50.4,85,10,13,11,2,12.29,6,4,4,4,2,C,gris,vendredi,976814,2024-09-27,15.64,0,
ETU-01775,2024-2025,mathematiques,22,F,GEN,passable,lycee_public,oui,5.4,6.0,"63,1",,32.5,38,3,9,9,2,"17,25",7,7,3,3,4,E,vert,mardi,890955,17/09/2024,18.47,0,Suivi sans particularité.
ETU-03542,2024-2025, Psychologie ,20,Femme,pro,tres bien,lycee_public,0,"11,9",11.0,68.2%,25,33.3,57,6,11,8,3,8.21,5,2,3,1,3,G,vert,lundi,166949,16/09/2024,4.75,1,
ETU-01801,2024-2025,GESTION,19,NR,Generale,,lycee_public,non,24.9,11.0,95.8,27,44.9,68,3,11,8,4,5.71,5,2,2,3,4,H,jaune,mercredi,145762,25/09/2024,13.01,0,Résultats fragiles aux partiels.
ETU-01003,2024-2025,Informatique,19,H,TECHNO,P,lycee_public,non,"38,2",15.0,80.4%,46,51.9,114,3,13,13,6,11.38,6,4,5,5,2,F,rouge,vendredi,493315,2024-09-20,16.38,0,Très actif sur la plateforme.
ETU-03511,2024-2025,Gestion,21,f,techno,Passable,lycee_public,O,13.9,0.0,58.0,10,15.8,28,7,9,7,0,6.6,5,2,1,2,1,B,gris,mercredi,424361,18/09/2024,0.72,1,Résultats fragiles aux partiels.
ETU-02466,2024-2025, Gestion ,18,Homme,Generale,TB,lycee_public,N,,12.0,76.7,40,73.3,126,3,11,11,7,14.87,6,6,5,4,3,C,rouge,jeudi,490797,26/09/2024,18.02,0,
ETU-05193,2024-2025,Gestion,20,H,techno,Passable,lycee_public,0,,0.0,54.9,15,22.3,35,6,13,12,0,9.51,6,5,3,3,2,A,bleu,mercredi,182222,2024-09-04,12.34,0,"Absences répétées, situation préoccupante."
ETU-00161,2024-2025,Gestion,19,h,Generale,AB,lycee_public,0,16.9 km,0.0,78.4%,3,11.2,10,7,11,9,1,8.09,6,4,1,2,3,E,rouge,lundi,163778,02/09/2024,10.85,0,Engagement en ligne très faible.
ETU-04849,2024-2025,Informatique,18,femme,général ,B,lycee_public,non,24.7,0.0,"73,1",13,22.8,36,2,8,6,4,12.85,5,4,4,4,1,G,bleu,lundi,825738,23 Sep 2024,16.87,0,Suivi sans particularité.
ETU-01676,2024-2025,droit,17,M,TECHNO,Bien,lycee_prive,Oui,5.2,,80.4,34,62.8,60,6,9,8,2,8.54,5,4,2,3,2,B,rouge,vendredi,308378,13 Sep 2024,12.18,0,
ETU-02403,2024-2025,droit,20,femme,GEN,P,lycee_public,Non,2.5,0.0,97.6%,52,60.6,120,0,8,7,5,10.91,7,5,4,4,3,E,jaune,mercredi,866120,11 Sep 2024,17.25,0,Très actif sur la plateforme.
ETU-00736,2024-2025,Informatique,20,Homme,general,Passable,lycee_public,0,38.7 km,,"89,5",22,30.1,58,2,11,11,3,10.99,5,0,5,5,2,E,gris,mardi,544668,2024-09-24,14.49,0,Profil dans la moyenne.
ETU-00958,2024-2025,droit,25,f,général ,passable,lycee_public,1,1.6,,78.4,43,58.2,92,4,8,6,3,8.56,5,1,2,3,4,E,bleu,vendredi,813920,2024-09-06,13.31,0,
ETU-04494,2024-2025,Gestion,19,femme,general,,lycee_public,Non,8.0 km,21.0,91.8,18,25.8,35,1,12,10,0,11.03,7,5,4,4,,B,vert,vendredi,121324,13/09/2024,15.87,0,
ETU-03914,2024-2025,Droit,17,H,Generale,passable,,N,31.2,14.0,87.4%,,33.5,47,2,9,9,4,"12,4",6,4,3,4,3,H,rouge,mardi,162672,10 Sep 2024,15.67,0,"Bon semestre, résultats solides."
ETU-04108,2024-2025,Psychologie,22,H,Technologique,AB,lycee_public,O,45.5 km,0.0,84.4,30,47.2,82,1,13,10,3,8.83,6,4,3,2,3,B,rouge,mercredi,129951,11/09/2024,14.87,0,
ETU-03450,2024-2025,Psychologie,19,M,Generale,Bien,cfa,O,24.8 km,0.0,75.4%,18,26.0,59,5,8,6,3,8.49,6,4,2,2,1,A,vert,mercredi,867941,11 Sep 2024,4.66,1,
ETU-00698,2024-2025,gestion,17,F,général ,,,N,18.7,,66.9%,28,39.1,72,4,8,4,1,6.99,6,1,3,1,2,D,bleu,mardi,419166,17/09/2024,3.76,1,En difficulté sur les évaluations.
ETU-04370,2024-2025,informatique,21,Femme,general,Passable,lycee_public,1,,10.0,"78,9",28,39.9,55,1,10,10,4,9.64,6,4,4,3,4,C,bleu,mercredi,422757,11/09/2024,14.25,0,
ETU-01885,2024-2025,Psychologie,18,h,general,Assez Bien,lycee_public,N,16.4 km,0.0,92.7,44,48.5,84,2,12,12,4,,5,5,5,3,3,G,gris,lundi,978242,09 Sep 2024,18.52,0,"Très bon investissement, en réussite."
ETU-00186,2024-2025,Informatique,23,Femme,techno,Très Bien,lycee_prive,non,"1,6",0.0,91.5,39,72.4,77,3,9,9,4,11.7,5,4,3,4,,C,jaune,vendredi,757661,06 Sep 2024,17.02,0,
ETU-04003,2024-2025,STAPS,20,Femme,pro,passable,lycee_public,0,18.7,0.0,99.1,50,91.8,96,2,12,12,10,10.25,6,3,5,5,4,F,bleu,mardi,234272,2024-09-17,16.59,0,Très actif sur la plateforme.
ETU-00339,2024-2025,Mathematiques,22,femme,Generale,passable,lycee_public,non,"6,2",0.0,85.2,35,66.4,70,6,8,7,5,13.7,7,5,3,3,4,D,bleu,mardi,747351,2024-09-03,18.18,0,
ETU-04566,2024-2025,Gestion,20,h,Général,Bien,lycee_public,O,4.1,28.0,59.2,11,11.0,22,5,10,6,0,7.26,5,3,1,,2,B,jaune,lundi,583883,2024-09-16,3.21,1,En difficulté sur les évaluations.
ETU-03145,2024-2025,Gestion,19,Femme,Technologique,P,lycee_public,Oui,8.6,0.0,"80,2",35,77.6,75,0,9,9,4,"7,14",6,1,3,4,4,C,vert,lundi,193676,09 Sep 2024,15.32,0,Résultats fragiles aux partiels.
ETU-00086,2024-2025,mathematiques,21,F,Generale,Assez Bien,lycee_prive,0,12.5,8.0,77.2,22,28.7,43,6,11,7,0,11.01,6,4,2,2,3,E,gris,vendredi,955673,27 Sep 2024,12.91,0,Semble peu engagé dans la formation.
ETU-05135,2024-2025, Biologie ,18,h,Technologique,P,lycee_public,0,"9,5",3.0,86.0,10,21.2,14,2,9,8,6,"9,63",5,3,2,3,2,H,vert,jeudi,288579,19/09/2024,13.05,0,Engagement en ligne très faible.
ETU-01988,2024-2025, Gestion ,18,femme,GEN,Très Bien,lycee_prive,0,26.0,0.0,66.1,26,28.4,41,5,10,8,1,15.84,6,4,5,2,4,B,vert,mardi,561341,03 Sep 2024,18.41,0,
ETU-00766,2024-2025,Biologie,18,Femme,Technologique,AB,,N,"19,4",,76.5,,38.5,38,3,8,7,2,,6,2,2,3,3,F,gris,vendredi,572004,27/09/2024,13.49,0,En difficulté sur les évaluations.
ETU-02886,2024-2025,PSYCHOLOGIE,20,F,TECHNO,ab,,0,"35,3",0.0,"93,8",40,76.0,93,3,11,10,3,10.24,7,5,3,5,3,E,jaune,jeudi,855186,2024-09-26,16.56,0,
ETU-03860,2024-2025,gestion,20,h,Général,P,lycee_public,O,5.9 km,,85.3,41,42.0,106,6,13,8,4,"6,1",7,2,4,5,,E,rouge,mercredi,390916,2024-09-11,12.05,0,
ETU-04509,2024-2025,Droit,18,Homme,GEN,AB,,1,0.2,0.0,81.0,14,16.7,39,6,8,6,2,"8,89",6,3,2,3,4,F,vert,lundi,366946,2024-09-23,11.37,0,
ETU-05033,2024-2025,biologie,22,Homme,Generale,AB,lycee_prive,oui,0.9,3.0,70.5,27,37.7,79,4,11,9,3,"8,6",6,4,3,3,3,A,vert,mardi,639135,2024-09-10,14.42,0,RAS.
ETU-03882,2024-2025,Informatique,23,h,Général,tres bien,lycee_public,0,23.3 km,12.0,69.3%,25,34.6,79,9,13,11,0,"16,84",5,4,3,3,2,F,jaune,lundi,572099,02/09/2024,16.62,0,Plusieurs travaux remis hors délai.
ETU-01766,2024-2025,Psychologie,19,F,techno,Bien,lycee_public,oui,8.3 km,0.0,72.9,17,30.7,27,6,9,7,1,10.26,7,4,4,2,1,B,vert,lundi,641066,2024-09-16,6.52,1,
ETU-03778,2024-2025,Informatique,21,Femme,techno,Assez Bien,lycee_prive,Non,75.2,16.0,79.4,15,37.2,38,7,11,7,0,"11,82",6,6,2,1,1,H,rouge,mardi,474003,2024-09-10,12.9,0,Semble peu engagé dans la formation.
ETU-02931,2024-2025,Gestion,18,F,général ,Assez Bien,cfa,0,3.6,12.0,82.5,36,47.7,72,3,8,8,1,14.28,6,6,2,4,5,D,rouge,mardi,522695,10 Sep 2024,19.02,0,
ETU-04863,2024-2025,gestion,21,femme,general,ab,lycee_prive,non,56.8,4.0,73.4,24,25.9,59,6,10,9,5,9.85,6,3,4,3,3,B,jaune,lundi,272312,02/09/2024,15.16,0,
ETU-00894,2024-2025,Biologie,20,femme,Technologique,ab,lycee_public,0,"0,7",15.0,"61,8",20,21.6,74,4,8,4,1,"7,19",5,2,3,3,1,E,vert,jeudi,287935,2024-09-12,4.32,1,
ETU-04720,2024-2025, STAPS ,20,f, pro,P,lycee_public,0,9.1,3.0,96.1,72,85.1,176,0,8,8,6,"7,65",5,1,5,3,5,C,gris,lundi,193481,09 Sep 2024,16.08,0,Résultats fragiles aux partiels.
ETU-01658,2024-2025,Informatique,17,Femme,pro,tres bien,lycee_public,1,9.1,24.0,91.5%,43,74.8,94,2,12,9,5,15.85,6,6,5,5,3,C,rouge,mercredi,559179,2024-09-25,18.64,0,"Très bon investissement, en réussite."
ETU-03173,2024-2025,LETTRES,22,H,general,Bien,lycee_public,Non,13.4,8.0,"85,1",37,57.7,97,2,8,7,5,"11,1",7,4,4,4,5,C,gris,mercredi,890151,18 Sep 2024,16.45,0,Suivi sans particularité.
ETU-04809,2024-2025,Psychologie,18,h,general,P,lycee_public,N,2.9 km,11.0,96.4,49,90.1,84,0,9,9,8,10.99,5,2,5,3,5,E,jaune,jeudi,128909,19/09/2024,18.89,0,
ETU-03739,2024-2025,Droit,18,H,Général,passable,,non,26.0,,72.9,39,61.0,58,4,12,8,1,"7,66",6,1,1,3,1,G,jaune,lundi,929976,02 Sep 2024,3.52,1,
ETU-00731,2024-2025,Biologie,21,f,général ,AB,lycee_public,0,,16.0,99.0,42,24.4,114,2,10,10,5,14.77,7,7,5,,4,G,rouge,mercredi,208312,2024-09-18,17.99,0,
ETU-05018,2024-2025, Informatique ,18,f,GEN,P,cfa,Non,17.1 km,11.0,75.4%,6,11.3,8,6,11,6,0,11.09,5,4,2,3,3,D,bleu,lundi,557339,02/09/2024,5.36,1,Peu actif sur la plateforme.
ETU-00176,2024-2025,gestion,20,f,techno,,,0,,,78.4,29,31.7,53,3,11,11,1,9.84,6,4,3,3,3,A,jaune,mercredi,847739,2024-09-11,5.73,1,
ETU-04743,2024-2025,Mathematiques,19,M,Generale,Passable,lycee_prive,oui,2.3,26.0,80.9,35,54.1,83,4,10,8,3,14.27,7,7,5,5,4,D,rouge,mercredi,397433,25/09/2024,17.93,0,"Bon semestre, résultats solides."
ETU-01563,2024-2025,Droit,18,femme,GEN,Assez Bien,lycee_public,Non,9.2 km,4.0,56.5%,8,7.8,6,5,13,8,0,,6,5,,2,,A,rouge,jeudi,760446,12/09/2024,6.94,1,Peu actif sur la plateforme.
ETU-04571,2024-2025,gestion,19,M,pro,passable,lycee_public,N,5.1 km,14.0,46.9,12,13.3,35,7,10,7,1,10.89,6,3,2,2,3,C,vert,jeudi,593217,26 Sep 2024,5.26,1,
ETU-05001,2024-2025,STAPS,19,F,Technologique,Assez Bien,lycee_prive,Non,28.5,22.0,97.6%,22,34.0,27,2,9,9,9,14.67,5,5,5,5,3,C,vert,mercredi,651143,2024-09-25,18.81,0,Travail sérieux et régulier.
ETU-00070,2024-2025,Psychologie,19,Femme,TECHNO,P,lycee_public,N,17.2,10.0,69.6,30,45.1,99,1,8,6,4,"9,39",5,2,2,2,5,E,gris,jeudi,473013,19/09/2024,13.51,0,Semble peu engagé dans la formation.
ETU-04225,2024-2025,gestion,18,Femme,pro,B,lycee_prive,non,12.5,16.0,"77,8",31,52.1,72,5,9,5,2,"9,72",6,2,3,3,3,H,vert,vendredi,231338,2024-09-20,5.77,1,RAS.
ETU-04475,2024-2025,BIOLOGIE,18,femme,techno,Bien,lycee_public,Non,37.5,,72.1,34,73.5,57,6,10,7,3,7.35,7,5,,3,4,D,rouge,mercredi,291399,18 Sep 2024,4.31,1,En difficulté sur les évaluations.
ETU-04828,2024-2025,psychologie,19,Femme,pro,ab,lycee_public,0,44.8,8.0,64.2%,24,37.4,44,5,9,6,2,9.64,6,5,4,1,3,H,bleu,jeudi,646660,12 Sep 2024,5.25,1,
ETU-01858,2024-2025,Biologie,22,Homme,techno,ab,,Oui,5.8,,"94,2",31,62.4,54,1,10,10,4,6.65,6,3,3,3,3,F,jaune,lundi,120351,02 Sep 2024,14.26,0,En difficulté sur les évaluations.
ETU-01918,2024-2025,Informatique,22,M,général ,Assez Bien,cfa,Oui,"17,5",17.0,79.8,18,22.9,39,7,11,10,7,13.3,6,5,3,3,2,B,bleu,lundi,629244,09 Sep 2024,15.78,0,"Bon semestre, résultats solides."
ETU-02914,2024-2025, Biologie ,17,M,général ,ab,lycee_public,non,2.3,10.0,80.6,41,79.1,96,8,10,9,8,12.76,7,6,3,3,2,G,jaune,vendredi,675558,13/09/2024,16.99,0,Plusieurs travaux remis hors délai.
ETU-02657,2024-2025,PSYCHOLOGIE,20,M,PRO,Passable,cfa,Non,3.3,24.0,98.2,38,52.8,104,0,12,12,5,"6,39",5,0,1,5,3,G,bleu,jeudi,688714,2024-09-12,14.14,0,Résultats fragiles aux partiels.
ETU-02007,2024-2025,STAPS,19,M,general,P,lycee_public,oui,5.6,,79.8,24,31.0,34,0,10,9,3,13.1,6,4,4,3,3,B,jaune,mardi,877078,2024-09-24,16.55,0,
ETU-02778,2024-2025,Gestion,18,Homme,PRO,AB,lycee_public,N,12.3,,72.5,10,12.7,15,3,8,6,1,4.96,7,3,,4,2,A,bleu,jeudi,428739,26/09/2024,2.16,1,En difficulté sur les évaluations.
ETU-04554,2024-2025,Psychologie,20,femme,TECHNO,P,lycee_prive,non,32.3,,98.4,44,52.5,78,1,11,8,6,"16,22",7,7,5,4,3,B,rouge,vendredi,695319,13/09/2024,17.96,0,Étudiant assidu et investi.
ETU-01552,2024-2025,PSYCHOLOGIE,18,f,Generale,TB,lycee_public,O,"1,5",,"79,6",28,61.8,59,7,13,10,2,11.49,6,1,3,4,,A,jaune,mercredi,776889,04/09/2024,15.12,0,Profil dans la moyenne.
ETU-01403,2024-2025, Informatique ,19,F,Technologique,ab,lycee_public,oui,11.0,0.0,82.7,23,35.4,63,1,12,8,1,10.64,5,2,3,,3,E,rouge,jeudi,922048,12/09/2024,12.84,0,Profil dans la moyenne.
ETU-02462,2024-2025,Psychologie,19,H,Professionnel,passable,lycee_prive,Oui,3.6,8.0,74.5,21,20.9,48,3,8,8,4,8.58,6,2,4,5,4,E,gris,vendredi,930351,27 Sep 2024,14.3,0,
ETU-02480,2024-2025,STAPS,19,F,general,passable,lycee_public,non,28.3,0.0,80.2,34,63.1,66,3,11,8,1,14.26,5,3,3,3,1,G,jaune,jeudi,349666,19 Sep 2024,17.05,0,
ETU-00685,2024-2025,Psychologie,18,H,général ,ab,lycee_public,0,1.0,0.0,58.9,50,77.3,110,0,13,12,6,12.59,6,5,3,3,5,G,jaune,vendredi,630867,20/09/2024,17.12,0,
ETU-03031,2024-2025,Gestion,19,h,general,ab,lycee_public,0,10.7,8.0,64.5,,21.8,25,2,13,10,2,11.74,6,4,3,3,4,A,vert,lundi,664484,02/09/2024,9.05,1,
ETU-03840,2024-2025, STAPS ,19,f,GEN,Passable,lycee_public,0,63.1,0.0,80.5,29,52.4,62,4,12,8,2,15.26,6,4,3,3,2,D,jaune,mardi,892113,03/09/2024,18.18,0,"Bon semestre, résultats solides."
ETU-00727,2024-2025,STAPS,20,f,Technologique,Bien,lycee_public,N,13.2,8.0,77.6%,19,31.5,33,5,8,6,0,"10,91",5,5,3,4,1,G,gris,mardi,973091,03 Sep 2024,16.06,0,
ETU-01261,2024-2025, Psychologie ,22,Femme,Général,ab,autre,N,"30,9",0.0,55.2,21,22.2,62,5,9,8,0,6.88,7,3,3,4,2,F,vert,lundi,885467,09 Sep 2024,11.74,0,
ETU-03186,2024-2025, Biologie ,17,Femme,general,passable,lycee_public,0,3.8,3.0,95.0%,36,54.2,82,0,12,12,3,"12,97",6,4,4,4,5,F,rouge,lundi,884191,16/09/2024,19.04,0,"Bon semestre, résultats solides."
ETU-01277,2024-2025,Informatique,18,Femme,Général,passable,lycee_prive,oui,1.2,10.0,66.3,19,34.6,43,5,8,7,0,10.21,5,3,1,4,3,H,vert,jeudi,132149,2024-09-05,6.94,1,Semble peu engagé dans la formation.
ETU-04020,2024-2025,Informatique,20,h,général ,passable,lycee_public,non,"14,4",0.0,60.3,8,11.5,9,7,9,7,0,"11,47",5,1,4,4,2,C,vert,mercredi,850302,2024-09-18,6.47,1,
ETU-00347,2024-2025,Lettres,18,M,général ,AB,lycee_prive,Oui,49.8 km,0.0,"85,7",33,61.9,80,5,8,7,5,13.52,6,4,4,3,3,D,bleu,mardi,441022,17 Sep 2024,17.3,0,
ETU-04978,2024-2025,Informatique,21,h,general,Assez Bien,lycee_prive,1,13.1,10.0,"69,3",29,49.4,65,6,11,11,3,"13,95",7,4,5,3,1,H,rouge,lundi,981500,02/09/2024,17.53,0,
ETU-04868,2024-2025, Droit ,19,Femme,TECHNO,Assez Bien,lycee_public,non,"23,4",0.0,"79,6",45,81.2,111,4,10,9,1,"9,44",5,3,3,4,2,E,gris,lundi,640119,23/09/2024,15.6,0,Engagement en ligne remarquable.
ETU-01645,2024-2025,PSYCHOLOGIE,18,M,Général,P,lycee_public,Non,7.8,0.0,"79,6",16,12.9,25,1,11,9,2,10.75,5,3,2,2,4,A,rouge,vendredi,565978,2024-09-13,14.33,0,
ETU-00615,2024-2025,Mathematiques,18,H,Général,passable,lycee_prive,N,"3,6",0.0,81.2%,33,50.4,72,1,11,8,1,"7,89",6,4,3,3,3,G,bleu,mercredi,524589,2024-09-11,14.54,0,
ETU-04897,2024-2025,Biologie,21,M,general,ab,lycee_public,non,13.4,0.0,"83,0",38,39.1,111,3,8,7,7,14.2,6,6,5,3,5,F,rouge,lundi,677332,2024-09-02,15.66,0,
ETU-03698,2024-2025,Droit,19,H,techno,Bien,lycee_prive,0,3.1,0.0,"94,6",21,32.7,39,5,13,13,5,13.81,6,5,5,4,5,D,rouge,lundi,617418,23/09/2024,17.12,0,
ETU-00122,2024-2025,BIOLOGIE,20,h,GEN,P,lycee_public,non,11.3,,93.7,32,47.0,92,0,10,10,6,10.93,6,4,5,5,1,E,bleu,jeudi,543693,2024-09-12,16.21,0,
ETU-01423,2024-2025,Gestion,20,Femme,Général,P,lycee_prive,Oui,91.7,0.0,87.6,31,37.8,61,3,11,11,2,"12,36",6,6,5,4,1,G,bleu,vendredi,565643,20 Sep 2024,15.76,0,
ETU-04909,2024-2025,Lettres,18,Femme,techno,B,lycee_public,N,11.3,,70.8,21,11.7,57,4,8,6,0,14.48,5,4,2,4,1,G,gris,vendredi,664427,27 Sep 2024,9.75,1,
ETU-04902,2024-2025,PSYCHOLOGIE,20,H,Professionnel,P,lycee_public,non,0.0,,66.2,30,35.6,75,5,8,6,5,7.8,6,2,4,,3,A,jaune,lundi,310495,2024-09-16,13.24,0,
ETU-00167,2024-2025,Gestion,22,M,general,ab,autre,O,3.5 km,,58.0,15,26.5,35,4,13,9,1,9.9,7,4,2,1,3,H,jaune,lundi,520661,23/09/2024,3.37,1,"Motivation en berne, à accompagner."
ETU-00172,2024-2025,Biologie,21,H,general,Passable,lycee_public,O,1.3 km,0.0,80.6%,41,56.0,63,4,8,7,3,10.1,5,2,4,5,5,G,bleu,mercredi,217433,11 Sep 2024,16.25,0,
ETU-05052,2024-2025,Gestion,20,M,PRO,,lycee_public,1,4.4,0.0,83.6,44,46.1,94,3,8,7,6,"12,13",6,4,4,4,3,D,rouge,lundi,853373,16/09/2024,15.88,0,Très actif sur la plateforme.
ETU-02917,2024-2025,lettres,23,M,GEN,passable,cfa,non,"27,3",0.0,93.0,45,46.6,100,4,8,8,5,10.92,5,2,5,4,3,B,jaune,jeudi,367690,19/09/2024,16.18,0,Très actif sur la plateforme.
ETU-01963,2024-2025, Biologie ,19,Femme,GEN,passable,autre,non,4.1,,"81,2",42,61.2,91,4,13,11,3,10.89,6,5,3,3,4,G,gris,jeudi,618895,05 Sep 2024,17.24,0,
ETU-03183,2024-2025, Droit ,18,f,GEN,Passable,lycee_public,Non,18.2,20.0,69.3,10,9.1,20,4,8,8,0,15.18,5,5,3,3,1,G,jaune,mercredi,750887,11 Sep 2024,15.54,0,
ETU-03113,2024-2025,Psychologie,23,H,general,Assez Bien,lycee_public,Oui,33.9 km,0.0,62.2,24,35.8,46,7,10,8,1,"13,95",6,5,2,4,3,A,gris,lundi,163324,2024-09-23,9.51,1,"Motivation en berne, à accompagner."
ETU-02954,2024-2025,STAPS,17,M,techno,B,lycee_prive,1,6.2,,57.6%,4,6.4,2,5,12,7,0,11.31,7,5,1,3,2,H,jaune,jeudi,744034,26/09/2024,5.11,1,Peu actif sur la plateforme.
ETU-02266,2024-2025, Gestion ,21,f,techno,Passable,lycee_prive,Non,2.9,24.0,98.9,41,60.1,78,2,12,11,3,"13,26",5,3,5,5,4,E,jaune,jeudi,379222,2024-09-19,19.06,0,
ETU-03710,2024-2025, Biologie ,19,f,GEN,Bien,lycee_public,non,9.9,0.0,69.6,20,30.2,36,0,11,8,1,"11,37",6,5,4,3,2,D,vert,mercredi,373066,2024-09-25,8.59,1,
ETU-02478,2024-2025,Droit,20,f,techno,P,lycee_public,0,8.2 km,,"81,3",33,57.1,56,5,9,5,2,9.92,5,2,,4,2,E,gris,mercredi,903107,11 Sep 2024,13.41,0,Semble peu engagé dans la formation.
ETU-05147,2024-2025,Informatique,23,Homme,general,Passable,,O,11.3,24.0,85.5,41,78.6,116,2,11,11,2,"8,1",7,5,2,4,4,B,vert,lundi,934081,16 Sep 2024,14.77,0,"Motivation en berne, à accompagner."
ETU-03229,2024-2025,Gestion,21,M,general,passable,lycee_public,Oui,1.3,26.0,76.4,52,77.9,133,3,10,9,8,"10,21",5,3,4,2,4,B,jaune,mardi,562313,17 Sep 2024,16.22,0,
ETU-00867,2024-2025,BIOLOGIE,19,F,général ,AB,lycee_public,non,10.3 km,11.0,"78,6",39,49.0,107,1,11,11,6,12.68,5,3,3,4,4,D,gris,lundi,536845,09 Sep 2024,18.37,0,"Bon semestre, résultats solides."
ETU-03305,2024-2025,biologie,27,M,general,B,lycee_public,O,1.8 km,21.0,"50,6",0,0.0,0,5,12,5,0,7.77,5,1,1,3,3,H,bleu,lundi,511575,09/09/2024,1.86,1,
ETU-03974,2024-2025,LETTRES,23,H,général ,passable,lycee_public,N,12.6,0.0,"86,9",35,74.5,71,3,12,10,3,"11,37",5,5,5,,2,H,rouge,mardi,733696,2024-09-17,15.25,0,
ETU-04286,2024-2025,psychologie,23,h,Professionnel,AB,,0,74.3,0.0,69.1%,,38.2,90,4,10,7,2,9.4,6,5,2,,1,B,bleu,vendredi,292406,06/09/2024,4.64,1,
ETU-04600,2024-2025,Lettres,24,F,général ,Bien,,non,12.5,24.0,37.2,0,0.0,0,1,12,1,0,13.34,6,4,2,4,3,C,vert,mercredi,713862,11/09/2024,5.67,1,"Absences répétées, situation préoccupante."
ETU-03714,2024-2025,Droit,20,f,techno,P,lycee_public,O,6.6,,89.0,38,39.0,57,4,13,12,0,"12,21",5,4,2,2,2,G,rouge,jeudi,634349,26 Sep 2024,17.37,0,Semble peu engagé dans la formation.
ETU-00155,2024-2025,Lettres,19,Autre,Generale,B,lycee_public,N,2.3,,"93,6",30,47.8,64,0,9,8,1,14.57,5,2,4,4,2,C,vert,mercredi,192765,25/09/2024,17.78,0,
ETU-00596,2024-2025, STAPS ,19,femme, pro,Bien,lycee_public,Oui,1.1,13.0,"82,9",26,39.2,52,1,8,6,3,11.84,6,4,,3,4,F,vert,lundi,503308,2024-09-16,16.61,0,
ETU-00244,2024-2025,BIOLOGIE,20,Femme,Technologique,Passable,lycee_public,O,"15,2",0.0,"89,1",38,44.6,79,2,10,10,3,9.85,7,3,3,4,3,G,vert,mardi,228290,17/09/2024,15.79,0,
ETU-01510,2024-2025, Informatique ,20,f,Général,AB,lycee_public,N,5.4 km,0.0,"86,3",52,72.1,92,2,11,10,2,"16,72",7,7,5,4,3,A,gris,jeudi,685527,2024-09-12,18.69,0,"Très bon investissement, en réussite."
ETU-01051,2024-2025,Psychologie,19,Femme,général ,B,lycee_public,oui,"10,1",0.0,69.0%,7,6.1,1,5,13,11,0,"12,25",6,5,,4,2,B,gris,lundi,994895,16 Sep 2024,7.03,1,
ETU-00996,2024-2025,Droit,20,F,GEN,Passable,,non,2.7,,65.3,34,58.6,62,7,10,7,0,"9,25",7,3,3,,3,F,vert,mardi,915420,17 Sep 2024,4.96,1,Suivi sans particularité.
ETU-02125,2024-2025,Psychologie,19,F,général ,ab,lycee_prive,Non,4.4,28.0,84.1%,33,56.0,98,4,11,9,4,9.53,5,2,2,3,2,G,rouge,jeudi,956752,12 Sep 2024,13.94,0,"Motivation en berne, à accompagner."
ETU-02105,2024-2025, Droit ,19,H,TECHNO,,lycee_public,Non,4.8,24.0,92.2,44,63.3,130,1,12,12,7,12.37,6,4,4,5,4,A,bleu,mercredi,876449,2024-09-04,17.59,0,Très actif sur la plateforme.
ETU-02104,2024-2025,DROIT,21,M,Generale,ab,lycee_public,oui,,,"82,5",46,78.2,80,4,13,12,9,,6,2,5,4,2,E,vert,jeudi,604075,26 Sep 2024,17.6,0,Engagement en ligne remarquable.
ETU-01915,2024-2025,Gestion,22,Homme,general,B,,0,14.1,23.0,87.6%,31,30.1,70,2,9,8,6,"15,42",5,5,5,4,4,D,vert,jeudi,561692,12/09/2024,18.34,0,
ETU-03593,2024-2025,Gestion,24,Femme,Général,passable,autre,Oui,13.6,12.0,"76,8",25,24.1,55,2,9,7,1,9.34,5,2,2,3,5,H,vert,vendredi,250772,2024-09-13,13.57,0,"Motivation en berne, à accompagner."
ETU-04788,2024-2025,Gestion,20,femme,Général,,lycee_public,Non,21.9,11.0,"89,2",26,38.2,31,2,13,13,1,13.74,5,4,5,3,4,D,jaune,mercredi,716642,2024-09-04,16.71,0,"Bon semestre, résultats solides."
ETU-02891,2024-2025,INFORMATIQUE,18,f,general,P,lycee_prive,Non,2.8,11.0,81.8,39,77.3,80,0,8,7,10,14.68,6,6,5,4,3,C,vert,vendredi,574218,27/09/2024,18.23,0,
ETU-03172,2024-2025,Mathematiques,21,f,general,Bien,lycee_prive,Oui,11.1,0.0,74.9,25,30.3,50,5,13,7,2,11.32,5,3,3,4,2,C,bleu,vendredi,614526,20/09/2024,14.37,0,
ETU-02995,2024-2025,Psychologie,18,Femme,Generale,P,lycee_public,non,0.8,10.0,94.3%,56,82.9,118,1,8,8,5,"13,6",6,4,4,5,5,D,gris,mardi,847917,2024-09-10,18.66,0,Étudiant assidu et investi.
ETU-02495,2024-2025,LETTRES,22,Femme,Général,passable,lycee_public,O,"23,8",11.0,80.1%,23,39.2,45,4,13,8,2,13.94,7,6,4,2,2,G,vert,mercredi,397614,2024-09-04,17.27,0,"Bon semestre, résultats solides."
ETU-04156,2024-2025, Droit ,18,Homme,techno,P,,Non,"22,5",0.0,78.9,23,25.3,37,2,11,9,5,6.39,5,3,3,3,4,A,jaune,lundi,639903,23 Sep 2024,13.47,0,
ETU-03919,2024-2025,Psychologie,20,f,Général,P,lycee_public,Non,19.5,5.0,82.6,46,63.9,79,2,8,6,5,10.2,7,5,4,3,4,C,gris,mercredi,399704,2024-09-25,16.67,0,Engagement en ligne remarquable.
ETU-02779,2024-2025, Gestion ,21,Homme, pro,Passable,lycee_prive,N,28.0 km,18.0,59.1%,3,2.9,1,7,10,7,2,6.06,7,4,3,1,3,B,gris,mercredi,189932,11/09/2024,2.1,1,Résultats fragiles aux partiels.
ETU-05111,2024-2025,biologie,19,Autre, pro,AB,lycee_prive,Non,3.8,0.0,60.7,3,6.2,11,4,8,4,1,5.89,6,3,1,2,2,B,vert,lundi,891184,2024-09-16,1.98,1,
ETU-01268,2024-2025,STAPS,21,f,TECHNO,ab,lycee_prive,0,"25,7",11.0,69.3%,38,83.5,90,1,8,6,1,"10,53",5,3,4,4,,B,rouge,vendredi,428657,13/09/2024,16.06,0,Suivi sans particularité.
ETU-00366,2024-2025, Psychologie ,23,Femme,general,Passable,cfa,oui,"9,6",,94.3,35,59.1,88,1,13,12,3,"8,24",5,4,4,2,5,H,bleu,jeudi,368429,19/09/2024,15.34,0,
ETU-03453,2024-2025,STAPS,24,M,pro,Passable,autre,1,13.1,8.0,76.8%,,6.7,6,3,8,7,2,7.5,6,2,3,,,G,vert,lundi,913868,16 Sep 2024,11.62,0,
ETU-00092,2024-2025,Gestion,19,f,Generale,AB,lycee_public,Non,12.7,7.0,72.1,13,22.4,33,4,8,5,2,13.92,7,7,4,5,,E,vert,mercredi,358054,11 Sep 2024,16.61,0,RAS.
ETU-02069,2024-2025, Gestion ,21,H,général ,passable,lycee_prive,non,1.1,24.0,65.6,24,23.4,56,3,12,10,2,12.3,7,5,3,4,3,C,vert,mardi,244019,24/09/2024,8.09,1,
ETU-00478,2024-2025,DROIT,20,H,TECHNO,Passable,lycee_public,N,4.2,10.0,64.8,17,19.1,57,4,11,8,1,11.68,6,4,2,,3,C,vert,mercredi,361326,2024-09-18,5.08,1,Semble peu engagé dans la formation.
ETU-00489,2024-2025,Informatique,18,Homme,GEN,Passable,lycee_public,N,10.5,,75.3,40,56.3,84,3,10,8,2,14.17,6,5,3,4,3,H,gris,jeudi,836792,05 Sep 2024,16.43,0,"Bon semestre, résultats solides."
ETU-04598,2024-2025,Psychologie,20,Homme,general,Bien,lycee_public,Non,7.4,0.0,"83,6",48,83.7,113,2,10,8,3,10.74,6,2,4,2,3,D,jaune,mercredi,271648,11 Sep 2024,17.52,0,
ETU-04143,2024-2025,Droit,20,H,Technologique,,lycee_prive,N,1.3,4.0,67.8,16,35.0,47,5,10,7,2,9.76,5,4,1,3,2,F,vert,jeudi,446686,26 Sep 2024,4.68,1,Semble peu engagé dans la formation.
ETU-02503,2024-2025,Gestion,22,F,Generale,,lycee_public,non,1.6,6.0,66.0,8,15.9,21,4,10,6,0,8.95,6,3,1,3,3,E,vert,jeudi,354702,26 Sep 2024,6.69,1,Engagement en ligne très faible.
ETU-03908,2024-2025,psychologie,17,Homme,TECHNO,,lycee_public,O,20.7,23.0,71.8,23,30.4,67,4,8,6,6,"9,77",6,4,2,3,3,D,gris,mardi,721456,24 Sep 2024,7.21,1,Semble peu engagé dans la formation.
ETU-04328,2024-2025,Droit,21,Femme,Technologique,Bien,lycee_public,1,7.5,23.0,"92,8",19,34.6,41,4,11,8,3,12.06,6,5,2,4,3,F,vert,mardi,591635,03 Sep 2024,15.43,0,"Motivation en berne, à accompagner."
ETU-04635,2024-2025,STAPS,20,F,Général,Bien,,N,5.9 km,25.0,"66,8",26,41.2,57,7,10,9,5,9.96,6,5,3,2,3,D,rouge,jeudi,632051,2024-09-26,13.22,0,RAS.
ETU-00022,2024-2025,biologie,18,Homme,GEN,Assez Bien,lycee_public,0,7.6,12.0,69.9,11,14.1,11,4,8,5,0,5.35,6,2,3,2,1,G,vert,mardi,399141,2024-09-24,1.99,1,Résultats fragiles aux partiels.
ETU-02705,2024-2025,gestion,20,M,techno,Assez Bien,lycee_public,non,27.3,25.0,"87,4",53,108.8,106,2,12,12,8,10.22,6,3,5,4,,G,gris,vendredi,267047,13/09/2024,16.32,0,
ETU-04141,2024-2025,PSYCHOLOGIE,19,Femme,GEN,ab,lycee_public,0,1.2,,64.3%,17,18.8,42,3,12,11,1,"12,48",6,6,4,2,3,E,jaune,jeudi,847000,19/09/2024,13.74,0,
ETU-02072,2024-2025,STAPS,18,femme,PRO,tres bien,autre,0,4.2,11.0,97.0,55,80.4,108,2,11,11,6,15.58,7,4,5,5,5,G,bleu,mercredi,110043,04 Sep 2024,19.38,0,
ETU-00988,2024-2025, Droit ,20,H,GEN,ab,lycee_prive,Non,43.0,0.0,"90,8",21,38.5,40,1,8,8,6,14.5,7,6,4,4,1,F,bleu,mardi,366667,17/09/2024,17.9,0,
ETU-04687,2024-2025,Psychologie,17,femme,GEN,Passable,lycee_prive,non,3.7,,76.0,28,59.1,59,6,12,9,3,"7,36",5,1,2,4,,H,jaune,lundi,437780,2024-09-02,11.24,0,
ETU-00228,2024-2025,Gestion,24,F,techno,ab,lycee_prive,1,8.1,,81.8,38,76.7,56,3,8,8,2,13.65,5,5,4,,2,F,rouge,lundi,313238,16 Sep 2024,16.98,0,
ETU-04671,2024-2025,informatique,17,F,Technologique,tres bien,lycee_public,N,"13,7",25.0,"71,5",22,52.3,41,5,9,9,1,9.59,6,3,3,3,3,C,bleu,mercredi,305809,2024-09-18,12.28,0,RAS.
ETU-03812,2024-2025, Gestion ,19,Femme,général ,Bien,lycee_public,1,3.2,23.0,79.8%,8,9.5,21,6,9,7,0,11.3,5,4,3,4,2,F,rouge,jeudi,433511,2024-09-26,7.75,1,
ETU-04401,2024-2025,Biologie,19,h,techno,tres bien,lycee_prive,O,6.0,0.0,82.8,28,49.8,62,6,10,6,2,6.84,6,3,2,4,4,B,gris,mardi,858318,24 Sep 2024,12.22,0,
ETU-05096,2024-2025,Gestion,19,f,Professionnel,ab,lycee_public,O,0.8,24.0,96.6,68,64.5,199,0,8,8,8,8.87,6,2,5,5,5,A,vert,vendredi,929651,27/09/2024,17.58,0,
ETU-02185,2024-2025,DROIT,17,Homme,Général,TB,lycee_prive,N,12.6,12.0,71.2,29,52.9,72,4,10,7,6,8.94,7,6,4,3,2,F,vert,vendredi,607756,2024-09-20,13.43,0,Suivi sans particularité.
ETU-01422,2024-2025,BIOLOGIE,19,H,GEN,Bien,lycee_public,1,7.2,0.0,63.4,26,48.4,53,6,9,7,4,"8,99",5,2,2,3,,E,rouge,vendredi,274146,06/09/2024,5.99,1,
ETU-02935,2024-2025,informatique,18,H,GEN,ab,lycee_public,1,"16,5",9.0,86.2,52,71.1,119,1,8,7,1,"14,21",7,7,4,5,3,H,jaune,vendredi,285933,2024-09-27,18.65,0,"Très bon investissement, en réussite."
ETU-04586,2024-2025,Psychologie,21,femme,Generale,,lycee_public,oui,6.3 km,13.0,86.7,31,39.7,49,0,9,9,1,13.26,5,3,3,5,4,F,vert,mardi,382347,17 Sep 2024,18.74,0,
ETU-00788,2024-2025,INFORMATIQUE,19,femme,Général,Passable,lycee_public,Non,19.9 km,0.0,86.0%,29,52.3,72,3,13,11,3,11.57,5,3,4,5,3,G,vert,mercredi,124726,2024-09-25,15.01,0,
ETU-03888,2024-2025,mathematiques,19,F,Général,AB,lycee_public,1,22.2,0.0,92.4,49,38.2,104,1,10,10,4,"14,02",6,5,5,4,2,A,jaune,jeudi,821196,05 Sep 2024,18.19,0,
ETU-00377,2024-2025,Psychologie,19,femme,Général,AB,lycee_public,N,8.1,0.0,64.2,3,10.1,9,4,8,6,2,8.55,5,3,2,2,1,A,jaune,mercredi,598459,04 Sep 2024,4.39,1,
ETU-00828,2024-2025,Droit,19,Femme,general,Bien,lycee_public,O,10.9,0.0,95.1,52,94.2,145,1,10,10,9,"15,33",7,7,5,4,4,B,gris,vendredi,389780,2024-09-20,19.7,0,"Très bon investissement, en réussite."
ETU-01161,2024-2025,Gestion,20,Homme,TECHNO,P,lycee_public,0,14.4,9.0,80.1%,44,80.5,102,1,10,8,5,13.36,5,3,5,4,,H,gris,vendredi,298234,06/09/2024,18.11,0,Très actif sur la plateforme.
ETU-01086,2024-2025,PSYCHOLOGIE,19,femme,Generale,tres bien,lycee_public,non,"2,2",0.0,76.2,27,37.9,76,7,12,8,1,11.53,6,5,3,3,3,C,rouge,mardi,958432,2024-09-03,7.41,1,
ETU-04894,2024-2025,Droit,18,F,GEN,Bien,,Non,"13,9",0.0,88.8,44,74.4,104,4,10,10,4,"14,63",5,3,4,2,3,E,vert,mercredi,321566,2024-09-04,18.66,0,Étudiant assidu et investi.
ETU-01449,2024-2025,Informatique,19,Homme,Général,passable,lycee_public,Non,25.6,0.0,78.5,37,80.8,83,2,8,7,11,"9,52",6,3,4,5,4,E,jaune,lundi,573867,16 Sep 2024,17.43,0,
ETU-02267,2024-2025,Informatique,21,H,GEN,P,lycee_prive,non,1.0,13.0,85.1%,30,35.9,48,5,11,11,2,"11,41",6,5,3,5,4,B,jaune,mercredi,528296,2024-09-11,16.47,0,RAS.
ETU-01389,2024-2025,Biologie,20,Homme,général ,B,lycee_public,Oui,8.1,15.0,88.2%,23,37.4,43,5,10,9,4,11.71,5,5,,3,3,A,gris,vendredi,558575,13/09/2024,14.52,0,
ETU-00852,2024-2025,Lettres,18,M, pro,Passable,lycee_public,N,10.7,7.0,89.5,,63.3,83,0,8,7,4,"10,76",6,6,2,4,4,F,bleu,lundi,254667,23 Sep 2024,15.75,0,
ETU-02256,2024-2025,PSYCHOLOGIE,18,femme,GEN,Très Bien,lycee_public,N,"20,4",16.0,78.6,37,43.4,103,3,13,10,7,"13,75",6,4,5,4,,F,bleu,mercredi,287538,18 Sep 2024,16.6,0,
ETU-02465,2024-2025,Gestion,18,Femme,Generale,Bien,lycee_public,O,7.7,0.0,90.4,25,40.2,45,2,11,6,3,7.89,7,5,2,1,3,F,rouge,mercredi,308208,11/09/2024,12.5,0,
ETU-04904,2024-2025,Gestion,20,femme,general,B,lycee_prive,O,4.0 km,0.0,"81,8",,46.5,52,2,10,10,4,14.65,6,6,,,3,C,gris,mardi,378097,03 Sep 2024,18.03,0,
ETU-04678,2024-2025,Droit,21,f,TECHNO,Passable,lycee_public,1,"14,0",0.0,85.9,25,44.1,45,4,8,5,2,7.52,7,4,2,,3,B,bleu,mardi,774136,2024-09-24,13.06,0,
ETU-00910,2024-2025,Informatique,18,f,Generale,Assez Bien,lycee_public,non,1.7 km,0.0,"81,2",28,49.5,63,2,12,11,1,"13,39",6,6,5,3,2,G,rouge,mercredi,221422,18 Sep 2024,18.03,0,Travail sérieux et régulier.
ETU-02187,2024-2025,Droit,19,f,Generale,Bien,lycee_public,Non,6.8,7.0,68.1,30,41.1,78,2,9,8,4,10.93,6,4,5,2,3,E,gris,mardi,999848,03 Sep 2024,14.12,0,Suivi sans particularité.
ETU-03466,2024-2025,Informatique,24,H,Technologique,TB,,Non,6.4,24.0,76.8,32,48.1,72,6,9,7,6,12.49,6,5,4,2,1,D,rouge,lundi,534506,09/09/2024,15.89,0,Travail sérieux et régulier.
ETU-01314,2024-2025, Informatique ,20,M,TECHNO,passable,lycee_public,N,17.8,8.0,"72,2",16,22.3,34,0,8,6,0,12.83,5,5,1,2,2,C,jaune,mercredi,593168,2024-09-11,16.32,0,"Motivation en berne, à accompagner."
ETU-01113,2024-2025,GESTION,17,f,techno,AB,lycee_prive,oui,"17,9",0.0,85.9,27,45.7,65,3,9,9,8,5.65,6,2,4,3,,D,jaune,lundi,199033,2024-09-02,12.86,0,
ETU-02729,2024-2025,Psychologie,24,M,général ,B,lycee_prive,O,0.0,24.0,77.0,38,78.7,72,6,11,10,2,11.3,6,4,4,2,3,D,jaune,mercredi,764662,2024-09-11,16.92,0,Profil dans la moyenne.
ETU-04211,2024-2025,gestion,20,F,général ,tres bien,lycee_public,non,35.9,3.0,44.0%,0,0.0,0,4,9,4,0,6.97,5,2,,1,1,C,jaune,mercredi,154878,25/09/2024,2.32,1,"Absences répétées, situation préoccupante."
ETU-01057,2024-2025, Psychologie ,20,M,Technologique,,lycee_public,non,"5,5",13.0,94.9%,39,74.0,93,3,10,10,3,,6,5,5,3,4,B,jaune,lundi,440014,16 Sep 2024,16.5,0,
ETU-02744,2024-2025, Informatique ,17,Femme,général ,B,lycee_public,Non,6.7,6.0,85.7,30,28.4,76,6,9,8,2,11.77,6,6,3,5,1,G,jaune,mercredi,156652,04 Sep 2024,15.8,0,RAS.
ETU-04543,2024-2025,Informatique,18,h,techno,B,lycee_public,1,12.2,10.0,"70,1",25,13.4,63,6,13,11,2,12.92,6,6,4,3,1,B,vert,vendredi,455951,06 Sep 2024,14.5,0,Profil dans la moyenne.
ETU-00774,2024-2025,Lettres,23,h,Technologique,TB,lycee_public,Non,7.3,11.0,99.4%,29,39.2,83,0,11,11,7,9.64,7,6,5,4,4,D,jaune,vendredi,811085,06 Sep 2024,14.48,0,Suivi sans particularité.
ETU-04814,2024-2025,Informatique,19,Femme,Professionnel,ab,lycee_prive,1,15.5,20.0,"68,1",17,24.9,34,6,10,7,4,11.28,5,3,2,3,2,G,rouge,jeudi,273848,12 Sep 2024,6.42,1,"Motivation en berne, à accompagner."
ETU-01933,2024-2025,STAPS,18,M,Generale,Passable,lycee_public,1,"13,0",0.0,70.1,19,29.5,43,2,11,11,5,12.46,5,1,3,3,3,H,gris,mardi,451484,10/09/2024,15.82,0,Suivi sans particularité.
ETU-01960,2024-2025,Mathematiques,18,H,GEN,AB,lycee_public,0,0.5,,"89,2",35,28.2,79,2,8,6,6,12.2,7,4,5,4,3,E,jaune,mardi,723097,10/09/2024,17.83,0,Travail sérieux et régulier.
ETU-04559,2024-2025,lettres,21,f,Technologique,passable,lycee_prive,Non,33.1,8.0,62.2,25,45.5,52,6,13,12,1,8.84,5,4,1,4,2,H,bleu,jeudi,698773,2024-09-12,12.0,0,Semble peu engagé dans la formation.
ETU-04051,2024-2025,DROIT,22,Femme,Général,passable,lycee_public,Oui,5.3,23.0,"79,0",3,0.3,6,4,11,6,0,"7,19",7,3,2,2,4,B,jaune,mercredi,974736,04/09/2024,1.98,1,
ETU-03304,2024-2025,Droit,22,F,Generale,P,lycee_public,0,23.9,0.0,63.7,23,38.1,63,6,11,8,0,"10,06",6,4,2,4,2,H,bleu,jeudi,527860,05 Sep 2024,5.12,1,"Motivation en berne, à accompagner."
ETU-04278,2024-2025,MATHEMATIQUES,19,M,général ,Passable,lycee_public,O,"5,8",0.0,91.5,31,44.6,98,5,8,8,7,14.43,5,5,5,4,3,D,rouge,vendredi,198233,27 Sep 2024,18.71,0,
ETU-03705,2024-2025,Gestion,21,Femme,Général,TB,lycee_public,N,"2,6",11.0,53.3,7,12.0,18,4,8,4,0,"5,74",6,3,2,2,2,D,gris,jeudi,844626,19 Sep 2024,2.71,1,"Absences répétées, situation préoccupante."
ETU-01295,2024-2025,staps,20,Femme,Generale,passable,lycee_public,non,,8.0,81.5,15,28.6,40,2,8,8,2,6.94,6,3,3,3,1,F,gris,lundi,575814,09 Sep 2024,13.72,0,
ETU-01152,2024-2025,Informatique,22,h,GEN,AB,lycee_public,1,20.5,26.0,81.3%,22,31.1,51,4,11,11,5,16.94,5,5,4,3,5,H,gris,vendredi,955797,2024-09-06,17.68,0,
ETU-02211,2024-2025, Gestion ,21,Homme,pro,AB,,0,5.1 km,0.0,"80,1",55,79.0,136,1,8,8,6,11.22,7,4,2,3,5,B,jaune,lundi,647814,2024-09-16,16.64,0,
ETU-01459,2024-2025,Gestion,24,Femme,Generale,P,lycee_public,1,3.5,27.0,87.2%,33,44.6,52,2,8,7,6,13.05,7,2,4,3,5,E,bleu,jeudi,315284,26 Sep 2024,16.24,0,Étudiant assidu et investi.
ETU-04865,2024-2025,Droit,19,f,Général,passable,lycee_prive,1,11.2,0.0,60.4%,11,4.2,30,7,9,7,1,"6,44",5,2,3,2,2,C,bleu,mercredi,798041,2024-09-18,2.42,1,En difficulté sur les évaluations.
ETU-03132,2024-2025,INFORMATIQUE,18,Homme, pro,Assez Bien,lycee_public,0,21.1,,65.7%,27,44.0,56,3,9,7,1,7.52,7,5,2,3,5,D,vert,lundi,330370,2024-09-23,13.59,0,
ETU-01425,2024-2025,droit,20,H,Général,Passable,lycee_public,O,2.2 km,0.0,84.3,49,107.8,102,1,11,11,8,"13,26",6,5,5,3,2,G,vert,vendredi,329409,13/09/2024,17.6,0,
ETU-04842,2024-2025,Psychologie,17,M,Technologique,AB,cfa,1,2.3,0.0,84.4,61,78.2,134,2,11,10,6,13.97,6,1,3,4,,F,vert,lundi,393567,2024-09-16,18.4,0,Engagement en ligne remarquable.
ETU-03244,2024-2025,informatique,20,h,général ,Assez Bien,lycee_prive,Non,"4,6",9.0,83.2%,26,33.2,63,4,9,8,3,"8,7",6,4,3,2,2,G,rouge,jeudi,867937,05 Sep 2024,13.86,0,
ETU-03459,2024-2025,Droit,19,f,TECHNO,AB,cfa,non,"39,9",0.0,57.3%,13,13.8,29,6,12,6,0,8.38,6,3,2,1,1,C,gris,mardi,860577,24/09/2024,2.31,1,
ETU-00115,2024-2025,Biologie,20,F,Général,Assez Bien,lycee_public,0,"4,6",15.0,70.1%,29,57.7,82,6,10,6,1,12.27,6,5,1,3,2,B,bleu,jeudi,679561,05 Sep 2024,14.84,0,Semble peu engagé dans la formation.
ETU-01082,2024-2025,informatique,19,h,TECHNO,AB,lycee_public,oui,16.9,,73.4%,48,76.9,103,2,10,8,3,"11,85",7,7,5,5,3,G,gris,jeudi,744958,19 Sep 2024,16.71,0,
ETU-04414,2024-2025, Gestion ,18,Homme,TECHNO,AB,lycee_public,Oui,13.6,4.0,65.9,42,38.1,87,6,12,10,1,13.66,6,6,3,3,2,H,bleu,mardi,869513,2024-09-24,16.86,0,
ETU-03003,2024-2025,droit,24,H,général ,Passable,lycee_public,O,6.5,17.0,81.5,31,34.7,98,4,13,12,2,12.06,6,5,2,3,2,E,vert,mardi,149268,03/09/2024,16.35,0,"Motivation en berne, à accompagner."
ETU-01621,2024-2025,Biologie,21,Homme,Generale,P,autre,oui,15.6,3.0,"99,2",58,101.6,103,0,8,8,12,"12,54",6,5,5,5,4,H,rouge,vendredi,593623,2024-09-06,18.4,0,
ETU-01623,2024-2025,Gestion,21,M,techno,Assez Bien,lycee_public,N,4.5,9.0,78.3%,31,42.7,87,3,9,8,2,9.88,6,5,4,5,3,F,gris,mercredi,919684,11/09/2024,15.41,0,Profil dans la moyenne.
ETU-05008,2024-2025, Mathematiques ,20,h,GEN,B,lycee_public,non,6.9,,84.4,22,32.4,53,3,10,10,3,11.62,5,4,3,4,3,A,rouge,lundi,507981,23/09/2024,16.43,0,Suivi sans particularité.
ETU-03555,2024-2025,Droit,22,Femme,Generale,ab,lycee_public,non,7.7,28.0,"98,8",48,58.0,104,4,8,6,7,"11,13",5,4,5,,5,B,jaune,mardi,248168,2024-09-03,15.89,0,
ETU-02471,2024-2025,gestion,18,Homme,general,Assez Bien,,Non,"3,7",10.0,66.0%,8,12.8,19,5,12,5,0,8.07,6,4,1,1,1,E,vert,mercredi,195614,04 Sep 2024,3.53,1,
ETU-04453,2024-2025,Gestion,17,H,general,Bien,lycee_public,1,36.4,,73.3%,29,66.1,79,6,12,12,1,9.16,5,3,2,4,2,B,rouge,mercredi,395717,11/09/2024,13.23,0,
ETU-01705,2024-2025, Psychologie ,20,Homme,Général,passable,lycee_public,non,0.1 km,0.0,84.9,22,36.0,51,3,12,9,1,9.98,6,3,3,3,4,H,rouge,vendredi,205523,2024-09-13,14.22,0,Profil dans la moyenne.
ETU-03354,2024-2025,Informatique,18,h,Technologique,passable,autre,O,15.3,0.0,"77,8",56,59.9,117,1,8,8,12,"10,88",5,5,5,3,2,E,gris,vendredi,530005,2024-09-06,17.09,0,Engagement en ligne remarquable.
ETU-02557,2024-2025, Biologie ,17,Femme,général ,P,lycee_prive,Oui,6.3,15.0,87.3%,44,68.4,88,2,8,8,11,"9,05",6,4,4,3,5,A,bleu,mercredi,736021,2024-09-25,17.01,0,Très actif sur la plateforme.
ETU-04862,2024-2025, Gestion ,21,H,general,passable,lycee_public,1,10.6,25.0,"69,7",36,47.3,76,3,10,8,5,"12,39",5,5,3,3,4,F,vert,vendredi,403905,2024-09-13,15.43,0,
ETU-00720,2024-2025,STAPS,18,Femme,Technologique,Passable,lycee_public,non,,0.0,98.3,41,69.9,63,1,11,10,11,11.92,7,6,5,5,3,H,bleu,jeudi,699456,19 Sep 2024,17.52,0,Engagement en ligne remarquable.
ETU-00572,2024-2025,PSYCHOLOGIE,19,F,Général,P,lycee_public,0,4.6 km,7.0,"90,9",53,90.8,125,0,9,9,3,11.43,7,7,5,,4,D,jaune,mercredi,874834,18/09/2024,18.61,0,Engagement en ligne remarquable.
ETU-00435,2024-2025,DROIT,22,f,pro,tres bien,cfa,Non,4.9,23.0,83.6,34,48.3,59,7,11,7,2,7.98,5,4,3,3,1,C,vert,vendredi,868142,20 Sep 2024,11.33,0,
ETU-03880,2024-2025,Droit,20,Femme, pro,P,lycee_public,non,"3,5",0.0,76.7,29,38.2,35,8,9,8,2,"4,09",6,1,2,4,2,B,bleu,lundi,512438,02 Sep 2024,4.14,1,
ETU-00043,2024-2025,Droit,18,M,techno,Bien,autre,0,,0.0,"96,4",39,34.5,70,3,12,11,6,"11,52",6,3,4,4,3,E,vert,lundi,963445,23/09/2024,15.65,0,Suivi sans particularité.
ETU-01070,2024-2025, STAPS ,19,Homme,général ,AB,lycee_public,Oui,22.3 km,,64.7,15,16.5,23,4,10,6,0,"12,39",7,4,3,3,2,B,vert,mardi,736351,10/09/2024,8.84,1,
ETU-00622,2024-2025,Droit,20,F,général ,Assez Bien,lycee_public,1,10.6,6.0,85.5,43,80.8,89,5,13,11,6,"15,04",5,3,,,3,B,rouge,vendredi,653875,2024-09-06,18.45,0,
ETU-04926,2024-2025,psychologie,22,Homme,Generale,Passable,lycee_public,N,,10.0,88.9,27,9.4,57,5,11,9,3,10.0,6,0,4,5,4,D,jaune,mercredi,856344,04 Sep 2024,13.81,0,Suivi sans particularité.
ETU-04584,2024-2025,Informatique,22,F,GEN,B,lycee_public,Oui,6.0,0.0,75.5,32,32.9,72,0,10,9,6,13.09,6,3,3,5,3,H,jaune,jeudi,599034,26 Sep 2024,17.75,0,"Bon semestre, résultats solides."
ETU-02180,2024-2025,Mathematiques,19,femme,Generale,B,lycee_public,N,44.1 km,23.0,63.9,19,22.3,42,4,11,6,0,15.17,6,5,2,3,1,A,gris,mardi,294212,24 Sep 2024,8.05,1,
ETU-01882,2024-2025,Informatique,23,F,Generale,Bien,lycee_public,oui,1.5,,71.5%,18,27.5,39,1,8,7,4,7.59,6,4,5,3,4,A,gris,vendredi,489055,13 Sep 2024,13.57,0,
ETU-04006,2024-2025, STAPS ,19,H,general,AB,lycee_public,Oui,14.1,10.0,91.6%,62,59.5,113,4,11,11,7,"11,05",6,6,5,4,4,H,bleu,lundi,306497,02/09/2024,16.52,0,
ETU-02419,2024-2025,Mathematiques,21,H,techno,passable,lycee_public,1,"20,0",16.0,88.3%,28,44.9,76,3,13,13,5,"10,44",7,3,5,4,3,B,rouge,mardi,856526,24/09/2024,15.5,0,
ETU-03852,2024-2025,STAPS,18,f,Général,Bien,lycee_public,non,58.0,13.0,75.8,13,18.1,23,6,10,10,2,14.95,6,6,3,3,2,D,jaune,lundi,750884,2024-09-16,15.54,0,
ETU-05176,2024-2025,STAPS,19,F, pro,Assez Bien,,N,"22,1",28.0,70.4%,,33.4,35,3,13,11,2,"10,11",5,2,4,5,1,F,vert,mardi,880557,2024-09-03,14.98,0,Profil dans la moyenne.
ETU-02065,2024-2025,GESTION,19,f,techno,Passable,lycee_public,0,3.3,4.0,88.0,24,19.5,45,4,12,10,4,"5,51",5,1,4,1,2,H,rouge,mardi,163189,2024-09-10,11.6,0,En difficulté sur les évaluations.
ETU-00742,2024-2025,Informatique,22,f,GEN,AB,lycee_public,non,59.9,14.0,84.6,37,47.4,106,2,9,9,4,8.71,6,5,,4,3,G,rouge,mercredi,705649,04 Sep 2024,14.29,0,
ETU-01781,2024-2025,MATHEMATIQUES,21,F,GEN,ab,lycee_public,Oui,,0.0,93.7%,51,42.6,134,0,8,7,8,13.15,5,2,4,3,5,A,rouge,mardi,262179,2024-09-03,18.97,0,"Très bon investissement, en réussite."
ETU-01391,2024-2025,Informatique,18,h,Technologique,Bien,cfa,0,"3,0",3.0,74.5,17,19.7,47,5,12,10,3,"12,0",5,4,4,3,4,E,rouge,mardi,314547,2024-09-03,7.27,1,RAS.
ETU-04040,2024-2025,STAPS,19,M,techno,Assez Bien,lycee_public,oui,5.8,8.0,76.7,22,46.6,48,4,11,8,2,11.19,6,6,3,1,2,D,vert,vendredi,356110,20/09/2024,14.86,0,
ETU-00194,2024-2025,STAPS,23,F,GEN,Passable,lycee_prive,Non,53.6,17.0,84.7,32,33.5,72,0,8,8,3,10.87,5,2,4,5,2,G,jaune,jeudi,851377,2024-09-19,15.89,0,RAS.
ETU-04592,2024-2025,Informatique,23,Homme,général ,B,lycee_prive,oui,7.7,5.0,97.7,36,41.1,66,1,13,12,7,14.67,6,6,4,4,3,D,gris,mardi,319891,17/09/2024,18.37,0,"Très bon investissement, en réussite."
ETU-03060,2024-2025,STAPS,19,F,general,passable,lycee_prive,1,1.7,0.0,"69,4",9,7.4,28,6,9,6,1,10.58,7,4,3,5,,E,bleu,vendredi,123206,2024-09-06,5.01,1,Peu actif sur la plateforme.
ETU-03989,2024-2025,Psychologie,22,Homme,TECHNO,Passable,lycee_public,non,"0,8",5.0,"73,7",57,49.0,126,5,13,12,4,10.69,5,3,4,3,3,G,gris,jeudi,697702,12/09/2024,15.86,0,
ETU-03162,2024-2025,Biologie,21,H,general,AB,lycee_public,0,"36,4",0.0,"66,8",16,27.9,17,5,9,6,1,"10,1",7,1,2,5,1,C,bleu,jeudi,869191,2024-09-12,14.1,0,"Motivation en berne, à accompagner."
ETU-01334,2024-2025,Gestion,20,H,GEN,Assez Bien,lycee_public,Non,"23,9",7.0,"69,1",33,60.6,63,6,10,6,3,"10,16",5,4,2,3,2,G,gris,mercredi,672324,2024-09-18,6.9,1,Semble peu engagé dans la formation.
ETU-02267,2024-2025,Informatique,21,H,GEN,P,lycee_prive,non,1.0,13.0,85.1%,30,35.9,48,5,11,11,2,"11,41",6,5,3,5,4,B,jaune,mercredi,528296,2024-09-11,16.47,0,RAS.
ETU-00279,2024-2025,Droit,22,h,GEN,Passable,lycee_prive,N,3.3,9.0,79.3,27,53.5,65,7,12,10,3,,5,3,3,3,2,F,bleu,lundi,236325,02 Sep 2024,13.89,0,RAS.
ETU-00250,2024-2025,PSYCHOLOGIE,17,F,Generale,,lycee_public,N,15.8 km,,64.5,13,17.6,45,6,10,6,3,10.19,7,5,3,5,3,B,rouge,mercredi,274700,18/09/2024,3.57,1,
ETU-01861,2024-2025,Psychologie,21,femme,GEN,Très Bien,lycee_public,oui,46.8,0.0,85.9,27,39.7,60,4,12,7,2,"9,79",5,1,1,3,1,H,rouge,vendredi,325759,13 Sep 2024,14.68,0,
ETU-00216,2024-2025,STAPS,22,h,PRO,ab,lycee_prive,Non,8.3 km,,87.4,36,59.4,82,6,13,11,3,"15,24",6,5,3,2,3,G,jaune,mercredi,669928,11 Sep 2024,17.79,0,"Très bon investissement, en réussite."
ETU-02977,2024-2025,Droit,18,Femme,GEN,AB,lycee_public,N,5.1,0.0,75.3,13,5.5,16,0,11,7,1,11.26,5,3,1,3,1,C,bleu,vendredi,762797,27/09/2024,7.09,1,
ETU-01165,2024-2025,Droit,20,NB,TECHNO,B,lycee_public,1,18.4 km,24.0,"69,4",44,39.7,98,1,10,8,3,15.82,6,6,4,5,3,D,bleu,mardi,364662,2024-09-24,16.85,0,Suivi sans particularité.
ETU-04297,2024-2025, Gestion ,19,h,général ,Bien,lycee_public,Non,"11,0",3.0,84.3,28,45.1,73,7,9,8,2,11.02,6,3,2,3,3,G,vert,mardi,974599,03 Sep 2024,7.21,1,
ETU-03564,2024-2025,Gestion,19,M,general,Passable,lycee_public,O,9.7,0.0,63.3,38,55.7,94,3,11,8,3,11.39,6,4,3,1,4,G,bleu,jeudi,281999,26 Sep 2024,15.29,0,Profil dans la moyenne.
ETU-01236,2024-2025,psychologie,18,Femme,Generale,B,lycee_prive,Non,9.7,0.0,63.2,3,11.3,1,5,10,6,0,9.76,6,5,3,2,,A,gris,vendredi,410405,20/09/2024,5.34,1,Peu actif sur la plateforme.
ETU-04672,2024-2025,Gestion,18,Femme,Professionnel,P,lycee_prive,O,11.4,28.0,57.7,,11.5,32,7,13,7,0,1.2,7,1,1,1,1,B,jaune,mardi,624392,10/09/2024,0.22,1,
ETU-05009,2024-2025,MATHEMATIQUES,18,femme,pro,Bien,lycee_public,0,41.8,10.0,48.2,0,0.0,0,5,13,7,0,7.6,7,0,2,1,1,D,gris,jeudi,101126,2024-09-12,2.14,1,
ETU-02979,2024-2025,INFORMATIQUE,18,F,GEN,P,lycee_public,O,24.7 km,0.0,70.9%,30,42.0,82,6,10,7,2,15.24,5,5,3,5,2,B,vert,lundi,637894,02 Sep 2024,17.5,0,
ETU-04477,2024-2025,Gestion,20,h,Général,P,lycee_public,1,11.7,4.0,77.6,12,20.6,22,8,9,8,1,"11,86",7,6,3,1,4,A,jaune,lundi,693299,2024-09-23,7.76,1,"Rendus souvent en retard, à relancer."
ETU-04471,2024-2025,Psychologie,20,M,Technologique,AB,lycee_public,N,"3,5",7.0,98.5,31,58.5,70,6,13,13,2,"13,0",7,5,3,2,4,F,jaune,mercredi,968968,04 Sep 2024,17.61,0,
ETU-00020,2024-2025,Psychologie,19,femme,general,passable,lycee_public,Oui,5.7,23.0,91.5,54,105.7,132,4,10,9,5,13.08,5,4,3,2,4,D,rouge,lundi,278337,02/09/2024,16.84,0,"Très bon investissement, en réussite."
ETU-01472,2024-2025,Informatique,22,h,général ,AB,lycee_prive,Oui,8.6,0.0,85.1,31,56.8,77,3,12,10,1,10.57,7,7,2,5,2,B,rouge,mardi,714855,17/09/2024,13.67,0,
ETU-01028,2024-2025,STAPS,20,Homme,general,,lycee_public,Oui,24.9,0.0,97.9,41,60.5,78,7,9,9,4,18.72,6,4,4,4,3,C,bleu,vendredi,807636,2024-09-06,19.15,0,"Très bon investissement, en réussite."
ETU-02173,2024-2025,Biologie,19,Femme,techno,passable,lycee_public,0,22.0,,81.1,29,51.9,50,1,8,6,3,12.08,7,2,4,3,2,G,gris,mercredi,128313,04/09/2024,15.42,0,Travail sérieux et régulier.
ETU-05098,2024-2025,STAPS,25,femme,general,ab,lycee_prive,Non,5.3 km,0.0,"82,2",41,66.2,121,4,13,11,6,"12,01",5,4,5,,4,C,jaune,lundi,361223,2024-09-16,17.72,0,Très actif sur la plateforme.
ETU-04707,2024-2025,Gestion,20,M, pro,Bien,lycee_public,oui,"31,1",13.0,"85,0",29,29.9,78,3,8,6,3,9.24,6,3,4,2,1,A,jaune,vendredi,892440,20 Sep 2024,12.76,0,
ETU-02772,2024-2025, STAPS ,21,Femme,général ,passable,lycee_public,N,"31,5",0.0,85.3,31,33.7,75,6,8,7,7,13.77,7,5,4,4,3,B,jaune,mercredi,204826,04/09/2024,18.32,0,
ETU-02234,2024-2025,STAPS,23,Homme,Generale,B,lycee_public,N,27.1 km,12.0,67.0,21,39.6,36,8,10,9,2,16.16,7,7,,3,2,G,vert,lundi,490962,09 Sep 2024,15.4,0,Plusieurs travaux remis hors délai.
ETU-01300,2024-2025,INFORMATIQUE,19,Femme,techno,passable,autre,non,18.3,15.0,"76,6",25,48.6,57,9,11,10,1,"7,48",7,5,4,3,4,B,bleu,mardi,363286,24/09/2024,12.19,0,
ETU-00089,2024-2025,Biologie,21,femme,GEN,TB,lycee_public,0,"10,2",0.0,63.8,14,16.6,17,6,11,6,0,"15,22",6,3,3,3,2,E,vert,mardi,201800,2024-09-17,9.36,1,RAS.
ETU-00778,2024-2025,Gestion,20,H,Professionnel,P,cfa,Non,13.3,8.0,"99,0",42,61.4,111,3,8,8,6,15.33,6,1,5,5,4,H,bleu,mercredi,824115,04/09/2024,19.29,0,
ETU-04076,2024-2025,Gestion,18,Homme,Technologique,Assez Bien,lycee_public,oui,"12,2",13.0,96.3,48,87.2,82,0,9,9,3,12.8,7,1,5,5,5,B,vert,jeudi,164936,2024-09-05,19.07,0,
ETU-03541,2024-2025,Gestion,20,F,GEN,Très Bien,lycee_prive,N,20.5,15.0,95.9,56,95.5,116,1,9,9,4,18.68,6,6,5,3,4,D,gris,jeudi,489019,2024-09-26,19.64,0,"Très bon investissement, en réussite."
ETU-05110,2024-2025, Gestion ,21,F,techno,P,lycee_public,N,38.0,19.0,64.9%,10,10.5,17,6,9,6,0,,5,5,3,3,3,F,gris,lundi,709212,09/09/2024,16.31,0,Peu actif sur la plateforme.
ETU-00832,2024-2025,Droit,23,F,GEN,P,lycee_public,O,0.8,0.0,75.7,29,44.8,72,1,10,7,1,14.22,7,7,4,1,2,G,rouge,jeudi,201915,12/09/2024,16.39,0,Travail sérieux et régulier.
ETU-02339,2024-2025,Gestion,22,H,general,P,lycee_public,non,79.2,0.0,67.3%,34,59.6,90,3,8,6,3,12.48,7,7,4,2,2,C,gris,jeudi,941905,19 Sep 2024,16.87,0,Profil dans la moyenne.
ETU-04990,2024-2025,STAPS,21,h,Général,Bien,lycee_public,0,22.9 km,7.0,60.1,9,25.5,10,4,10,6,0,"9,71",5,4,,2,1,D,bleu,lundi,147768,09/09/2024,3.93,1,Engagement en ligne très faible.
ETU-00603,2024-2025,STAPS,22,h,Generale,Assez Bien,lycee_prive,oui,"10,0",7.0,69.1%,17,19.8,32,7,13,10,0,10.86,7,4,,3,3,C,jaune,mercredi,980969,2024-09-25,6.26,1,
ETU-00655,2024-2025,Biologie,21,M,Général,Passable,lycee_public,non,7.8,5.0,"89,9",36,75.1,65,1,9,9,7,11.43,5,4,5,3,5,F,jaune,vendredi,813247,20/09/2024,16.73,0,
ETU-00393,2024-2025,PSYCHOLOGIE,18,Autre,general,tres bien,lycee_public,0,4.5,6.0,57.6,23,29.5,56,8,13,8,0,17.04,6,6,4,,5,D,jaune,mercredi,277399,25 Sep 2024,16.04,0,"Rendus souvent en retard, à relancer."
ETU-03707,2024-2025, Psychologie ,19,Homme,général ,Bien,lycee_public,O,9.6,,89.6%,59,85.5,125,3,13,13,4,16.77,6,5,5,5,,F,rouge,mardi,443772,24/09/2024,19.72,0,"Très bon investissement, en réussite."
ETU-01421,2024-2025,Informatique,19,femme,TECHNO,Très Bien,lycee_prive,oui,6.3,9.0,70.5,44,28.1,118,1,9,8,3,13.9,5,3,3,3,3,C,rouge,vendredi,519206,13 Sep 2024,16.75,0,
ETU-01712,2024-2025,lettres,17,Femme,techno,ab,lycee_prive,N,4.8,0.0,63.7,8,9.3,11,5,8,6,0,5.73,6,2,3,2,3,D,rouge,vendredi,692178,20/09/2024,11.38,0,Résultats fragiles aux partiels.
ETU-03667,2024-2025,informatique,20,femme,Technologique,Passable,lycee_prive,N,12.8,0.0,60.7,3,8.8,2,2,9,5,0,3.92,7,1,1,2,2,H,rouge,mercredi,550141,2024-09-11,2.24,1,Résultats fragiles aux partiels.
ETU-01163,2024-2025,Gestion,19,M,GEN,B,lycee_public,non,84.3,10.0,75.7%,26,26.4,44,4,12,10,1,"11,72",6,3,3,2,2,C,bleu,jeudi,290575,2024-09-19,14.19,0,Profil dans la moyenne.
ETU-04354,2024-2025,Biologie,17,f,general,passable,lycee_public,1,2.5,5.0,84.6,51,62.8,76,5,12,10,4,12.09,6,5,5,2,4,F,jaune,jeudi,711883,2024-09-19,16.34,0,Engagement en ligne remarquable.
ETU-05029,2024-2025,Lettres,21,H,TECHNO,ab,lycee_public,non,76.8,11.0,85.7,33,45.4,78,6,10,9,3,12.67,6,5,4,5,4,H,vert,vendredi,237425,06/09/2024,16.3,0,Travail sérieux et régulier.
ETU-01607,2024-2025, Gestion ,21,Homme,GEN,Passable,lycee_public,O,12.8,0.0,59.4,20,33.0,54,7,11,7,0,"4,36",6,2,2,1,2,H,vert,lundi,852132,16 Sep 2024,0.74,1,En difficulté sur les évaluations.
ETU-04550,2024-2025,droit,18,Femme,GEN,Bien,lycee_prive,Oui,8.6,16.0,79.0%,42,91.8,107,2,8,8,5,"15,35",5,5,4,4,2,H,vert,vendredi,204395,2024-09-20,19.12,0,Engagement en ligne remarquable.
ETU-00057,2024-2025,Biologie,19,h,general,AB,lycee_public,oui,"0,7",11.0,63.1,23,28.5,36,5,12,10,1,"11,86",5,5,3,1,1,E,bleu,lundi,401912,02/09/2024,14.27,0,Suivi sans particularité.
ETU-03744,2024-2025,STAPS,21,h,Technologique,Assez Bien,lycee_prive,Non,21.6,5.0,90.2,41,64.2,80,3,8,6,6,"15,78",6,6,4,3,3,E,gris,vendredi,454597,20/09/2024,18.06,0,"Très bon investissement, en réussite."
ETU-04150,2024-2025,Biologie,20,F, pro,Passable,autre,0,"6,5",11.0,58.0,24,36.8,49,6,10,9,1,"7,23",5,3,1,3,4,A,rouge,lundi,466042,23/09/2024,11.2,0,Résultats fragiles aux partiels.
ETU-02929,2024-2025,Gestion,18,h,Generale,passable,lycee_public,non,7.0,8.0,99.6,41,66.4,96,3,8,7,4,13.32,6,5,4,5,5,B,rouge,jeudi,833549,2024-09-12,18.58,0,"Très bon investissement, en réussite."
ETU-01639,2024-2025,STAPS,20,F,techno,P,lycee_prive,non,0.2,15.0,71.1,34,60.3,81,8,9,9,2,11.66,5,4,4,2,2,F,jaune,mercredi,691270,11 Sep 2024,14.76,0,
ETU-03978,2024-2025, Gestion ,19,femme,Général,Assez Bien,lycee_public,N,4.5,15.0,"93,8",31,31.0,99,3,12,10,4,11.07,6,3,3,4,4,B,gris,vendredi,469805,2024-09-20,16.86,0,
ETU-00917,2024-2025,biologie,23,f,GEN,passable,lycee_prive,O,"16,0",10.0,79.8,,53.7,60,6,9,6,1,12.84,6,6,3,2,4,H,gris,lundi,494519,2024-09-16,15.78,0,"Bon semestre, résultats solides."
ETU-00263,2024-2025,Informatique,20,Femme,general,Assez Bien,lycee_public,O,"62,2",,99.1,43,71.1,123,4,8,7,7,"15,29",5,4,5,4,3,B,vert,vendredi,925667,13/09/2024,19.07,0,"Très bon investissement, en réussite."
ETU-03460,2024-2025,Gestion,21,Homme,PRO,B,lycee_public,Oui,32.4 km,8.0,77.8,22,39.9,59,2,13,12,7,"12,3",6,4,3,5,3,A,vert,lundi,526580,23 Sep 2024,15.95,0,
ETU-00223,2024-2025,INFORMATIQUE,20,h,Technologique,Passable,lycee_public,N,15.8,24.0,"84,2",29,38.7,78,7,13,12,1,"7,13",5,2,2,2,2,B,gris,mercredi,893643,2024-09-04,10.67,0,Résultats fragiles aux partiels.
ETU-03056,2024-2025,biologie,18,F,Général,Assez Bien,lycee_prive,Non,"30,9",0.0,85.9,50,83.5,93,5,8,6,2,"11,69",6,6,5,4,3,C,jaune,mercredi,853376,11/09/2024,18.34,0,
ETU-00350,2024-2025,Droit,23,femme,Professionnel,,lycee_public,Non,25.5,16.0,"65,1",3,2.3,7,5,11,5,0,10.6,5,0,1,3,2,G,rouge,lundi,716240,2024-09-02,3.25,1,Peu actif sur la plateforme.
ETU-01208,2024-2025,STAPS,19,h,pro,passable,lycee_prive,0,"17,2",21.0,76.4,37,51.5,102,4,9,6,1,"10,11",6,4,5,2,,C,bleu,mercredi,280466,11 Sep 2024,15.16,0,Profil dans la moyenne.
ETU-02417,2024-2025, Droit ,18,femme,general,AB,autre,N,1.2,14.0,"63,9",11,19.4,25,4,11,8,0,,5,3,3,2,3,A,vert,jeudi,432716,26/09/2024,7.72,1,
ETU-04510,2024-2025,Mathematiques,21,H,TECHNO,P,lycee_public,Oui,14.9,0.0,"85,6",15,20.9,8,3,9,6,2,7.2,7,2,2,3,,D,gris,jeudi,580537,2024-09-19,11.48,0,Résultats fragiles aux partiels.
ETU-00623,2024-2025, Droit ,20,H,Général,B,autre,0,3.1,5.0,97.0%,47,60.9,103,0,12,12,11,,6,6,5,4,4,C,vert,vendredi,730761,2024-09-06,18.61,0,Engagement en ligne remarquable.
ETU-00290,2024-2025, Biologie ,19,M,Generale,ab,lycee_public,Oui,"25,6",0.0,84.5%,56,90.8,159,4,9,9,11,11.97,6,6,5,3,3,B,bleu,lundi,818752,02 Sep 2024,17.69,0,
ETU-02938,2024-2025,Droit,23,h,general,AB,cfa,1,21.1,16.0,62.6%,24,43.5,44,4,10,9,0,"10,63",6,6,4,5,3,F,bleu,lundi,250233,2024-09-23,15.37,0,
ETU-01576,2024-2025,droit,17,f,Generale,Passable,lycee_public,non,"14,5",0.0,59.0,3,3.8,6,8,13,10,0,13.3,5,1,2,2,2,D,rouge,vendredi,170989,27 Sep 2024,7.45,1,
ETU-00289,2024-2025,Lettres,19,H,techno,passable,lycee_public,0,"15,0",,72.7,12,11.4,30,5,13,8,0,"6,81",5,3,1,3,1,G,rouge,lundi,255194,2024-09-23,2.17,1,
ETU-01230,2024-2025,gestion,21,f,techno,AB,lycee_prive,0,1.9,11.0,72.8,25,60.7,58,3,8,6,4,12.09,6,5,2,4,,G,gris,mardi,620168,10 Sep 2024,15.81,0,
ETU-00749,2024-2025,mathematiques,19,Femme,général ,Très Bien,lycee_public,0,12.3,0.0,65.3,29,47.1,87,4,11,9,5,"15,24",5,5,4,4,3,F,bleu,mardi,874447,2024-09-10,17.16,0,
ETU-01618,2024-2025, Gestion ,19,femme,Technologique,passable,lycee_prive,non,8.6,0.0,69.7,7,13.9,20,5,13,10,1,"10,13",6,3,3,3,2,B,bleu,lundi,586870,23/09/2024,4.76,1,Peu actif sur la plateforme.
ETU-00135,2024-2025,Gestion,19,f,Général,TB,lycee_prive,non,46.9 km,12.0,82.0,12,19.5,31,2,9,7,2,12.1,6,4,2,4,2,A,gris,mercredi,313029,25/09/2024,8.98,1,
ETU-03285,2024-2025, Informatique ,18,f,PRO,Assez Bien,lycee_public,Non,6.0,12.0,"86,6",21,23.8,45,3,13,11,7,4.75,5,2,3,4,4,C,jaune,lundi,518855,02 Sep 2024,10.45,0,En difficulté sur les évaluations.
ETU-01545,2024-2025,Psychologie,23,M,TECHNO,Bien,lycee_public,Non,26.7 km,0.0,89.1,41,56.0,112,0,8,8,8,11.96,6,5,4,3,4,H,rouge,lundi,564056,16/09/2024,17.7,0,
ETU-01526,2024-2025,lettres,22,NB,Generale,AB,lycee_public,non,37.3,17.0,"66,6",24,41.1,45,4,12,6,3,10.98,5,3,3,3,2,C,vert,vendredi,535189,13/09/2024,14.91,0,RAS.
ETU-05152,2024-2025,Gestion,19,f,techno,B,lycee_public,non,"10,3",15.0,72.8,28,60.6,53,2,11,9,3,12.81,7,6,2,4,2,H,jaune,jeudi,668767,19 Sep 2024,15.84,0,
ETU-04915,2024-2025,LETTRES,22,F,GEN,AB,lycee_public,Non,17.6,12.0,98.7,66,89.7,100,0,13,13,7,12.87,7,5,4,3,3,F,vert,jeudi,673594,2024-09-19,19.14,0,
ETU-04481,2024-2025,informatique,20,M,Général,B,lycee_public,N,"6,7",0.0,85.3%,10,16.0,25,2,12,12,2,"16,16",7,7,5,4,2,F,jaune,mercredi,876586,04 Sep 2024,17.66,0,
ETU-04273,2024-2025,Mathematiques,20,f,general,B,,1,"17,9",21.0,75.7,41,65.6,110,4,11,8,5,"9,78",5,3,4,4,3,F,gris,lundi,183594,02 Sep 2024,16.15,0,Engagement en ligne remarquable.
ETU-02822,2024-2025,Mathematiques,20,f,Technologique,P,lycee_public,0,,,69.5,12,28.5,24,4,8,4,0,4.63,5,2,1,2,2,F,jaune,mardi,121418,17/09/2024,4.06,1,Résultats fragiles aux partiels.
ETU-01761,2024-2025,Psychologie,19,Homme,general,passable,lycee_public,1,4.9,12.0,72.4%,33,35.1,81,5,8,8,2,11.72,6,4,,3,3,E,bleu,vendredi,484729,27 Sep 2024,15.2,0,Profil dans la moyenne.
ETU-02594,2024-2025,Lettres,21,M,Generale,passable,lycee_public,N,,11.0,71.4,9,17.2,23,2,8,6,2,11.64,6,4,2,,3,E,vert,jeudi,779295,2024-09-05,14.92,0,Peu actif sur la plateforme.
ETU-02881,2024-2025,Mathematiques,20,F,général ,Passable,lycee_public,0,0.4,21.0,73.2,8,1.8,23,5,8,5,1,9.36,7,4,3,2,2,F,rouge,jeudi,136801,19 Sep 2024,4.77,1,
ETU-04119,2024-2025,BIOLOGIE,18,f,TECHNO,Assez Bien,lycee_prive,non,0.1,,89.2,38,77.4,85,5,10,9,4,8.19,5,3,,3,,G,vert,mardi,724179,10 Sep 2024,14.97,0,Suivi sans particularité.
ETU-04682,2024-2025, STAPS ,20,F,Technologique,Assez Bien,lycee_public,O,10.7 km,0.0,81.6%,36,34.8,94,1,10,9,5,"15,74",6,5,5,5,3,H,jaune,jeudi,319094,26 Sep 2024,19.37,0,Travail sérieux et régulier.
ETU-01616,2024-2025,Informatique,21,Homme,Generale,Assez Bien,lycee_public,0,,13.0,"83,9",23,38.5,59,4,10,7,5,9.73,6,5,4,2,2,F,jaune,vendredi,728483,27/09/2024,15.28,0,
ETU-03312,2024-2025,mathematiques,21,f,techno,Passable,lycee_prive,0,"54,1",20.0,63.9,32,59.6,52,6,9,6,2,"8,87",6,5,2,3,2,C,bleu,jeudi,779756,26/09/2024,12.88,0,Semble peu engagé dans la formation.
ETU-04583,2024-2025,Informatique,20,M,Général,Passable,lycee_public,Oui,8.3,11.0,77.7,31,44.0,48,6,9,8,3,"13,71",6,4,4,3,3,G,vert,mercredi,135946,18/09/2024,17.15,0,"Bon semestre, résultats solides."
ETU-02820,2024-2025,Lettres,21,M,Général,B,lycee_public,0,2.6,,58.9%,25,34.1,63,5,12,10,3,13.75,7,5,4,3,2,E,bleu,vendredi,489192,2024-09-20,8.46,1,
ETU-02393,2024-2025,gestion,17,Homme,techno,Passable,autre,non,81.9 km,0.0,91.1,31,29.8,57,7,12,9,4,5.16,5,2,4,4,1,B,jaune,vendredi,380330,20/09/2024,12.15,0,Résultats fragiles aux partiels.
ETU-01494,2024-2025,Informatique,17,F,Generale,passable,lycee_prive,non,22.2,13.0,75.7,35,37.6,107,2,9,7,1,13.88,6,4,3,4,3,F,jaune,vendredi,441559,20/09/2024,16.3,0,
ETU-03846,2024-2025,Mathematiques,17,femme,techno,tres bien,lycee_prive,oui,0.1,,78.6,35,55.7,73,3,12,7,3,"10,6",7,6,5,4,3,G,jaune,mardi,666816,24/09/2024,15.21,0,
ETU-04346,2024-2025,PSYCHOLOGIE,20,F,Generale,passable,lycee_public,oui,36.0,18.0,84.4,23,33.8,37,0,11,8,5,12.74,6,3,4,,4,C,gris,vendredi,593781,27 Sep 2024,15.08,0,
ETU-03347,2024-2025,Gestion,20,F,Général,TB,lycee_public,Non,4.6,16.0,93.1%,46,46.3,129,3,8,7,2,10.57,5,4,5,3,3,F,vert,mardi,526962,17 Sep 2024,16.29,0,
ETU-00905,2024-2025,STAPS,18,f, pro,P,lycee_public,N,4.2,14.0,89.6,42,62.0,113,1,12,11,8,14.28,6,4,5,,,H,bleu,jeudi,123674,2024-09-19,18.9,0,Étudiant assidu et investi.
ETU-00591,2024-2025, Psychologie ,17,H,Général,tres bien,lycee_public,non,2.7,12.0,75.5,20,39.5,51,4,9,6,0,"17,69",6,6,,3,3,E,gris,lundi,364681,2024-09-09,18.87,0,
ETU-00793,2024-2025,BIOLOGIE,21,femme,Général,AB,,Non,26.1,11.0,93.0,70,71.4,118,0,11,11,10,14.2,5,4,5,5,5,A,gris,jeudi,318953,26/09/2024,19.15,0,Étudiant assidu et investi.
ETU-04754,2024-2025, Psychologie ,17,h,TECHNO,ab,lycee_prive,non,0.4,8.0,92.5,29,24.7,68,8,12,8,4,"9,65",5,2,3,3,4,E,rouge,jeudi,174294,2024-09-05,7.79,1,
ETU-03873,2024-2025, Psychologie ,18,f,Général,P,lycee_prive,non,"23,2",0.0,57.4,,48.1,50,2,13,10,5,9.01,6,4,3,4,2,F,bleu,vendredi,432526,2024-09-06,14.25,0,
ETU-03793,2024-2025,PSYCHOLOGIE,19,h,Technologique,passable,lycee_public,N,3.5,13.0,73.7,25,18.9,49,6,8,6,2,7.96,5,1,3,4,2,F,gris,mercredi,948725,2024-09-18,5.15,1,
ETU-04313,2024-2025,STAPS,20,M,GEN,Passable,,Non,8.7,9.0,81.0,44,69.6,124,1,13,10,8,"10,46",7,3,4,4,2,A,rouge,mercredi,325457,25/09/2024,15.04,0,
ETU-00818,2024-2025,INFORMATIQUE,20,femme,Generale,P,lycee_prive,non,5.2,5.0,73.8%,21,30.2,34,7,13,9,3,"4,68",5,2,3,4,4,A,rouge,lundi,345934,16 Sep 2024,1.76,1,En difficulté sur les évaluations.
ETU-02639,2024-2025,DROIT,21,H,Generale,ab,lycee_public,N,3.1,0.0,90.5,45,62.4,120,0,13,13,6,11.34,6,6,3,4,4,C,jaune,jeudi,298725,26 Sep 2024,19.16,0,
ETU-00071,2024-2025, Droit ,19,Femme,Général,AB,,1,13.9,8.0,"95,6",56,103.4,113,1,13,13,6,19.73,6,6,5,3,3,C,gris,mercredi,230550,2024-09-11,19.87,0,"Très bon investissement, en réussite."
ETU-04431,2024-2025,droit,19,F,Général,Bien,lycee_public,O,1.0,12.0,"60,9",13,7.4,34,7,10,7,2,7.2,7,5,3,3,2,A,vert,mardi,318651,24/09/2024,3.58,1,Résultats fragiles aux partiels.
ETU-04179,2024-2025,Biologie,17,femme,GEN,Passable,cfa,0,4.0,17.0,"73,5",40,80.8,85,4,12,11,7,7.13,6,4,2,3,3,E,jaune,mardi,438793,17/09/2024,13.65,0,Résultats fragiles aux partiels.
ETU-00723,2024-2025,Gestion,18,F,general,Passable,lycee_public,non,,9.0,"70,5",36,38.2,94,7,13,10,1,"14,82",6,5,4,1,3,E,gris,jeudi,337837,2024-09-05,14.74,0,Profil dans la moyenne.
ETU-00665,2024-2025,Informatique,19,f,GEN,ab,lycee_prive,non,,3.0,79.9%,27,20.3,67,1,12,12,4,13.43,5,4,5,5,3,E,jaune,mardi,930117,17 Sep 2024,18.98,0,
ETU-01335,2024-2025,DROIT,20,F,Generale,AB,lycee_public,non,"38,4",13.0,60.4,18,40.5,25,3,10,8,1,11.35,5,3,2,4,,H,rouge,jeudi,851172,12 Sep 2024,5.51,1,
ETU-04795,2024-2025,Psychologie,22,Femme,general,AB,lycee_prive,1,"37,0",24.0,71.4%,40,37.2,116,5,13,12,5,"17,45",6,6,4,3,2,A,rouge,mercredi,849588,04 Sep 2024,17.65,0,
ETU-01404,2024-2025,Lettres,18,M,Technologique,,lycee_public,Oui,"5,4",18.0,74.4,24,30.9,49,2,10,8,0,4.91,6,2,2,4,1,G,gris,jeudi,196021,19 Sep 2024,10.12,0,
ETU-02432,2024-2025,Droit,22,f,GEN,Bien,lycee_public,O,,23.0,64.2,8,18.1,7,3,13,10,1,11.94,7,3,3,3,2,G,vert,mercredi,736465,2024-09-11,5.18,1,Peu actif sur la plateforme.
ETU-01900,2024-2025,gestion,18,M,Generale,TB,lycee_public,0,0.7,23.0,87.5,35,68.2,105,3,11,9,6,"9,84",7,1,4,5,4,C,rouge,lundi,533841,16 Sep 2024,15.74,0,Suivi sans particularité.
ETU-02539,2024-2025,GESTION,21,Femme,pro,Assez Bien,lycee_prive,oui,0.7,10.0,90.5,52,40.9,86,2,10,8,9,12.26,6,6,3,3,4,H,vert,jeudi,844567,19 Sep 2024,16.69,0,
ETU-04771,2024-2025,STAPS,20,Homme,GEN,B,cfa,N,31.3,10.0,63.2,17,22.7,25,7,13,8,0,6.41,6,3,1,2,1,A,vert,mercredi,981311,2024-09-04,0.85,1,En difficulté sur les évaluations.
ETU-00509,2024-2025,PSYCHOLOGIE,18,Homme,Generale,Assez Bien,lycee_public,0,"53,7",15.0,82.2,23,33.9,37,3,12,10,2,14.85,5,2,,1,2,E,jaune,lundi,527091,09 Sep 2024,16.62,0,Travail sérieux et régulier.
ETU-02624,2024-2025, STAPS ,20,f,général ,passable,autre,non,"36,6",,86.7,22,39.1,53,5,11,9,5,"9,77",5,4,4,3,1,B,jaune,mardi,354165,2024-09-10,12.85,0,
ETU-02445,2024-2025,STAPS,21,Homme,general,B,lycee_public,0,5.4,0.0,38.2%,0,0.0,0,4,13,4,0,"6,43",7,2,1,1,1,H,vert,jeudi,282420,05/09/2024,1.39,1,
ETU-01159,2024-2025, Informatique ,20,H,Professionnel,passable,lycee_public,0,,18.0,84.5,38,65.0,76,1,12,9,3,7.61,6,3,2,3,1,G,vert,mardi,707717,03/09/2024,13.1,0,En difficulté sur les évaluations.
ETU-02982,2024-2025,Mathematiques,23,h,général ,Assez Bien,lycee_public,oui,12.5,,"70,1",15,17.3,24,9,10,9,1,10.59,5,1,,3,1,H,vert,vendredi,791793,20 Sep 2024,3.56,1,
ETU-02179,2024-2025,Psychologie,21,femme,TECHNO,Passable,lycee_public,oui,8.5,11.0,60.4,11,16.1,3,4,13,9,0,6.23,5,1,1,,1,A,rouge,jeudi,144277,2024-09-19,1.3,1,Résultats fragiles aux partiels.
ETU-03925,2024-2025,Biologie,20,h,techno,P,lycee_public,Non,1.8,19.0,59.7%,3,4.0,1,4,11,7,0,"8,53",5,3,4,1,2,G,gris,lundi,598027,23 Sep 2024,2.96,1,
ETU-00647,2024-2025,droit,21,Femme,techno,AB,lycee_public,Non,35.6,6.0,"79,1",37,78.9,87,1,11,11,2,8.66,6,5,4,5,3,F,gris,mercredi,682956,18/09/2024,15.52,0,
ETU-00721,2024-2025,Psychologie,19,F,GEN,Assez Bien,lycee_public,Non,4.4 km,4.0,"77,4",37,78.7,99,2,11,8,3,13.21,5,4,2,2,2,A,gris,mercredi,992685,11/09/2024,16.37,0,Semble peu engagé dans la formation.
ETU-00419,2024-2025,STAPS,19,h,général ,tres bien,autre,0,7.3,16.0,99.8,51,46.9,91,1,8,8,3,20.0,5,5,5,5,4,E,vert,mardi,644645,03/09/2024,19.89,0,Étudiant assidu et investi.
ETU-04094,2024-2025,Gestion,17,Femme,général ,B,lycee_public,0,15.3,0.0,"77,6",33,40.0,57,5,11,9,3,14.34,6,6,,5,4,D,vert,mercredi,862465,11 Sep 2024,19.08,0,
ETU-00667,2024-2025,Lettres,18,Homme,general,Bien,lycee_public,N,25.1,28.0,64.4,31,29.8,61,7,11,8,2,"10,54",6,4,4,4,1,H,jaune,mercredi,566859,04 Sep 2024,6.2,1,RAS.
ETU-04161,2024-2025,Lettres,17,f,pro,Passable,,1,17.5 km,10.0,84.0,28,69.0,72,5,8,8,6,7.8,7,2,5,4,3,A,rouge,mercredi,181428,11 Sep 2024,14.0,0,
ETU-03918,2024-2025,Droit,18,F,GEN,Passable,lycee_public,0,"27,4",11.0,78.0,18,24.4,43,7,12,7,1,9.32,7,6,3,,2,H,vert,lundi,582148,09 Sep 2024,4.41,1,
ETU-03021,2024-2025,INFORMATIQUE,18,Femme,techno,Bien,lycee_public,N,1.0,0.0,80.5,34,52.4,75,2,12,9,0,"11,74",6,6,3,3,3,B,gris,lundi,247404,2024-09-09,15.89,0,Suivi sans particularité.
ETU-05057,2024-2025,Droit,19,Homme,Général,Assez Bien,lycee_public,non,7.7,6.0,65.7,11,9.3,18,8,12,10,0,10.41,5,1,3,3,2,C,jaune,vendredi,915569,2024-09-13,6.15,1,Engagement en ligne très faible.
ETU-03073,2024-2025,Droit,17,h,Technologique,passable,autre,oui,7.5,4.0,70.7%,64,112.9,164,3,12,9,3,"8,85",7,4,3,3,1,E,jaune,jeudi,886615,26/09/2024,16.46,0,
ETU-01192,2024-2025,Informatique,22,M,général ,passable,lycee_public,0,5.1,,"89,7",40,52.5,100,2,12,12,6,20.0,6,6,5,5,5,A,gris,mardi,459250,10/09/2024,19.87,0,"Très bon investissement, en réussite."
ETU-02562,2024-2025,Mathematiques,20,F,GEN,Assez Bien,lycee_public,0,1.0,0.0,83.1,25,32.9,61,4,12,11,2,17.84,5,5,3,4,4,A,rouge,mardi,441580,2024-09-10,18.68,0,Travail sérieux et régulier.
ETU-04882,2024-2025,STAPS,20,femme,Generale,AB,lycee_public,oui,11.0,18.0,"61,5",22,34.2,43,6,12,7,0,10.03,5,2,1,3,1,C,gris,mercredi,726966,04 Sep 2024,4.48,1,Semble peu engagé dans la formation.
ETU-03133,2024-2025,Informatique,20,H,Generale,TB,lycee_prive,Non,31.1,0.0,96.8%,31,31.2,66,3,13,12,4,"16,73",7,6,4,3,3,A,bleu,mercredi,550847,2024-09-25,19.06,0,"Très bon investissement, en réussite."
ETU-03651,2024-2025,Biologie,23,Femme,Général,ab,lycee_public,non,7.7 km,8.0,67.3%,18,18.5,50,9,13,9,1,"8,06",7,3,1,3,2,G,rouge,vendredi,227659,2024-09-20,2.36,1,
ETU-02652,2024-2025,INFORMATIQUE,17,M,Général,AB,cfa,N,61.1 km,13.0,79.5%,44,32.2,123,6,9,8,3,"9,57",7,4,2,1,2,A,jaune,vendredi,712162,20 Sep 2024,14.21,0,
ETU-04295,2024-2025, Biologie ,20,H,general,Assez Bien,autre,non,19.0,,95.6,53,50.1,123,1,11,11,5,20.0,7,7,5,4,5,C,jaune,jeudi,811399,12 Sep 2024,19.57,0,Étudiant assidu et investi.
ETU-03891,2024-2025,Droit,17,Homme,Generale,passable,cfa,Non,0.3,23.0,96.6,41,81.8,112,1,11,11,7,9.12,7,5,,,5,B,jaune,jeudi,526481,2024-09-12,17.88,0,Engagement en ligne remarquable.
ETU-02806,2024-2025,informatique,20,Homme,GEN,tres bien,lycee_public,0,10.0,,85.7,49,94.6,108,2,11,11,5,15.78,6,6,5,4,3,C,bleu,lundi,217063,02/09/2024,18.93,0,
ETU-04861,2024-2025,Biologie,17,f,général ,Passable,lycee_prive,oui,8.5,17.0,79.4,15,21.7,16,7,11,7,3,6.27,5,3,3,2,1,E,rouge,lundi,255281,02/09/2024,3.55,1,Résultats fragiles aux partiels.
ETU-02018,2024-2025,Biologie,18,M,Général,Passable,lycee_public,N,"12,2",8.0,77.2%,20,57.9,42,2,12,8,5,11.83,6,6,4,4,2,A,bleu,jeudi,214168,26 Sep 2024,16.7,0,RAS.
ETU-00702,2024-2025,GESTION,19,f,GEN,Passable,,non,27.2,0.0,69.8,3,5.7,1,3,11,9,2,12.41,7,5,2,2,3,E,gris,mardi,411174,2024-09-24,6.85,1,Engagement en ligne très faible.
ETU-03775,2024-2025, Droit ,22,M,général ,B,autre,Oui,"4,6",23.0,64.0,16,12.2,44,5,12,10,2,10.22,7,6,3,3,,E,vert,mardi,459338,2024-09-17,7.06,1,
ETU-04100,2024-2025,Mathematiques,19,M,PRO,Passable,lycee_public,Oui,"10,2",22.0,63.5%,11,10.8,11,6,9,7,6,12.05,5,2,2,2,2,B,bleu,vendredi,896072,20/09/2024,5.83,1,Peu actif sur la plateforme.
ETU-03523,2024-2025, Informatique ,19,Homme,PRO,ab,lycee_public,O,"19,3",0.0,89.9%,29,10.7,66,3,13,11,3,13.73,6,5,4,2,2,G,bleu,vendredi,413835,13/09/2024,16.77,0,
ETU-01957,2024-2025,Psychologie,22,F,TECHNO,AB,lycee_public,Oui,,0.0,72.1%,17,28.1,47,4,12,11,4,10.48,6,5,3,3,,F,gris,jeudi,282221,05 Sep 2024,14.7,0,
ETU-00505,2024-2025,Informatique,19,Homme,Professionnel,B,lycee_public,Non,"28,1",15.0,80.5,21,33.5,54,3,13,9,5,10.75,6,3,5,4,2,H,bleu,mercredi,414050,04 Sep 2024,15.48,0,
ETU-00217,2024-2025,LETTRES,21,femme,Technologique,ab,lycee_public,1,,0.0,56.1,3,3.9,7,4,10,6,0,11.04,6,3,3,3,2,H,jaune,mercredi,872808,2024-09-18,5.02,1,
ETU-01708,2024-2025,DROIT,20,f,GEN,P,lycee_public,0,10.9,21.0,62.3,,19.0,22,4,10,5,1,,6,4,1,3,2,H,gris,mardi,251929,2024-09-17,6.05,1,Semble peu engagé dans la formation.
ETU-03886,2024-2025,psychologie,20,M,Général,P,lycee_prive,oui,1.0,8.0,"66,0",9,8.7,25,4,10,7,0,15.29,7,7,2,3,2,C,gris,vendredi,105649,06 Sep 2024,17.11,0,
ETU-03280,2024-2025, Gestion ,19,H,Generale,Assez Bien,lycee_public,0,4.9,0.0,87.1%,38,79.4,90,3,9,8,2,13.82,5,3,4,3,3,D,bleu,jeudi,225611,19 Sep 2024,17.42,0,Étudiant assidu et investi.
ETU-04204,2024-2025, Informatique ,24,M,PRO,AB,lycee_public,non,28.6,0.0,60.1%,7,9.4,19,2,8,5,1,7.53,6,0,1,3,1,C,gris,mardi,742091,24/09/2024,2.99,1,
ETU-02893,2024-2025,Psychologie,19,M,general,Assez Bien,cfa,N,8.1,18.0,90.0%,34,66.7,88,6,9,7,2,"15,39",6,6,3,5,4,F,gris,mardi,452099,24/09/2024,15.73,0,
ETU-01759,2024-2025, Mathematiques ,17,Femme,Général,ab,lycee_prive,Non,0.4 km,11.0,67.3,28,36.6,71,4,8,6,4,,5,3,3,3,2,D,bleu,vendredi,263030,2024-09-27,14.31,0,Résultats fragiles aux partiels.
ETU-04443,2024-2025,Biologie,19,M,GEN,Passable,lycee_prive,O,8.0,0.0,63.9,6,10.4,21,2,10,7,3,8.92,6,3,4,2,2,E,rouge,jeudi,966588,12 Sep 2024,12.27,0,
ETU-04549,2024-2025,droit,20,f,Technologique,P,lycee_public,0,"39,7",7.0,68.5,20,11.8,40,6,9,6,2,"7,89",6,2,1,3,1,H,bleu,jeudi,622901,26 Sep 2024,2.8,1,
ETU-05141,2024-2025,Informatique,19,Homme,Technologique,Passable,lycee_public,0,13.5,13.0,59.7,14,12.7,23,5,12,8,1,6.14,6,2,1,5,,E,jaune,mercredi,561851,2024-09-04,1.65,1,Résultats fragiles aux partiels.
ETU-02650,2024-2025,Psychologie,25,Homme,Generale,passable,lycee_prive,N,17.1,16.0,78.5%,45,50.6,111,1,10,10,3,11.78,6,6,4,3,4,F,rouge,vendredi,329796,27/09/2024,17.34,0,
ETU-02527,2024-2025,BIOLOGIE,19,Homme,Technologique,Passable,lycee_public,0,29.5 km,,64.7,31,56.5,59,3,11,9,8,10.78,6,5,2,3,3,C,vert,lundi,485843,02/09/2024,7.05,1,"Motivation en berne, à accompagner."
ETU-02593,2024-2025,mathematiques,21,femme,pro,TB,lycee_prive,N,43.8,15.0,81.2%,17,37.3,40,5,10,6,2,11.04,6,4,3,,2,B,rouge,jeudi,960296,2024-09-26,5.62,1,RAS.
ETU-03156,2024-2025,mathematiques,18,f,general,P,lycee_public,Non,63.9 km,11.0,80.4%,45,58.8,92,4,10,9,1,10.81,7,4,4,2,1,E,bleu,jeudi,270224,12/09/2024,16.15,0,Très actif sur la plateforme.
ETU-02399,2024-2025,Gestion,18,femme,Général,Passable,lycee_public,0,9.1,23.0,80.3,33,72.4,64,2,9,7,5,16.47,5,4,4,3,4,G,jaune,lundi,247642,23 Sep 2024,18.23,0,Travail sérieux et régulier.
ETU-03067,2024-2025,Psychologie,20,Femme,Technologique,Très Bien,lycee_public,oui,"0,5",,76.6,50,58.9,87,4,13,11,3,"12,79",7,7,4,3,4,D,vert,vendredi,581429,13 Sep 2024,17.48,0,Engagement en ligne remarquable.
ETU-01733,2024-2025,Gestion,19,F,Général,Assez Bien,lycee_public,Non,11.3 km,,74.2,23,46.4,44,8,12,10,1,10.55,6,5,3,3,2,H,vert,jeudi,509902,19/09/2024,14.74,0,"Rendus souvent en retard, à relancer."
ETU-00296,2024-2025,MATHEMATIQUES,20,f,pro,Passable,cfa,0,37.4,0.0,81.8,39,85.3,77,3,10,9,1,8.06,6,4,3,4,2,H,jaune,lundi,479574,2024-09-16,14.18,0,Profil dans la moyenne.
ETU-02483,2024-2025,lettres,20,f,Général,B,lycee_public,N,7.4,0.0,83.5%,25,49.3,75,1,8,8,2,16.46,7,7,5,,1,G,jaune,mercredi,782016,04/09/2024,19.13,0,"Bon semestre, résultats solides."
ETU-02880,2024-2025, Mathematiques ,20,F,Général,ab,lycee_prive,N,"26,1",,79.3,3,5.9,1,6,11,6,0,9.9,6,5,2,3,3,E,jaune,mardi,697733,03/09/2024,5.49,1,
ETU-03731,2024-2025,Mathematiques,18,H,PRO,B,lycee_public,O,,0.0,"90,5",23,25.8,34,1,9,8,5,13.57,6,3,3,5,3,B,gris,jeudi,706652,19 Sep 2024,16.84,0,
ETU-04013,2024-2025,PSYCHOLOGIE,21,femme,Professionnel,Très Bien,lycee_prive,1,"0,6",10.0,73.5,6,5.7,11,6,8,6,0,7.79,6,1,3,2,2,H,bleu,jeudi,673931,05/09/2024,3.21,1,Résultats fragiles aux partiels.
ETU-03743,2024-2025,informatique,17,H,TECHNO,Très Bien,lycee_public,N,13.8,0.0,63.3%,20,36.2,48,7,10,9,0,5.81,7,0,3,2,1,A,bleu,jeudi,326904,2024-09-19,2.96,1,En difficulté sur les évaluations.
ETU-04885,2024-2025,Informatique,21,F,Generale,Très Bien,lycee_prive,N,31.0,0.0,83.0,39,52.9,79,2,9,8,4,"12,88",5,2,4,,1,B,vert,vendredi,907220,27/09/2024,16.62,0,"Bon semestre, résultats solides."
ETU-00074,2024-2025,DROIT,21,H,GEN,,lycee_public,1,12.8,0.0,79.5,37,73.2,83,2,12,10,5,10.29,6,2,3,4,3,D,rouge,mardi,818874,17 Sep 2024,15.73,0,Profil dans la moyenne.
ETU-04151,2024-2025,Informatique,19,H,Generale,Bien,lycee_public,N,"36,3",5.0,64.5,30,51.7,79,6,11,9,2,"11,31",6,3,3,,2,F,rouge,lundi,430894,02 Sep 2024,7.35,1,
ETU-02517,2024-2025,droit,20,f,Generale,passable,lycee_public,non,6.3,10.0,80.6,18,24.7,42,5,12,12,3,10.61,6,5,,2,3,F,vert,mardi,211230,03/09/2024,5.06,1,
ETU-04951,2024-2025,Informatique,22,f,général ,ab,lycee_prive,Non,4.3,,70.7,27,32.5,43,1,12,11,4,"10,53",5,3,4,,,D,bleu,jeudi,320012,05 Sep 2024,15.88,0,Profil dans la moyenne.
ETU-00780,2024-2025,informatique,17,femme,TECHNO,Assez Bien,lycee_prive,0,21.2,10.0,72.2,,9.7,22,5,8,5,1,11.99,6,3,3,2,1,C,vert,mardi,561100,17 Sep 2024,12.14,0,Engagement en ligne très faible.
ETU-03275,2024-2025,droit,17,F,général ,Assez Bien,lycee_public,non,14.3,14.0,"75,8",35,62.3,50,4,8,5,5,6.82,6,4,3,2,1,G,rouge,mercredi,244861,11 Sep 2024,12.68,0,
ETU-01122,2024-2025,Gestion,20,H,Général,Passable,lycee_public,non,6.2,0.0,64.0,17,22.1,26,10,13,10,0,"7,48",6,2,3,2,3,D,bleu,vendredi,800892,2024-09-13,3.17,1,
ETU-03151,2024-2025,Droit,20,f,pro,Assez Bien,cfa,O,"24,0",,"59,9",23,30.5,56,2,13,9,1,,6,2,1,4,3,E,bleu,lundi,121697,09/09/2024,2.9,1,Résultats fragiles aux partiels.
ETU-04032,2024-2025,STAPS,18,NB,général ,passable,lycee_public,Non,2.0,0.0,61.8,20,34.6,36,6,11,6,1,"12,56",5,2,4,3,4,G,rouge,vendredi,805051,2024-09-27,14.43,0,
ETU-03119,2024-2025,Biologie,18,Femme,Général,P,lycee_public,N,61.9,0.0,87.7,40,55.0,71,5,9,8,3,11.89,6,4,3,5,2,E,jaune,vendredi,490947,06 Sep 2024,16.07,0,Profil dans la moyenne.
ETU-00781,2024-2025, Biologie ,19,h,Général,Bien,lycee_prive,N,1.2,27.0,98.5,24,32.9,69,7,12,8,1,8.63,5,3,4,3,4,C,gris,mercredi,817728,18 Sep 2024,14.23,0,RAS.
ETU-04483,2024-2025, Droit ,20,F,Professionnel,AB,lycee_public,1,20.2,23.0,"93,0",45,52.1,113,4,9,9,5,"11,92",6,3,4,5,4,F,rouge,mercredi,296748,25/09/2024,17.73,0,
ETU-00280,2024-2025,staps,20,f,GEN,Passable,lycee_public,1,14.5 km,,76.8,35,48.0,81,6,9,9,2,"16,69",5,3,4,,4,C,rouge,mercredi,790533,04 Sep 2024,18.37,0,Travail sérieux et régulier.
ETU-01854,2024-2025,Gestion,21,H,Technologique,Assez Bien,lycee_public,0,10.5,14.0,88.3,31,54.2,50,4,9,7,5,"9,89",5,3,5,4,3,C,vert,mardi,120728,2024-09-24,16.16,0,
ETU-01419,2024-2025, Psychologie ,22,f,general,passable,lycee_prive,O,,4.0,88.3,43,62.9,104,4,10,8,8,10.72,6,4,5,3,5,D,jaune,vendredi,941645,13/09/2024,16.7,0,
ETU-02253,2024-2025,Droit,21,f,GEN,Très Bien,lycee_public,non,40.3,8.0,"99,2",51,105.1,109,2,12,12,10,16.85,5,5,5,3,3,D,vert,mardi,596958,17 Sep 2024,19.72,0,
ETU-00285,2024-2025, Droit ,18,M,PRO,ab,lycee_public,0,"20,5",10.0,61.6%,9,19.6,1,6,8,6,1,9.49,7,2,1,1,1,F,vert,mardi,932725,03 Sep 2024,5.06,1,Engagement en ligne très faible.
ETU-01721,2024-2025,Gestion,22,M,general,Assez Bien,lycee_prive,oui,12.6,11.0,80.5%,18,19.5,27,5,10,7,0,9.55,5,2,2,4,3,G,jaune,lundi,348501,2024-09-16,4.43,1,
ETU-03796,2024-2025,lettres,19,h,general,passable,lycee_public,1,"0,1",8.0,50.4,29,42.9,78,8,12,8,0,"4,16",5,2,4,2,1,D,bleu,mardi,182411,17 Sep 2024,2.57,1,
ETU-04778,2024-2025,STAPS,17,h,Technologique,P,lycee_public,Oui,5.5,,"61,3",18,33.3,31,5,8,5,0,"6,36",6,3,1,2,1,A,gris,mardi,896345,10 Sep 2024,3.64,1,
ETU-01967,2024-2025, Mathematiques ,20,femme,général ,passable,cfa,Non,"22,4",9.0,67.6%,21,42.9,33,7,10,9,1,"11,39",5,3,2,,4,G,rouge,mardi,868380,2024-09-10,13.87,0,"Motivation en berne, à accompagner."
ETU-03013,2024-2025,STAPS,19,F,PRO,AB,lycee_public,non,4.3,,61.4,29,59.3,56,6,10,6,2,"6,27",6,2,2,4,3,D,rouge,lundi,437758,2024-09-16,4.1,1,
ETU-04172,2024-2025, Mathematiques ,21,Femme,Generale,Assez Bien,lycee_public,N,57.1 km,18.0,84.5,22,40.2,35,0,12,10,4,"16,86",6,6,5,5,4,D,bleu,mardi,267054,17 Sep 2024,18.95,0,
ETU-04892,2024-2025,BIOLOGIE,17,H,general,Assez Bien,lycee_public,0,13.1 km,0.0,74.7,35,44.1,48,6,12,10,5,"13,21",7,5,5,3,,H,rouge,vendredi,521713,13 Sep 2024,17.14,0,Suivi sans particularité.
ETU-00335,2024-2025,gestion,20,Homme,Generale,Assez Bien,autre,Non,38.0,0.0,81.0,33,26.8,53,5,8,7,4,12.61,5,5,5,3,3,E,vert,vendredi,668612,2024-09-06,15.27,0,"Bon semestre, résultats solides."
ETU-04630,2024-2025,Biologie,19,M,Général,passable,lycee_prive,N,3.7 km,0.0,64.2,6,12.6,15,4,8,4,1,9.77,6,5,4,1,2,A,jaune,mercredi,891465,11/09/2024,3.77,1,
ETU-01868,2024-2025, STAPS ,21,Homme,techno,passable,lycee_prive,N,9.1 km,12.0,57.0,20,20.3,66,4,8,5,0,3.99,6,2,2,1,,G,gris,lundi,359153,2024-09-16,3.19,1,Résultats fragiles aux partiels.
ETU-04214,2024-2025,Informatique,19,M,général ,,lycee_prive,Oui,7.1,13.0,83.9,44,89.9,114,2,9,7,9,13.45,6,5,4,5,5,E,jaune,jeudi,179029,2024-09-19,16.48,0,Engagement en ligne remarquable.
ETU-03166,2024-2025,PSYCHOLOGIE,20,Femme,Generale,passable,lycee_prive,Non,0.9 km,15.0,89.4%,29,32.4,53,4,12,10,6,9.63,6,5,4,4,5,A,vert,mercredi,280113,25/09/2024,14.14,0,
ETU-03150,2024-2025,Gestion,20,f,général ,P,autre,Non,29.9,10.0,"88,1",40,87.2,74,1,8,8,5,"10,24",6,4,5,4,3,A,gris,mardi,995217,2024-09-03,17.27,0,
ETU-04654,2024-2025,STAPS,18,Femme,GEN,Assez Bien,,oui,,10.0,41.3,8,8.3,16,1,8,1,0,"9,12",5,3,1,1,1,F,bleu,lundi,289237,23/09/2024,3.09,1,
ETU-01010,2024-2025, Mathematiques ,20,M,Generale,passable,lycee_prive,Non,2.1 km,24.0,79.5,17,20.0,44,0,9,7,2,"12,61",6,6,3,4,4,C,rouge,mercredi,791115,2024-09-04,16.39,0,
ETU-03179,2024-2025, Droit ,21,M,GEN,B,lycee_public,Non,5.2,15.0,84.1,14,27.8,40,4,13,9,0,12.56,6,4,3,3,2,A,bleu,jeudi,171003,05/09/2024,15.79,0,
ETU-04304,2024-2025,Droit,18,Homme,GEN,AB,lycee_public,oui,2.7 km,0.0,"98,8",39,56.7,85,1,11,10,14,"16,39",6,6,5,3,4,G,jaune,mardi,745844,2024-09-17,19.65,0,Étudiant assidu et investi.
ETU-03299,2024-2025,Droit,18,h,techno,AB,lycee_public,O,3.5,26.0,69.5,47,114.7,63,2,13,12,4,10.77,6,4,4,3,3,E,rouge,lundi,336859,09 Sep 2024,13.92,0,Suivi sans particularité.
ETU-04410,2024-2025,STAPS,20,F,PRO,,lycee_public,O,"6,0",3.0,75.3,35,38.1,82,4,13,11,1,10.49,6,4,3,1,2,D,jaune,lundi,385947,16/09/2024,14.98,0,
ETU-03615,2024-2025,Droit,19,H,TECHNO,Bien,lycee_public,Oui,44.3,27.0,65.3,3,0.3,1,1,8,6,3,14.01,6,4,4,5,1,F,vert,vendredi,513641,06 Sep 2024,7.12,1,
ETU-03043,2024-2025,Psychologie,17,M,Generale,B,lycee_prive,Non,"11,9",18.0,"99,0",44,81.6,87,4,9,8,5,17.44,6,6,4,2,4,H,vert,lundi,816371,16 Sep 2024,19.23,0,Étudiant assidu et investi.
ETU-00753,2024-2025,STAPS,18,F,GEN,AB,lycee_public,non,"22,8",7.0,73.9%,9,10.7,20,3,8,6,0,8.48,7,5,2,3,3,H,gris,jeudi,921637,2024-09-12,12.04,0,Peu actif sur la plateforme.
ETU-04980,2024-2025,Gestion,18,M,général ,Assez Bien,lycee_public,0,8.7,10.0,82.3,19,31.9,55,5,8,8,2,8.71,6,4,3,1,4,B,bleu,mercredi,739288,2024-09-18,14.22,0,Profil dans la moyenne.
ETU-02618,2024-2025,Mathematiques,22,h,général ,Passable,lycee_public,O,11.7,8.0,67.0,11,22.9,40,7,11,8,0,9.33,7,4,2,3,,F,gris,vendredi,380477,13/09/2024,4.64,1,Peu actif sur la plateforme.
ETU-02275,2024-2025,Informatique,20,H,techno,Passable,lycee_public,N,5.9,0.0,65.4,23,30.7,48,4,10,5,1,"6,94",6,4,2,2,2,F,bleu,lundi,365960,02/09/2024,3.13,1,Résultats fragiles aux partiels.
ETU-01804,2024-2025,Informatique,19,H,GEN,AB,lycee_public,Non,"52,6",,96.9,35,33.4,57,1,11,11,7,12.95,7,6,5,5,,H,bleu,jeudi,468756,12/09/2024,19.15,0,"Bon semestre, résultats solides."
ETU-03805,2024-2025,Mathematiques,22,M,Général,Assez Bien,lycee_public,non,6.9,13.0,98.4,64,101.9,131,3,9,9,5,12.87,6,5,5,4,5,H,vert,lundi,261106,23/09/2024,19.41,0,Engagement en ligne remarquable.
ETU-02983,2024-2025,Droit,19,M,TECHNO,Passable,lycee_prive,O,2.9,11.0,77.9,41,49.9,78,3,9,8,5,7.84,5,2,3,4,4,E,vert,lundi,561174,02/09/2024,12.41,0,
ETU-00892,2024-2025,Lettres,18,Femme,techno,AB,lycee_prive,0,19.5,26.0,87.2,,129.7,92,2,11,11,4,14.46,5,5,5,5,4,H,rouge,mardi,214988,17/09/2024,18.1,0,
ETU-04946,2024-2025,biologie,24,M,général ,,lycee_public,1,,0.0,"91,8",43,69.4,96,8,13,12,1,11.85,6,6,2,3,3,B,vert,mercredi,318724,2024-09-11,16.48,0,
ETU-00432,2024-2025, Biologie ,21,f, pro,P,lycee_prive,Oui,7.6,11.0,"80,9",47,62.1,78,1,11,11,6,12.21,5,4,4,4,4,D,jaune,mercredi,286958,25/09/2024,16.83,0,
ETU-03605,2024-2025,Biologie,20,F,general,Très Bien,lycee_public,oui,4.0,11.0,78.2,32,26.1,94,3,13,9,2,7.46,7,4,4,4,3,A,jaune,jeudi,160317,26 Sep 2024,12.97,0,En difficulté sur les évaluations.
ETU-04945,2024-2025,Informatique,19,femme,Generale,P,lycee_public,non,6.5,23.0,73.7,11,15.1,35,5,9,7,2,11.18,7,4,3,3,3,E,bleu,mercredi,648886,2024-09-04,5.41,1,Engagement en ligne très faible.
ETU-04838,2024-2025,Psychologie,17,f,techno,AB,lycee_public,non,14.0,,98.9,39,43.9,95,4,9,8,2,"10,37",5,2,4,4,3,H,bleu,vendredi,876334,20/09/2024,15.46,0,
ETU-02063,2024-2025,Biologie,20,f,general,P,lycee_public,0,"1,8",0.0,73.6,26,48.8,68,3,11,9,4,"13,07",7,7,3,3,4,B,vert,jeudi,416722,2024-09-12,17.81,0,
ETU-03103,2024-2025,LETTRES,21,Femme,Général,AB,lycee_prive,N,"5,2",17.0,62.2,,54.7,62,5,8,6,1,5.91,6,0,1,4,,C,bleu,vendredi,721721,20 Sep 2024,11.42,0,En difficulté sur les évaluations.
ETU-01540,2024-2025,Droit,23,F,GEN,Bien,cfa,non,12.0,0.0,88.5,,66.2,119,1,11,10,6,14.31,5,4,5,4,5,E,rouge,jeudi,667445,26 Sep 2024,17.96,0,"Très bon investissement, en réussite."
ETU-03825,2024-2025,Psychologie,19,F,techno,P,lycee_public,N,17.2,8.0,"98,7",44,87.8,117,0,11,11,7,"13,51",6,6,5,5,4,C,gris,vendredi,145977,2024-09-20,18.92,0,
ETU-01175,2024-2025,Gestion,19,h,Technologique,Assez Bien,lycee_public,0,36.6,20.0,67.6%,,9.7,70,3,13,10,3,16.1,7,7,5,,2,H,bleu,mercredi,830556,18/09/2024,15.82,0,Profil dans la moyenne.
ETU-00608,2024-2025,GESTION,21,f,Général,,cfa,Oui,"3,6",18.0,"71,8",27,47.6,65,3,8,6,0,14.23,6,3,4,5,4,G,rouge,mercredi,721398,2024-09-25,16.22,0,
ETU-02730,2024-2025,Droit,17,H,Technologique,Bien,,Oui,43.5,21.0,77.2,27,49.2,66,6,9,6,2,14.66,5,5,3,1,2,B,bleu,jeudi,402706,2024-09-05,16.65,0,Travail sérieux et régulier.
ETU-04518,2024-2025,Psychologie,19,femme,Generale,passable,lycee_public,non,1.8,11.0,73.8,17,18.8,36,5,8,5,0,5.53,7,4,2,1,1,C,rouge,mardi,812085,03 Sep 2024,3.25,1,
ETU-01874,2024-2025,GESTION,17,H,general,P,cfa,N,"4,6",13.0,89.0,58,108.9,135,2,10,10,9,9.96,7,2,4,5,4,F,vert,vendredi,772470,20 Sep 2024,17.42,0,Très actif sur la plateforme.
ETU-04317,2024-2025,lettres,21,Femme,Général,,lycee_public,O,,0.0,95.3%,30,27.9,74,2,9,8,3,"10,97",5,2,4,4,3,F,jaune,mercredi,505580,2024-09-04,15.93,0,
ETU-01674,2024-2025,Psychologie,21,h,général ,B,lycee_public,0,3.3,11.0,"80,2",32,51.7,75,3,8,6,3,11.38,7,7,3,3,4,G,bleu,jeudi,580444,26/09/2024,15.71,0,RAS.
ETU-01365,2024-2025,INFORMATIQUE,19,f,Général,ab,lycee_public,oui,9.9 km,8.0,84.0,22,41.6,39,5,11,8,5,12.84,5,4,,3,4,H,jaune,mardi,358421,2024-09-24,16.39,0,"Bon semestre, résultats solides."
ETU-02815,2024-2025,STAPS,20,f,Général,P,,Non,12.1,3.0,84.7,6,4.4,23,5,13,12,2,"14,47",5,2,5,2,2,H,rouge,mercredi,997723,25 Sep 2024,17.1,0,
ETU-03283,2024-2025,Droit,18,M,général ,Assez Bien,lycee_public,Oui,25.4,18.0,57.8%,17,20.8,36,3,12,7,1,10.29,5,3,2,1,3,E,bleu,jeudi,181325,05/09/2024,6.21,1,"Motivation en berne, à accompagner."
ETU-02923,2024-2025,Psychologie,17,femme,général ,B,cfa,N,"14,1",7.0,61.4%,3,3.4,1,1,13,8,0,10.15,6,6,4,2,3,E,gris,vendredi,981018,27 Sep 2024,13.9,0,
ETU-00042,2024-2025,STAPS,21,F,GEN,P,lycee_public,0,5.5,0.0,76.5,21,35.3,57,5,12,6,1,11.66,5,3,2,4,4,A,rouge,mardi,401521,2024-09-03,7.56,1,
ETU-04679,2024-2025,informatique,17,Femme,TECHNO,Passable,lycee_public,O,20.7,8.0,"65,3",31,53.0,43,6,9,6,0,"10,8",5,3,2,,2,E,jaune,mardi,302983,2024-09-10,4.58,1,
ETU-04254,2024-2025,Informatique,17,Femme,PRO,AB,lycee_prive,non,2.6,13.0,67.2%,45,83.2,95,5,13,11,4,"7,49",6,4,4,3,2,C,jaune,mardi,843816,2024-09-17,13.0,0,
ETU-00993,2024-2025,Droit,24,H,general,P,lycee_public,N,"4,9",8.0,90.4,33,34.5,67,2,11,10,6,10.3,6,3,5,5,5,A,jaune,jeudi,268643,2024-09-19,16.14,0,RAS.
ETU-03598,2024-2025,INFORMATIQUE,18,femme,GEN,ab,lycee_public,oui,0.3,8.0,79.6%,31,41.7,62,1,11,11,2,15.16,6,5,5,5,3,B,jaune,jeudi,947962,05 Sep 2024,18.63,0,Travail sérieux et régulier.
ETU-02391,2024-2025, Lettres ,17,f, pro,P,lycee_public,0,11.7 km,7.0,79.3,24,41.9,49,7,13,10,0,7.38,6,3,3,,2,C,gris,mardi,747162,2024-09-10,11.76,0,
ETU-01762,2024-2025,INFORMATIQUE,18,h,general,AB,lycee_public,0,13.1 km,9.0,77.6%,41,67.2,61,1,10,9,3,"16,94",5,5,5,4,5,A,rouge,lundi,397106,16 Sep 2024,19.43,0,Très actif sur la plateforme.
ETU-01346,2024-2025,Droit,25,F,general,TB,lycee_public,Non,3.1,13.0,86.5%,39,64.1,78,2,8,7,5,12.09,6,5,4,,5,B,gris,mercredi,661179,18 Sep 2024,16.49,0,
ETU-01892,2024-2025,STAPS,18,H,Professionnel,B,,Non,5.0 km,,"70,6",38,41.8,56,6,13,11,5,6.11,5,1,1,3,1,B,gris,mercredi,452388,04/09/2024,3.82,1,
ETU-01251,2024-2025, Informatique ,22,H,général ,Passable,lycee_public,Non,0.9,21.0,"51,7",5,5.6,10,4,12,7,0,8.1,7,3,1,,2,B,gris,jeudi,869408,12 Sep 2024,2.11,1,
ETU-04570,2024-2025,Biologie,21,femme,GEN,P,lycee_public,Non,0.1 km,22.0,80.0,19,25.0,54,4,13,10,2,8.77,6,2,,2,1,B,jaune,jeudi,425656,12 Sep 2024,12.82,0,
ETU-02067,2024-2025, STAPS ,22,Femme,Technologique,P,lycee_public,non,24.6,16.0,87.4,39,66.1,74,3,13,13,5,6.37,5,2,3,3,4,E,bleu,lundi,987960,2024-09-16,12.66,0,En difficulté sur les évaluations.
ETU-01304,2024-2025,Lettres,21,Femme,GEN,Assez Bien,lycee_prive,non,15.4 km,4.0,72.4%,52,94.0,113,3,12,12,0,10.39,7,6,4,3,3,E,gris,vendredi,598784,06 Sep 2024,16.14,0,
ETU-01470,2024-2025,Gestion,19,H,GEN,Passable,lycee_public,O,28.2,,72.7%,22,47.4,29,3,12,8,1,9.77,5,1,2,2,1,A,vert,jeudi,433833,2024-09-12,12.45,0,
ETU-04991,2024-2025,informatique,19,Homme,Generale,passable,autre,non,1.6,27.0,"59,8",13,14.8,42,3,11,8,0,"12,54",6,4,2,3,,H,vert,mercredi,709223,11 Sep 2024,6.34,1,
ETU-02933,2024-2025,Mathematiques,22,f,techno,passable,lycee_public,0,42.5,0.0,99.6,71,102.2,135,0,13,13,9,13.5,6,6,5,5,3,G,bleu,lundi,120637,2024-09-02,19.34,0,
ETU-02494,2024-2025,Lettres,18,H,general,,lycee_public,N,4.6 km,4.0,87.0,23,36.9,52,7,13,11,3,8.25,7,4,4,4,2,A,rouge,lundi,417990,23/09/2024,13.58,0,
ETU-04953,2024-2025,BIOLOGIE,19,F,TECHNO,AB,lycee_public,non,15.7,0.0,"62,1",45,79.4,102,3,11,10,0,13.39,7,6,3,4,3,F,vert,mardi,241510,2024-09-24,18.31,0,
ETU-00031,2024-2025, Psychologie ,24,M,PRO,Passable,lycee_public,Oui,7.1,0.0,69.5,28,50.7,38,4,11,7,2,6.67,6,2,2,2,2,E,gris,mercredi,778703,11/09/2024,2.33,1,Résultats fragiles aux partiels.
ETU-01713,2024-2025,DROIT,21,Homme,general,Assez Bien,lycee_public,N,7.4,0.0,91.5,35,60.6,88,3,12,9,6,"13,48",5,5,5,,4,E,bleu,mercredi,962137,04 Sep 2024,18.73,0,
ETU-01672,2024-2025,Biologie,20,M,general,Passable,lycee_prive,Non,17.4,19.0,77.6,22,30.7,34,5,8,7,2,10.98,6,5,3,3,3,H,bleu,mardi,271129,17 Sep 2024,13.91,0,RAS.
ETU-03055,2024-2025,GESTION,18,F,Général,Passable,lycee_public,1,0.6,0.0,80.8,,30.4,42,2,9,6,0,,5,4,4,3,1,F,rouge,mercredi,715788,18/09/2024,14.95,0,
ETU-04173,2024-2025,Psychologie,20,F,TECHNO,ab,lycee_public,0,4.8,,"87,4",39,53.7,80,7,11,11,8,9.52,7,4,3,4,4,D,bleu,jeudi,878092,2024-09-12,14.36,0,
ETU-04335,2024-2025,STAPS,21,femme,général ,Très Bien,lycee_public,Non,3.2,23.0,95.2,61,107.4,165,0,8,7,7,18.15,7,7,5,5,5,F,vert,mardi,816874,2024-09-24,19.85,0,Étudiant assidu et investi.
ETU-02304,2024-2025,lettres,19,F,techno,Assez Bien,lycee_public,O,"43,6",18.0,76.3%,20,19.3,30,7,11,7,0,"10,04",6,3,1,2,2,D,gris,mardi,587693,2024-09-17,4.6,1,
ETU-00620,2024-2025,STAPS,23,Femme,GEN,AB,lycee_public,non,1.4,13.0,91.5,35,44.3,98,6,13,10,4,"8,11",6,3,2,4,3,B,gris,jeudi,572830,26/09/2024,15.48,0,
ETU-02697,2024-2025,Gestion,21,F,TECHNO,Passable,autre,non,3.9,0.0,59.7,18,15.6,43,4,10,8,0,3.34,6,2,2,,2,E,jaune,jeudi,667392,2024-09-05,2.47,1,En difficulté sur les évaluations.
ETU-04417,2024-2025,Informatique,22,f,Professionnel,Passable,autre,0,5.4 km,8.0,51.0,19,40.5,37,5,10,5,3,4.78,5,2,4,3,3,D,rouge,vendredi,601900,27 Sep 2024,1.03,1,
ETU-00589,2024-2025,gestion,20,F,general,tres bien,lycee_prive,N,"8,5",17.0,87.1,27,47.8,77,4,8,7,1,"13,78",7,7,3,3,3,F,gris,vendredi,104484,2024-09-20,17.32,0,
ETU-02837,2024-2025,staps,21,M,Generale,B,lycee_public,N,33.5,11.0,70.7%,10,13.5,19,5,10,8,1,13.2,7,5,3,2,1,D,rouge,jeudi,573547,2024-09-19,15.93,0,
ETU-05056,2024-2025,STAPS,19,Homme,general,ab,lycee_public,O,2.3,9.0,80.4,29,58.9,73,3,8,6,1,8.2,6,4,,3,4,H,jaune,jeudi,310376,26/09/2024,14.99,0,
ETU-05068,2024-2025,Biologie,22,Homme,GEN,B,lycee_public,non,9.7,0.0,79.4,27,46.3,54,3,9,6,5,"11,24",5,3,5,4,3,H,vert,mardi,486566,24/09/2024,14.81,0,
ETU-00241,2024-2025,Gestion,19,f,Général,B,lycee_public,non,10.9,15.0,74.3,43,38.7,114,4,13,11,6,"13,27",6,3,5,4,4,E,vert,mardi,444143,03/09/2024,16.91,0,
ETU-02664,2024-2025, Biologie ,18,H,Général,Bien,lycee_public,Non,1.1,8.0,90.1%,18,37.3,44,3,13,9,2,"13,02",6,4,4,3,3,B,rouge,mardi,417955,2024-09-17,15.98,0,"Bon semestre, résultats solides."
ETU-02813,2024-2025,PSYCHOLOGIE,19,Femme,techno,Bien,lycee_prive,0,14.3,25.0,86.8,15,23.7,34,6,9,6,0,7.65,6,3,1,3,2,H,gris,vendredi,237933,2024-09-20,2.75,1,
ETU-04551,2024-2025,Gestion,22,Femme,TECHNO,Passable,lycee_public,N,4.5,0.0,75.0,28,38.3,73,3,8,7,3,12.39,6,4,3,4,5,C,bleu,vendredi,174050,2024-09-27,17.9,0,Suivi sans particularité.
ETU-04900,2024-2025,Informatique,18,Homme,general,,,non,11.2,13.0,99.9,67,61.3,124,0,9,9,6,,6,6,5,5,,D,jaune,jeudi,164413,2024-09-05,18.83,0,"Très bon investissement, en réussite."
ETU-03442,2024-2025,Mathematiques,20,h,general,B,cfa,N,13.2,10.0,77.5%,3,9.3,11,3,8,7,2,,7,5,4,2,3,E,rouge,mardi,847800,2024-09-10,13.14,0,Peu actif sur la plateforme.
ETU-00311,2024-2025, Droit ,22,M,Generale,B,lycee_prive,N,36.9,5.0,"73,4",31,17.7,67,6,13,9,0,"10,29",7,4,1,2,1,C,gris,mercredi,928516,11 Sep 2024,13.3,0,"Motivation en berne, à accompagner."
ETU-03452,2024-2025,staps,21,F,Generale,ab,lycee_prive,non,6.1,18.0,60.0,4,11.0,1,6,13,10,0,12.92,7,5,2,2,2,B,rouge,mercredi,458395,2024-09-25,6.48,1,
ETU-00152,2024-2025, Psychologie ,17,f,general,Bien,lycee_public,N,14.6,19.0,"92,1",31,69.3,80,2,13,12,6,19.7,6,6,5,5,5,F,gris,lundi,331221,09/09/2024,19.67,0,Étudiant assidu et investi.
ETU-03167,2024-2025,lettres,17,Homme,Technologique,ab,lycee_public,oui,4.8,0.0,57.7,11,15.4,27,2,10,6,1,8.57,5,3,4,2,3,G,vert,lundi,934339,2024-09-23,5.07,1,Peu actif sur la plateforme.
ETU-03489,2024-2025,INFORMATIQUE,20,M, pro,AB,lycee_public,O,61.0,24.0,71.4%,21,43.6,44,4,8,6,1,"8,81",5,4,,3,,B,bleu,mercredi,345325,18 Sep 2024,3.74,1,"Motivation en berne, à accompagner."
ETU-04320,2024-2025,Biologie,26,H,general,Passable,lycee_public,0,48.9,0.0,91.5,30,58.2,64,3,13,10,5,16.89,5,4,2,5,3,H,bleu,mercredi,409999,11 Sep 2024,18.46,0,"Motivation en berne, à accompagner."
ETU-00154,2024-2025, Informatique ,18,Homme,GEN,ab,lycee_public,Oui,6.9,0.0,91.5%,35,58.4,70,5,13,12,10,13.92,5,5,5,4,3,B,jaune,mardi,990441,10/09/2024,18.1,0,
ETU-04090,2024-2025,Droit,21,M,TECHNO,,lycee_prive,0,"5,4",15.0,"85,8",10,15.9,34,4,8,7,6,"11,96",6,6,4,5,2,A,rouge,mardi,750799,10/09/2024,14.4,0,
ETU-00869,2024-2025,Mathematiques,18,F,GEN,passable,lycee_public,Oui,12.0,0.0,98.8,40,77.1,89,2,11,11,8,"12,14",6,6,3,4,5,E,vert,jeudi,250769,12 Sep 2024,16.59,0,"Bon semestre, résultats solides."
ETU-04504,2024-2025,informatique,21,f,TECHNO,Passable,lycee_public,0,12.7,0.0,66.2,35,25.2,76,3,8,5,0,7.82,6,4,,4,1,D,bleu,vendredi,339700,2024-09-13,5.56,1,En difficulté sur les évaluations.
ETU-00592,2024-2025,informatique,20,h,général ,AB,lycee_prive,Oui,22.1,0.0,66.0%,17,28.8,38,4,13,11,4,8.26,5,3,3,3,2,E,jaune,mardi,313402,17 Sep 2024,11.98,0,RAS.
ETU-05158,2024-2025,Informatique,21,Homme,Général,Bien,lycee_public,0,1.0,10.0,"86,9",44,65.6,106,2,13,13,8,13.81,6,5,2,4,4,A,vert,lundi,197525,2024-09-16,19.32,0,Semble peu engagé dans la formation.
ETU-02606,2024-2025,droit,18,Femme,techno,P,,1,2.4,0.0,"72,6",8,10.3,21,6,13,8,0,5.76,6,1,2,4,4,H,bleu,vendredi,853277,20/09/2024,3.45,1,En difficulté sur les évaluations.
ETU-03997,2024-2025,droit,22,femme,général ,B,,non,1.8,28.0,80.5%,22,41.2,70,3,10,6,1,9.5,5,2,2,3,1,H,gris,jeudi,851658,2024-09-05,12.31,0,"Motivation en berne, à accompagner."
ETU-02453,2024-2025,PSYCHOLOGIE,21,M,général ,Assez Bien,lycee_public,0,32.8,11.0,87.9,32,63.9,71,1,11,8,2,9.8,5,4,3,5,1,E,bleu,lundi,584126,2024-09-16,13.42,0,
ETU-02906,2024-2025,informatique,20,F,pro,Passable,lycee_public,0,12.5,13.0,86.9,42,58.5,111,1,12,11,9,10.62,5,2,2,4,3,F,bleu,mercredi,942857,11/09/2024,15.24,0,
ETU-05177,2024-2025,INFORMATIQUE,24,F,Professionnel,AB,lycee_prive,1,"27,4",9.0,70.9,,34.4,56,5,12,12,2,11.74,5,5,4,3,3,C,jaune,lundi,112185,09 Sep 2024,16.23,0,
ETU-02396,2024-2025,Psychologie,17,femme,général ,Assez Bien,lycee_public,0,"1,7",0.0,84.7%,34,50.1,78,2,11,11,6,,6,5,5,4,3,C,rouge,jeudi,975230,12 Sep 2024,16.73,0,
ETU-03365,2024-2025,biologie,21,M,Général,Assez Bien,lycee_prive,Non,37.9,8.0,69.4,29,29.4,66,6,10,10,3,11.18,5,3,2,5,3,D,gris,lundi,111701,02/09/2024,6.47,1,Semble peu engagé dans la formation.
ETU-02407,2024-2025, Psychologie ,20,F,Général,passable,lycee_public,O,"4,1",12.0,77.9,37,80.7,77,4,13,9,0,"11,02",5,4,3,3,4,G,bleu,lundi,992717,2024-09-16,14.7,0,Profil dans la moyenne.
ETU-00462,2024-2025,Gestion,18,H,GEN,AB,lycee_prive,Oui,20.9,20.0,56.7,14,23.5,21,6,10,9,0,15.26,5,3,4,5,,G,rouge,mercredi,412126,25/09/2024,7.87,1,
ETU-03904,2024-2025,Psychologie,19,h,general,Passable,lycee_public,0,"29,8",11.0,68.3,3,2.7,1,4,9,5,1,11.22,6,5,1,2,3,B,jaune,mercredi,357277,11/09/2024,5.6,1,
ETU-00564,2024-2025,Informatique,18,h,Technologique,,cfa,N,9.0,0.0,"99,2",55,36.6,125,1,11,10,6,"12,85",7,4,5,4,3,B,gris,lundi,705372,09 Sep 2024,18.58,0,
ETU-00577,2024-2025,STAPS,23,f,general,Assez Bien,lycee_prive,non,"10,2",10.0,91.8,31,56.1,92,1,11,11,6,14.76,5,5,5,4,4,D,vert,lundi,598398,02/09/2024,17.78,0,
ETU-02505,2024-2025,Lettres,22,femme,general,Assez Bien,lycee_prive,non,"3,5",0.0,83.4,18,29.0,36,6,10,8,2,8.95,6,3,3,2,4,B,jaune,mardi,261314,2024-09-17,11.93,0,
ETU-02140,2024-2025,Biologie,22,H,Général,Bien,lycee_prive,N,,0.0,66.1,3,8.0,4,5,12,8,0,5.16,7,3,,3,3,D,jaune,lundi,631178,16/09/2024,3.55,1,
ETU-02320,2024-2025,Lettres,19,h,Generale,B,,non,,0.0,62.8%,12,25.2,18,4,9,4,0,8.63,6,5,2,3,1,G,jaune,vendredi,761501,06 Sep 2024,3.83,1,Semble peu engagé dans la formation.
ETU-02717,2024-2025, Mathematiques ,20,f,Generale,Passable,lycee_public,oui,7.1,14.0,"93,6",33,42.1,58,3,8,6,2,"11,59",6,3,2,1,2,C,rouge,lundi,622237,16/09/2024,16.08,0,"Motivation en berne, à accompagner."
ETU-01794,2024-2025,LETTRES,19,femme,GEN,P,lycee_public,N,13.8,0.0,79.3,25,33.4,62,5,12,11,0,"20,0",7,7,4,3,1,H,bleu,lundi,472168,09/09/2024,18.7,0,Travail sérieux et régulier.
ETU-00472,2024-2025,DROIT,19,femme,general,ab,lycee_public,non,15.1,26.0,89.7,22,54.2,43,5,10,10,2,14.48,5,4,5,3,3,C,gris,vendredi,426099,2024-09-06,16.78,0,Travail sérieux et régulier.
ETU-00629,2024-2025,Psychologie,17,F,Technologique,B,lycee_public,Non,,13.0,81.1,10,24.0,34,6,9,6,4,"12,18",6,4,2,4,4,G,bleu,jeudi,737775,26 Sep 2024,14.64,0,Engagement en ligne très faible.
ETU-01483,2024-2025,Lettres,20,M,PRO,P,lycee_public,oui,"17,7",5.0,99.2,30,63.7,90,1,8,6,3,"12,69",5,3,5,,3,D,vert,lundi,909597,09 Sep 2024,17.77,0,"Bon semestre, résultats solides."
ETU-04642,2024-2025,Psychologie,18,f,GEN,P,lycee_public,0,2.7,11.0,88.8%,42,80.4,108,3,9,9,5,"10,32",7,2,3,4,3,E,gris,jeudi,660236,19 Sep 2024,15.16,0,
ETU-00310,2024-2025,Mathematiques,23,Femme,general,passable,lycee_prive,0,6.0,20.0,78.9,25,52.4,55,3,10,7,3,10.87,6,5,3,1,3,G,bleu,jeudi,413971,05/09/2024,13.54,0,
ETU-00073,2024-2025, Mathematiques ,18,f,GEN,Assez Bien,lycee_public,1,5.2 km,8.0,58.9%,31,43.8,72,5,13,10,0,11.15,6,5,3,3,3,G,bleu,vendredi,243964,2024-09-13,6.68,1,
ETU-00003,2024-2025,Informatique,21,Homme,TECHNO,ab,lycee_public,N,"1,6",14.0,"82,0",53,111.4,103,4,9,8,10,"14,13",6,4,4,2,5,G,bleu,mardi,623738,17 Sep 2024,18.21,0,Engagement en ligne remarquable.
ETU-00199,2024-2025, Mathematiques ,19,H,GEN,ab,lycee_public,0,11.1,,69.3,32,38.4,61,5,8,6,2,13.16,5,5,,2,4,B,bleu,vendredi,400302,06 Sep 2024,15.54,0,Profil dans la moyenne.
ETU-00706,2024-2025,Informatique,19,femme,Generale,Bien,lycee_public,non,1.9,15.0,72.2%,45,65.0,130,8,11,8,6,"9,17",6,4,3,3,3,H,rouge,vendredi,877593,2024-09-27,13.67,0,"Rendus souvent en retard, à relancer."
ETU-04538,2024-2025,Mathematiques,20,Femme,Général,Passable,lycee_public,Non,8.6,14.0,90.2,61,84.6,134,1,9,9,6,15.76,5,5,5,3,3,H,bleu,vendredi,601406,06 Sep 2024,19.12,0,Étudiant assidu et investi.
ETU-04081,2024-2025,Droit,22,Homme,techno,Assez Bien,lycee_public,Non,"0,5",0.0,85.4,32,39.2,74,10,11,11,5,12.78,6,5,,3,,C,jaune,mardi,184921,2024-09-10,15.96,0,
ETU-03627,2024-2025,Mathematiques,20,Femme,général ,passable,lycee_public,non,79.5,6.0,"97,1",,87.6,125,2,11,11,5,"14,55",5,5,4,4,4,D,rouge,mardi,633222,17 Sep 2024,19.37,0,Étudiant assidu et investi.
ETU-04770,2024-2025,LETTRES,23,H, pro,P,,N,11.4,26.0,64.1,11,10.1,17,4,11,9,2,"7,54",6,1,2,3,3,E,rouge,jeudi,934630,19 Sep 2024,5.87,1,
ETU-01442,2024-2025, STAPS ,20,Homme,TECHNO,passable,lycee_public,0,50.0,14.0,97.0%,42,60.2,81,1,10,9,8,12.77,7,2,5,5,3,A,rouge,lundi,220436,2024-09-09,17.14,0,Engagement en ligne remarquable.
ETU-04000,2024-2025,mathematiques,18,F, pro,passable,cfa,oui,19.1,8.0,99.9%,40,59.5,87,4,13,12,2,5.51,6,3,2,4,2,B,rouge,lundi,177573,09/09/2024,12.92,0,Résultats fragiles aux partiels.
ETU-01096,2024-2025,Biologie,22,f,TECHNO,passable,lycee_public,0,9.0,14.0,60.4,3,1.5,1,7,11,7,0,8.03,6,4,1,2,1,D,vert,vendredi,549781,06 Sep 2024,2.81,1,Engagement en ligne très faible.
ETU-04281,2024-2025,Droit,23,H,Technologique,Assez Bien,lycee_prive,0,3.0,20.0,"75,4",27,28.3,38,3,11,8,5,,6,3,3,3,5,A,jaune,mardi,873851,24/09/2024,12.89,0,RAS.
ETU-01643,2024-2025,Mathematiques,17,F,pro,,lycee_prive,0,"13,4",0.0,78.8,,33.3,27,2,13,10,3,7.39,6,4,3,2,,D,vert,vendredi,768000,2024-09-20,11.72,0,Résultats fragiles aux partiels.
ETU-04741,2024-2025,Biologie,19,M,Generale,ab,cfa,non,2.0,3.0,64.5,26,21.9,80,3,13,12,1,16.18,6,6,3,3,1,D,bleu,mercredi,830588,25 Sep 2024,17.33,0,
ETU-00897,2024-2025, Gestion ,18,f,Général,ab,lycee_prive,N,17.3 km,0.0,55.7%,18,46.0,51,5,13,7,2,"11,0",6,3,2,3,4,H,gris,mardi,956755,17/09/2024,6.92,1,
ETU-02973,2024-2025, Mathematiques ,19,femme,général ,AB,lycee_prive,oui,7.8,,"55,2",3,3.3,12,6,13,6,0,"5,63",7,1,1,1,1,B,vert,mardi,556274,24 Sep 2024,1.53,1,En difficulté sur les évaluations.
ETU-00363,2024-2025,biologie,22,F,TECHNO,Passable,cfa,non,4.8 km,12.0,60.9,11,9.2,17,5,8,5,0,3.62,5,2,1,3,,A,jaune,lundi,727166,23 Sep 2024,1.43,1,Résultats fragiles aux partiels.
ETU-01075,2024-2025,Gestion,17,H,général ,ab,lycee_prive,Non,32.9 km,5.0,93.8,20,19.8,40,6,11,10,6,"9,91",5,4,4,5,3,B,jaune,vendredi,835029,2024-09-20,14.13,0,RAS.
ETU-01222,2024-2025, Biologie ,22,F,Général,Bien,lycee_public,oui,,23.0,97.1,35,54.9,100,1,12,12,5,16.26,7,7,5,,3,C,bleu,jeudi,446836,2024-09-12,19.57,0,
ETU-02427,2024-2025,Biologie,24,f,GEN,passable,lycee_public,N,21.8,8.0,81.0,35,36.6,89,4,10,9,2,14.21,6,3,3,3,3,D,vert,mercredi,526232,2024-09-11,16.65,0,Travail sérieux et régulier.
ETU-02370,2024-2025,STAPS,21,f,Technologique,AB,lycee_prive,Non,,0.0,"85,3",33,49.0,95,4,8,7,4,9.77,7,4,5,1,3,C,rouge,jeudi,819442,05/09/2024,14.11,0,RAS.
ETU-03533,2024-2025, STAPS ,23,H,Général,Assez Bien,lycee_public,O,"12,8",12.0,"99,8",31,37.9,98,2,13,13,6,"14,66",6,5,4,5,5,D,jaune,jeudi,634532,2024-09-05,17.56,0,Étudiant assidu et investi.
ETU-04330,2024-2025,Psychologie,20,H,techno,Bien,lycee_public,non,2.9,13.0,"66,0",,29.9,38,5,10,5,2,"7,74",6,1,1,3,1,B,rouge,mercredi,500216,11 Sep 2024,2.88,1,Résultats fragiles aux partiels.
ETU-01903,2024-2025,DROIT,21,femme,pro,B,lycee_public,0,,11.0,55.8,12,22.4,30,6,9,6,0,7.89,5,4,1,2,1,D,jaune,lundi,510338,16 Sep 2024,2.69,1,En difficulté sur les évaluations.
ETU-00355,2024-2025, Psychologie ,22,femme,TECHNO,P,lycee_public,Oui,14.7,0.0,62.6,3,7.3,11,6,11,7,1,"7,17",5,1,1,4,2,C,rouge,vendredi,727821,13 Sep 2024,10.82,0,En difficulté sur les évaluations.
ETU-04776,2024-2025,GESTION,21,M,Général,tres bien,lycee_public,1,15.9,12.0,84.4,31,49.2,56,0,12,12,2,9.62,6,2,5,2,4,C,vert,jeudi,345434,2024-09-12,14.97,0,Suivi sans particularité.
ETU-04261,2024-2025,biologie,20,Homme,général ,Assez Bien,lycee_public,1,41.7 km,0.0,83.7%,33,52.9,46,4,12,12,3,"11,9",5,3,5,3,4,D,gris,mardi,977514,10 Sep 2024,16.79,0,Suivi sans particularité.
ETU-03428,2024-2025,mathematiques,21,Homme,PRO,P,lycee_public,Non,"29,8",,"82,0",37,37.4,63,1,9,8,4,10.45,6,3,1,5,5,B,gris,lundi,116862,16 Sep 2024,16.0,0,"Motivation en berne, à accompagner."
ETU-04221,2024-2025,Droit,23,femme,techno,AB,lycee_prive,0,4.5 km,7.0,"70,2",22,47.7,52,7,9,7,0,"9,17",5,4,1,,,C,rouge,mercredi,982004,04 Sep 2024,4.87,1,
ETU-02537,2024-2025,Lettres,18,femme,Professionnel,B,lycee_public,1,12.6,15.0,82.3%,23,16.3,47,2,9,8,10,17.73,6,6,4,,2,B,rouge,lundi,347141,23 Sep 2024,18.79,0,"Bon semestre, résultats solides."
ETU-04296,2024-2025,DROIT,21,femme,général ,Bien,lycee_prive,Non,2.5,11.0,70.8,44,84.6,44,4,13,11,1,"17,08",6,6,3,3,3,D,jaune,mardi,306305,03 Sep 2024,18.18,0,
ETU-02490,2024-2025, Biologie ,19,H,général ,Bien,lycee_public,O,"19,1",18.0,81.1,41,40.8,78,1,9,9,4,11.55,7,5,4,,2,C,jaune,mercredi,184559,04 Sep 2024,17.31,0,Très actif sur la plateforme.
ETU-03032,2024-2025,Lettres,21,h,général ,AB,lycee_public,non,5.1,0.0,64.9,28,34.9,60,8,10,8,3,14.76,6,3,3,2,2,C,gris,jeudi,421774,26 Sep 2024,15.33,0,
ETU-01280,2024-2025,lettres,19,H,TECHNO,Assez Bien,lycee_public,N,3.3 km,13.0,99.1,66,101.1,159,0,8,8,7,15.17,6,6,5,5,4,G,jaune,lundi,403948,2024-09-16,19.63,0,
ETU-04519,2024-2025, Informatique ,19,H,general,AB,lycee_public,N,22.7,18.0,"87,8",23,33.8,43,6,9,9,4,"10,16",5,4,3,2,4,H,rouge,mardi,413952,2024-09-17,14.09,0,
ETU-04177,2024-2025,PSYCHOLOGIE,20,h,TECHNO,P,lycee_public,Non,13.9,0.0,80.2,33,25.9,71,3,8,7,2,10.48,7,2,3,,,G,gris,jeudi,869541,12 Sep 2024,14.36,0,RAS.
ETU-02718,2024-2025,lettres,20,H, pro,Passable,lycee_prive,Oui,10.1,0.0,55.7,45,49.8,84,6,12,8,4,9.88,5,3,,3,3,D,jaune,mardi,181882,2024-09-17,5.07,1,Suivi sans particularité.
ETU-03467,2024-2025,Psychologie,23,M,Général,ab,lycee_prive,N,10.3,18.0,70.3,29,60.7,78,3,9,7,3,13.55,7,6,3,2,3,G,rouge,mardi,433977,24/09/2024,17.4,0,Profil dans la moyenne.
ETU-03608,2024-2025, Psychologie ,23,Femme,techno,B,autre,0,3.7 km,8.0,73.9%,20,23.6,37,6,11,7,0,"9,63",6,5,1,3,3,E,vert,mercredi,139180,11/09/2024,4.42,1,"Motivation en berne, à accompagner."
ETU-01608,2024-2025,Gestion,20,H,Generale,Passable,lycee_prive,1,"11,6",26.0,92.0,43,64.2,74,2,10,9,6,14.82,7,5,5,5,4,C,gris,lundi,261496,09 Sep 2024,18.43,0,"Très bon investissement, en réussite."
ETU-03770,2024-2025,droit,21,F,GEN,Très Bien,lycee_public,oui,24.1,0.0,68.8,25,45.5,48,1,11,8,1,11.92,6,6,1,3,2,B,bleu,jeudi,311727,19 Sep 2024,14.07,0,Semble peu engagé dans la formation.
ETU-01080,2024-2025, Psychologie ,23,f,général ,P,lycee_public,1,3.0,0.0,72.3,20,22.6,35,3,11,11,4,"9,51",7,4,3,4,,H,gris,vendredi,342926,2024-09-20,12.18,0,
ETU-04787,2024-2025,Gestion,17,F,Technologique,P,lycee_prive,Non,,13.0,79.9,24,37.6,52,4,12,11,1,7.14,6,2,2,5,3,D,bleu,vendredi,316341,2024-09-20,12.55,0,En difficulté sur les évaluations.
ETU-01973,2024-2025,psychologie,20,femme,GEN,B,lycee_public,N,"19,2",13.0,59.5,12,16.4,24,8,13,9,0,12.4,6,4,3,1,2,A,vert,lundi,621390,23 Sep 2024,7.01,1,"Rendus souvent en retard, à relancer."
ETU-04996,2024-2025,Gestion,22,H,GEN,P,lycee_public,non,1.3 km,9.0,94.4%,32,33.4,52,3,9,8,2,"15,21",5,5,4,4,4,E,jaune,jeudi,297022,19/09/2024,18.49,0,
ETU-04458,2024-2025,Biologie,19,H,Professionnel,Bien,lycee_prive,Non,23.6,28.0,57.6,7,18.2,18,6,8,6,5,"9,39",5,3,2,2,,A,rouge,jeudi,467159,2024-09-19,4.98,1,
ETU-01678,2024-2025,psychologie,20,Homme,TECHNO,Assez Bien,lycee_prive,non,15.0,21.0,"82,5",55,70.7,125,1,10,9,9,13.55,5,4,4,,4,H,gris,mardi,560851,2024-09-17,18.73,0,Engagement en ligne remarquable.
ETU-02781,2024-2025,Gestion,23,Femme,Général,Assez Bien,lycee_public,oui,14.4,18.0,76.0,28,55.0,69,2,11,8,0,8.93,5,4,2,4,3,A,gris,mardi,167602,03 Sep 2024,13.57,0,"Motivation en berne, à accompagner."
ETU-03093,2024-2025,PSYCHOLOGIE,22,M,pro,Passable,lycee_public,0,26.5,0.0,77.7%,18,35.8,30,7,12,10,2,5.95,6,3,1,4,3,D,vert,mardi,621419,17 Sep 2024,11.22,0,
ETU-03297,2024-2025,Mathematiques,21,h,Professionnel,AB,autre,Oui,"7,3",0.0,87.1,28,11.1,52,2,8,6,9,12.18,6,6,4,5,3,F,vert,lundi,694268,23 Sep 2024,16.89,0,"Bon semestre, résultats solides."
ETU-04733,2024-2025,gestion,25,femme,general,B,lycee_public,0,41.1,13.0,"78,8",24,34.8,53,2,10,8,4,12.85,7,5,2,5,2,E,bleu,mardi,898317,17/09/2024,15.94,0,
ETU-02306,2024-2025,Mathematiques,18,F,general,Passable,lycee_public,0,9.9,8.0,69.0,19,32.2,28,3,13,11,5,14.69,5,4,3,2,4,E,bleu,lundi,272325,23/09/2024,16.56,0,
ETU-01471,2024-2025,Lettres,20,M,techno,Bien,lycee_public,0,8.9,13.0,88.5,31,55.7,81,1,13,10,6,10.74,5,3,5,5,5,D,rouge,mercredi,915358,25 Sep 2024,16.58,0,
ETU-03127,2024-2025,Mathematiques,19,Femme,Generale,ab,lycee_public,1,3.8,12.0,68.2,27,51.7,75,6,11,10,1,,6,6,1,4,5,C,jaune,jeudi,456835,26/09/2024,18.53,0,"Motivation en berne, à accompagner."
ETU-01599,2024-2025,Gestion,23,Femme,Professionnel,passable,lycee_public,N,,5.0,71.2,12,27.9,23,4,9,4,0,8.63,5,4,3,4,4,E,rouge,jeudi,281367,05/09/2024,11.82,0,Suivi sans particularité.
ETU-01052,2024-2025,Biologie,19,f,Général,ab,lycee_public,non,30.4,0.0,70.0,14,19.6,35,4,10,7,1,"4,28",7,1,1,2,,A,rouge,mardi,296350,2024-09-17,4.18,1,
ETU-04691,2024-2025,STAPS,22,Femme,général ,Assez Bien,lycee_prive,oui,5.3 km,,65.3,36,61.1,102,4,11,9,2,10.27,5,5,3,3,1,E,bleu,mardi,935901,10/09/2024,13.9,0,RAS.
ETU-04827,2024-2025,mathematiques,18,M,Generale,AB,lycee_prive,non,3.6,7.0,58.0%,19,21.6,29,1,13,10,6,10.78,6,5,2,3,2,E,jaune,mercredi,613429,2024-09-18,14.87,0,"Motivation en berne, à accompagner."
ETU-04284,2024-2025,STAPS,18,NR,GEN,Bien,lycee_public,Oui,6.3,0.0,88.0,32,53.5,87,4,12,10,2,9.28,5,4,4,2,4,D,gris,lundi,955350,2024-09-02,14.35,0,
ETU-04977,2024-2025,Droit,20,Homme,Professionnel,TB,lycee_public,non,33.1,0.0,81.0,22,23.4,56,1,10,7,2,"11,81",7,3,2,3,2,C,jaune,mardi,597019,24/09/2024,16.37,0,
ETU-00189,2024-2025,Gestion,18,Femme,général ,Assez Bien,lycee_public,oui,"6,9",23.0,65.4,42,81.0,63,3,9,8,1,13.3,6,5,4,,5,E,rouge,mercredi,356879,18 Sep 2024,17.3,0,Suivi sans particularité.
ETU-04280,2024-2025, Mathematiques ,17,femme,GEN,,lycee_public,O,48.8,9.0,"72,1",33,43.3,97,5,11,11,0,9.11,6,3,3,3,2,A,bleu,mardi,451570,24/09/2024,13.3,0,
ETU-00970,2024-2025,Informatique,20,Femme,techno,B,lycee_public,Oui,28.5,12.0,74.5,29,64.8,49,1,10,8,1,"12,13",6,1,,3,4,A,jaune,mercredi,298899,18/09/2024,9.18,1,
ETU-04940,2024-2025,biologie,20,F,Technologique,Très Bien,lycee_public,N,12.5,16.0,59.1,3,3.2,8,4,10,4,0,11.58,6,2,2,3,1,D,gris,lundi,764951,16 Sep 2024,3.83,1,
ETU-00130,2024-2025,Biologie,17,h,GEN,TB,lycee_public,0,10.7,0.0,86.3,18,22.7,30,3,13,11,1,11.01,7,7,4,3,1,G,gris,mardi,282085,17 Sep 2024,15.75,0,RAS.
ETU-02374,2024-2025, Droit ,23,F,techno,B,lycee_public,0,44.2,,62.8,14,19.5,47,3,11,7,4,"11,83",6,5,5,2,3,H,gris,lundi,132634,16 Sep 2024,8.38,1,RAS.
ETU-01966,2024-2025, STAPS ,21,femme,Général,Passable,autre,0,0.7,0.0,72.2,15,32.0,29,5,9,6,3,8.91,5,3,4,4,2,D,gris,mardi,961188,2024-09-17,4.35,1,Suivi sans particularité.
ETU-03562,2024-2025,Droit,20,femme,général ,AB,lycee_prive,oui,,12.0,75.4,10,10.8,16,2,13,9,0,"15,37",5,2,3,2,1,G,rouge,mercredi,660864,2024-09-04,9.14,1,
ETU-01680,2024-2025, Droit ,19,M,Général,P,lycee_public,non,26.3 km,0.0,61.4,16,30.8,25,6,10,7,0,"13,04",5,5,4,2,4,B,bleu,mardi,125072,2024-09-17,15.75,0,
ETU-02457,2024-2025,Gestion,22,femme,general,Passable,lycee_public,O,23.3,0.0,77.5,12,11.8,17,4,9,7,3,"9,8",5,4,3,3,2,B,vert,mardi,975544,17/09/2024,15.16,0,
ETU-03972,2024-2025,Gestion,20,F,Professionnel,ab,lycee_public,Non,"2,7",9.0,"85,9",19,27.0,40,3,13,9,5,"3,73",6,1,1,2,3,A,rouge,lundi,280290,16/09/2024,3.33,1,En difficulté sur les évaluations.
ETU-04030,2024-2025,Informatique,20,M,général ,AB,cfa,0,16.3,20.0,46.1,0,0.0,0,7,13,8,0,9.51,7,3,1,4,3,B,vert,vendredi,619261,13/09/2024,2.22,1,
ETU-03451,2024-2025,Droit,17,f,TECHNO,Passable,lycee_prive,non,"10,9",7.0,82.5,,85.0,114,4,8,7,6,10.76,6,4,2,,3,A,rouge,mardi,143458,10 Sep 2024,15.0,0,
ETU-00288,2024-2025, Mathematiques ,20,F,general,Assez Bien,autre,non,,,58.6,26,29.6,74,3,12,7,2,"14,62",7,7,3,4,4,D,bleu,mardi,371576,2024-09-17,17.85,0,Suivi sans particularité.
ETU-02455,2024-2025,DROIT,19,h,techno,B,lycee_public,1,1.7,0.0,74.2,28,44.6,55,4,9,8,6,"10,79",7,7,3,3,4,E,bleu,mercredi,490010,18 Sep 2024,16.13,0,
ETU-02762,2024-2025,Psychologie,19,M,Professionnel,,lycee_public,oui,1.1,0.0,67.5%,,6.8,15,3,8,6,1,7.06,7,1,,1,4,H,bleu,mardi,592111,2024-09-03,3.23,1,Résultats fragiles aux partiels.
ETU-04769,2024-2025,Informatique,20,M,Général,Très Bien,cfa,1,86.4 km,23.0,76.9,15,24.6,41,9,13,9,1,"14,04",7,4,,3,,D,rouge,vendredi,162793,13 Sep 2024,7.84,1,"Rendus souvent en retard, à relancer."
ETU-03913,2024-2025,staps,18,Homme,techno,,lycee_public,Oui,"1,9",14.0,72.9,41,79.3,88,5,13,10,2,"8,57",6,5,4,4,4,B,jaune,vendredi,963469,20/09/2024,15.31,0,Profil dans la moyenne.
ETU-00212,2024-2025,Biologie,17,Femme,général ,B,lycee_public,non,2.8,0.0,"68,1",3,1.1,19,6,8,6,0,10.4,7,3,1,2,4,H,jaune,vendredi,102504,06/09/2024,6.27,1,
ETU-04492,2024-2025,STAPS,18,f,Generale,tres bien,lycee_public,0,3.7,0.0,"65,8",35,75.3,51,2,13,9,4,13.54,6,6,3,2,,C,vert,mercredi,726432,11/09/2024,16.74,0,
ETU-00006,2024-2025, Psychologie ,18,M,techno,Assez Bien,lycee_public,1,"1,4",6.0,"88,7",24,64.6,39,6,13,10,3,6.04,7,2,3,4,4,F,jaune,mercredi,848092,25 Sep 2024,11.28,0,Résultats fragiles aux partiels.
ETU-00521,2024-2025, Biologie ,17,M,TECHNO,passable,autre,Oui,51.8 km,18.0,"94,5",37,46.2,68,0,13,11,3,11.97,5,3,5,3,3,A,gris,vendredi,449682,2024-09-13,16.17,0,RAS.
ETU-01126,2024-2025,lettres,19,F,GEN,B,autre,oui,0.9,0.0,69.3,38,55.9,53,4,13,13,5,8.88,6,4,5,,3,D,jaune,mardi,318902,2024-09-03,14.88,0,
ETU-00578,2024-2025,Gestion,22,femme,TECHNO,AB,lycee_public,O,28.1,0.0,66.5,20,17.4,36,2,8,6,1,8.37,5,2,3,2,2,F,rouge,jeudi,180361,05/09/2024,4.28,1,
ETU-03104,2024-2025,informatique,22,M, pro,AB,lycee_prive,N,3.4,10.0,67.6,13,13.1,45,4,9,7,2,8.92,7,6,,2,3,E,rouge,vendredi,793767,2024-09-27,11.51,0,
ETU-03089,2024-2025,Gestion,20,f,techno,P,lycee_public,N,4.1 km,28.0,"72,3",28,41.1,59,5,13,11,0,14.52,5,4,4,3,4,A,gris,vendredi,213587,2024-09-13,17.08,0,Profil dans la moyenne.
ETU-00426,2024-2025,Informatique,19,f,general,P,lycee_prive,0,26.2,16.0,87.9%,40,32.5,83,2,9,7,1,12.13,6,5,4,2,3,B,gris,mardi,220219,17/09/2024,17.22,0,Travail sérieux et régulier.
ETU-00961,2024-2025,Droit,23,Homme,Generale,Bien,cfa,non,2.4,24.0,80.4,26,61.6,50,2,8,7,4,8.84,5,4,4,3,3,G,jaune,vendredi,635134,2024-09-06,15.95,0,RAS.
ETU-03414,2024-2025,Droit,19,h,Technologique,passable,lycee_public,oui,10.6,25.0,94.5,34,43.8,95,2,10,9,5,"10,41",6,4,3,4,3,D,rouge,vendredi,799491,27 Sep 2024,16.07,0,
ETU-03218,2024-2025,informatique,22,f,TECHNO,passable,cfa,Oui,"9,6",0.0,"70,1",33,45.2,76,4,8,7,4,5.59,5,3,4,3,,B,jaune,jeudi,530930,12/09/2024,13.62,0,En difficulté sur les évaluations.
ETU-03988,2024-2025,Gestion,21,Femme,TECHNO,AB,lycee_public,N,62.1,,73.6,23,32.0,53,2,13,11,6,"12,74",6,5,4,4,,H,vert,lundi,427988,2024-09-09,9.33,1,RAS.
ETU-01487,2024-2025,Mathematiques,22,F,GEN,B,lycee_public,oui,22.3,13.0,67.2%,10,17.8,22,4,10,10,3,10.79,6,3,4,4,4,H,gris,jeudi,184137,12 Sep 2024,6.96,1,
ETU-01035,2024-2025,Droit,18,f,Général,Bien,autre,1,11.3,,81.8,20,32.1,30,1,12,9,5,11.1,6,6,4,3,4,E,gris,lundi,836688,23 Sep 2024,17.01,0,
ETU-02522,2024-2025,Biologie,24,f,techno,AB,lycee_prive,N,2.5,18.0,95.7,37,43.5,83,2,11,11,6,"12,56",7,5,4,4,4,C,jaune,lundi,980886,02 Sep 2024,17.36,0,Travail sérieux et régulier.
ETU-00705,2024-2025,PSYCHOLOGIE,22,f,techno,Passable,lycee_public,N,2.6,,69.9,24,42.6,39,7,11,9,0,5.8,6,3,2,4,1,B,vert,mardi,380440,17/09/2024,3.92,1,
ETU-03237,2024-2025,STAPS,22,femme,général ,Passable,lycee_public,Non,18.4,11.0,"68,4",48,52.3,81,8,11,9,0,"10,86",6,4,3,,2,F,gris,jeudi,429456,2024-09-12,15.69,0,Plusieurs travaux remis hors délai.
ETU-01454,2024-2025,staps,19,f,général ,B,cfa,0,8.7,3.0,96.5,51,68.6,118,4,11,11,3,16.8,6,5,5,2,,E,rouge,mardi,727322,24 Sep 2024,19.75,0,Étudiant assidu et investi.
ETU-04096,2024-2025,Informatique,18,Femme,Général,tres bien,lycee_public,1,10.6,15.0,"84,9",29,42.0,60,5,12,12,4,15.5,5,5,5,,,B,bleu,mercredi,990219,18 Sep 2024,18.33,0,
ETU-04315,2024-2025, Gestion ,19,F,GEN,P,lycee_public,oui,,,92.7,53,79.1,110,2,12,11,7,"14,72",7,7,5,4,2,C,rouge,mercredi,932073,11 Sep 2024,18.55,0,
ETU-02928,2024-2025, Droit ,20,M,général ,Bien,,N,9.8,,"88,4",29,17.0,29,0,13,13,5,13.7,7,6,,5,4,G,vert,mardi,954758,2024-09-17,17.05,0,
ETU-03704,2024-2025,Psychologie,18,Femme,techno,P,lycee_prive,Non,14.7,9.0,87.9,40,79.7,82,3,13,11,8,"12,16",7,3,4,4,5,E,jaune,mardi,598676,10 Sep 2024,16.48,0,Travail sérieux et régulier.
ETU-04542,2024-2025,Lettres,20,femme,Technologique,Passable,cfa,oui,15.7,,"87,2",3,4.4,7,7,9,7,3,"7,66",6,4,3,3,3,C,bleu,mardi,695928,03/09/2024,4.34,1,
ETU-03219,2024-2025,informatique,25,H,techno,Assez Bien,lycee_public,non,2.8,,89.3,25,54.3,53,2,11,11,5,"15,35",6,6,4,4,5,A,gris,vendredi,880893,27/09/2024,18.87,0,Travail sérieux et régulier.
ETU-01595,2024-2025,Gestion,20,Homme,Generale,Très Bien,lycee_prive,0,7.3 km,,"80,5",38,40.9,51,3,12,8,6,"17,15",6,6,4,3,3,F,rouge,lundi,474194,23 Sep 2024,18.72,0,Travail sérieux et régulier.
ETU-01125,2024-2025,Biologie,19,H,TECHNO,Assez Bien,lycee_public,oui,9.1,5.0,75.7,52,63.0,111,3,11,10,2,"14,36",6,1,4,4,1,D,vert,lundi,768012,02 Sep 2024,18.78,0,Très actif sur la plateforme.
ETU-04738,2024-2025, Informatique ,22,h,general,Assez Bien,lycee_public,Oui,9.5,8.0,63.6,32,24.8,83,2,12,9,1,11.88,7,7,3,2,5,D,vert,mardi,334874,24/09/2024,14.27,0,
ETU-01298,2024-2025,Droit,18,femme,TECHNO,P,lycee_public,Non,,12.0,"88,7",39,49.3,100,0,10,10,7,7.46,6,1,3,5,3,A,vert,lundi,733207,09 Sep 2024,15.74,0,Résultats fragiles aux partiels.
ETU-02133,2024-2025,Mathematiques,19,M,techno,AB,lycee_public,0,0.1,21.0,"85,0",28,53.3,43,3,8,6,5,"11,64",5,4,5,5,4,H,gris,mardi,291152,17 Sep 2024,15.57,0,Suivi sans particularité.
ETU-03126,2024-2025,Informatique,21,Homme,Technologique,Passable,lycee_public,non,,22.0,69.2%,25,44.3,76,5,12,10,1,7.43,6,4,2,3,2,D,bleu,jeudi,680492,2024-09-12,5.16,1,
ETU-00105,2024-2025,Mathematiques,20,h,general,passable,lycee_prive,1,"11,2",8.0,79.5,7,12.3,23,1,8,7,5,16.31,7,7,2,3,2,F,bleu,lundi,856838,02/09/2024,16.94,0,Peu actif sur la plateforme.
ETU-05084,2024-2025,Lettres,19,H,GEN,P,lycee_public,0,37.7,9.0,81.5,39,32.5,65,1,13,13,4,8.72,6,5,4,3,4,E,rouge,vendredi,579936,2024-09-13,14.94,0,Suivi sans particularité.
ETU-00088,2024-2025,Gestion,20,femme,Technologique,Passable,lycee_public,1,"15,1",10.0,98.8,24,2.1,54,4,10,9,4,10.47,7,3,3,4,4,C,bleu,mardi,302428,17 Sep 2024,14.83,0,RAS.
ETU-01667,2024-2025, Droit ,20,F,GEN,passable,lycee_public,N,21.6,10.0,67.9%,17,26.6,34,6,8,6,4,"9,89",5,2,3,3,2,H,jaune,mardi,799950,03 Sep 2024,4.36,1,
ETU-03309,2024-2025,Lettres,17,h,techno,B,lycee_public,oui,6.4,22.0,76.9,12,2.4,32,4,12,10,3,7.23,5,3,3,4,3,F,bleu,lundi,711874,2024-09-02,4.04,1,Résultats fragiles aux partiels.
ETU-02023,2024-2025,Mathematiques,20,femme,general,B,lycee_public,0,,11.0,"78,3",23,37.7,53,6,9,6,1,19.07,6,6,5,4,3,G,rouge,mardi,335984,24/09/2024,19.54,0,
ETU-01148,2024-2025,Mathematiques,19,NB,Général,Assez Bien,lycee_public,oui,9.4,11.0,81.1,35,42.8,83,2,8,7,5,,6,1,5,4,5,E,gris,vendredi,173493,06 Sep 2024,17.19,0,"Bon semestre, résultats solides."
ETU-04164,2024-2025,Biologie,18,h,Technologique,P,lycee_prive,0,4.5,19.0,98.2,42,86.9,104,2,8,8,6,14.0,7,5,,5,5,C,bleu,mardi,322302,2024-09-10,19.11,0,
ETU-03435,2024-2025,Gestion,19,Femme,Generale,AB,lycee_public,N,"3,6",0.0,88.8,42,60.4,103,2,8,8,4,13.67,7,5,5,5,3,B,rouge,mercredi,365001,11/09/2024,18.95,0,
ETU-02761,2024-2025,Psychologie,18,h,TECHNO,Passable,lycee_public,Non,1.1,6.0,77.4,44,63.5,106,0,11,11,7,12.9,6,3,5,5,3,G,vert,mardi,917896,10 Sep 2024,17.14,0,Engagement en ligne remarquable.
ETU-02461,2024-2025,Gestion,17,H,Technologique,passable,lycee_prive,N,1.5,,95.4%,19,37.8,37,3,10,10,3,10.97,6,1,5,5,5,A,rouge,mardi,624082,24 Sep 2024,16.68,0,Profil dans la moyenne.
ETU-03736,2024-2025,biologie,18,h,GEN,Passable,lycee_public,0,20.5,0.0,71.1%,28,35.1,50,1,12,9,3,"9,18",7,4,3,5,3,A,gris,mercredi,770407,2024-09-04,11.97,0,
ETU-03965,2024-2025,Biologie,19,f,GEN,ab,lycee_prive,N,"12,8",6.0,69.1,25,51.1,67,1,8,6,2,12.72,5,2,3,3,1,D,rouge,mardi,627981,10 Sep 2024,8.26,1,
ETU-04245,2024-2025,Informatique,20,h,general,passable,lycee_prive,0,"53,9",8.0,55.2,,41.3,35,4,11,8,0,"14,48",5,3,3,3,1,E,vert,jeudi,773505,05 Sep 2024,6.65,1,Suivi sans particularité.
ETU-00005,2024-2025,Gestion,17,femme,GEN,Très Bien,lycee_public,non,15.2,0.0,69.3,14,21.1,31,4,12,9,3,19.57,5,4,4,2,2,G,vert,jeudi,992907,19/09/2024,9.92,1,RAS.
ETU-05183,2024-2025,Lettres,19,f, pro,Bien,autre,non,"34,4",0.0,69.4%,17,42.1,31,6,8,6,2,5.72,6,3,3,2,,G,rouge,jeudi,618571,12/09/2024,10.18,0,Résultats fragiles aux partiels.
ETU-01603,2024-2025,Droit,22,H,techno,ab,autre,non,"2,1",13.0,73.5,,54.6,99,5,8,7,3,12.63,7,3,3,3,2,B,rouge,mercredi,132014,18 Sep 2024,16.21,0,RAS.
ETU-03036,2024-2025,Lettres,21,femme,Generale,Assez Bien,lycee_public,Non,10.1,17.0,70.0%,29,27.5,60,5,10,9,2,11.79,5,5,5,2,3,F,rouge,mardi,751420,2024-09-24,15.46,0,Profil dans la moyenne.
ETU-01151,2024-2025,Biologie,20,femme,général ,Passable,lycee_public,0,8.4,,74.7,23,29.7,51,3,12,11,1,"10,68",5,3,3,2,1,C,gris,jeudi,464845,12 Sep 2024,13.95,0,
ETU-00334,2024-2025,Droit,19,F,TECHNO,B,lycee_prive,non,38.7,0.0,72.6%,21,31.7,72,6,11,8,2,11.88,6,0,2,2,2,H,bleu,mardi,951443,2024-09-17,7.6,1,
ETU-03689,2024-2025,Gestion,26,Femme,GEN,AB,lycee_public,0,"0,4",15.0,82.5%,28,47.7,63,4,8,6,1,8.21,7,5,3,3,4,A,jaune,jeudi,930920,2024-09-19,11.61,0,
ETU-00368,2024-2025, Droit ,18,F,Technologique,P,lycee_prive,0,10.3,0.0,69.3,28,58.9,66,2,13,9,2,15.55,7,5,3,,3,B,rouge,mardi,282373,2024-09-03,16.44,0,
ETU-00119,2024-2025,psychologie,23,h,pro,P,lycee_public,non,2.9,,81.6%,30,36.3,61,6,11,9,1,5.85,6,1,3,,2,A,vert,jeudi,197051,05/09/2024,12.52,0,En difficulté sur les évaluations.
ETU-00642,2024-2025,Gestion,21,Homme,Generale,AB,lycee_public,N,11.9,0.0,80.4,30,25.4,56,3,13,12,5,13.88,7,3,5,5,3,G,bleu,jeudi,750158,19/09/2024,17.81,0,
ETU-01140,2024-2025, Informatique ,20,H,Technologique,B,lycee_public,oui,9.8,18.0,92.6%,51,68.2,112,4,11,11,6,11.99,6,6,3,3,4,G,bleu,vendredi,775485,2024-09-06,16.12,0,
ETU-03424,2024-2025,Informatique,18,Homme, pro,Passable,lycee_public,N,3.9,23.0,77.0%,24,39.2,36,3,9,7,4,"12,04",5,5,3,,3,E,bleu,mercredi,777344,2024-09-25,14.73,0,
ETU-03438,2024-2025, Droit ,20,F,Technologique,P,lycee_public,Oui,3.3,0.0,"73,8",35,46.8,83,3,12,12,8,9.85,5,4,4,2,2,G,jaune,mercredi,541832,11 Sep 2024,13.15,0,
ETU-00302,2024-2025,Mathematiques,20,M,Technologique,B,lycee_prive,Non,27.7,,81.1,,40.0,44,1,12,12,0,"14,19",6,3,4,,4,H,bleu,mercredi,660322,04/09/2024,17.92,0,Travail sérieux et régulier.
ETU-01601,2024-2025,Informatique,19,F,TECHNO,ab,lycee_public,0,11.6,13.0,"53,1",24,21.2,66,6,12,8,0,6.07,6,2,1,2,1,A,bleu,mardi,379160,17/09/2024,0.92,1,"Absences répétées, situation préoccupante."
ETU-00735,2024-2025,DROIT,20,h,GEN,passable,lycee_public,Oui,1.8 km,12.0,60.9%,3,2.2,16,5,8,5,1,10.81,7,4,3,2,,H,rouge,jeudi,267551,05 Sep 2024,5.63,1,Engagement en ligne très faible.
ETU-02338,2024-2025, Gestion ,21,H,Generale,Bien,,Non,8.9,15.0,69.9,28,27.8,60,4,11,9,4,"14,64",5,4,,5,2,G,rouge,mardi,539665,2024-09-17,18.16,0,Profil dans la moyenne.
ETU-04195,2024-2025,psychologie,22,f,Generale,Très Bien,lycee_public,non,"62,7",0.0,91.0%,41,80.6,86,0,12,12,8,18.57,6,6,5,4,3,F,jaune,mardi,409304,03/09/2024,19.52,0,
ETU-03691,2024-2025,Droit,21,Homme,Général,Assez Bien,lycee_public,Non,,6.0,82.3,30,41.6,70,5,9,7,3,10.19,6,3,4,4,2,G,rouge,jeudi,507833,26/09/2024,15.27,0,Suivi sans particularité.
ETU-00268,2024-2025,Informatique,20,M,Général,Passable,lycee_public,non,"3,5",,67.1,16,13.9,26,2,10,6,1,9.94,5,3,2,1,2,A,gris,mardi,539210,24/09/2024,6.54,1,
ETU-00327,2024-2025,Lettres,17,femme,Général,ab,lycee_public,N,12.2,,90.8,31,26.1,75,6,13,12,1,13.41,5,5,4,4,5,E,rouge,mercredi,852065,2024-09-11,17.1,0,
ETU-00806,2024-2025,Informatique,22,f,GEN,Assez Bien,lycee_public,N,26.1,28.0,68.7,23,17.2,30,8,10,8,1,14.3,5,5,2,3,3,E,gris,mardi,951731,2024-09-03,15.42,0,Plusieurs travaux remis hors délai.
ETU-02828,2024-2025,Mathematiques,24,Homme,TECHNO,,lycee_public,oui,3.3 km,8.0,77.2%,,7.6,24,1,12,11,2,7.63,5,3,3,2,3,F,jaune,mercredi,314350,2024-09-18,11.84,0,
ETU-02887,2024-2025, STAPS ,21,Homme,général ,AB,lycee_public,oui,"14,0",10.0,80.2,12,22.3,24,3,9,6,3,12.52,7,3,3,4,2,D,gris,lundi,637519,2024-09-09,14.85,0,Travail sérieux et régulier.
ETU-04311,2024-2025,Informatique,20,femme,Général,Assez Bien,lycee_public,oui,1.8,,70.3,16,21.2,28,8,10,8,3,8.27,5,4,4,3,3,F,vert,mardi,473420,24 Sep 2024,5.79,1,
ETU-04371,2024-2025,informatique,19,F,techno,passable,lycee_public,N,15.9,,82.4,21,36.5,55,4,8,6,1,7.09,6,2,3,5,5,F,bleu,vendredi,854793,2024-09-13,12.88,0,
ETU-03871,2024-2025,Droit,20,f,Général,Bien,lycee_public,O,"28,6",0.0,77.0%,19,34.6,42,5,10,7,3,13.96,5,2,3,4,4,C,gris,mercredi,467284,2024-09-11,17.29,0,
ETU-03907,2024-2025,Gestion,19,Homme,Technologique,TB,cfa,N,19.9,13.0,86.7%,27,43.5,60,2,8,6,4,15.59,5,4,5,3,,D,vert,lundi,155889,2024-09-16,17.09,0,"Bon semestre, résultats solides."
ETU-01055,2024-2025,Informatique,19,femme,general,Passable,lycee_prive,Non,0.6 km,0.0,"73,9",20,47.5,36,1,11,9,2,"16,0",6,5,3,2,2,E,vert,mercredi,935682,11/09/2024,17.1,0,Suivi sans particularité.
ETU-04711,2024-2025,Informatique,20,h,pro,Assez Bien,lycee_public,1,34.0 km,5.0,"91,0",33,44.2,73,4,8,6,9,8.44,5,3,4,3,3,H,gris,jeudi,857098,26 Sep 2024,13.07,0,RAS.
ETU-03470,2024-2025,PSYCHOLOGIE,22,M,Generale,TB,lycee_prive,0,9.0 km,26.0,77.6,,27.8,60,1,9,6,2,"13,55",5,4,2,3,3,G,rouge,vendredi,226520,2024-09-20,17.29,0,Semble peu engagé dans la formation.
ETU-02177,2024-2025, Gestion ,21,M,Technologique,ab,lycee_prive,Oui,"1,7",6.0,84.3,43,87.8,107,2,10,8,2,"13,35",6,6,3,5,2,D,rouge,vendredi,971184,2024-09-20,17.6,0,
ETU-03552,2024-2025,Informatique,17,M,GEN,Passable,,0,3.1,10.0,69.8,18,22.9,37,3,9,7,2,9.31,7,6,2,2,2,H,gris,vendredi,230082,20 Sep 2024,6.34,1,"Motivation en berne, à accompagner."
ETU-01218,2024-2025,INFORMATIQUE,19,M,pro,Passable,lycee_prive,Oui,5.1 km,26.0,74.0,17,23.3,44,5,11,9,2,12.52,6,3,4,2,,D,bleu,mercredi,834599,18 Sep 2024,5.93,1,
ETU-04965,2024-2025, Mathematiques ,18,F,pro,ab,lycee_public,Oui,"3,2",28.0,75.4,35,64.6,106,4,11,9,2,9.16,5,4,4,2,1,F,bleu,mardi,154958,17 Sep 2024,13.62,0,
ETU-00046,2024-2025,Gestion,20,f,GEN,tres bien,lycee_public,1,,8.0,78.7,43,86.3,111,2,8,7,3,"14,42",6,6,3,4,,D,vert,mardi,798414,03/09/2024,16.9,0,Engagement en ligne remarquable.
ETU-00645,2024-2025,Psychologie,19,H,techno,Passable,lycee_public,Oui,0.2,19.0,98.3,46,72.8,64,2,9,9,7,8.47,6,3,5,,4,C,rouge,lundi,313715,23 Sep 2024,16.7,0,Très actif sur la plateforme.
ETU-00174,2024-2025,Droit,18,femme,techno,Passable,lycee_prive,1,18.8 km,,61.7%,27,31.3,79,7,12,8,2,"10,37",6,5,2,2,2,F,bleu,lundi,280601,23 Sep 2024,5.7,1,"Motivation en berne, à accompagner."
ETU-05026,2024-2025,staps,18,f,Technologique,ab,lycee_public,0,7.1 km,10.0,65.8,20,26.9,69,5,12,8,1,9.59,6,5,3,3,3,G,rouge,jeudi,595599,12 Sep 2024,5.14,1,RAS.
ETU-00822,2024-2025,Lettres,23,H,Technologique,passable,lycee_public,Non,44.5,0.0,62.2,6,6.1,4,6,12,6,1,11.0,6,1,1,1,2,G,vert,vendredi,856703,20/09/2024,3.85,1,Engagement en ligne très faible.
ETU-03185,2024-2025,INFORMATIQUE,21,H,GEN,ab,lycee_public,non,2.7,28.0,54.8%,11,10.0,34,4,13,10,0,6.37,7,1,,2,2,A,vert,jeudi,360270,26/09/2024,2.42,1,Forte baisse d'assiduité ce semestre.
ETU-05120,2024-2025,gestion,21,F,TECHNO,AB,lycee_public,N,"5,6",26.0,59.8,20,19.6,65,4,13,10,1,"5,61",6,1,2,4,1,D,vert,lundi,531000,23/09/2024,2.27,1,En difficulté sur les évaluations.
ETU-03350,2024-2025,Mathematiques,17,femme,Generale,passable,lycee_prive,N,17.1 km,,56.8%,25,32.6,67,5,8,6,5,9.88,6,4,1,,3,A,bleu,mercredi,522306,11 Sep 2024,5.77,1,Semble peu engagé dans la formation.
ETU-01714,2024-2025, Gestion ,19,H,Professionnel,P,lycee_prive,Non,"7,1",6.0,84.2,37,36.0,90,0,10,8,2,11.79,6,3,4,,5,D,jaune,lundi,317152,09 Sep 2024,16.68,0,RAS.
ETU-03566,2024-2025,mathematiques,23,h,GEN,passable,lycee_public,0,5.1,0.0,83.3%,27,52.2,41,6,13,11,0,"14,18",5,5,5,1,,F,rouge,jeudi,326995,05/09/2024,15.66,0,"Bon semestre, résultats solides."
ETU-01135,2024-2025,Biologie,19,Homme, pro,B,lycee_prive,oui,"16,0",20.0,78.3%,24,28.9,46,2,11,9,1,8.1,6,2,3,1,2,F,rouge,jeudi,316958,05/09/2024,11.77,0,Suivi sans particularité.
ETU-02892,2024-2025, Droit ,20,h, pro,Passable,lycee_public,oui,13.0,0.0,91.2,36,51.7,68,4,8,8,8,12.96,6,5,4,5,3,E,vert,mercredi,546511,2024-09-04,18.61,0,
ETU-02776,2024-2025,Biologie,26,femme,TECHNO,passable,lycee_public,non,17.9,10.0,79.5,26,35.8,58,2,10,7,3,6.94,7,2,3,3,3,H,rouge,vendredi,411247,2024-09-06,12.54,0,En difficulté sur les évaluations.
ETU-00752,2024-2025,BIOLOGIE,19,h,général ,Bien,lycee_public,O,3.7,8.0,83.5,39,48.7,78,3,10,10,5,"13,55",5,3,5,2,4,E,rouge,mardi,791798,24 Sep 2024,17.71,0,
ETU-03042,2024-2025,Psychologie,19,f,général ,passable,lycee_public,N,"8,3",15.0,84.2,31,36.6,41,5,8,8,7,9.58,6,2,,5,2,A,bleu,vendredi,574137,20/09/2024,14.64,0,
ETU-00182,2024-2025,GESTION,20,femme, pro,Assez Bien,lycee_public,Oui,0.6,11.0,"79,3",34,69.0,61,3,8,7,6,"12,03",7,5,4,,4,F,bleu,lundi,622419,16/09/2024,15.98,0,
ETU-00490,2024-2025, Informatique ,21,F,PRO,,lycee_public,oui,53.6,21.0,81.5%,36,83.1,90,1,10,10,4,11.65,5,2,5,4,2,F,vert,jeudi,741286,12 Sep 2024,17.18,0,
ETU-01815,2024-2025,Lettres,20,F,TECHNO,Bien,lycee_prive,0,9.1,8.0,67.0,27,53.6,62,6,11,8,2,12.43,6,5,3,3,2,B,gris,lundi,198288,23 Sep 2024,9.38,1,
ETU-03463,2024-2025, Biologie ,17,Homme,Professionnel,Bien,lycee_public,oui,11.5,16.0,86.4,41,61.8,85,6,11,7,6,9.94,6,5,5,5,5,A,jaune,jeudi,867944,12/09/2024,15.53,0,Très actif sur la plateforme.
ETU-03293,2024-2025, Biologie ,18,Homme,Technologique,passable,lycee_public,non,"1,8",0.0,87.3,44,74.4,107,0,13,13,6,"13,61",7,4,5,5,5,G,bleu,mercredi,781405,04/09/2024,18.63,0,
ETU-05090,2024-2025,gestion,24,f,general,ab,lycee_public,Non,"11,6",0.0,75.0%,44,53.7,127,3,9,7,1,6.4,6,2,5,3,2,B,vert,mercredi,420618,2024-09-04,13.1,0,
ETU-00574,2024-2025, Gestion ,18,f,Général,P,lycee_prive,oui,26.8,11.0,91.9%,50,51.4,84,0,10,8,8,"8,97",5,3,4,,3,F,vert,vendredi,159840,20 Sep 2024,13.18,0,Très actif sur la plateforme.
ETU-03278,2024-2025,Gestion,18,femme,GEN,tres bien,lycee_public,0,0.3,15.0,"61,7",13,30.3,50,7,11,7,1,10.0,6,4,1,4,4,H,rouge,vendredi,239227,06/09/2024,3.74,1,"Motivation en berne, à accompagner."
ETU-01139,2024-2025,Mathematiques,19,femme,Général,Passable,lycee_public,non,,18.0,81.9,46,73.8,127,1,8,8,3,10.43,6,4,4,5,4,A,bleu,mardi,276894,2024-09-10,17.07,0,
ETU-03181,2024-2025,Biologie,18,femme,techno,B,lycee_public,Non,0.9,,97.1,45,71.2,117,5,8,8,2,11.0,6,5,4,5,2,B,jaune,jeudi,465266,2024-09-12,15.72,0,Très actif sur la plateforme.
ETU-02444,2024-2025,Informatique,21,M,général ,Bien,lycee_prive,oui,6.6,13.0,"89,0",21,31.5,40,8,10,10,5,"8,45",7,4,,3,5,G,jaune,vendredi,120646,13 Sep 2024,13.76,0,
ETU-01886,2024-2025,Biologie,20,femme,TECHNO,Passable,lycee_prive,Oui,22.5,17.0,74.8%,25,45.2,50,7,11,9,4,11.08,6,3,3,3,4,H,jaune,lundi,431584,16/09/2024,12.24,0,
ETU-04704,2024-2025,Lettres,20,h,général ,AB,,N,14.3,0.0,"97,1",71,135.6,201,1,10,10,2,"16,89",6,6,5,5,5,G,jaune,jeudi,458076,12/09/2024,19.64,0,
ETU-03517,2024-2025,Biologie,21,f,TECHNO,Bien,lycee_public,N,22.8,0.0,72.6%,16,23.4,35,5,8,5,0,9.59,6,2,3,3,2,C,jaune,mercredi,768003,25 Sep 2024,6.24,1,
ETU-00016,2024-2025,INFORMATIQUE,18,f,PRO,AB,lycee_public,oui,2.8,24.0,71.0,25,51.8,46,5,10,8,1,8.22,5,0,2,3,3,H,gris,mardi,786507,24/09/2024,13.04,0,
ETU-02153,2024-2025,Gestion,18,femme,TECHNO,tres bien,lycee_prive,Oui,"19,2",0.0,82.4,22,25.3,44,4,11,9,1,"13,27",7,5,4,4,,F,rouge,mercredi,575425,2024-09-11,16.81,0,
ETU-04227,2024-2025,Gestion,20,Femme,général ,Assez Bien,lycee_prive,Non,23.2,7.0,"74,5",13,19.0,18,6,13,6,0,6.41,7,4,,1,2,F,jaune,mardi,872912,2024-09-24,2.19,1,En difficulté sur les évaluations.
ETU-02158,2024-2025, Lettres ,18,Homme,Generale,AB,lycee_public,non,"26,9",17.0,83.0%,35,35.6,96,7,12,11,4,13.86,7,6,4,4,2,D,jaune,lundi,407319,2024-09-02,17.46,0,
ETU-03367,2024-2025,Informatique,20,Femme,Professionnel,AB,lycee_public,Non,0.3 km,0.0,70.1,28,55.9,74,6,8,6,2,10.7,5,3,2,1,,H,bleu,lundi,126403,23/09/2024,14.28,0,
ETU-00541,2024-2025,Informatique,18,f,général ,,lycee_public,Non,0.9,16.0,79.7%,37,50.0,71,3,9,9,6,12.42,6,6,5,3,,C,vert,lundi,695854,16 Sep 2024,17.18,0,
ETU-04606,2024-2025, Lettres ,20,f,Technologique,,lycee_public,Non,"6,9",9.0,57.5,17,25.2,22,7,10,7,1,11.51,6,5,3,2,2,B,bleu,mercredi,583537,2024-09-11,7.02,1,
ETU-03250,2024-2025,BIOLOGIE,20,H,TECHNO,ab,lycee_public,N,"28,3",,89.6,28,15.9,85,3,9,8,3,8.99,5,4,5,3,4,A,vert,mardi,583465,17/09/2024,14.01,0,Suivi sans particularité.
ETU-03318,2024-2025,MATHEMATIQUES,18,femme,Technologique,ab,lycee_prive,non,"6,2",19.0,96.4,57,72.1,100,0,10,10,9,12.41,6,6,5,4,5,D,gris,lundi,758872,2024-09-09,18.23,0,
ETU-01413,2024-2025,Informatique,18,M,Professionnel,,lycee_prive,0,2.9 km,8.0,75.6,33,44.2,71,6,9,6,0,"5,68",6,0,1,4,2,A,vert,mercredi,995096,2024-09-18,2.48,1,
ETU-02836,2024-2025,MATHEMATIQUES,19,f,Generale,Assez Bien,lycee_public,N,"40,9",0.0,80.5,23,43.6,62,3,9,6,2,"11,02",6,6,3,2,3,B,jaune,lundi,905871,02/09/2024,14.67,0,
ETU-04428,2024-2025,biologie,19,F,GEN,Bien,lycee_public,O,,20.0,78.3,52,63.4,105,1,12,11,8,18.83,5,5,5,3,4,F,gris,lundi,654675,09/09/2024,19.59,0,
ETU-03085,2024-2025,STAPS,18,M,general,,,oui,"10,3",9.0,"84,8",32,54.5,92,2,9,8,3,15.71,6,2,1,3,2,G,vert,mercredi,698904,25/09/2024,19.28,0,
ETU-02025,2024-2025, Informatique ,17,femme,Generale,AB,cfa,O,12.4,0.0,"78,1",18,25.6,27,4,12,12,5,,6,4,4,4,3,D,bleu,lundi,629652,16/09/2024,16.61,0,
ETU-02681,2024-2025,lettres,22,Homme,general,B,lycee_prive,N,0.2 km,,66.2,,36.6,39,2,12,9,0,12.46,6,6,2,3,3,D,gris,jeudi,974934,26/09/2024,14.37,0,
ETU-01748,2024-2025,Psychologie,20,femme,Général,Assez Bien,lycee_prive,N,7.5,6.0,83.8,36,48.0,86,4,12,9,4,14.35,7,6,3,3,3,C,rouge,lundi,114137,23/09/2024,16.01,0,Travail sérieux et régulier.
ETU-04299,2024-2025,Biologie,23,h,Professionnel,passable,cfa,N,11.5,8.0,58.6,39,65.1,93,2,10,8,0,9.44,5,2,3,3,2,E,vert,mardi,815333,24 Sep 2024,14.0,0,
ETU-05137,2024-2025,STAPS,20,h,Generale,Bien,,non,,7.0,79.8,33,33.4,54,8,13,11,2,13.61,5,4,4,4,2,D,jaune,vendredi,743969,2024-09-06,15.55,0,
ETU-04033,2024-2025,BIOLOGIE,21,H,techno,P,lycee_prive,N,2.7 km,8.0,90.6,,81.2,111,1,13,13,6,"12,75",7,7,4,5,4,A,jaune,vendredi,598356,13 Sep 2024,18.38,0,Très actif sur la plateforme.
ETU-02735,2024-2025,Mathematiques,19,h, pro,ab,lycee_public,N,16.1,15.0,63.5,20,36.9,44,4,8,7,6,"14,41",6,6,3,4,2,H,bleu,mercredi,847485,2024-09-04,16.86,0,
ETU-01247,2024-2025,Psychologie,19,F,general,Très Bien,lycee_public,non,24.1,,64.9,17,30.1,36,6,9,6,0,"15,01",6,4,3,1,1,G,gris,jeudi,116225,05 Sep 2024,9.2,1,
ETU-04745,2024-2025,Informatique,19,femme,Général,passable,lycee_public,non,"12,9",22.0,68.9%,19,40.7,47,2,10,6,0,10.14,6,2,4,2,,A,vert,mercredi,128615,2024-09-11,7.33,1,Suivi sans particularité.
ETU-04526,2024-2025,PSYCHOLOGIE,18,Femme,TECHNO,Assez Bien,autre,Non,"25,8",,72.9,28,28.5,72,6,9,8,3,9.2,6,4,3,3,4,H,vert,jeudi,700801,2024-09-05,13.34,0,Profil dans la moyenne.
ETU-03896,2024-2025, STAPS ,17,h,PRO,ab,,O,"0,2",0.0,82.7%,15,30.6,27,6,10,6,0,6.36,6,3,2,3,,F,jaune,vendredi,229330,06/09/2024,4.22,1,
ETU-02608,2024-2025,Biologie,19,F,général ,P,lycee_public,0,"1,0",0.0,"79,1",15,28.7,20,3,9,6,2,9.95,7,3,1,4,2,G,vert,jeudi,839343,05/09/2024,4.99,1,"Motivation en berne, à accompagner."
ETU-02124,2024-2025, Mathematiques ,20,f,Generale,P,lycee_public,1,11.4,0.0,83.4%,28,22.6,60,4,8,7,2,"17,82",5,5,5,3,4,H,jaune,lundi,834454,16 Sep 2024,19.0,0,
ETU-03363,2024-2025,Biologie,20,Femme,pro,Assez Bien,lycee_public,Oui,0.1 km,7.0,88.6,15,18.8,31,3,12,10,7,9.65,6,4,4,4,2,G,gris,lundi,331125,09 Sep 2024,14.73,0,Profil dans la moyenne.
ETU-01564,2024-2025,BIOLOGIE,17,Homme,GEN,,lycee_public,O,4.3,,64.6,34,65.1,58,3,9,8,3,"10,64",6,5,3,3,4,F,jaune,vendredi,981496,2024-09-13,14.23,0,Suivi sans particularité.
ETU-01372,2024-2025,Gestion,21,f,Général,Passable,lycee_public,oui,1.0,17.0,73.6,22,35.3,56,2,8,7,0,7.86,6,3,3,4,1,C,gris,vendredi,730185,13 Sep 2024,13.52,0,Résultats fragiles aux partiels.
ETU-01744,2024-2025,Informatique,17,Femme,Generale,B,lycee_public,non,1.4 km,6.0,59.2,14,29.3,44,5,13,8,1,9.42,6,3,2,,2,H,rouge,jeudi,460202,19/09/2024,3.7,1,"Motivation en berne, à accompagner."
ETU-03624,2024-2025,Biologie,22,f,TECHNO,Bien,lycee_public,O,"1,1",0.0,72.3%,32,55.3,67,2,13,12,4,12.35,7,5,,2,5,D,rouge,mardi,150644,2024-09-03,15.77,0,RAS.
ETU-02241,2024-2025,Psychologie,22,M,GEN,Bien,,non,19.6,9.0,66.6,33,55.0,50,3,10,8,1,,7,4,4,,3,F,bleu,mardi,554915,2024-09-03,14.5,0,
ETU-02908,2024-2025, Mathematiques ,20,M,Generale,Assez Bien,lycee_public,N,23.8,0.0,"64,8",16,21.5,29,2,13,10,0,8.61,5,4,2,,3,A,jaune,lundi,406896,09 Sep 2024,13.85,0,
ETU-02592,2024-2025,Mathematiques,24,M,général ,passable,cfa,0,2.2 km,0.0,81.0,,43.4,62,6,8,8,3,"10,32",7,4,5,5,2,E,rouge,lundi,499145,09 Sep 2024,15.29,0,Suivi sans particularité.
ETU-02895,2024-2025,Droit,18,H,général ,B,lycee_public,1,"34,5",19.0,"77,5",36,74.5,80,1,10,10,6,"15,95",6,6,5,4,,A,rouge,vendredi,154865,13/09/2024,19.09,0,"Bon semestre, résultats solides."
ETU-01814,2024-2025,gestion,19,h,TECHNO,ab,lycee_public,0,45.6,6.0,"74,2",45,81.3,76,4,13,12,2,15.81,6,6,4,3,3,G,vert,jeudi,110648,2024-09-12,18.0,0,
ETU-01382,2024-2025,Mathematiques,18,F,general,Bien,lycee_public,Non,8.9,0.0,70.0,8,14.4,26,5,13,7,0,"10,73",6,3,2,2,3,G,gris,mercredi,679713,25 Sep 2024,3.38,1,
ETU-00047,2024-2025,staps,22,Autre,général ,P,lycee_public,N,16.8,10.0,61.4,5,3.4,1,5,13,9,1,7.92,7,4,4,4,3,H,gris,mercredi,199095,25 Sep 2024,4.61,1,Résultats fragiles aux partiels.
ETU-02992,2024-2025,mathematiques,23,H,général ,Assez Bien,lycee_public,N,6.5,22.0,99.5,51,61.3,147,1,9,9,10,12.91,6,6,5,5,5,D,jaune,jeudi,943023,12 Sep 2024,17.89,0,Très actif sur la plateforme.
ETU-04647,2024-2025, Mathematiques ,19,femme,Technologique,P,lycee_prive,0,,15.0,72.7,38,99.6,105,5,9,8,3,"10,04",7,4,3,3,1,F,vert,jeudi,890165,05/09/2024,15.66,0,
ETU-02870,2024-2025, Psychologie ,21,h,Generale,Passable,lycee_public,0,"6,6",27.0,52.8,22,45.1,68,4,13,9,0,"9,63",6,3,2,2,1,E,rouge,lundi,856370,2024-09-02,5.65,1,Forte baisse d'assiduité ce semestre.
ETU-02754,2024-2025, Biologie ,20,H,Generale,Assez Bien,lycee_public,N,"18,3",26.0,"78,0",41,100.7,103,2,8,8,3,12.75,6,2,4,5,5,A,gris,mercredi,964989,18 Sep 2024,16.76,0,Très actif sur la plateforme.
ETU-04025,2024-2025, Informatique ,18,f,Général,Bien,lycee_public,N,16.6,24.0,"90,7",28,51.9,73,2,9,7,1,11.86,6,4,2,5,1,A,vert,lundi,911638,2024-09-23,16.16,0,
ETU-04593,2024-2025,PSYCHOLOGIE,20,Femme, pro,Assez Bien,lycee_public,Oui,7.5,0.0,58.2,17,33.6,49,4,8,6,2,"8,33",5,3,2,2,4,C,bleu,mercredi,890458,04 Sep 2024,4.11,1,"Motivation en berne, à accompagner."
ETU-05166,2024-2025,Biologie,18,f,general,Assez Bien,cfa,non,21.3,26.0,67.6,31,55.8,76,6,8,6,4,"9,8",6,2,3,5,4,H,jaune,lundi,451309,16/09/2024,5.86,1,RAS.
ETU-01050,2024-2025,Biologie,21,femme,TECHNO,ab,lycee_public,1,1.6,21.0,63.8,20,43.1,46,3,10,6,1,7.84,6,4,1,2,4,G,rouge,mardi,191248,10/09/2024,10.55,0,
ETU-04989,2024-2025, Biologie ,18,NR,GEN,Assez Bien,lycee_prive,O,7.9 km,25.0,69.2,23,14.1,43,6,13,10,0,15.36,6,6,3,4,3,E,vert,mercredi,254819,04 Sep 2024,15.74,0,RAS.
ETU-02070,2024-2025,DROIT,19,H,techno,Assez Bien,lycee_prive,O,0.1,27.0,54.3,23,28.2,41,6,12,6,0,"5,81",6,2,1,1,2,A,bleu,jeudi,480077,19/09/2024,0.55,1,
ETU-02009,2024-2025,GESTION,22,M,general,passable,lycee_prive,N,20.0,10.0,68.2%,30,53.0,55,3,12,8,2,"6,82",7,2,3,1,4,D,gris,mardi,282027,03/09/2024,11.3,0,
ETU-04807,2024-2025,Informatique,24,femme,techno,P,lycee_public,1,"53,6",,80.6,21,41.8,28,2,13,10,2,6.79,6,4,3,4,1,G,vert,mercredi,675041,11/09/2024,12.92,0,En difficulté sur les évaluations.
ETU-04239,2024-2025,STAPS,19,Homme,GEN,Très Bien,lycee_public,N,51.0,,72.5,8,8.3,25,5,8,5,0,10.92,5,1,3,3,1,G,gris,lundi,770880,16 Sep 2024,6.63,1,
ETU-02845,2024-2025,gestion,18,f,TECHNO,ab,lycee_public,O,"49,0",27.0,"79,5",32,72.9,88,2,8,8,5,7.84,6,3,3,4,3,H,jaune,lundi,249298,2024-09-16,15.22,0,
ETU-00757,2024-2025,droit,17,F,Generale,Bien,lycee_public,oui,0.0,8.0,"75,4",25,19.3,56,8,8,8,0,12.84,6,3,3,3,2,C,gris,mardi,453029,24 Sep 2024,14.59,0,Plusieurs travaux remis hors délai.
ETU-02388,2024-2025,Informatique,21,Femme,général ,ab,lycee_prive,non,41.4,,"81,5",13,14.1,24,6,11,7,0,11.68,7,7,,2,3,D,gris,vendredi,218828,2024-09-20,14.55,0,
ETU-05022,2024-2025,mathematiques,22,femme,Général,passable,lycee_public,0,,0.0,82.8,18,22.7,60,3,10,9,5,13.88,5,4,3,4,3,A,vert,mardi,604644,24 Sep 2024,15.63,0,"Bon semestre, résultats solides."
ETU-04634,2024-2025,staps,19,f,Technologique,Passable,cfa,0,7.8,8.0,"67,1",17,23.7,31,4,12,5,0,8.49,6,4,1,3,3,G,bleu,jeudi,610973,12/09/2024,2.85,1,Semble peu engagé dans la formation.
ETU-03663,2024-2025,Mathematiques,19,M,GEN,ab,lycee_public,0,0.5,0.0,"81,5",31,45.7,73,5,12,9,4,12.97,6,5,3,5,4,D,vert,mardi,214174,2024-09-03,18.1,0,
ETU-02586,2024-2025,LETTRES,22,NB,Général,P,autre,1,1.1,15.0,83.4%,54,72.9,95,1,13,12,7,10.8,6,5,2,4,3,A,bleu,vendredi,177801,20/09/2024,15.97,0,
ETU-04373,2024-2025,Informatique,18,F,Général,P,lycee_public,0,2.6,,"67,0",29,51.2,48,3,12,9,2,11.86,7,5,5,2,3,E,jaune,mercredi,832695,18 Sep 2024,7.1,1,
ETU-03850,2024-2025,PSYCHOLOGIE,18,h,général ,B,lycee_public,O,27.1,23.0,77.8,14,18.9,37,5,13,11,4,12.24,5,5,3,3,1,A,bleu,vendredi,902703,27 Sep 2024,13.8,0,Travail sérieux et régulier.
ETU-00639,2024-2025,gestion,21,Femme,PRO,ab,lycee_prive,Non,1.5,23.0,59.7%,17,25.5,30,4,8,6,1,8.3,6,2,1,2,,A,rouge,mercredi,334468,2024-09-11,4.85,1,
ETU-00438,2024-2025, Droit ,18,h, pro,Assez Bien,lycee_public,O,17.9,15.0,79.0,26,72.2,69,6,11,9,2,9.27,6,3,2,4,4,D,rouge,lundi,703898,23/09/2024,14.65,0,"Motivation en berne, à accompagner."
ETU-00812,2024-2025, STAPS ,18,H,Generale,ab,lycee_public,N,,,67.4,17,20.9,28,7,10,7,0,7.64,5,2,1,3,1,B,bleu,mercredi,115429,2024-09-04,3.13,1,En difficulté sur les évaluations.
ETU-01864,2024-2025,MATHEMATIQUES,22,Femme,TECHNO,ab,lycee_public,1,"21,8",0.0,68.8,29,34.4,65,3,11,9,6,9.1,7,5,4,2,2,B,vert,mercredi,163350,25/09/2024,6.33,1,
ETU-05020,2024-2025,STAPS,22,femme,Technologique,Passable,lycee_public,oui,,0.0,"97,4",44,81.5,112,2,10,10,9,"10,17",5,4,,5,5,F,rouge,lundi,784852,02 Sep 2024,17.89,0,Très actif sur la plateforme.
ETU-03648,2024-2025,Informatique,19,Homme,général ,B,lycee_public,oui,"42,6",6.0,"67,8",16,29.5,34,7,9,7,0,11.17,6,6,4,2,2,C,vert,vendredi,444717,06 Sep 2024,13.47,0,
ETU-01683,2024-2025,STAPS,18,Femme,GEN,passable,lycee_public,O,7.2,,93.6,15,29.2,30,4,10,9,3,11.53,6,6,4,,3,A,vert,jeudi,110392,26/09/2024,14.62,0,RAS.
ETU-01397,2024-2025,INFORMATIQUE,21,f,techno,Passable,lycee_public,N,"6,7",0.0,71.2,35,40.2,73,3,9,8,4,17.53,5,3,4,4,4,F,bleu,jeudi,505205,2024-09-19,19.52,0,
ETU-02709,2024-2025,Mathematiques,20,f,techno,ab,lycee_prive,0,6.2,0.0,75.0%,32,34.7,70,3,11,11,8,11.58,6,5,5,,3,A,rouge,jeudi,211025,2024-09-19,15.94,0,
ETU-00877,2024-2025,Droit,19,femme,GEN,passable,lycee_public,Oui,"7,0",21.0,93.7,27,44.3,56,6,9,7,4,14.38,6,5,2,3,5,G,rouge,jeudi,903078,2024-09-05,17.77,0,Semble peu engagé dans la formation.
ETU-02534,2024-2025,staps,20,H,général ,passable,lycee_public,non,7.1,0.0,80.7%,20,34.5,46,3,13,10,1,6.99,6,1,3,4,1,E,gris,vendredi,492575,2024-09-27,3.5,1,
ETU-03202,2024-2025,Biologie,22,M,Generale,TB,lycee_public,0,69.1,12.0,89.0,52,97.9,117,0,11,11,2,"18,28",6,6,5,,1,B,rouge,mercredi,435779,25/09/2024,19.71,0,"Très bon investissement, en réussite."
ETU-01559,2024-2025, Informatique ,21,H,techno,Passable,lycee_prive,O,2.5,20.0,68.1%,15,19.0,31,2,8,7,1,"9,92",5,2,2,4,5,B,rouge,mercredi,451039,2024-09-25,5.07,1,"Motivation en berne, à accompagner."
ETU-03844,2024-2025, Psychologie ,24,Femme,Professionnel,TB,lycee_public,Non,9.2,27.0,66.0%,17,23.9,38,4,10,7,1,9.25,6,2,1,1,2,A,jaune,lundi,415508,23 Sep 2024,4.36,1,
ETU-00028,2024-2025,Droit,20,M,PRO,Assez Bien,lycee_prive,O,13.7,0.0,84.1,28,36.7,42,5,10,8,2,"8,0",5,1,1,,2,D,gris,lundi,446304,09/09/2024,12.13,0,"Motivation en berne, à accompagner."
ETU-02147,2024-2025,gestion,17,h,Professionnel,Bien,cfa,1,19.4,0.0,70.7,9,11.7,4,7,10,7,0,"7,0",6,4,1,,,A,rouge,mardi,442785,24 Sep 2024,2.24,1,Résultats fragiles aux partiels.
ETU-00297,2024-2025,Droit,20,f,GEN,Bien,lycee_public,Non,"38,4",,64.2,15,25.8,30,3,12,8,0,12.71,7,5,4,2,2,D,bleu,vendredi,160123,27/09/2024,7.92,1,Suivi sans particularité.
ETU-05069,2024-2025,Gestion,18,H,GEN,B,lycee_public,oui,21.1,0.0,84.3,,40.9,62,5,9,7,4,13.04,7,5,5,2,2,G,bleu,jeudi,144924,26 Sep 2024,15.71,0,
ETU-03155,2024-2025,GESTION,18,Homme,général ,ab,cfa,N,25.5,19.0,82.8,39,63.6,64,4,13,10,2,13.43,6,6,4,3,2,C,jaune,jeudi,663229,2024-09-19,15.81,0,
ETU-00259,2024-2025,Lettres,19,h,Général,P,lycee_public,Non,28.2,8.0,64.9%,29,44.5,73,3,8,6,2,"10,6",7,3,,4,2,F,vert,jeudi,668605,19/09/2024,7.09,1,Semble peu engagé dans la formation.
ETU-02485,2024-2025,lettres,19,femme,Général,Passable,lycee_public,O,"18,4",0.0,71.4,3,4.6,3,5,13,6,0,"5,62",6,2,1,1,4,C,vert,mardi,148886,10/09/2024,2.83,1,
ETU-04203,2024-2025,Informatique,21,Femme,Général,ab,lycee_public,Non,"16,1",11.0,79.9%,23,19.4,31,1,8,7,1,"19,04",6,6,2,3,3,A,bleu,vendredi,108889,2024-09-27,19.4,0,"Motivation en berne, à accompagner."
ETU-01502,2024-2025,Biologie,18,femme, pro,,lycee_public,1,1.2,0.0,73.6%,42,72.9,76,3,8,6,1,"8,49",6,4,4,3,5,C,jaune,jeudi,740327,26 Sep 2024,15.81,0,
ETU-03411,2024-2025,GESTION,17,F,GEN,Bien,lycee_public,1,32.4,,54.6,14,25.1,30,6,9,6,0,"11,82",7,4,1,2,2,C,vert,jeudi,248792,2024-09-12,5.42,1,Forte baisse d'assiduité ce semestre.
ETU-01996,2024-2025,Mathematiques,20,Femme,GEN,AB,lycee_public,O,,0.0,57.3,18,18.9,39,7,11,7,0,9.58,6,3,1,3,3,C,rouge,mercredi,223187,2024-09-25,2.49,1,"Motivation en berne, à accompagner."
ETU-00357,2024-2025, Informatique ,20,F,techno,AB,lycee_prive,Non,13.9,,83.3,35,82.2,43,3,9,8,5,17.1,7,5,4,,5,C,gris,mardi,499315,03/09/2024,18.82,0,"Bon semestre, résultats solides."
ETU-01558,2024-2025,Psychologie,21,femme,GEN,Très Bien,lycee_public,1,0.9,0.0,"83,4",18,22.9,35,3,10,9,3,,6,4,3,5,2,D,bleu,jeudi,705255,2024-09-12,12.78,0,
ETU-03026,2024-2025,INFORMATIQUE,20,Homme,général ,passable,lycee_public,non,3.5,14.0,"62,6",13,13.9,22,5,10,5,0,"7,75",7,3,1,3,3,A,vert,mercredi,779924,25 Sep 2024,4.08,1,En difficulté sur les évaluations.
ETU-00441,2024-2025,Informatique,19,femme,Général,Passable,autre,1,14.1,11.0,"98,8",47,70.4,92,1,10,9,8,14.54,6,5,5,5,4,E,gris,jeudi,764329,2024-09-26,18.61,0,
ETU-03314,2024-2025, Biologie ,20,f,Général,Assez Bien,lycee_public,Oui,"10,7",0.0,94.3,38,29.7,77,0,11,11,9,15.2,6,4,,5,4,B,gris,mardi,128513,03/09/2024,17.99,0,
ETU-02963,2024-2025,mathematiques,20,h,general,Assez Bien,,non,7.6,0.0,90.2,32,38.0,55,1,9,7,6,13.92,6,4,5,3,4,A,jaune,mardi,826506,03/09/2024,18.28,0,Étudiant assidu et investi.
ETU-03355,2024-2025,gestion,19,H,général ,P,cfa,Non,"4,8",9.0,88.0%,18,27.5,40,6,10,9,5,8.91,6,5,3,3,3,F,gris,vendredi,164598,20 Sep 2024,14.37,0,
ETU-01943,2024-2025,Mathematiques,18,H,général ,Assez Bien,lycee_prive,oui,9.1,10.0,81.3,49,56.3,137,2,11,6,2,"11,83",5,4,3,2,2,H,gris,lundi,835144,2024-09-09,14.3,0,
ETU-00054,2024-2025,informatique,19,f,Generale,Assez Bien,lycee_public,N,,10.0,96.0%,45,85.1,81,0,9,9,12,16.61,6,3,5,5,5,D,vert,mardi,305988,17 Sep 2024,19.74,0,"Très bon investissement, en réussite."
ETU-03903,2024-2025, Droit ,17,M,Général,Très Bien,lycee_public,Non,"7,9",14.0,77.2,30,36.8,88,6,10,7,2,11.61,5,3,3,3,2,A,jaune,mercredi,842881,11/09/2024,14.8,0,Suivi sans particularité.
ETU-00404,2024-2025,Biologie,19,M,Professionnel,P,lycee_public,non,"5,2",10.0,82.9%,20,26.7,40,3,10,9,0,6.26,6,2,3,3,4,E,gris,vendredi,895235,2024-09-20,12.99,0,
ETU-02770,2024-2025,STAPS,21,F,général ,Passable,lycee_public,1,12.9,0.0,"99,8",48,90.6,99,0,10,9,12,12.68,6,5,5,2,5,E,bleu,lundi,910337,02 Sep 2024,18.16,0,Très actif sur la plateforme.
ETU-02823,2024-2025,lettres,21,Femme,TECHNO,B,lycee_public,N,"32,4",14.0,80.6,29,32.7,66,2,12,11,6,8.82,6,3,3,3,3,A,vert,jeudi,150596,12 Sep 2024,14.93,0,
ETU-00669,2024-2025, STAPS ,18,M,general,tres bien,lycee_public,non,"6,7",0.0,85.1,45,97.8,128,2,12,12,4,15.9,6,4,5,4,3,G,vert,mardi,370420,2024-09-17,19.7,0,
ETU-04515,2024-2025,Droit,20,h,Technologique,AB,lycee_public,non,7.6,17.0,93.0,35,64.5,99,1,13,10,4,8.47,6,4,3,4,3,C,rouge,jeudi,406317,2024-09-05,14.18,0,
ETU-01825,2024-2025,biologie,17,H,GEN,passable,lycee_prive,0,1.8,0.0,59.1,8,20.7,7,2,8,6,1,9.55,6,2,1,2,2,A,gris,mardi,963738,24/09/2024,4.44,1,
ETU-02481,2024-2025,Biologie,24,Homme,Generale,P,lycee_public,N,5.2,11.0,50.6,26,39.2,59,3,8,6,0,10.87,5,3,2,4,2,G,jaune,mardi,571911,24/09/2024,6.58,1,Forte baisse d'assiduité ce semestre.
ETU-02989,2024-2025,droit,20,femme,GEN,Assez Bien,lycee_prive,Non,6.8,0.0,95.0%,38,62.2,80,3,12,12,7,8.39,5,4,3,5,5,C,gris,mardi,591578,2024-09-03,13.6,0,
ETU-02034,2024-2025,DROIT,19,f,GEN,passable,lycee_public,N,7.4,0.0,63.3,9,19.7,12,3,11,5,0,9.03,6,2,3,3,2,G,vert,lundi,438408,2024-09-09,3.09,1,Peu actif sur la plateforme.
ETU-00346,2024-2025,Droit,17,h,général ,passable,autre,N,"3,0",,52.1,0,0.0,0,6,12,6,0,11.5,6,4,2,,1,H,jaune,vendredi,960235,2024-09-13,2.87,1,
ETU-02301,2024-2025,droit,18,Femme,TECHNO,Très Bien,lycee_public,non,10.6,19.0,74.2,35,62.1,68,5,9,8,1,13.16,5,5,3,4,4,E,vert,vendredi,346235,2024-09-06,17.1,0,Profil dans la moyenne.
ETU-03969,2024-2025,STAPS,18,f,Professionnel,Assez Bien,lycee_public,1,13.7 km,0.0,92.2,29,44.1,39,1,10,10,3,"13,91",6,3,4,2,2,B,bleu,mercredi,553305,04 Sep 2024,17.47,0,"Bon semestre, résultats solides."
ETU-00183,2024-2025,Lettres,19,f,GEN,Passable,lycee_public,0,,8.0,50.7,0,0.0,0,5,12,9,0,"11,08",6,5,3,2,2,E,jaune,vendredi,166134,2024-09-27,5.8,1,
ETU-01505,2024-2025,Psychologie,19,H,Général,,lycee_public,Oui,5.3,23.0,93.3,36,49.8,87,4,11,11,5,"14,05",6,5,5,3,5,G,bleu,lundi,260509,2024-09-23,18.54,0,
ETU-04984,2024-2025, Lettres ,24,Homme,general,TB,lycee_public,0,56.7,0.0,81.1,16,29.8,34,4,12,9,0,14.51,6,5,4,2,1,B,gris,vendredi,253179,2024-09-06,16.23,0,
ETU-01366,2024-2025,Lettres,20,f,général ,Passable,lycee_public,0,7.5,12.0,87.4,19,37.4,57,1,10,8,5,15.3,6,5,3,3,4,A,bleu,jeudi,579819,19/09/2024,18.12,0,Travail sérieux et régulier.
ETU-04310,2024-2025, Gestion ,17,Homme, pro,Bien,lycee_public,Non,11.2,10.0,70.8%,16,26.3,42,1,9,9,3,"11,69",5,4,4,2,1,H,bleu,mercredi,125685,11 Sep 2024,16.14,0,
ETU-01301,2024-2025,Gestion,20,Homme,Generale,Passable,lycee_prive,0,2.1,0.0,91.7,27,26.3,62,2,13,12,5,8.4,5,4,4,5,3,H,gris,lundi,676172,02/09/2024,14.9,0,Suivi sans particularité.
ETU-00594,2024-2025,Droit,17,h,général ,AB,lycee_public,N,46.9,18.0,80.0,24,44.4,54,4,10,8,3,"8,04",5,4,3,5,1,B,gris,mardi,515161,10/09/2024,13.72,0,Suivi sans particularité.
ETU-02437,2024-2025,lettres,20,h,general,B,lycee_public,oui,43.4,19.0,62.4,,2.5,3,5,8,5,0,8.22,6,1,3,3,1,C,rouge,mercredi,718883,2024-09-25,3.4,1,Peu actif sur la plateforme.
ETU-02862,2024-2025,MATHEMATIQUES,21,F,général ,passable,lycee_public,Non,"29,5",,85.5,58,102.3,115,2,11,11,3,,6,6,4,3,4,D,gris,mardi,410246,03/09/2024,19.15,0,"Très bon investissement, en réussite."
ETU-03685,2024-2025, Biologie ,18,F,general,B,lycee_public,0,0.1,0.0,85.7,14,30.3,43,1,8,7,1,12.09,6,0,3,1,2,D,bleu,jeudi,173203,26/09/2024,15.36,0,
ETU-02936,2024-2025,Psychologie,19,F,general,AB,lycee_public,N,19.3,9.0,81.2,8,14.1,19,6,12,9,1,8.32,6,5,2,3,2,F,jaune,mardi,187093,03 Sep 2024,4.45,1,Peu actif sur la plateforme.
ETU-04599,2024-2025,LETTRES,22,Femme,Technologique,AB,lycee_public,non,"29,5",14.0,48.7,5,4.8,5,6,8,6,0,7.08,5,3,2,3,3,B,bleu,mardi,296731,2024-09-03,1.79,1,"Absences répétées, situation préoccupante."
ETU-00175,2024-2025,STAPS,19,F,techno,AB,lycee_public,oui,4.4,20.0,74.0,,44.2,85,5,11,7,7,"14,94",6,4,3,4,4,E,vert,vendredi,989930,2024-09-27,16.2,0,
ETU-03829,2024-2025,Mathematiques,20,M,Generale,passable,lycee_public,Oui,0.5,15.0,91.8,43,81.2,88,3,13,13,5,11.77,5,4,4,4,2,E,gris,mercredi,710011,18 Sep 2024,17.35,0,
ETU-03207,2024-2025,Informatique,21,femme,Général,AB,lycee_public,non,13.7,0.0,95.2,49,58.4,129,3,11,10,5,11.96,6,5,5,5,2,C,bleu,jeudi,202233,2024-09-26,18.15,0,
ETU-04624,2024-2025,Mathematiques,21,h,Général,P,autre,0,4.8,,"73,5",38,68.7,91,8,10,8,1,12.21,6,3,4,4,2,H,vert,mardi,940903,24 Sep 2024,15.35,0,"Rendus souvent en retard, à relancer."
ETU-03836,2024-2025,Biologie,20,f,general,P,lycee_prive,Non,21.9,12.0,81.5,44,41.1,131,2,10,10,2,,6,6,3,4,5,B,gris,vendredi,625423,13/09/2024,18.15,0,Engagement en ligne remarquable.
ETU-04059,2024-2025,STAPS,21,H,Technologique,passable,lycee_public,0,8.4 km,23.0,72.7,16,28.8,32,7,10,7,3,"2,49",7,2,1,,,D,bleu,mardi,185754,10/09/2024,0.93,1,Résultats fragiles aux partiels.
ETU-04577,2024-2025,Informatique,18,f,Generale,Assez Bien,autre,1,10.9,12.0,71.9,26,32.8,59,4,12,11,3,"15,21",6,6,4,3,3,B,bleu,vendredi,749897,06/09/2024,16.77,0,Suivi sans particularité.
ETU-03253,2024-2025,gestion,20,femme,Technologique,Bien,lycee_public,O,3.7,3.0,66.0,3,3.7,12,8,13,8,1,8.54,7,5,3,3,2,C,vert,jeudi,837282,12/09/2024,3.08,1,Engagement en ligne très faible.
ETU-00999,2024-2025,Droit,20,F,general,P,,1,6.0,0.0,79.4,,45.2,72,4,13,10,6,12.23,5,0,3,4,3,B,rouge,vendredi,231687,06/09/2024,16.74,0,
ETU-04761,2024-2025,Informatique,20,M,général ,Très Bien,lycee_public,non,8.3 km,11.0,80.2%,53,112.7,108,1,11,10,2,"13,88",6,6,4,4,3,A,gris,vendredi,153136,13 Sep 2024,18.14,0,Très actif sur la plateforme.
ETU-00253,2024-2025,INFORMATIQUE,23,M,Général,Bien,lycee_prive,Oui,25.2,19.0,"88,3",31,54.1,69,0,9,7,3,"9,79",5,3,5,5,2,H,rouge,vendredi,520581,2024-09-20,16.63,0,Profil dans la moyenne.
ETU-02037,2024-2025,STAPS,18,M,Général,AB,cfa,non,,14.0,"63,1",18,18.0,17,1,10,7,1,9.26,6,4,1,3,3,H,bleu,vendredi,447410,20/09/2024,2.7,1,
ETU-04540,2024-2025,BIOLOGIE,21,f,general,Assez Bien,lycee_prive,N,"0,1",8.0,78.9%,35,40.0,69,3,12,11,1,13.16,6,6,3,4,3,G,rouge,mercredi,648668,2024-09-11,16.2,0,"Bon semestre, résultats solides."
ETU-01947,2024-2025,Lettres,18,M,general,Assez Bien,,0,35.9,6.0,92.6,42,54.4,101,4,11,11,4,11.19,5,4,,3,2,F,vert,vendredi,677374,13/09/2024,15.64,0,Engagement en ligne remarquable.
ETU-01546,2024-2025, Psychologie ,19,H,Technologique,passable,lycee_prive,0,"3,0",17.0,89.7,38,43.6,61,4,10,8,7,12.12,6,5,5,3,3,A,rouge,jeudi,522214,05 Sep 2024,16.16,0,
ETU-01656,2024-2025,DROIT,17,H,general,B,lycee_public,non,,0.0,88.5,52,89.1,90,2,10,9,5,16.01,5,5,4,4,5,D,bleu,jeudi,971114,26/09/2024,18.54,0,
ETU-01790,2024-2025,BIOLOGIE,22,M,Technologique,Assez Bien,lycee_public,oui,"16,8",7.0,"83,0",56,55.2,123,1,10,10,4,15.11,6,5,,5,,C,vert,jeudi,456161,2024-09-19,18.44,0,
ETU-01341,2024-2025,STAPS,18,H,GEN,Passable,lycee_public,Oui,0.6,9.0,65.8%,17,22.1,41,5,10,5,0,12.26,7,6,2,3,3,A,vert,jeudi,844653,12/09/2024,7.28,1,
ETU-04174,2024-2025,Psychologie,18,Homme,Général,P,cfa,non,0.4,23.0,60.7,4,9.5,1,5,10,5,0,"5,23",6,3,1,2,1,A,vert,mardi,195351,2024-09-24,1.11,1,Résultats fragiles aux partiels.
ETU-01197,2024-2025,Psychologie,20,femme,général ,Assez Bien,lycee_public,O,21.0,9.0,78.9,26,64.1,53,5,11,11,8,"11,08",5,4,4,4,,B,gris,mardi,125217,17/09/2024,17.07,0,Profil dans la moyenne.
ETU-03481,2024-2025,Lettres,18,Femme,TECHNO,B,lycee_prive,non,24.7,11.0,67.4,46,85.8,109,5,10,8,7,"15,63",5,2,5,,3,E,rouge,mardi,186011,24/09/2024,17.2,0,
ETU-01021,2024-2025,GESTION,20,h,Technologique,Assez Bien,,O,17.6,0.0,68.6%,3,2.0,9,7,13,8,0,8.22,6,4,3,2,1,D,jaune,vendredi,630155,27 Sep 2024,3.62,1,Engagement en ligne très faible.
ETU-00320,2024-2025, Biologie ,17,H,Generale,B,lycee_public,non,23.0 km,7.0,60.5%,3,3.9,1,6,13,10,0,9.42,5,2,1,1,1,H,gris,mardi,246576,03/09/2024,4.73,1,
ETU-03149,2024-2025,Mathematiques,24,femme,GEN,Assez Bien,lycee_prive,Oui,4.5,7.0,"97,4",31,44.9,54,6,8,6,3,11.61,6,3,4,4,4,D,rouge,mercredi,390569,11/09/2024,16.68,0,
ETU-01157,2024-2025,staps,20,Femme,GEN,passable,lycee_public,non,,17.0,"58,5",11,27.7,23,6,9,6,1,10.4,6,4,3,3,2,F,gris,mercredi,721743,18 Sep 2024,7.79,1,Peu actif sur la plateforme.
ETU-01619,2024-2025,Informatique,20,h,GEN,Assez Bien,lycee_prive,N,21.6,,57.7%,14,29.0,20,4,11,9,0,12.41,7,7,2,3,1,F,jaune,jeudi,542465,19 Sep 2024,13.3,0,Semble peu engagé dans la formation.
ETU-01495,2024-2025,Biologie,19,H,Generale,ab,lycee_public,Non,10.7,5.0,97.0,40,74.5,76,0,10,10,6,17.29,5,4,5,5,4,H,rouge,jeudi,500631,12/09/2024,19.31,0,
ETU-00422,2024-2025,Droit,18,f,PRO,Passable,lycee_prive,Non,17.0,8.0,80.9%,38,53.8,97,2,10,9,5,12.0,5,4,4,3,3,C,rouge,jeudi,306636,05/09/2024,15.01,0,
ETU-02360,2024-2025,staps,23,F,PRO,TB,lycee_public,Non,,18.0,"94,0",34,36.7,65,1,11,10,6,9.12,6,3,5,5,4,D,rouge,jeudi,915574,2024-09-12,14.6,0,
ETU-01019,2024-2025,Droit,19,femme,techno,Assez Bien,cfa,non,"2,5",12.0,77.6,13,12.6,21,6,10,6,0,8.61,5,1,1,2,2,B,bleu,mercredi,936310,18/09/2024,3.3,1,
ETU-02871,2024-2025,Biologie,18,f,Professionnel,P,lycee_public,Oui,"28,7",8.0,73.2,18,32.6,48,3,11,9,4,6.35,6,2,2,2,4,D,rouge,vendredi,172461,06/09/2024,3.06,1,Résultats fragiles aux partiels.
ETU-00052,2024-2025,staps,21,F,TECHNO,,lycee_public,Non,4.6,,97.7,53,44.1,106,4,13,13,6,15.89,6,4,4,4,4,B,vert,lundi,146151,23 Sep 2024,18.42,0,
ETU-04573,2024-2025,gestion,20,Homme,Generale,Très Bien,lycee_public,oui,28.9,0.0,"64,1",4,8.1,35,2,11,8,2,"13,51",6,5,3,2,2,G,bleu,vendredi,727428,06 Sep 2024,7.38,1,
ETU-03951,2024-2025,STAPS,18,f,techno,P,cfa,1,8.9,11.0,"74,1",33,43.1,89,5,10,8,1,8.48,6,2,3,2,4,D,vert,vendredi,152418,2024-09-13,5.58,1,
ETU-00072,2024-2025,Psychologie,18,f,general,passable,lycee_public,Oui,32.2 km,20.0,77.0,38,65.4,115,4,9,7,7,15.27,5,4,5,4,3,G,rouge,mardi,137847,2024-09-03,16.58,0,"Bon semestre, résultats solides."
ETU-01015,2024-2025,BIOLOGIE,19,H,techno,Bien,lycee_public,N,87.6 km,0.0,91.2,40,60.9,71,4,9,8,5,"9,93",6,5,4,3,2,H,bleu,lundi,927051,16 Sep 2024,15.05,0,RAS.
ETU-02121,2024-2025,Mathematiques,21,h,pro,,lycee_public,oui,11.6,,57.9,13,14.6,16,5,8,5,0,9.14,7,2,1,2,2,B,gris,mardi,131478,2024-09-10,4.06,1,Semble peu engagé dans la formation.
ETU-03174,2024-2025,staps,20,h,général ,Très Bien,lycee_public,Oui,10.3,23.0,"69,4",27,47.1,54,1,8,6,3,13.43,5,5,3,3,4,F,vert,mardi,352854,2024-09-10,15.76,0,
ETU-02990,2024-2025,Droit,23,Femme,GEN,AB,lycee_public,Non,,,95.8,53,76.6,126,2,9,9,10,"18,36",7,7,5,5,5,A,gris,mercredi,553023,18/09/2024,19.77,0,
ETU-02710,2024-2025,Informatique,19,F,techno,Bien,lycee_public,0,12.4,15.0,76.8,16,20.8,44,2,10,7,1,14.06,6,6,4,5,2,G,vert,vendredi,842567,27 Sep 2024,15.6,0,"Bon semestre, résultats solides."
ETU-01001,2024-2025,Lettres,19,Femme,techno,AB,lycee_public,0,"10,9",11.0,90.2,46,45.1,118,1,10,10,4,13.01,6,3,3,4,5,A,bleu,vendredi,168137,06/09/2024,18.22,0,
ETU-01328,2024-2025,Lettres,18,M,GEN,Assez Bien,lycee_public,1,"29,9",0.0,93.5,30,43.1,63,5,10,8,2,12.39,6,4,3,2,3,B,rouge,lundi,890519,09 Sep 2024,16.07,0,
ETU-00061,2024-2025,Psychologie,19,Homme,TECHNO,passable,lycee_public,oui,24.3,10.0,74.5,13,25.6,32,8,9,8,4,6.61,5,1,2,3,3,H,bleu,mercredi,618166,2024-09-25,11.4,0,
ETU-04829,2024-2025, Droit ,22,femme,techno,AB,lycee_public,non,4.1,4.0,66.1,40,85.9,101,3,8,7,3,7.44,6,3,3,3,4,E,gris,mercredi,794157,2024-09-25,13.2,0,Résultats fragiles aux partiels.
ETU-02487,2024-2025,Psychologie,20,Homme,Generale,Bien,lycee_prive,non,15.4 km,5.0,67.1,20,28.4,34,3,13,9,0,9.09,7,6,2,5,1,A,jaune,jeudi,802725,2024-09-26,13.13,0,Semble peu engagé dans la formation.
ETU-03549,2024-2025,Biologie,18,h,general,passable,lycee_public,Non,31.8,28.0,93.4,54,68.1,143,1,9,8,4,,6,5,3,5,3,H,jaune,jeudi,623736,05 Sep 2024,19.2,0,Étudiant assidu et investi.
ETU-00196,2024-2025, Psychologie ,18,femme,général ,passable,autre,non,"10,1",6.0,88.4,47,71.0,88,0,9,8,9,14.36,6,5,4,5,,B,vert,jeudi,918791,2024-09-05,19.17,0,
ETU-01210,2024-2025,informatique,20,Femme,Technologique,Assez Bien,cfa,non,"27,9",14.0,66.8%,16,21.4,37,2,13,8,0,"7,24",7,4,1,1,1,C,bleu,mardi,864204,24 Sep 2024,3.06,1,
ETU-01532,2024-2025,Psychologie,20,femme,Général,Assez Bien,,non,9.7,11.0,96.9,50,58.1,147,2,9,9,13,13.11,6,6,5,4,5,F,gris,lundi,938191,16 Sep 2024,17.68,0,
ETU-00765,2024-2025,DROIT,20,M,Général,Passable,lycee_public,N,34.0,0.0,"75,2",51,69.4,111,3,12,10,2,12.65,6,4,3,3,1,F,rouge,vendredi,590376,06 Sep 2024,16.68,0,Engagement en ligne remarquable.
ETU-00944,2024-2025,PSYCHOLOGIE,22,F,techno,Assez Bien,lycee_prive,Non,3.4,0.0,71.7%,33,52.6,98,0,9,9,5,"16,44",5,3,3,2,4,C,gris,lundi,526468,23 Sep 2024,18.97,0,Suivi sans particularité.
ETU-02985,2024-2025,PSYCHOLOGIE,18,h,Technologique,Bien,lycee_public,1,16.5,,80.6,13,18.8,45,7,13,10,0,13.26,7,3,1,4,2,H,jaune,mercredi,762994,11 Sep 2024,14.87,0,
ETU-00568,2024-2025,Informatique,18,F,techno,passable,lycee_public,oui,7.8,16.0,92.6,,36.5,99,5,8,7,5,8.05,5,0,3,4,3,F,bleu,mardi,251794,17/09/2024,15.1,0,
ETU-02029,2024-2025,Biologie,20,h,general,Passable,lycee_prive,O,29.3,0.0,93.5,33,26.8,67,6,8,7,9,"12,51",7,4,5,5,2,C,bleu,vendredi,516937,27 Sep 2024,17.34,0,Travail sérieux et régulier.
ETU-00309,2024-2025,Biologie,21,f,Technologique,Passable,autre,non,9.7,8.0,"73,1",38,69.8,85,1,12,11,4,17.64,6,6,5,2,4,G,vert,mercredi,654437,04/09/2024,19.0,0,
ETU-00687,2024-2025,Informatique,21,M,TECHNO,B,lycee_public,0,0.9,21.0,52.4%,6,6.4,12,4,9,4,1,14.91,6,3,,1,2,C,gris,jeudi,726773,2024-09-05,8.21,1,Forte baisse d'assiduité ce semestre.
ETU-04237,2024-2025,Informatique,20,F,GEN,passable,,oui,4.5,19.0,73.0,22,43.1,46,2,9,7,4,12.05,5,4,5,4,4,H,gris,vendredi,257012,27 Sep 2024,14.14,0,RAS.
ETU-03284,2024-2025, Biologie ,23,Femme,GEN,passable,lycee_prive,N,1.5,7.0,72.2,29,71.2,72,6,8,6,1,"10,23",5,2,2,4,,B,jaune,lundi,185812,02 Sep 2024,13.61,0,
ETU-01770,2024-2025,Droit,26,H,techno,ab,lycee_prive,oui,5.7 km,0.0,90.4,61,64.1,128,0,12,12,5,11.66,6,3,5,5,4,H,bleu,lundi,516591,2024-09-23,18.76,0,
ETU-00646,2024-2025,biologie,19,F,GEN,Passable,lycee_prive,Non,1.6,22.0,"88,6",24,23.2,57,5,11,11,6,10.69,6,5,3,4,3,C,rouge,jeudi,569093,2024-09-12,15.74,0,
ETU-02930,2024-2025,gestion,19,Homme,general,Bien,lycee_public,N,,,78.7%,37,77.2,84,2,10,9,2,13.21,6,2,3,4,3,C,bleu,jeudi,312431,19/09/2024,18.14,0,"Bon semestre, résultats solides."
ETU-04925,2024-2025,Droit,19,M,général ,P,lycee_prive,Oui,5.8,0.0,71.5,8,6.7,12,6,10,6,0,10.66,6,5,2,4,2,C,vert,jeudi,943230,26/09/2024,5.68,1,
ETU-02080,2024-2025,Gestion,17,f,général ,P,lycee_public,Non,"6,3",0.0,61.3,25,30.4,61,4,12,11,0,11.06,7,5,2,2,5,C,gris,mardi,613328,10/09/2024,14.34,0,
ETU-01046,2024-2025, Mathematiques ,18,h,TECHNO,TB,lycee_public,0,"3,8",0.0,"77,9",35,32.7,96,2,8,8,7,12.96,6,6,5,3,3,E,jaune,jeudi,875229,26/09/2024,18.07,0,"Bon semestre, résultats solides."
ETU-02629,2024-2025,Droit,18,F,techno,,lycee_prive,N,"20,9",21.0,75.8%,26,36.2,51,1,8,8,5,13.34,5,4,4,4,2,G,gris,jeudi,623022,26/09/2024,15.72,0,
ETU-01234,2024-2025,Informatique,20,h,general,B,lycee_prive,0,43.0,7.0,70.2,55,91.7,132,4,11,10,5,12.77,6,6,5,3,4,B,gris,vendredi,611897,2024-09-27,18.41,0,
ETU-00433,2024-2025, Lettres ,19,F,Generale,Bien,,O,23.2,7.0,61.4,29,56.5,51,5,8,6,5,10.09,6,4,3,2,4,D,bleu,jeudi,271565,26 Sep 2024,5.72,1,
ETU-03827,2024-2025, Psychologie ,21,femme,Technologique,,lycee_prive,N,15.4,10.0,63.4,25,68.2,38,4,8,7,4,"10,33",6,3,4,1,3,F,gris,lundi,710956,09 Sep 2024,8.02,1,
ETU-01145,2024-2025,Informatique,20,M,techno,ab,lycee_prive,N,15.6,15.0,79.6,8,0.3,22,2,12,10,5,11.89,6,2,2,5,2,G,vert,vendredi,492331,2024-09-13,15.91,0,Peu actif sur la plateforme.
ETU-02543,2024-2025,BIOLOGIE,19,femme,TECHNO,AB,lycee_public,Oui,"6,7",28.0,97.3,44,88.0,126,3,13,12,4,"10,72",5,4,5,5,5,H,jaune,mercredi,519571,11 Sep 2024,17.17,0,
ETU-02529,2024-2025,biologie,22,Femme,general,Passable,lycee_prive,1,71.0,20.0,71.2,19,47.0,22,3,10,8,1,"13,14",7,6,2,3,1,G,bleu,mardi,871605,2024-09-10,9.49,1,
ETU-02387,2024-2025,Psychologie,20,M,Generale,Très Bien,lycee_prive,Oui,48.9,13.0,85.4,44,74.2,114,1,13,11,3,8.33,7,2,2,3,2,C,gris,lundi,552649,02/09/2024,14.09,0,"Motivation en berne, à accompagner."
ETU-03124,2024-2025,droit,21,F,GEN,TB,lycee_prive,N,20.0,18.0,62.5,7,8.3,20,5,12,6,0,8.52,5,4,2,2,1,E,bleu,lundi,973439,2024-09-23,1.94,1,Peu actif sur la plateforme.
ETU-00555,2024-2025,Droit,19,F,TECHNO,passable,lycee_public,N,36.0,11.0,77.9,34,72.9,74,3,10,10,6,"7,67",6,4,3,3,,H,jaune,jeudi,548610,2024-09-26,14.16,0,
ETU-03370,2024-2025,Gestion,20,Homme,général ,P,lycee_public,N,10.0,0.0,74.3%,27,35.9,44,3,12,8,1,8.4,7,2,3,2,5,E,rouge,lundi,426957,02 Sep 2024,12.49,0,
ETU-01371,2024-2025,MATHEMATIQUES,17,f,général ,Bien,lycee_public,0,,,80.9,25,45.1,49,0,12,11,0,10.85,6,6,4,4,3,F,gris,vendredi,920743,2024-09-20,15.26,0,
ETU-02262,2024-2025,Droit,18,femme,Technologique,Passable,lycee_public,non,,24.0,64.3,32,62.0,77,5,11,8,1,9.61,5,4,3,3,2,C,bleu,vendredi,249096,2024-09-20,4.83,1,
ETU-01519,2024-2025,STAPS,19,femme,Général,AB,lycee_public,O,40.5,8.0,"96,3",40,43.9,68,1,13,13,9,13.92,6,6,5,5,4,F,vert,mercredi,969892,2024-09-11,18.08,0,Étudiant assidu et investi.
ETU-04595,2024-2025, Droit ,21,M,Général,passable,lycee_public,N,35.2,10.0,95.4,25,45.0,56,1,12,12,5,12.1,6,3,,4,4,C,vert,mardi,123872,10 Sep 2024,14.96,0,Travail sérieux et régulier.
ETU-01700,2024-2025,Droit,20,femme,GEN,Bien,lycee_public,non,7.6,,"85,0",25,42.7,40,3,10,7,1,13.91,7,3,2,4,3,H,gris,vendredi,983541,13/09/2024,16.06,0,
ETU-00866,2024-2025, Gestion ,21,Homme,général ,Bien,lycee_public,0,65.4,,67.3,37,59.3,74,6,13,11,1,"8,69",6,3,2,2,2,A,bleu,lundi,824093,02/09/2024,13.31,0,"Motivation en berne, à accompagner."
ETU-01565,2024-2025,Gestion,17,H,GEN,Assez Bien,lycee_public,Oui,"14,7",8.0,75.8,36,54.0,69,7,10,7,1,12.63,6,3,3,4,2,E,jaune,lundi,272377,2024-09-09,15.61,0,"Bon semestre, résultats solides."
ETU-03094,2024-2025,droit,18,Femme,Général,ab,lycee_prive,N,9.6,21.0,78.7,,35.0,68,5,10,6,0,"4,98",6,3,1,,2,B,vert,lundi,912461,2024-09-02,12.07,0,
ETU-03747,2024-2025,staps,17,Femme,techno,Bien,lycee_prive,1,,18.0,"97,1",60,93.5,107,1,10,10,9,16.4,5,2,5,3,,E,gris,vendredi,133981,13/09/2024,19.73,0,"Très bon investissement, en réussite."
ETU-03622,2024-2025,Lettres,18,Femme,GEN,B,lycee_public,N,"10,8",0.0,"63,7",19,32.7,32,8,11,9,3,13.79,7,5,4,3,3,H,jaune,jeudi,344249,12 Sep 2024,15.2,0,
ETU-00109,2024-2025,gestion,21,Femme,TECHNO,ab,lycee_prive,O,21.1,,"78,3",40,81.5,106,3,8,6,3,"11,3",6,4,2,3,1,B,bleu,mercredi,283684,2024-09-18,15.45,0,Semble peu engagé dans la formation.
ETU-04644,2024-2025,Biologie,19,femme,general,Très Bien,lycee_public,0,13.8,0.0,69.8,3,3.9,1,2,13,9,0,12.82,6,4,2,2,2,E,vert,jeudi,735022,2024-09-26,8.77,1,Engagement en ligne très faible.
ETU-03420,2024-2025,biologie,22,H,Generale,Assez Bien,,Non,17.0 km,15.0,"69,9",3,5.2,1,4,12,7,1,3.92,7,2,1,3,1,H,bleu,mercredi,318286,2024-09-18,2.22,1,En difficulté sur les évaluations.
ETU-00059,2024-2025,Informatique,18,F,général ,P,lycee_public,non,30.3,0.0,78.7,11,20.0,18,7,13,9,2,12.94,5,4,1,4,1,D,vert,mercredi,950608,11/09/2024,8.87,1,Peu actif sur la plateforme.
ETU-03276,2024-2025,Droit,17,F,Général,P,lycee_public,O,"9,4",0.0,86.9,47,46.3,88,4,11,10,7,12.85,6,6,5,5,,G,bleu,mercredi,435015,2024-09-11,17.8,0,
ETU-03315,2024-2025,Psychologie,22,F,Generale,Bien,lycee_public,non,7.5,20.0,77.5,12,12.8,27,2,10,9,4,10.73,6,4,2,4,2,B,vert,vendredi,556446,2024-09-27,14.34,0,
ETU-01767,2024-2025, Mathematiques ,18,H,TECHNO,Bien,lycee_prive,oui,"20,6",11.0,"54,8",21,34.2,77,5,11,7,0,13.84,7,7,4,1,2,F,jaune,vendredi,282189,27 Sep 2024,16.51,0,"Absences répétées, situation préoccupante."
ETU-02213,2024-2025,Informatique,22,h,pro,Assez Bien,lycee_public,non,2.3,18.0,83.6,51,105.9,135,2,13,10,4,"14,43",6,5,4,3,3,C,bleu,mardi,476609,17 Sep 2024,16.73,0,Engagement en ligne remarquable.
ETU-01926,2024-2025, Biologie ,20,Femme,general,P,lycee_public,N,18.8 km,5.0,98.5%,48,55.0,71,0,12,11,5,13.79,6,5,5,3,5,E,gris,vendredi,256448,06 Sep 2024,17.88,0,
ETU-05124,2024-2025,Informatique,19,femme,general,Passable,lycee_prive,N,35.0,3.0,90.9,57,94.1,99,0,10,10,6,11.89,6,5,5,5,2,D,jaune,mardi,869866,10/09/2024,17.22,0,Très actif sur la plateforme.
ETU-04220,2024-2025,LETTRES,19,M,pro,P,lycee_public,Non,"2,8",0.0,60.8,11,20.1,16,6,12,6,0,2.29,6,0,2,4,1,G,gris,lundi,389385,16 Sep 2024,0.89,1,
ETU-02394,2024-2025,psychologie,20,h,general,P,lycee_public,N,4.9,17.0,98.8,69,96.8,155,0,10,10,10,"15,22",6,5,5,5,5,A,gris,mercredi,772602,18 Sep 2024,19.35,0,Étudiant assidu et investi.
ETU-02216,2024-2025,BIOLOGIE,20,h,pro,AB,lycee_public,Oui,"28,9",6.0,"80,8",31,33.6,79,7,13,10,3,9.11,6,2,3,2,3,G,bleu,mardi,621087,2024-09-10,12.8,0,Profil dans la moyenne.
ETU-01276,2024-2025,MATHEMATIQUES,20,Femme,techno,Assez Bien,cfa,oui,"2,1",,81.8,10,16.2,18,6,9,6,1,12.5,5,4,2,3,2,G,jaune,jeudi,525979,19/09/2024,6.93,1,
ETU-04484,2024-2025, Mathematiques ,20,Femme,général ,Passable,lycee_prive,1,2.3,15.0,67.2,13,20.3,17,6,12,9,2,"6,58",7,4,3,2,3,F,rouge,mercredi,126120,25 Sep 2024,3.37,1,En difficulté sur les évaluations.
ETU-03644,2024-2025,gestion,18,h,Generale,Bien,lycee_public,non,5.9 km,27.0,96.7,54,100.4,153,0,8,8,8,13.83,5,5,3,5,5,G,rouge,jeudi,431871,12/09/2024,19.28,0,Étudiant assidu et investi.
ETU-02943,2024-2025,Lettres,20,f,TECHNO,B,,0,16.3,8.0,95.2,43,58.0,67,5,13,11,2,"10,59",6,6,5,3,4,G,bleu,mardi,500727,03 Sep 2024,15.69,0,
ETU-02463,2024-2025,Informatique,19,h,Generale,Assez Bien,lycee_public,0,4.9,18.0,76.0%,28,63.5,55,4,8,6,4,11.63,5,2,4,4,3,A,jaune,vendredi,856343,13/09/2024,16.51,0,
ETU-01048,2024-2025,droit,21,M,Général,TB,lycee_public,Non,4.2,15.0,"77,7",34,37.5,81,2,9,8,8,"8,67",6,5,4,5,3,C,rouge,jeudi,117597,26/09/2024,13.95,0,RAS.
ETU-00436,2024-2025,Lettres,18,Femme,GEN,Passable,autre,0,3.6,0.0,"78,9",3,1.2,8,3,13,12,2,10.72,6,6,3,4,3,E,jaune,mercredi,698131,25 Sep 2024,13.19,0,Peu actif sur la plateforme.
ETU-04529,2024-2025, STAPS ,18,f,Général,P,lycee_prive,0,9.2,17.0,78.6,33,56.1,85,7,12,11,3,10.93,6,3,3,4,3,F,vert,vendredi,344502,27 Sep 2024,16.13,0,
ETU-04878,2024-2025,Psychologie,21,Femme,général ,passable,lycee_public,Oui,15.6,18.0,67.1,12,20.0,23,1,10,7,2,7.68,6,2,3,1,,F,gris,vendredi,104189,2024-09-06,4.93,1,
ETU-01456,2024-2025, STAPS ,19,f,Général,B,lycee_public,non,22.2,13.0,69.9,18,26.7,54,4,13,8,2,11.99,6,3,3,5,,D,vert,vendredi,664511,27 Sep 2024,12.09,0,
ETU-02226,2024-2025, Mathematiques ,20,Homme,PRO,,lycee_public,non,,14.0,86.7%,35,31.2,95,4,8,6,5,"12,45",6,6,,4,4,B,vert,vendredi,760254,06/09/2024,17.26,0,"Bon semestre, résultats solides."
ETU-04747,2024-2025,Gestion,21,h,TECHNO,Très Bien,lycee_prive,Oui,15.9,24.0,61.0%,,5.9,12,3,11,11,0,7.87,6,3,,3,2,H,rouge,mardi,639874,17 Sep 2024,2.9,1,
ETU-03585,2024-2025,INFORMATIQUE,20,f,TECHNO,,lycee_public,0,"15,4",25.0,"93,7",37,64.7,76,3,8,6,6,"11,62",5,2,4,2,4,E,vert,mardi,953338,03 Sep 2024,18.13,0,Suivi sans particularité.
ETU-03766,2024-2025,Gestion,22,h,Professionnel,ab,lycee_public,Oui,0.7,19.0,97.8,38,42.4,111,7,10,10,1,12.61,5,3,3,4,3,G,gris,vendredi,687900,13/09/2024,15.7,0,Travail sérieux et régulier.
ETU-01296,2024-2025,Droit,21,H,Technologique,AB,lycee_prive,non,21.7,5.0,92.6,45,67.6,94,3,8,7,6,11.12,6,3,5,5,3,D,rouge,vendredi,730526,06 Sep 2024,17.42,0,Engagement en ligne remarquable.
ETU-01653,2024-2025,Informatique,21,femme,pro,Bien,lycee_public,Oui,15.8,0.0,96.7,59,49.1,137,1,13,13,13,14.01,6,6,5,5,5,A,bleu,vendredi,595105,27 Sep 2024,19.65,0,
ETU-03269,2024-2025,biologie,19,F,Technologique,Bien,lycee_public,1,17.4,16.0,"65,5",15,19.9,33,7,11,7,0,9.71,6,3,3,2,1,G,bleu,mercredi,519521,2024-09-18,3.75,1,
ETU-01315,2024-2025,STAPS,21,F,Général,B,lycee_public,non,37.7,,78.8,25,45.2,65,3,11,11,1,"14,35",6,3,4,4,3,E,jaune,mardi,566146,2024-09-17,16.82,0,Travail sérieux et régulier.
ETU-03168,2024-2025,Psychologie,18,F,Generale,B,lycee_public,1,24.3,17.0,"59,0",6,3.5,17,5,10,7,0,"14,32",7,3,2,3,2,H,jaune,mercredi,392787,11/09/2024,8.48,1,Engagement en ligne très faible.
ETU-00796,2024-2025,gestion,19,femme,GEN,B,lycee_prive,O,"3,1",15.0,91.3,35,40.8,60,4,9,8,4,"10,48",5,4,3,4,1,F,rouge,vendredi,773395,13/09/2024,14.46,0,
ETU-01059,2024-2025,STAPS,20,M,GEN,passable,,Oui,1.4,0.0,67.8,30,53.4,43,8,9,8,3,9.26,5,4,4,3,2,F,rouge,mardi,916681,24/09/2024,13.02,0,
ETU-04883,2024-2025,biologie,18,femme,general,Passable,,0,1.9,28.0,74.0,10,19.1,25,3,8,6,1,,7,7,1,3,2,A,gris,mercredi,991781,2024-09-18,18.06,0,
ETU-01447,2024-2025,Gestion,25,H,Général,ab,lycee_public,Non,97.3,0.0,67.3,19,21.6,45,3,12,12,3,5.17,7,3,1,4,2,D,rouge,jeudi,395610,2024-09-12,10.26,0,
ETU-01533,2024-2025,Psychologie,22,Femme,pro,Passable,lycee_public,Non,2.5,23.0,76.1,32,45.4,71,6,12,10,3,"10,33",6,2,2,2,3,G,gris,mardi,899872,10 Sep 2024,7.37,1,
ETU-03669,2024-2025,INFORMATIQUE,19,femme,PRO,,lycee_public,oui,27.6,15.0,75.9,10,27.9,29,3,10,8,2,10.67,5,4,4,4,1,A,bleu,lundi,216860,23 Sep 2024,4.82,1,Peu actif sur la plateforme.
ETU-03068,2024-2025,Gestion,21,f,Technologique,AB,lycee_public,O,"5,1",3.0,63.4,7,9.4,25,7,11,7,0,13.05,6,2,2,,1,E,rouge,mardi,571951,2024-09-03,7.15,1,Engagement en ligne très faible.
ETU-03235,2024-2025,Mathematiques,18,h,général ,P,cfa,1,"25,2",9.0,81.5,14,25.7,34,7,13,8,0,7.37,5,3,1,2,1,F,rouge,vendredi,532296,2024-09-13,3.38,1,En difficulté sur les évaluations.
ETU-04684,2024-2025,MATHEMATIQUES,18,f,Generale,AB,lycee_prive,1,2.2,,52.9,5,12.7,19,8,10,8,4,11.91,5,5,3,2,1,E,gris,lundi,784245,2024-09-23,13.04,0,
ETU-03910,2024-2025,Biologie,19,f,Generale,,lycee_public,Non,93.7 km,23.0,78.4%,23,28.7,58,5,11,7,0,10.71,6,3,3,2,,D,vert,lundi,722130,09 Sep 2024,6.57,1,
ETU-02439,2024-2025,DROIT,22,F,Technologique,B,lycee_public,1,"10,6",12.0,68.8,31,43.7,44,5,12,11,4,"10,48",6,3,3,2,3,E,bleu,mardi,383533,03/09/2024,15.39,0,
ETU-02741,2024-2025,PSYCHOLOGIE,18,Femme,général ,Assez Bien,lycee_public,0,20.5,0.0,93.0%,31,67.1,75,1,13,10,4,13.65,7,5,4,5,3,F,vert,mardi,543984,10 Sep 2024,17.46,0,
ETU-02447,2024-2025, Gestion ,19,femme,GEN,Bien,lycee_public,0,6.7,10.0,80.5,20,32.7,42,4,12,11,4,9.49,5,3,5,4,2,F,vert,mercredi,150876,25 Sep 2024,13.69,0,RAS.
ETU-01952,2024-2025,psychologie,20,femme,Technologique,Bien,lycee_prive,non,"3,7",19.0,74.4%,34,48.1,69,8,9,8,3,,6,6,4,3,2,H,rouge,jeudi,979090,19 Sep 2024,15.49,0,
ETU-00880,2024-2025,PSYCHOLOGIE,19,femme,Generale,Assez Bien,lycee_public,non,1.3,24.0,84.8,21,45.0,51,5,8,8,2,10.39,6,6,4,3,5,F,jaune,vendredi,378256,13 Sep 2024,15.23,0,
ETU-04616,2024-2025,Gestion,23,M,GEN,passable,lycee_public,Non,2.5,23.0,90.0,29,43.6,63,2,10,7,2,"11,85",6,5,4,4,3,G,gris,mardi,683762,10/09/2024,15.56,0,
ETU-01488,2024-2025,Biologie,19,F, pro,AB,cfa,oui,2.7,10.0,82.3,23,33.2,54,7,11,9,0,8.64,7,3,3,3,2,A,gris,jeudi,309274,26 Sep 2024,13.84,0,Suivi sans particularité.
ETU-02078,2024-2025,Gestion,20,f, pro,Assez Bien,lycee_public,0,28.0,0.0,59.2%,18,20.4,52,2,13,12,6,12.1,6,2,2,4,1,D,bleu,jeudi,993081,2024-09-12,9.08,1,"Motivation en berne, à accompagner."
ETU-01504,2024-2025,Informatique,20,H,Général,TB,lycee_public,0,"36,6",12.0,82.6,27,39.3,76,3,11,10,5,12.29,6,5,4,4,3,B,gris,vendredi,339575,06 Sep 2024,17.93,0,
ETU-01840,2024-2025,PSYCHOLOGIE,17,H,Professionnel,Assez Bien,lycee_public,non,2.6 km,18.0,60.4,3,3.0,1,6,9,6,1,6.34,5,0,3,3,3,G,rouge,jeudi,443771,2024-09-26,1.1,1,En difficulté sur les évaluations.
ETU-03901,2024-2025,STAPS,21,H,general,Passable,lycee_public,Non,24.7,24.0,67.8,32,55.1,58,4,9,9,2,"9,32",6,5,3,3,3,B,bleu,lundi,360004,02 Sep 2024,12.9,0,
ETU-01544,2024-2025,STAPS,19,Homme,Generale,B,lycee_public,Non,4.1,0.0,59.1%,3,4.1,9,7,10,7,0,9.74,5,1,1,4,,A,rouge,vendredi,221309,13/09/2024,4.12,1,
ETU-00165,2024-2025,Droit,21,H,Professionnel,Passable,lycee_public,Non,,0.0,59.0,25,40.0,61,4,8,7,1,7.41,6,2,3,,3,D,gris,jeudi,269354,05 Sep 2024,12.24,0,
ETU-02343,2024-2025,Biologie,18,F,techno,ab,lycee_public,N,13.2,7.0,75.0,16,20.0,26,5,13,11,3,14.74,5,5,3,3,,B,rouge,mardi,778923,24 Sep 2024,16.69,0,
ETU-04646,2024-2025,Droit,18,h,Général,Assez Bien,lycee_public,O,,0.0,75.2,21,33.9,37,5,11,7,2,11.47,6,0,3,2,3,B,rouge,mercredi,345994,04/09/2024,13.87,0,Suivi sans particularité.
ETU-01308,2024-2025,Gestion,22,M,Général,ab,lycee_public,oui,9.3,15.0,64.7,27,59.2,55,5,10,5,0,9.78,6,5,3,1,4,F,jaune,vendredi,950978,2024-09-13,4.56,1,
ETU-00362,2024-2025,Biologie,20,Femme,general,P,lycee_public,oui,"11,9",11.0,"85,2",,41.5,100,2,13,11,7,"10,72",6,4,5,,4,F,gris,mercredi,596777,2024-09-25,17.99,0,Engagement en ligne remarquable.
ETU-04590,2024-2025,STAPS,18,F,GEN,tres bien,lycee_public,0,20.7,0.0,93.8,,70.0,80,2,12,12,6,"12,87",6,3,5,5,5,B,gris,lundi,802561,16/09/2024,16.97,0,Très actif sur la plateforme.
ETU-03050,2024-2025,Informatique,23,h,general,Assez Bien,lycee_public,oui,17.8,7.0,"45,6",0,0.0,0,7,13,7,0,7.75,5,3,2,1,1,H,rouge,mardi,846414,17 Sep 2024,2.4,1,"Absences répétées, situation préoccupante."
ETU-00141,2024-2025,PSYCHOLOGIE,20,H,TECHNO,Passable,lycee_public,oui,10.2,11.0,74.3,28,38.1,43,8,12,10,3,5.38,5,2,4,3,3,E,rouge,lundi,959480,2024-09-23,12.01,0,Résultats fragiles aux partiels.
ETU-04700,2024-2025,lettres,20,femme,GEN,B,lycee_public,0,1.7,,61.8%,13,25.2,28,5,9,6,0,12.49,7,7,3,4,3,C,bleu,lundi,477123,09 Sep 2024,13.45,0,
ETU-03373,2024-2025,STAPS,18,f,GEN,ab,lycee_public,O,11.4,0.0,68.6,26,43.0,42,4,11,9,3,"12,64",6,5,3,4,2,C,jaune,mercredi,896806,18 Sep 2024,15.49,0,
ETU-01039,2024-2025,PSYCHOLOGIE,21,F,général ,Passable,lycee_public,Non,,21.0,84.6,24,27.6,66,2,8,6,1,14.95,5,4,2,3,3,B,jaune,mardi,310954,17 Sep 2024,17.56,0,Semble peu engagé dans la formation.
ETU-01665,2024-2025,gestion,22,Femme,général ,TB,,0,"3,5",0.0,88.9,25,34.7,59,2,11,10,3,12.42,6,5,4,5,3,G,bleu,mardi,770828,2024-09-17,16.76,0,
ETU-02013,2024-2025,Droit,21,f,general,Assez Bien,lycee_public,0,11.6,25.0,77.2,36,71.1,88,2,12,11,0,17.72,6,6,3,2,1,C,rouge,mercredi,298177,25 Sep 2024,19.07,0,
ETU-05099,2024-2025,Lettres,17,f,Technologique,AB,lycee_public,non,23.5,0.0,"80,1",47,85.3,83,5,9,6,5,"7,96",7,3,3,3,4,D,jaune,lundi,672394,2024-09-16,15.19,0,
ETU-03286,2024-2025,Informatique,22,F,GEN,passable,lycee_public,N,6.9 km,10.0,"72,9",19,26.7,31,7,13,11,3,"11,58",6,5,2,3,3,C,rouge,lundi,319540,09/09/2024,5.97,1,"Motivation en berne, à accompagner."
ETU-03930,2024-2025, Mathematiques ,18,Homme,techno,Assez Bien,lycee_public,Oui,"11,1",17.0,62.4,28,37.7,60,3,12,9,1,12.18,5,1,1,5,2,G,bleu,jeudi,581419,26/09/2024,6.07,1,
ETU-02230,2024-2025,Psychologie,20,Homme,pro,Très Bien,lycee_public,oui,4.7,23.0,"67,7",21,43.2,40,6,9,7,0,8.37,5,4,1,2,3,G,bleu,mardi,757280,24 Sep 2024,3.6,1,Semble peu engagé dans la formation.
ETU-01953,2024-2025,Informatique,18,h,général ,Assez Bien,lycee_public,N,9.9,,74.8,18,9.3,55,8,13,8,0,13.71,5,5,2,3,2,F,gris,jeudi,244850,2024-09-19,15.57,0,"Rendus souvent en retard, à relancer."
ETU-02443,2024-2025,Droit,20,F,general,Assez Bien,lycee_public,0,4.8 km,8.0,89.2,42,98.4,77,2,9,7,2,"8,58",7,4,3,4,2,F,gris,vendredi,775326,06 Sep 2024,15.21,0,Très actif sur la plateforme.
ETU-02258,2024-2025, Biologie ,20,F,general,TB,lycee_public,0,"3,9",0.0,70.6,28,61.1,56,6,12,9,5,7.93,6,3,4,4,4,E,jaune,mardi,717751,17/09/2024,13.03,0,Résultats fragiles aux partiels.
ETU-03719,2024-2025,Informatique,21,H,Général,Assez Bien,lycee_prive,O,0.8,0.0,"94,0",31,62.9,67,4,12,11,5,16.94,7,6,4,4,3,D,vert,mardi,807588,10 Sep 2024,19.5,0,
ETU-02425,2024-2025,GESTION,20,Homme,Technologique,Bien,lycee_prive,N,2.7,0.0,"80,7",27,40.3,51,5,13,9,1,"10,98",6,4,,2,5,H,bleu,mardi,745413,03 Sep 2024,16.2,0,
ETU-02866,2024-2025,Informatique,17,H,techno,passable,lycee_public,oui,41.3,13.0,75.0,,42.8,64,3,10,9,2,"9,19",6,5,3,4,,H,rouge,mercredi,852377,2024-09-25,13.09,0,Profil dans la moyenne.
ETU-04065,2024-2025,Informatique,20,f,Général,ab,lycee_public,N,41.9,0.0,76.8,37,60.5,82,3,9,7,3,"5,5",6,3,3,3,2,B,vert,lundi,892485,23 Sep 2024,10.47,0,Résultats fragiles aux partiels.
ETU-00395,2024-2025,mathematiques,21,Femme,général ,,cfa,Oui,11.0,16.0,75.3,21,34.6,45,5,10,8,2,"13,88",5,2,3,2,4,F,vert,lundi,846111,2024-09-16,16.87,0,"Bon semestre, résultats solides."
ETU-02333,2024-2025,Biologie,20,h,général ,Assez Bien,lycee_public,O,14.1,23.0,75.0%,19,18.4,26,4,10,9,4,9.83,5,3,2,5,2,G,bleu,vendredi,572069,13/09/2024,13.03,0,
ETU-00738,2024-2025,droit,21,Femme,général ,P,lycee_public,non,3.6,0.0,62.8,30,46.3,60,4,8,7,2,12.45,6,5,4,3,,G,vert,vendredi,127590,13 Sep 2024,15.85,0,RAS.
ETU-04386,2024-2025,Mathematiques,19,M,général ,B,lycee_public,1,14.8,6.0,81.3,20,35.5,37,4,12,11,3,18.86,6,6,5,3,5,E,jaune,mardi,726373,24 Sep 2024,19.65,0,
ETU-02662,2024-2025,Lettres,18,h,Generale,TB,,N,,21.0,"89,1",24,58.9,46,3,10,10,6,14.47,6,6,5,,3,D,jaune,mercredi,637668,18 Sep 2024,18.22,0,Travail sérieux et régulier.
ETU-04334,2024-2025, Gestion ,22,Homme,general,ab,lycee_public,oui,"7,0",0.0,89.3,28,35.2,53,1,8,7,4,10.61,5,3,3,4,3,D,rouge,jeudi,935533,12 Sep 2024,17.07,0,
ETU-03328,2024-2025,Mathematiques,20,h,GEN,AB,lycee_public,N,,0.0,80.4%,16,21.8,29,0,12,11,3,13.77,6,6,,3,2,H,jaune,lundi,998497,09 Sep 2024,17.03,0,
ETU-04508,2024-2025, Informatique ,17,Homme,général ,Assez Bien,lycee_public,N,24.7,0.0,73.2,42,57.5,105,3,10,10,2,"14,49",6,3,4,1,1,F,gris,vendredi,354085,06/09/2024,17.83,0,
ETU-00662,2024-2025,droit,19,Femme,Professionnel,P,lycee_public,0,4.3,0.0,"86,9",27,33.9,57,3,11,11,5,"5,69",6,0,3,3,3,A,gris,jeudi,236368,26 Sep 2024,11.89,0,Résultats fragiles aux partiels.
ETU-02614,2024-2025,informatique,19,F,general,B,lycee_public,O,,0.0,74.6%,22,23.1,43,7,8,7,2,12.39,6,6,3,5,2,E,bleu,vendredi,412035,2024-09-06,15.59,0,
ETU-01129,2024-2025, Informatique ,19,f,GEN,Assez Bien,lycee_public,non,8.1,6.0,81.1,41,72.7,123,3,8,8,8,"11,91",6,5,3,2,5,F,jaune,jeudi,129374,12/09/2024,16.63,0,
ETU-01284,2024-2025,Informatique,21,f,general,AB,lycee_public,Non,"18,4",0.0,75.6,29,33.7,64,5,13,8,1,11.83,6,3,2,4,3,B,gris,mardi,615398,17 Sep 2024,8.37,1,Semble peu engagé dans la formation.
ETU-00978,2024-2025,Gestion,19,Femme,général ,passable,lycee_public,Oui,7.3,,67.0%,,13.0,13,5,8,5,0,8.38,6,4,2,1,2,H,bleu,jeudi,883559,26 Sep 2024,2.59,1,Peu actif sur la plateforme.
ETU-02276,2024-2025,MATHEMATIQUES,17,NB,PRO,Passable,cfa,0,3.3,3.0,"99,1",42,49.5,90,0,13,13,4,10.23,6,2,5,4,5,A,bleu,vendredi,623062,2024-09-06,16.0,0,Très actif sur la plateforme.
ETU-02696,2024-2025,Psychologie,22,f,Général,Bien,lycee_public,N,14.6,14.0,"84,4",35,45.9,73,4,10,10,3,"10,34",7,6,4,,4,C,gris,mardi,471698,03 Sep 2024,17.57,0,
ETU-00149,2024-2025,Biologie,22,femme,techno,Assez Bien,,O,"3,4",0.0,92.7%,59,109.5,145,0,13,13,5,"8,33",5,3,5,3,4,G,bleu,vendredi,421709,06/09/2024,17.48,0,Engagement en ligne remarquable.
ETU-03923,2024-2025,Psychologie,18,Femme,techno,P,cfa,non,26.5 km,0.0,82.8%,45,66.1,84,4,9,7,6,8.86,5,4,3,4,3,F,gris,mercredi,481259,2024-09-18,16.19,0,Très actif sur la plateforme.
ETU-00019,2024-2025,Psychologie,22,H,TECHNO,AB,cfa,1,"4,9",0.0,80.8,27,35.6,43,4,10,9,3,10.76,7,5,4,3,4,E,vert,vendredi,498401,06/09/2024,13.48,0,
ETU-03486,2024-2025,Psychologie,22,M,PRO,Bien,lycee_public,oui,1.4,0.0,73.5%,20,19.7,41,2,10,8,5,7.75,6,3,3,3,2,B,bleu,mardi,608732,2024-09-10,11.97,0,
ETU-02482,2024-2025,informatique,18,H,général ,Bien,lycee_public,oui,38.6,,72.2,23,26.1,48,6,11,9,2,5.88,6,2,1,4,2,F,rouge,vendredi,618582,27 Sep 2024,10.86,0,En difficulté sur les évaluations.
ETU-00674,2024-2025,Informatique,20,Homme,Général,ab,lycee_public,0,"27,2",0.0,92.4,32,44.0,56,1,13,13,3,11.87,6,2,3,5,4,H,gris,mardi,182145,17/09/2024,16.37,0,RAS.
ETU-04822,2024-2025,Psychologie,18,f,général ,Assez Bien,lycee_public,1,16.2 km,0.0,"57,5",26,38.4,62,6,9,8,4,10.58,7,4,5,4,3,C,vert,mercredi,711977,25/09/2024,15.93,0,
ETU-02088,2024-2025,DROIT,18,Femme,Generale,AB,cfa,O,8.5,7.0,69.7%,38,88.3,84,2,11,8,2,14.16,6,6,4,2,3,B,gris,jeudi,514039,2024-09-26,18.76,0,
ETU-03654,2024-2025,INFORMATIQUE,21,M,Général,,lycee_prive,N,2.6,0.0,96.3,57,105.4,123,2,10,10,8,14.29,6,3,5,5,3,D,rouge,jeudi,360648,12 Sep 2024,19.66,0,
ETU-02075,2024-2025,droit,20,M,Generale,B,,O,3.4,0.0,56.9%,5,6.5,13,5,12,8,0,,6,6,,1,1,F,jaune,mardi,933346,2024-09-17,13.23,0,Peu actif sur la plateforme.
ETU-02628,2024-2025,Biologie,23,M,général ,AB,lycee_prive,N,4.1,8.0,70.4%,27,24.0,36,7,13,10,0,"14,52",6,5,2,2,2,H,jaune,mardi,323746,24 Sep 2024,16.87,0,
ETU-00579,2024-2025,Informatique,19,Homme,Général,AB,autre,oui,0.0,0.0,79.5,11,7.5,17,2,12,11,0,"11,96",6,5,3,3,2,H,gris,vendredi,529952,20/09/2024,16.5,0,
ETU-00743,2024-2025,Mathematiques,18,f,TECHNO,tres bien,lycee_public,1,11.9,0.0,79.2,47,82.6,103,4,9,8,5,12.96,5,4,5,5,2,F,gris,mercredi,588517,25 Sep 2024,16.23,0,
ETU-05012,2024-2025,Psychologie,20,H,général ,ab,lycee_public,N,34.9,0.0,67.3,37,84.0,61,5,10,7,0,8.7,7,5,2,1,2,F,jaune,lundi,220261,09/09/2024,13.47,0,Semble peu engagé dans la formation.
ETU-04663,2024-2025,Lettres,21,H,techno,passable,,oui,11.6 km,0.0,"77,8",25,44.4,74,4,13,11,3,"8,17",5,2,,,1,C,vert,jeudi,148194,2024-09-05,11.53,0,Semble peu engagé dans la formation.
ETU-02667,2024-2025,STAPS,19,h,PRO,P,autre,Oui,8.5,22.0,71.8%,40,41.3,94,3,10,9,2,13.62,7,6,3,1,,A,bleu,mardi,382448,2024-09-24,17.47,0,
ETU-04574,2024-2025,INFORMATIQUE,21,Homme,TECHNO,Très Bien,lycee_prive,non,14.4,0.0,76.5,26,36.5,41,2,9,8,3,,5,5,3,2,,B,jaune,mardi,537756,03/09/2024,13.99,0,
ETU-01763,2024-2025,Psychologie,18,Femme,Technologique,P,lycee_public,O,11.2,0.0,81.6,38,44.4,54,4,8,8,7,8.7,5,3,3,4,3,F,jaune,lundi,181709,2024-09-09,16.38,0,RAS.
ETU-04109,2024-2025,Psychologie,23,Femme,TECHNO,P,lycee_public,non,63.5,0.0,78.5,16,29.4,31,3,8,7,7,"7,81",7,0,4,3,3,B,jaune,jeudi,498347,26/09/2024,13.83,0,En difficulté sur les évaluations.
ETU-00449,2024-2025,INFORMATIQUE,22,Femme,GEN,Passable,autre,Non,0.7,21.0,80.3,34,23.0,67,4,9,6,3,11.65,7,5,4,3,4,D,vert,mardi,568502,17 Sep 2024,14.69,0,RAS.
ETU-01016,2024-2025,Gestion,17,M,Technologique,,lycee_public,N,11.3,23.0,64.7,25,36.3,39,5,8,5,0,"12,73",7,5,3,,3,G,rouge,mercredi,974098,2024-09-25,4.89,1,RAS.
ETU-02967,2024-2025,LETTRES,23,H,Technologique,P,lycee_public,Non,6.3,13.0,"88,9",19,14.6,32,4,8,7,12,"7,0",5,2,4,2,2,E,bleu,vendredi,389556,20/09/2024,13.65,0,En difficulté sur les évaluations.
ETU-01072,2024-2025,droit,18,M,général ,Assez Bien,lycee_public,Non,,,80.7,23,35.9,34,4,9,6,2,"8,72",5,3,1,5,2,B,bleu,mercredi,873428,11/09/2024,11.52,0,Semble peu engagé dans la formation.
ETU-01538,2024-2025,Gestion,19,F,TECHNO,P,lycee_prive,N,3.1,3.0,98.9,64,74.4,159,0,11,11,6,12.03,7,5,5,5,4,A,gris,vendredi,640732,20 Sep 2024,18.57,0,Engagement en ligne remarquable.
ETU-02627,2024-2025,Informatique,23,M,techno,Bien,lycee_prive,Oui,"7,5",,73.6,28,54.8,55,5,9,8,3,"12,96",5,3,3,3,2,E,jaune,lundi,169468,16/09/2024,16.47,0,Suivi sans particularité.
ETU-02303,2024-2025,Droit,18,Homme,general,P,lycee_public,N,,13.0,68.2,21,23.1,50,9,13,9,1,"12,09",6,4,2,4,4,B,vert,lundi,159299,02/09/2024,8.16,1,Plusieurs travaux remis hors délai.
ETU-00745,2024-2025,informatique,20,F,Generale,P,lycee_public,0,43.3,4.0,"77,8",23,40.6,74,5,9,9,5,"9,83",7,5,4,4,3,E,jaune,jeudi,303283,12 Sep 2024,16.54,0,
ETU-02438,2024-2025,informatique,20,femme,TECHNO,Très Bien,cfa,1,39.8,0.0,94.6,51,43.6,123,2,13,13,4,10.41,7,5,3,3,3,G,bleu,mardi,247480,2024-09-03,17.5,0,Très actif sur la plateforme.
ETU-02164,2024-2025,biologie,21,F,general,Bien,lycee_prive,1,16.3,7.0,64.7,27,60.3,55,1,12,10,5,12.6,5,4,3,4,1,F,jaune,jeudi,381605,2024-09-26,15.27,0,
ETU-02336,2024-2025, Psychologie ,20,femme,Général,Bien,lycee_public,Oui,0.9,0.0,81.3,32,21.3,46,2,13,12,4,11.05,7,4,4,4,3,F,rouge,mardi,976224,2024-09-24,15.7,0,Suivi sans particularité.
ETU-00075,2024-2025,Droit,20,f, pro,Bien,lycee_public,Non,21.7,0.0,85.0,37,55.4,89,2,8,7,2,12.65,5,5,3,4,5,E,jaune,mercredi,533888,2024-09-11,18.05,0,Travail sérieux et régulier.
ETU-00107,2024-2025,Gestion,18,f,general,passable,lycee_public,1,"21,1",0.0,99.7,14,25.9,30,0,11,9,3,"9,91",5,0,2,4,3,A,gris,jeudi,530393,2024-09-26,15.29,0,"Motivation en berne, à accompagner."
ETU-02644,2024-2025,Psychologie,20,femme,general,Passable,cfa,N,22.4 km,0.0,61.4,4,10.7,14,4,12,8,1,11.67,6,2,2,2,3,A,gris,lundi,646076,16 Sep 2024,6.49,1,Engagement en ligne très faible.
ETU-02452,2024-2025,psychologie,19,f,TECHNO,passable,lycee_public,O,4.2 km,0.0,91.8,41,61.9,106,2,11,8,4,"15,57",5,4,2,5,3,C,jaune,vendredi,802372,13 Sep 2024,18.6,0,"Motivation en berne, à accompagner."
ETU-03773,2024-2025, Informatique ,20,femme,general,B,lycee_prive,1,2.4,0.0,75.4,18,28.2,32,4,12,9,3,12.64,6,4,3,4,3,D,vert,jeudi,663933,12/09/2024,16.11,0,"Bon semestre, résultats solides."
ETU-03101,2024-2025, Droit ,18,M,general,,,N,35.5,15.0,86.5,48,65.3,103,2,13,13,7,13.49,6,6,5,5,3,F,gris,mardi,467109,03/09/2024,17.95,0,"Très bon investissement, en réussite."
ETU-04985,2024-2025,droit,17,femme,général ,,lycee_public,oui,5.3 km,13.0,78.4,8,11.0,14,6,13,10,0,9.21,5,2,,4,3,D,gris,mardi,779943,10 Sep 2024,13.12,0,
ETU-03509,2024-2025,PSYCHOLOGIE,21,H,Général,,lycee_public,non,22.9,11.0,90.1,32,37.6,73,3,8,8,7,11.45,6,5,3,4,4,F,gris,mardi,916506,17 Sep 2024,16.47,0,Suivi sans particularité.
ETU-01338,2024-2025, Gestion ,21,Femme,Technologique,B,lycee_public,O,0.6 km,,98.0%,,128.2,92,0,10,10,8,"16,18",6,6,5,5,5,D,rouge,mardi,753801,2024-09-10,19.63,0,"Très bon investissement, en réussite."
ETU-04393,2024-2025,Gestion,18,f,general,P,lycee_public,N,34.9,7.0,71.7,8,9.5,9,4,11,7,2,10.66,5,4,4,3,4,G,vert,lundi,415619,23 Sep 2024,4.87,1,
ETU-03693,2024-2025,INFORMATIQUE,17,Femme,TECHNO,P,lycee_prive,oui,6.1,23.0,89.7,26,49.2,71,2,13,12,7,"7,27",6,4,3,5,4,H,gris,jeudi,433392,2024-09-26,13.79,0,En difficulté sur les évaluations.
ETU-05145,2024-2025,Lettres,18,femme,GEN,TB,lycee_public,1,17.9,0.0,90.6,33,27.3,84,3,13,10,1,11.55,5,4,3,4,2,F,gris,mercredi,706784,2024-09-11,15.1,0,
ETU-04265,2024-2025, Psychologie ,18,f,GEN,AB,lycee_public,Non,16.3,25.0,"70,5",14,18.6,37,1,10,10,2,10.54,6,5,4,3,4,H,rouge,mardi,866684,24 Sep 2024,15.83,0,RAS.
ETU-02035,2024-2025,Mathematiques,20,Homme,GEN,Passable,lycee_prive,oui,12.8 km,8.0,66.6%,28,71.4,65,1,8,7,6,"17,85",6,6,5,5,5,H,jaune,jeudi,382711,2024-09-26,19.36,0,
ETU-00345,2024-2025,DROIT,23,h,PRO,passable,lycee_public,non,4.3,28.0,94.9,49,53.2,77,1,12,11,6,"13,08",6,6,4,5,5,D,bleu,mardi,180415,2024-09-17,17.42,0,Étudiant assidu et investi.
ETU-03064,2024-2025,Mathematiques,20,Femme,Technologique,,lycee_public,N,"0,5",0.0,92.6,30,19.8,74,1,12,11,5,14.0,7,6,3,5,1,C,rouge,jeudi,624068,05 Sep 2024,19.04,0,
ETU-04659,2024-2025,psychologie,18,Homme,general,Bien,lycee_public,Non,"47,7",18.0,69.7,49,42.3,105,2,9,8,5,"10,14",6,6,3,4,4,B,jaune,jeudi,776569,12/09/2024,16.01,0,Profil dans la moyenne.
ETU-03086,2024-2025,Mathematiques,21,M,Professionnel,B,lycee_public,oui,13.0,10.0,91.7%,51,74.9,137,0,8,8,6,11.17,5,5,3,4,4,E,jaune,mercredi,901342,25/09/2024,17.35,0,Engagement en ligne remarquable.
ETU-00825,2024-2025,PSYCHOLOGIE,17,Homme, pro,AB,lycee_public,0,24.0,,89.7,29,22.9,84,2,12,11,5,10.52,5,3,,,5,G,bleu,mercredi,603400,04/09/2024,16.26,0,Semble peu engagé dans la formation.
ETU-00365,2024-2025, Mathematiques ,19,H,Général,passable,lycee_prive,0,8.3,,88.6,30,53.9,43,3,11,10,3,14.97,6,5,4,4,3,A,jaune,jeudi,866338,2024-09-19,16.82,0,
ETU-04035,2024-2025,Droit,18,Femme,Général,ab,lycee_public,N,18.0,11.0,60.4,25,41.5,65,2,10,9,5,16.38,7,7,4,2,3,A,gris,mercredi,591960,2024-09-25,17.91,0,
ETU-04285,2024-2025,Mathematiques,19,Femme,GEN,Passable,lycee_public,N,17.0,0.0,70.1,37,53.1,76,2,8,7,1,"9,73",6,3,1,2,3,H,bleu,mardi,278580,03/09/2024,14.9,0,
ETU-00210,2024-2025,Psychologie,19,h,Général,Passable,lycee_public,Oui,2.6 km,16.0,81.0%,63,93.8,158,2,13,13,7,9.54,5,1,4,4,4,E,rouge,jeudi,637660,19/09/2024,15.87,0,Très actif sur la plateforme.
ETU-03611,2024-2025,Biologie,21,M,général ,passable,lycee_public,N,0.5,,95.4,24,61.1,57,4,10,9,4,11.1,6,4,3,3,4,B,jaune,mercredi,633798,11/09/2024,15.89,0,
ETU-00678,2024-2025,Lettres,20,H,Technologique,Bien,lycee_public,oui,"4,4",15.0,73.6,19,25.9,36,4,8,4,2,14.76,6,4,4,3,1,C,gris,jeudi,388505,05 Sep 2024,8.1,1,Suivi sans particularité.
ETU-03488,2024-2025,INFORMATIQUE,20,h,Technologique,Très Bien,,oui,17.8,8.0,66.5,21,7.0,39,4,12,8,2,17.12,6,4,3,2,4,D,gris,lundi,468156,2024-09-09,8.36,1,Suivi sans particularité.
ETU-00740,2024-2025,STAPS,19,Femme,GEN,passable,lycee_public,Non,"15,9",25.0,81.5,26,32.6,61,3,11,10,6,"10,52",7,2,3,4,4,A,gris,mardi,286473,2024-09-17,15.03,0,
ETU-04389,2024-2025,staps,17,h,general,ab,lycee_prive,non,1.5 km,0.0,84.2,52,78.4,116,5,8,8,6,12.84,6,5,5,4,3,C,rouge,mardi,912008,2024-09-10,18.47,0,
ETU-03109,2024-2025,psychologie,17,H,Generale,AB,lycee_public,0,18.0,,76.7%,23,45.2,53,7,11,8,0,7.82,5,3,1,4,3,H,vert,mercredi,569027,04 Sep 2024,5.68,1,En difficulté sur les évaluations.
ETU-00801,2024-2025,Gestion,18,f,Generale,ab,cfa,non,"21,1",11.0,"68,3",43,57.8,85,4,13,12,4,10.68,6,4,3,5,2,H,vert,mercredi,222310,2024-09-04,16.11,0,RAS.
ETU-02747,2024-2025,Psychologie,22,F,Technologique,B,lycee_public,N,0.6 km,6.0,94.5,37,13.2,99,1,11,10,8,17.51,6,5,5,5,2,E,jaune,vendredi,774718,2024-09-06,18.86,0,Étudiant assidu et investi.
ETU-04581,2024-2025,Mathematiques,19,M,TECHNO,ab,lycee_public,non,,0.0,79.9,33,32.3,85,2,8,7,10,"8,86",6,5,4,4,4,G,gris,jeudi,380994,2024-09-26,15.21,0,
ETU-03976,2024-2025,Informatique,20,M,Général,passable,lycee_public,N,25.5,10.0,72.8,24,42.7,45,6,10,6,0,"10,73",6,3,2,3,2,H,rouge,mercredi,703357,2024-09-25,6.83,1,
ETU-02796,2024-2025,Droit,21,Femme,Generale,P,lycee_public,non,30.7,19.0,73.0,22,28.2,30,3,13,11,3,7.94,5,3,2,2,2,B,jaune,vendredi,565637,20 Sep 2024,3.98,1,
ETU-03757,2024-2025, Droit ,19,Femme,general,P,lycee_public,1,36.2,27.0,83.3,35,44.4,82,6,13,10,2,12.91,5,4,2,4,1,E,vert,vendredi,193439,2024-09-20,13.17,0,Semble peu engagé dans la formation.
ETU-04470,2024-2025,STAPS,18,F,TECHNO,ab,lycee_public,non,0.2,19.0,70.8%,25,27.1,66,5,13,13,3,9.12,6,2,3,4,,D,vert,vendredi,225546,06/09/2024,12.43,0,Profil dans la moyenne.
ETU-03356,2024-2025,mathematiques,19,f,Technologique,ab,lycee_public,0,7.0,0.0,83.9%,19,28.1,33,6,8,6,3,9.94,6,1,4,2,3,A,jaune,lundi,512373,16 Sep 2024,14.03,0,
ETU-04993,2024-2025, Gestion ,18,F,general,Bien,lycee_public,non,10.0,14.0,78.5,39,57.3,92,2,11,10,5,15.52,6,5,5,5,4,B,gris,mercredi,192244,2024-09-25,18.24,0,Travail sérieux et régulier.
ETU-01547,2024-2025,staps,20,M,Général,AB,lycee_public,N,"10,2",21.0,75.9,22,31.4,50,4,8,8,5,13.43,7,7,,5,4,C,jaune,jeudi,879253,2024-09-19,18.04,0,
ETU-00487,2024-2025,LETTRES,18,Femme,TECHNO,ab,cfa,Oui,33.0,21.0,83.9,10,16.5,21,7,11,7,2,10.16,6,4,3,5,2,A,jaune,vendredi,148375,13/09/2024,3.91,1,
ETU-02763,2024-2025,Mathematiques,18,F,Professionnel,Passable,lycee_public,0,"28,5",20.0,83.3,19,31.0,45,4,9,6,0,"8,86",7,5,3,3,2,C,bleu,mercredi,557286,2024-09-18,5.24,1,RAS.
ETU-00904,2024-2025,biologie,23,F,GEN,Passable,lycee_prive,oui,5.5,16.0,"76,7",56,136.2,132,1,13,13,4,,5,5,5,4,4,G,gris,lundi,387317,2024-09-16,19.5,0,Très actif sur la plateforme.
ETU-02920,2024-2025, Droit ,22,h,Général,ab,lycee_public,0,14.0,0.0,76.3,13,21.9,12,5,13,7,2,"10,91",6,2,2,2,2,H,rouge,jeudi,550404,2024-09-12,5.29,1,
ETU-03658,2024-2025, Biologie ,24,h,général ,AB,lycee_prive,O,,15.0,"93,4",52,92.2,92,0,8,8,2,17.44,5,4,5,4,5,D,gris,mercredi,750707,2024-09-04,19.38,0,"Très bon investissement, en réussite."
ETU-03108,2024-2025,droit,20,Homme, pro,Bien,lycee_public,Oui,21.9,,78.0%,19,28.7,27,6,8,6,6,6.85,7,2,3,5,2,D,bleu,vendredi,644792,27/09/2024,5.05,1,
ETU-02077,2024-2025,Droit,19,f,Professionnel,Bien,lycee_public,0,101.5,26.0,"62,8",30,41.6,57,1,13,11,2,"12,09",6,2,4,,2,A,vert,jeudi,990384,12/09/2024,6.39,1,RAS.
ETU-04391,2024-2025,BIOLOGIE,20,f,Generale,Passable,lycee_public,N,"30,7",0.0,83.6%,22,27.3,66,2,11,9,7,8.87,6,5,4,4,3,G,gris,mardi,371334,03/09/2024,13.16,0,
ETU-00287,2024-2025, Gestion ,20,M,general,ab,lycee_public,0,52.2,16.0,"99,4",,77.8,101,3,8,8,7,13.35,6,2,4,3,,G,vert,vendredi,817214,06 Sep 2024,17.91,0,Étudiant assidu et investi.
ETU-03604,2024-2025,DROIT,23,femme, pro,Passable,,N,20.2,,"90,7",30,53.5,72,3,9,6,2,6.99,7,2,2,4,2,A,bleu,mardi,518020,17/09/2024,12.11,0,Résultats fragiles aux partiels.
ETU-05064,2024-2025,biologie,19,f,Général,TB,autre,N,"21,4",,67.7,55,59.7,138,6,8,6,5,15.28,6,6,5,5,4,G,gris,mardi,968103,2024-09-10,17.02,0,
ETU-00989,2024-2025,STAPS,19,F,general,Assez Bien,lycee_public,oui,6.1,0.0,85.2,25,40.7,57,1,11,9,3,8.1,6,3,3,4,3,H,vert,mercredi,753834,2024-09-25,13.96,0,
ETU-04762,2024-2025,Biologie,26,H,PRO,TB,lycee_prive,oui,34.7,15.0,"70,1",18,26.0,51,2,13,12,3,7.98,5,3,2,3,2,F,jaune,mardi,694474,2024-09-03,12.16,0,En difficulté sur les évaluations.
ETU-04673,2024-2025,Gestion,21,Femme,général ,Très Bien,lycee_public,Oui,1.2,3.0,55.6%,14,23.0,34,3,13,9,3,,5,3,5,2,2,G,vert,mardi,997567,03/09/2024,8.92,1,Profil dans la moyenne.
ETU-04047,2024-2025,Lettres,19,Femme,Général,P,autre,0,"2,0",,"97,6",39,48.2,90,0,9,9,6,15.92,6,6,4,5,3,A,gris,mercredi,282071,2024-09-18,19.79,0,
ETU-03701,2024-2025,gestion,19,f, pro,passable,lycee_public,non,5.6,0.0,84.4,48,35.8,112,1,12,11,3,"9,77",6,3,5,2,5,C,jaune,jeudi,944576,05/09/2024,15.22,0,Très actif sur la plateforme.
ETU-00179,2024-2025,INFORMATIQUE,19,H,Technologique,tres bien,lycee_public,N,"37,2",0.0,65.5,30,39.1,74,4,8,7,2,12.77,6,5,2,2,2,D,bleu,vendredi,270217,27 Sep 2024,15.88,0,"Motivation en berne, à accompagner."
ETU-03808,2024-2025,biologie,20,F,GEN,ab,lycee_public,0,"61,8",0.0,61.4%,3,8.3,9,5,11,5,0,7.01,6,0,1,4,1,A,jaune,jeudi,566834,2024-09-19,2.31,1,Résultats fragiles aux partiels.
ETU-00726,2024-2025,INFORMATIQUE,23,F,general,B,lycee_public,O,"24,0",,78.4,19,23.8,26,1,12,8,3,12.25,5,3,3,4,4,H,gris,lundi,474700,2024-09-16,16.4,0,"Bon semestre, résultats solides."
ETU-02440,2024-2025, Gestion ,19,M,GEN,Passable,lycee_public,oui,"32,5",8.0,65.8%,6,11.6,21,6,13,10,1,13.02,6,5,2,2,3,C,bleu,lundi,826436,2024-09-09,8.71,1,Peu actif sur la plateforme.
ETU-04981,2024-2025,GESTION,21,h,Technologique,B,lycee_public,non,44.6,28.0,"79,2",15,23.1,13,4,10,6,1,"8,66",6,4,2,3,2,H,vert,mardi,407979,17/09/2024,4.86,1,"Motivation en berne, à accompagner."
ETU-04005,2024-2025,BIOLOGIE,23,H,général ,Bien,lycee_public,Non,,0.0,80.1%,18,25.0,41,2,12,11,3,16.06,7,7,4,5,3,B,vert,mardi,833831,03 Sep 2024,17.8,0,
ETU-04718,2024-2025,Droit,19,M,general,AB,cfa,N,0.9 km,,65.6%,3,11.2,6,5,8,5,0,"12,68",7,4,3,2,2,G,gris,lundi,904436,2024-09-02,6.57,1,Peu actif sur la plateforme.
ETU-03560,2024-2025, Mathematiques ,18,f,TECHNO,Passable,lycee_public,N,5.8,13.0,64.4,17,33.3,54,7,10,7,0,"10,04",7,1,1,3,4,D,bleu,mercredi,233957,18 Sep 2024,4.91,1,"Motivation en berne, à accompagner."
ETU-01598,2024-2025,gestion,20,F,général ,TB,cfa,oui,"14,5",8.0,64.5%,18,31.2,62,8,12,9,0,12.69,5,4,3,2,3,B,vert,vendredi,304139,27/09/2024,7.08,1,
ETU-01106,2024-2025,Droit,21,f,techno,passable,lycee_public,O,2.2 km,13.0,"66,1",,7.4,4,4,13,11,1,7.26,7,4,4,,2,B,gris,mardi,768621,03 Sep 2024,3.05,1,
ETU-01944,2024-2025,Droit,19,Homme,Generale,ab,,O,3.0,14.0,"75,1",34,25.2,76,3,9,7,4,12.69,6,6,3,4,1,C,vert,lundi,279016,16/09/2024,15.97,0,
ETU-02794,2024-2025, Gestion ,18,f,TECHNO,ab,lycee_prive,N,,11.0,94.6,42,63.4,87,0,10,9,10,10.83,5,4,4,,3,D,vert,mardi,452527,03 Sep 2024,16.77,0,
ETU-00159,2024-2025, STAPS ,18,F,TECHNO,B,lycee_public,1,32.5,8.0,70.4,18,38.6,32,5,8,5,3,,6,4,2,4,3,F,rouge,mardi,593815,10/09/2024,12.77,0,
ETU-04314,2024-2025,biologie,20,H,général ,passable,lycee_public,non,"38,1",19.0,74.2,19,23.2,49,2,11,8,3,9.01,6,3,3,4,1,F,bleu,vendredi,123742,2024-09-27,5.51,1,Profil dans la moyenne.
ETU-02651,2024-2025,Droit,18,H,Generale,AB,lycee_public,1,13.6,18.0,69.4,18,38.3,33,4,8,7,2,"7,17",6,4,2,1,4,C,jaune,lundi,726023,2024-09-09,11.96,0,En difficulté sur les évaluations.
ETU-02752,2024-2025,mathematiques,19,f,general,TB,lycee_prive,Oui,,0.0,"92,0",42,66.3,106,0,8,8,5,16.35,6,6,4,,5,B,rouge,lundi,969797,16/09/2024,19.51,0,"Très bon investissement, en réussite."
ETU-01002,2024-2025,Informatique,18,H,Général,B,lycee_public,non,22.7,19.0,59.2,,41.5,47,5,11,7,0,13.41,5,5,4,4,1,E,bleu,mercredi,133855,04 Sep 2024,15.52,0,
ETU-03924,2024-2025,Mathematiques,21,H,techno,Assez Bien,,1,8.7,,81.5,25,31.9,70,2,12,11,4,11.05,7,6,4,3,4,E,vert,lundi,301472,09/09/2024,17.03,0,
ETU-03513,2024-2025,Lettres,18,M,Generale,P,lycee_public,non,11.0,8.0,78.1%,20,26.3,37,4,11,7,2,7.12,6,4,3,2,3,G,rouge,vendredi,335700,20/09/2024,4.87,1,Résultats fragiles aux partiels.
ETU-04935,2024-2025,Biologie,19,M,GEN,Assez Bien,lycee_public,Oui,26.4,11.0,65.2,20,37.9,33,4,9,8,2,11.57,6,1,2,5,2,C,jaune,lundi,774947,16 Sep 2024,6.56,1,"Motivation en berne, à accompagner."
ETU-04231,2024-2025,DROIT,22,F,TECHNO,,lycee_public,non,"42,4",23.0,78.1,39,70.6,65,3,9,6,4,12.95,6,2,4,5,3,E,bleu,jeudi,857758,2024-09-19,17.45,0,
ETU-01716,2024-2025,STAPS,20,Homme,Technologique,,lycee_public,oui,14.1,6.0,83.0,13,12.0,24,3,10,8,3,11.42,7,2,3,5,2,D,jaune,vendredi,417689,27 Sep 2024,15.1,0,
ETU-04224,2024-2025,BIOLOGIE,18,femme,Professionnel,Passable,lycee_public,oui,1.8,10.0,91.7,23,28.2,39,4,11,7,1,7.26,6,4,3,2,1,A,rouge,mardi,173942,2024-09-24,2.25,1,
ETU-00284,2024-2025,biologie,21,F,GEN,Assez Bien,,Oui,,0.0,"54,1",6,11.9,19,4,8,4,0,8.71,6,3,2,2,1,C,vert,mardi,964406,24 Sep 2024,3.39,1,
ETU-00965,2024-2025,GESTION,19,Homme,Technologique,B,lycee_public,O,16.8,,"96,6",38,53.8,83,3,12,12,2,"13,42",6,4,5,4,3,B,bleu,jeudi,311465,05/09/2024,18.11,0,
ETU-02844,2024-2025,informatique,21,Femme,TECHNO,Bien,autre,N,,,"84,1",33,54.9,51,8,12,10,2,9.38,7,3,3,4,2,B,bleu,lundi,324936,09 Sep 2024,14.79,0,Plusieurs travaux remis hors délai.
ETU-03954,2024-2025,Mathematiques,19,Femme,Général,Assez Bien,lycee_public,oui,26.9,0.0,"64,4",30,38.4,48,6,10,7,4,17.31,6,6,5,4,1,C,bleu,mercredi,871293,04 Sep 2024,18.91,0,
ETU-04459,2024-2025,droit,18,Femme,TECHNO,Bien,lycee_prive,N,0.2 km,7.0,77.3%,13,17.3,25,1,9,8,6,"7,55",6,4,3,5,3,A,bleu,mercredi,116048,11/09/2024,12.21,0,
ETU-00037,2024-2025,GESTION,19,femme,Général,TB,lycee_public,0,"7,0",10.0,81.2,58,94.7,165,3,13,13,1,"14,45",7,7,5,4,5,D,vert,jeudi,125757,05/09/2024,18.83,0,
ETU-00144,2024-2025,STAPS,20,Femme,Général,passable,lycee_public,N,9.9,25.0,69.9,62,76.4,165,1,10,10,4,"12,53",5,4,4,5,3,H,jaune,vendredi,732113,06/09/2024,17.11,0,
ETU-01516,2024-2025,STAPS,20,h,GEN,passable,autre,Non,5.0,18.0,93.3,35,34.4,82,6,8,6,3,10.76,5,5,4,4,,B,bleu,jeudi,914446,19/09/2024,14.69,0,
ETU-04260,2024-2025,Gestion,19,M,général ,Assez Bien,lycee_public,1,4.1,8.0,65.8,9,17.0,23,8,11,8,2,6.26,5,0,3,3,4,H,rouge,vendredi,699667,20 Sep 2024,2.0,1,
ETU-00120,2024-2025,Mathematiques,19,H,techno,tres bien,lycee_public,1,0.9,,"87,8",34,66.5,61,0,8,8,7,"16,27",5,5,5,5,3,D,bleu,jeudi,609168,2024-09-05,19.31,0,Étudiant assidu et investi.
ETU-04721,2024-2025,GESTION,18,femme,pro,ab,lycee_public,0,0.5,15.0,71.5%,15,5.6,20,6,13,9,0,8.68,5,3,1,2,1,G,rouge,jeudi,596257,2024-09-19,4.27,1,
ETU-02382,2024-2025, Biologie ,21,Femme,techno,passable,lycee_prive,0,"13,5",15.0,87.3,,63.8,95,4,11,11,8,9.34,6,3,3,4,4,D,gris,mardi,494984,10 Sep 2024,15.18,0,
ETU-04511,2024-2025,Psychologie,19,Femme,GEN,ab,lycee_public,oui,31.4,0.0,96.9,37,73.6,84,3,11,11,6,,5,5,,4,3,F,rouge,vendredi,304311,20 Sep 2024,18.54,0,
ETU-03416,2024-2025,Informatique,20,Femme,Technologique,ab,lycee_prive,1,28.9,0.0,"73,5",37,73.3,64,5,10,5,0,6.89,6,3,1,2,1,H,gris,mercredi,540765,2024-09-11,4.3,1,En difficulté sur les évaluations.
ETU-00619,2024-2025,Psychologie,18,h,Général,passable,lycee_public,Non,4.2,14.0,75.1,30,48.8,65,5,11,7,3,14.5,5,5,4,3,,F,gris,lundi,371251,16/09/2024,17.52,0,Travail sérieux et régulier.
ETU-03856,2024-2025,Lettres,18,f,Général,passable,lycee_public,N,"23,8",12.0,54.1,10,15.3,26,6,10,6,0,7.08,7,0,1,4,,D,vert,jeudi,573101,12/09/2024,2.26,1,"Absences répétées, situation préoccupante."
ETU-02309,2024-2025,Lettres,22,M,general,Bien,lycee_public,non,5.9,,78.6,37,57.2,89,8,13,10,2,"11,0",6,1,2,3,,D,bleu,mardi,756859,17 Sep 2024,14.78,0,Plusieurs travaux remis hors délai.
ETU-04666,2024-2025, Biologie ,22,femme,Général,Assez Bien,lycee_prive,1,,15.0,79.7%,43,74.2,66,6,12,6,0,"9,44",5,2,2,5,1,C,bleu,lundi,589136,23 Sep 2024,12.54,0,
ETU-03448,2024-2025,Gestion,22,M,Generale,passable,lycee_public,N,6.9,24.0,73.7,32,63.4,94,6,11,10,5,11.34,6,0,4,,4,B,jaune,lundi,831230,16/09/2024,14.65,0,
ETU-02542,2024-2025, Psychologie ,20,F,techno,P,lycee_public,N,14.4,16.0,63.6,12,5.8,18,6,10,7,0,,5,3,2,2,1,G,bleu,vendredi,834484,2024-09-27,1.42,1,En difficulté sur les évaluations.
ETU-02229,2024-2025,psychologie,25,f,GEN,Assez Bien,lycee_prive,1,8.4,7.0,75.6,15,24.3,19,5,10,10,2,12.09,7,4,2,,3,A,jaune,lundi,686962,2024-09-16,14.26,0,
ETU-01889,2024-2025,INFORMATIQUE,17,H,PRO,Assez Bien,lycee_public,oui,10.3 km,16.0,91.0,51,70.8,123,2,9,9,0,"13,15",6,6,3,4,5,H,gris,lundi,935311,02 Sep 2024,17.54,0,"Très bon investissement, en réussite."
ETU-03047,2024-2025,Informatique,21,femme,Generale,AB,lycee_public,Non,33.5 km,0.0,99.6%,52,76.2,94,1,9,9,4,"10,69",5,3,4,4,4,F,bleu,lundi,127495,16/09/2024,16.23,0,Très actif sur la plateforme.
ETU-01698,2024-2025,PSYCHOLOGIE,25,f,techno,passable,lycee_prive,0,5.9,23.0,92.8,45,65.8,125,5,10,9,5,7.89,6,3,4,4,4,F,jaune,jeudi,535407,26 Sep 2024,15.11,0,Résultats fragiles aux partiels.
ETU-02609,2024-2025,STAPS,21,Femme,Général,tres bien,lycee_public,O,,27.0,"78,9",4,3.5,21,5,8,5,0,11.36,5,3,2,3,2,G,gris,mardi,580666,24 Sep 2024,6.92,1,
ETU-04135,2024-2025, Informatique ,18,h,général ,P,lycee_public,non,0.7,0.0,91.5,62,118.2,143,0,10,10,12,15.51,6,6,5,,5,F,rouge,mardi,944987,2024-09-10,19.81,0,Étudiant assidu et investi.
ETU-00318,2024-2025,Gestion,18,H,GEN,passable,lycee_prive,0,7.5,8.0,"82,2",17,30.3,55,0,10,9,1,"8,83",5,1,3,4,4,B,rouge,lundi,756328,02 Sep 2024,14.01,0,
ETU-00494,2024-2025,Informatique,21,f,Général,ab,lycee_prive,0,"9,4",0.0,46.6%,20,27.1,46,7,12,8,1,13.2,5,3,3,3,1,E,vert,mardi,277020,03/09/2024,6.78,1,
ETU-02950,2024-2025,Droit,22,femme,Général,TB,lycee_public,Non,13.5,9.0,"69,4",15,33.5,22,7,12,7,1,13.42,6,5,,4,3,G,vert,jeudi,208750,19/09/2024,6.36,1,
ETU-02366,2024-2025,STAPS,23,F,TECHNO,Bien,lycee_public,Non,14.1,14.0,"74,3",22,40.6,62,6,13,9,3,6.29,6,3,3,,3,B,jaune,lundi,923484,2024-09-02,11.86,0,
ETU-00954,2024-2025,Gestion,19,h,TECHNO,B,lycee_prive,1,4.5,0.0,"79,2",35,41.3,88,3,12,8,2,8.2,6,3,4,2,4,D,vert,mercredi,308182,18/09/2024,14.58,0,
ETU-01632,2024-2025,Psychologie,18,Femme,Technologique,AB,lycee_public,1,"18,7",,68.5,15,14.4,45,6,8,6,0,8.71,6,4,3,3,2,E,jaune,lundi,633187,23/09/2024,4.65,1,
ETU-04750,2024-2025, Gestion ,18,Femme,techno,Bien,lycee_public,non,1.4,0.0,"91,1",53,115.3,119,0,8,8,7,"18,52",6,6,,,,A,rouge,lundi,160878,16 Sep 2024,19.64,0,Étudiant assidu et investi.
ETU-04669,2024-2025,Mathematiques,24,F,général ,Assez Bien,lycee_public,Non,47.4,7.0,74.8,,48.0,46,7,11,9,1,10.43,7,3,4,2,2,D,rouge,lundi,754193,16 Sep 2024,6.05,1,
ETU-04888,2024-2025, Gestion ,23,femme,TECHNO,Passable,lycee_public,Non,11.4,9.0,"56,5",17,21.7,29,7,12,8,1,"6,67",6,4,2,4,1,D,bleu,jeudi,832473,05/09/2024,2.55,1,
ETU-02889,2024-2025,Informatique,19,Homme,Général,Bien,lycee_prive,Non,46.8,3.0,88.1,41,72.8,60,4,13,13,3,18.99,6,6,5,3,,A,gris,mardi,196603,2024-09-24,19.69,0,"Très bon investissement, en réussite."
ETU-00249,2024-2025,Droit,26,M,general,ab,lycee_public,O,"31,5",10.0,81.7,3,11.5,8,5,10,10,3,9.14,6,4,2,4,1,H,rouge,mardi,169845,17/09/2024,12.32,0,Engagement en ligne très faible.
ETU-03116,2024-2025,STAPS,21,h,général ,Assez Bien,lycee_public,N,35.1,14.0,64.3,22,40.7,54,7,12,8,2,12.62,5,3,2,5,1,C,bleu,mardi,652818,17 Sep 2024,6.83,1,Semble peu engagé dans la formation.
ETU-00701,2024-2025,informatique,22,Homme,général ,P,lycee_public,0,"12,2",,67.6,3,1.8,1,8,13,8,0,11.39,6,4,,2,2,E,rouge,mardi,341376,10/09/2024,5.17,1,Engagement en ligne très faible.
ETU-00611,2024-2025,Informatique,18,h,PRO,P,lycee_prive,N,10.0,0.0,97.2,58,85.0,98,0,8,8,8,11.1,5,3,5,,5,A,rouge,jeudi,542222,2024-09-19,18.67,0,
ETU-02323,2024-2025,informatique,22,Femme,TECHNO,,lycee_public,1,15.9,9.0,"61,6",6,9.9,15,6,9,7,1,11.27,7,5,2,2,1,F,gris,vendredi,615177,20/09/2024,4.48,1,Engagement en ligne très faible.
ETU-03221,2024-2025,Informatique,23,F,Technologique,Bien,lycee_public,1,"23,5",,96.8,46,46.8,63,1,11,11,3,"13,03",5,3,5,3,4,C,vert,jeudi,785258,12 Sep 2024,17.18,0,
ETU-04976,2024-2025,Droit,18,Femme,Général,,lycee_public,0,"26,8",,88.5,49,64.2,131,1,8,7,7,"14,16",5,3,4,3,2,H,bleu,jeudi,603367,19 Sep 2024,18.08,0,Étudiant assidu et investi.
ETU-01244,2024-2025,MATHEMATIQUES,18,H,GEN,passable,lycee_public,Oui,"29,8",10.0,"52,9",0,0.0,0,5,9,5,0,"6,39",6,1,3,2,3,D,jaune,mardi,729891,17/09/2024,3.12,1,"Absences répétées, situation préoccupante."
ETU-00791,2024-2025,Biologie,18,Homme,GEN,AB,lycee_public,0,8.9,10.0,63.3,22,30.3,45,5,10,9,2,"10,47",7,6,3,4,3,A,rouge,lundi,343107,23/09/2024,14.41,0,Suivi sans particularité.
ETU-03303,2024-2025,droit,22,h,Technologique,Passable,lycee_public,0,9.1 km,0.0,81.5,3,0.3,15,4,12,9,0,"4,77",6,1,2,2,2,D,vert,mercredi,271976,18 Sep 2024,2.28,1,En difficulté sur les évaluations.
ETU-03338,2024-2025,PSYCHOLOGIE,21,NR,general,ab,lycee_public,Oui,22.8,13.0,88.6,40,49.2,78,3,12,10,1,12.19,5,5,4,4,4,B,jaune,mardi,184260,17/09/2024,15.09,0,"Bon semestre, résultats solides."
ETU-00380,2024-2025, STAPS ,18,f,Generale,AB,lycee_public,Non,13.0,7.0,81.0,42,74.4,85,4,13,12,3,9.94,5,5,3,5,3,H,jaune,mardi,929791,17 Sep 2024,15.56,0,
ETU-01987,2024-2025,gestion,20,F,GEN,ab,lycee_public,N,"6,3",,80.8,,3.5,21,1,9,7,2,"14,34",7,6,3,3,1,D,jaune,lundi,637818,16 Sep 2024,17.77,0,Engagement en ligne très faible.
ETU-03994,2024-2025,Droit,18,H,GEN,TB,lycee_public,Non,11.8,0.0,86.1%,44,44.7,101,0,8,8,8,,6,5,4,3,,B,vert,mardi,645512,10 Sep 2024,18.73,0,
ETU-02236,2024-2025,Biologie,17,Homme,techno,Assez Bien,lycee_public,non,13.8,0.0,68.1,18,29.9,25,7,11,7,0,,6,5,4,4,2,F,jaune,jeudi,401178,26 Sep 2024,7.73,1,RAS.
ETU-02151,2024-2025,Informatique,19,Femme,GEN,passable,,Oui,22.8,20.0,92.2,32,48.1,67,6,10,9,4,"9,8",6,5,4,4,1,G,jaune,lundi,106388,02/09/2024,15.17,0,Suivi sans particularité.
ETU-01500,2024-2025,STAPS,18,Homme,Technologique,AB,lycee_public,Oui,"38,3",0.0,"83,4",16,28.2,25,2,10,6,0,"7,37",5,2,2,4,2,C,jaune,mardi,788136,24 Sep 2024,11.85,0,
ETU-02511,2024-2025,Informatique,18,Femme,techno,Assez Bien,lycee_public,non,"15,5",,79.7,33,30.8,57,5,12,11,3,"11,91",6,1,3,3,2,C,vert,mardi,396884,10/09/2024,15.77,0,RAS.
ETU-03728,2024-2025,Biologie,21,M,Technologique,B,lycee_prive,N,16.3,0.0,90.3,45,94.3,87,8,10,8,2,14.63,7,6,4,5,3,A,jaune,jeudi,137877,05 Sep 2024,17.22,0,
ETU-01034,2024-2025,Mathematiques,21,femme,techno,Assez Bien,lycee_prive,Non,19.7 km,8.0,81.9,47,73.3,134,2,11,10,6,14.51,6,6,5,3,,F,jaune,lundi,293724,02/09/2024,18.78,0,Engagement en ligne remarquable.
ETU-03399,2024-2025,Informatique,19,h,pro,passable,lycee_public,0,"70,6",7.0,70.1,19,15.3,41,2,10,8,1,11.49,5,1,3,2,2,E,jaune,vendredi,217692,2024-09-27,4.69,1,RAS.
ETU-04626,2024-2025,Informatique,20,Femme,GEN,B,lycee_public,N,2.1,11.0,96.6,54,75.9,148,1,13,13,10,"19,86",6,6,5,5,5,G,bleu,jeudi,699162,19/09/2024,19.9,0,
ETU-01117,2024-2025,Lettres,22,Homme,Général,Assez Bien,lycee_public,non,"17,4",0.0,90.3,51,97.9,117,6,13,8,2,"14,86",6,3,3,3,2,A,jaune,vendredi,980485,13/09/2024,18.33,0,"Très bon investissement, en réussite."
ETU-04191,2024-2025,psychologie,22,H,général ,Bien,lycee_prive,non,,22.0,70.1%,21,25.6,33,6,11,9,1,"11,34",6,3,2,4,2,D,jaune,mercredi,928493,18/09/2024,6.04,1,Semble peu engagé dans la formation.
ETU-00371,2024-2025,informatique,20,femme,pro,passable,lycee_public,oui,25.8,,91.5,49,83.5,107,1,11,11,10,9.21,5,3,5,5,4,C,gris,mardi,230960,2024-09-03,16.45,0,
ETU-00716,2024-2025,Mathematiques,20,F,TECHNO,P,lycee_public,O,27.8,0.0,81.0,9,11.2,28,4,13,10,4,8.54,6,3,3,2,2,C,rouge,lundi,787778,02/09/2024,4.77,1,Peu actif sur la plateforme.
ETU-00516,2024-2025,Biologie,20,F,pro,Assez Bien,lycee_public,N,"29,9",13.0,"65,1",3,2.0,20,5,12,9,1,"8,39",7,4,1,3,1,D,gris,jeudi,634772,05/09/2024,4.67,1,Engagement en ligne très faible.
ETU-03662,2024-2025, Gestion ,20,Femme,general,Assez Bien,lycee_public,0,13.4,0.0,77.1,23,37.6,36,2,8,6,2,14.94,6,5,5,5,3,A,rouge,jeudi,496179,05/09/2024,18.37,0,Travail sérieux et régulier.
ETU-02829,2024-2025,GESTION,19,H,techno,ab,lycee_public,0,40.1 km,9.0,68.9%,23,30.6,66,7,8,7,0,4.74,5,0,2,3,1,F,rouge,vendredi,720134,2024-09-27,10.15,0,
ETU-03023,2024-2025, Lettres ,20,f,Generale,passable,lycee_public,Oui,"8,0",8.0,91.9,,51.2,46,0,9,9,1,,6,4,3,5,3,H,bleu,jeudi,973929,12/09/2024,16.53,0,
ETU-04954,2024-2025,Droit,19,femme,général ,AB,lycee_public,0,36.0,7.0,69.3%,14,21.9,32,3,13,8,0,16.25,7,4,4,2,2,H,vert,mercredi,994345,25/09/2024,9.06,1,RAS.
ETU-05036,2024-2025, Droit ,18,H,général ,P,lycee_public,0,24.1,3.0,"55,2",9,16.1,25,4,12,8,0,5.3,6,3,,4,2,H,rouge,vendredi,642469,06/09/2024,3.71,1,Résultats fragiles aux partiels.
ETU-03920,2024-2025,biologie,20,femme,general,P,autre,oui,11.6,0.0,"85,8",33,100.2,67,2,11,9,3,"14,58",6,1,5,5,3,C,bleu,jeudi,401269,26 Sep 2024,17.79,0,
ETU-00195,2024-2025,MATHEMATIQUES,17,Homme,général ,B,lycee_public,oui,35.6,0.0,70.6,25,30.0,59,1,9,8,2,12.78,7,6,,4,2,C,jaune,jeudi,397611,19 Sep 2024,16.95,0,Profil dans la moyenne.
ETU-01031,2024-2025, Biologie ,22,f,Général,ab,lycee_public,non,20.1,6.0,70.4,7,16.0,17,7,10,7,0,9.57,5,4,2,4,2,D,rouge,mercredi,972706,25/09/2024,5.14,1,
ETU-04983,2024-2025,MATHEMATIQUES,19,F,TECHNO,P,lycee_public,non,11.0,24.0,"89,3",29,74.0,39,5,13,11,3,"8,86",6,4,4,4,2,H,vert,mercredi,265582,18/09/2024,14.84,0,RAS.
ETU-00681,2024-2025,Psychologie,21,F,Generale,,lycee_prive,O,,21.0,72.0,26,43.4,55,1,11,8,0,"14,47",6,5,5,2,1,H,jaune,mardi,663133,17/09/2024,17.21,0,
ETU-03932,2024-2025,psychologie,21,F,general,AB,lycee_prive,Oui,,5.0,62.1,13,13.1,54,5,8,5,0,"9,64",6,2,1,4,1,E,vert,mardi,685156,17 Sep 2024,3.45,1,Semble peu engagé dans la formation.
ETU-01511,2024-2025, Biologie ,20,f,TECHNO,passable,lycee_prive,0,50.6,15.0,"84,5",47,30.9,89,1,10,9,4,"12,74",6,2,4,2,2,E,rouge,mardi,444361,2024-09-03,17.8,0,
ETU-00227,2024-2025,Gestion,25,f,Generale,Passable,lycee_public,1,3.8,,55.9%,25,37.6,42,3,13,7,1,10.58,5,4,2,3,2,A,bleu,jeudi,451994,05 Sep 2024,5.0,1,"Motivation en berne, à accompagner."
ETU-04215,2024-2025,Droit,19,Femme,techno,passable,lycee_public,Oui,8.7,20.0,74.2,28,48.1,46,4,9,9,1,10.24,7,2,2,3,3,H,vert,lundi,675118,16 Sep 2024,13.47,0,
ETU-02328,2024-2025,Droit,23,F,general,tres bien,lycee_public,N,8.3,0.0,79.3,43,71.4,70,3,8,8,6,"15,55",6,5,4,,3,D,jaune,lundi,506751,2024-09-16,18.81,0,
ETU-00776,2024-2025,INFORMATIQUE,20,M,Generale,Bien,lycee_public,Non,"6,0",17.0,72.6,13,12.5,26,4,12,11,4,"16,73",7,5,3,,2,E,bleu,jeudi,937938,05 Sep 2024,9.58,1,Suivi sans particularité.
ETU-01370,2024-2025,Droit,22,F,général ,B,lycee_public,non,21.5,7.0,79.4,47,80.2,117,4,8,5,3,14.11,6,5,5,5,2,F,bleu,mardi,698110,17/09/2024,18.15,0,
ETU-04715,2024-2025, Biologie ,18,Femme,general,passable,lycee_public,0,19.5,0.0,64.8%,31,37.1,87,4,9,8,2,"9,41",6,3,2,2,1,H,rouge,lundi,473655,02/09/2024,6.95,1,"Motivation en berne, à accompagner."
ETU-01934,2024-2025, Informatique ,22,M,techno,P,lycee_prive,oui,8.1,14.0,82.5,42,31.9,78,5,9,7,2,11.33,7,5,5,4,4,D,gris,mercredi,969433,2024-09-18,14.44,0,
ETU-00945,2024-2025,informatique,20,F,TECHNO,AB,lycee_public,non,"3,9",10.0,71.4,15,23.8,29,6,10,8,1,13.51,5,3,4,2,4,B,bleu,mardi,125933,17 Sep 2024,8.24,1,Suivi sans particularité.
ETU-02493,2024-2025,Gestion,21,H,Général,P,lycee_prive,0,"5,2",,98.3%,51,69.9,100,0,11,11,9,15.51,7,5,5,5,4,D,gris,lundi,240641,02 Sep 2024,19.59,0,"Très bon investissement, en réussite."
ETU-01855,2024-2025,STAPS,21,F,général ,ab,lycee_public,O,33.7,,99.3,54,70.3,92,0,8,8,7,"12,89",5,5,4,4,5,F,bleu,vendredi,689342,20 Sep 2024,18.92,0,
ETU-00170,2024-2025,Droit,19,h,techno,,lycee_public,non,7.8,24.0,61.1,27,22.6,40,7,12,8,1,"7,63",6,1,4,4,3,E,rouge,jeudi,911825,2024-09-26,3.88,1,
ETU-02358,2024-2025,Mathematiques,20,F,Général,tres bien,lycee_public,O,,10.0,83.1,33,37.8,53,8,9,9,5,16.66,6,6,5,3,4,B,vert,mercredi,259098,11/09/2024,18.96,0,
ETU-01461,2024-2025,Informatique,22,Femme,GEN,AB,lycee_public,Non,11.6,21.0,"80,2",11,16.3,27,5,8,5,0,10.24,5,2,3,2,2,D,vert,mercredi,617602,11/09/2024,5.32,1,
ETU-01994,2024-2025, Psychologie ,22,f,Generale,passable,lycee_prive,N,0.8,27.0,66.8%,,3.8,28,6,9,9,4,12.51,6,2,,3,3,C,gris,mercredi,175655,04/09/2024,9.78,1,
ETU-01287,2024-2025,psychologie,18,F,general,P,lycee_public,O,"18,4",0.0,60.2%,24,35.9,41,5,12,6,2,9.04,7,3,2,2,1,D,rouge,mercredi,596084,2024-09-18,5.73,1,
ETU-00846,2024-2025,Gestion,20,NB,general,AB,cfa,O,49.4,15.0,67.3%,15,22.7,51,1,9,5,1,"11,16",6,4,1,1,3,G,rouge,mardi,468171,24/09/2024,5.66,1,"Motivation en berne, à accompagner."
ETU-01067,2024-2025,LETTRES,19,H,GEN,Assez Bien,lycee_public,0,16.3,10.0,93.7%,49,105.2,103,0,10,9,5,16.75,5,5,5,,5,E,jaune,vendredi,742067,06 Sep 2024,19.75,0,"Très bon investissement, en réussite."
ETU-05171,2024-2025,Biologie,21,h,techno,Assez Bien,lycee_prive,Non,28.4,28.0,70.7,24,35.8,42,2,8,6,1,7.9,6,0,3,5,,H,vert,jeudi,429040,2024-09-05,14.67,0,
ETU-02948,2024-2025,STAPS,20,Homme,Général,passable,lycee_public,Oui,0.5,23.0,98.6%,45,46.9,97,1,11,10,6,12.95,6,4,,4,4,B,rouge,vendredi,318428,2024-09-27,16.5,0,Engagement en ligne remarquable.
ETU-04709,2024-2025, Gestion ,18,femme,général ,Bien,lycee_public,1,6.7,0.0,82.3,33,70.1,75,5,9,7,2,13.35,5,5,4,5,2,C,vert,vendredi,251870,27/09/2024,17.69,0,
ETU-02795,2024-2025,Informatique,22,h,général ,P,lycee_public,N,,6.0,76.4,28,35.6,67,4,11,8,3,15.76,6,3,3,3,4,B,gris,lundi,774490,02 Sep 2024,16.41,0,"Bon semestre, résultats solides."
ETU-02641,2024-2025,Informatique,21,H,Technologique,Passable,autre,N,"49,0",3.0,82.3,38,54.4,107,2,9,9,7,10.24,6,5,4,3,3,E,jaune,jeudi,324657,19 Sep 2024,16.62,0,Suivi sans particularité.
ETU-01468,2024-2025,Psychologie,19,h,TECHNO,passable,lycee_public,Non,1.1,14.0,77.9%,25,39.7,35,7,9,7,5,4.74,5,2,3,2,3,D,bleu,jeudi,570336,12/09/2024,2.83,1,Résultats fragiles aux partiels.
ETU-03171,2024-2025,STAPS,22,femme,general,ab,lycee_public,Oui,"24,4",11.0,89.5,38,71.1,86,3,12,12,6,"14,56",6,5,4,3,4,D,gris,jeudi,695059,26/09/2024,18.13,0,"Très bon investissement, en réussite."
ETU-00700,2024-2025,BIOLOGIE,19,h,Général,ab,lycee_prive,Oui,8.1,0.0,84.5,26,33.9,64,2,13,10,2,11.96,5,3,4,5,4,A,gris,lundi,311335,02 Sep 2024,18.08,0,
ETU-02269,2024-2025, Psychologie ,18,H,Général,P,lycee_prive,N,5.8,0.0,75.6%,22,36.5,49,4,11,8,2,8.14,5,2,2,3,4,F,rouge,mardi,160846,2024-09-03,4.93,1,
ETU-04623,2024-2025, Droit ,20,f, pro,Très Bien,lycee_public,Oui,0.9,0.0,"79,4",,80.7,108,2,10,10,4,11.48,6,4,5,4,3,G,jaune,mardi,448684,2024-09-17,18.38,0,
ETU-04479,2024-2025,Lettres,21,H,TECHNO,B,lycee_prive,1,0.8,23.0,81.3%,26,39.0,59,3,9,7,4,"12,33",6,2,3,,3,D,gris,jeudi,195911,26/09/2024,14.6,0,Travail sérieux et régulier.
ETU-01144,2024-2025,Gestion,18,Homme,général ,Passable,lycee_prive,Non,5.2,0.0,84.9,18,22.3,64,2,9,9,1,10.35,6,3,3,4,3,H,jaune,lundi,534431,09 Sep 2024,15.32,0,RAS.
ETU-01216,2024-2025,Mathematiques,18,Homme,general,Bien,lycee_public,N,"4,7",19.0,"80,3",8,6.8,39,1,8,7,5,13.71,5,4,3,3,2,E,jaune,jeudi,720336,2024-09-26,17.74,0,
ETU-02017,2024-2025,Droit,19,F,GEN,B,lycee_public,N,"16,7",14.0,78.9,34,74.7,58,2,9,7,3,12.63,7,6,2,4,3,F,bleu,lundi,219516,2024-09-16,17.52,0,
ETU-01136,2024-2025,Informatique,22,femme,TECHNO,Bien,lycee_public,N,4.0,0.0,71.2,21,33.1,63,4,13,10,1,13.32,6,5,3,2,2,E,rouge,mardi,925269,10 Sep 2024,13.92,0,Profil dans la moyenne.
ETU-01436,2024-2025,GESTION,19,f,GEN,Bien,lycee_public,Non,9.2,10.0,92.7,,79.2,94,5,8,6,2,12.98,5,4,,3,4,D,rouge,vendredi,662898,2024-09-27,16.89,0,
ETU-00370,2024-2025,gestion,21,M,techno,TB,autre,Oui,15.6,0.0,56.4,15,27.4,22,8,11,8,3,9.51,5,3,3,1,5,D,vert,mercredi,651256,2024-09-25,5.61,1,
ETU-02460,2024-2025,Psychologie,17,F,général ,Assez Bien,lycee_public,Oui,"7,8",14.0,79.3,24,22.4,34,7,11,9,6,"12,11",6,4,4,5,3,G,rouge,vendredi,738580,13/09/2024,16.51,0,"Bon semestre, résultats solides."
ETU-03847,2024-2025,Gestion,19,M,général ,Bien,,Non,16.4,15.0,"74,8",18,34.9,40,5,8,6,2,11.97,6,6,4,4,3,B,gris,mardi,536418,17 Sep 2024,15.66,0,
ETU-00226,2024-2025,mathematiques,20,F,general,ab,lycee_prive,non,17.6,6.0,"96,6",32,25.2,88,2,9,8,2,10.04,5,5,2,4,3,A,jaune,jeudi,226404,2024-09-12,16.0,0,"Motivation en berne, à accompagner."
ETU-01271,2024-2025,GESTION,23,Femme,Technologique,passable,lycee_prive,O,7.9,0.0,65.6%,25,45.0,57,3,12,8,3,"11,69",7,4,4,3,,G,vert,mardi,774885,17 Sep 2024,7.85,1,Suivi sans particularité.
ETU-01121,2024-2025,Informatique,21,f,Général,P,autre,non,1.3,0.0,"72,1",39,31.1,110,6,10,9,3,6.25,5,3,4,1,,G,rouge,lundi,619023,23/09/2024,12.42,0,En difficulté sur les évaluations.
ETU-00599,2024-2025,biologie,20,f,général ,Assez Bien,cfa,Oui,8.2,8.0,61.5,37,77.3,84,2,10,8,1,"10,79",6,4,1,3,4,E,bleu,lundi,239213,2024-09-09,15.35,0,
ETU-04419,2024-2025,Informatique,20,h,Generale,B,lycee_public,non,6.6,0.0,50.1,10,16.7,24,4,13,7,0,5.49,6,1,2,4,1,E,jaune,mercredi,479317,18 Sep 2024,2.38,1,"Absences répétées, situation préoccupante."
ETU-04423,2024-2025,BIOLOGIE,18,M,général ,Assez Bien,lycee_public,oui,23.5,13.0,77.4%,24,40.4,58,3,13,9,2,"10,0",7,5,1,1,3,G,vert,jeudi,373671,19/09/2024,13.68,0,"Motivation en berne, à accompagner."
ETU-01211,2024-2025,GESTION,22,F,Professionnel,AB,lycee_public,Non,31.4,27.0,90.2,48,112.4,119,4,9,8,7,"10,15",6,6,3,5,2,G,vert,mercredi,457533,04 Sep 2024,15.8,0,Engagement en ligne remarquable.
ETU-04326,2024-2025,Informatique,18,M,general,passable,lycee_public,O,,0.0,71.1,28,35.4,56,7,11,7,1,9.73,6,2,3,3,3,F,bleu,jeudi,251065,26/09/2024,4.92,1,Profil dans la moyenne.
ETU-03051,2024-2025,GESTION,22,Homme,TECHNO,Assez Bien,cfa,N,1.8,15.0,66.4,41,57.2,73,7,13,11,3,8.96,7,4,3,3,4,H,vert,vendredi,312466,27 Sep 2024,6.11,1,RAS.
ETU-00875,2024-2025,lettres,19,Autre,pro,Assez Bien,lycee_public,0,20.0,0.0,"80,8",45,50.9,94,3,12,11,4,13.67,6,3,4,,3,A,bleu,mardi,502498,2024-09-24,18.32,0,
ETU-03763,2024-2025,Gestion,20,M,général ,Assez Bien,lycee_public,0,9.2,0.0,65.6,3,9.5,1,5,9,5,0,,6,1,2,1,2,C,vert,jeudi,215361,05/09/2024,3.67,1,En difficulté sur les évaluations.
ETU-01043,2024-2025,Informatique,21,Femme,techno,Assez Bien,lycee_public,N,38.6,28.0,93.8,45,57.4,88,2,9,8,5,"12,95",5,3,5,3,2,A,rouge,lundi,129620,02/09/2024,18.57,0,Engagement en ligne remarquable.
ETU-03429,2024-2025,Biologie,24,h,TECHNO,ab,cfa,0,"0,3",0.0,"75,9",25,42.3,42,5,12,10,0,12.32,5,3,4,3,1,H,rouge,mercredi,236578,11 Sep 2024,7.03,1,"Bon semestre, résultats solides."
ETU-04319,2024-2025,Gestion,17,F,Général,passable,lycee_public,non,,5.0,89.6%,17,26.8,32,7,10,9,7,"10,93",6,4,5,2,4,G,bleu,vendredi,441442,27/09/2024,15.88,0,Profil dans la moyenne.
ETU-02369,2024-2025, Informatique ,18,F,GEN,Passable,lycee_public,Non,"30,8",0.0,74.9,31,36.5,74,4,12,9,0,"7,64",6,3,2,2,2,E,jaune,mercredi,323145,04/09/2024,13.95,0,Résultats fragiles aux partiels.
ETU-02960,2024-2025,Droit,24,F,GEN,Bien,lycee_public,O,"14,2",9.0,78.1%,38,74.1,91,4,8,7,3,12.59,5,5,5,5,2,H,rouge,vendredi,354503,27 Sep 2024,17.31,0,
ETU-03446,2024-2025,Informatique,19,f,techno,Bien,cfa,N,,,88.6,25,39.6,49,3,8,7,4,"11,42",5,5,5,4,1,A,bleu,vendredi,909592,06 Sep 2024,17.07,0,RAS.
ETU-01726,2024-2025,DROIT,20,Homme,général ,Passable,lycee_public,O,38.4,6.0,74.6,24,43.1,62,5,9,7,1,,6,4,2,3,4,C,jaune,vendredi,915809,27 Sep 2024,7.62,1,Semble peu engagé dans la formation.
ETU-02239,2024-2025,Droit,19,femme,TECHNO,B,cfa,Oui,30.5,17.0,98.9,30,55.9,81,4,12,11,1,9.05,6,3,4,4,3,C,bleu,jeudi,353114,19/09/2024,16.6,0,RAS.
ETU-01819,2024-2025,Informatique,21,F,PRO,passable,lycee_public,1,"5,7",0.0,89.6,,47.4,85,2,8,6,3,8.4,6,2,3,3,3,D,vert,mercredi,957013,25/09/2024,14.52,0,
ETU-01416,2024-2025,LETTRES,18,M,GEN,B,lycee_public,N,1.5,6.0,81.8,31,42.5,72,3,12,8,4,12.09,6,4,3,4,3,A,jaune,mardi,545122,17 Sep 2024,14.94,0,"Bon semestre, résultats solides."
ETU-01060,2024-2025,Biologie,21,f,TECHNO,,lycee_public,N,18.0,22.0,94.3,46,53.3,106,3,9,8,6,12.04,6,5,5,3,5,D,bleu,mercredi,478893,04/09/2024,17.92,0,
ETU-04662,2024-2025,Gestion,19,Homme,Generale,TB,lycee_prive,0,"34,6",12.0,70.0,29,35.7,73,5,11,9,1,15.75,5,3,4,3,2,F,gris,mardi,633923,17/09/2024,9.89,1,
ETU-03729,2024-2025, Informatique ,20,Homme,général ,,lycee_prive,0,"24,0",9.0,76.4,15,23.6,46,7,10,9,4,5.73,7,4,2,,2,C,gris,jeudi,373760,05 Sep 2024,3.95,1,
ETU-04992,2024-2025,Gestion,19,femme,Général,ab,lycee_public,non,3.6,0.0,62.2%,24,30.3,52,4,12,7,0,"13,14",7,5,3,3,,A,gris,lundi,607810,2024-09-23,15.92,0,
ETU-00322,2024-2025,Informatique,19,M,TECHNO,AB,,1,18.5,13.0,85.5,23,38.9,68,3,10,8,3,10.52,5,4,4,3,4,B,gris,lundi,206083,2024-09-23,15.64,0,Suivi sans particularité.
ETU-01116,2024-2025,Gestion,20,F,TECHNO,Passable,lycee_public,N,20.1,23.0,70.5,33,51.1,92,3,9,8,6,12.99,6,2,3,,1,D,rouge,lundi,307370,2024-09-23,17.25,0,Suivi sans particularité.
ETU-01023,2024-2025,INFORMATIQUE,20,H,général ,Très Bien,lycee_prive,N,12.3,23.0,79.7,7,8.9,13,9,13,10,1,13.13,6,5,4,3,1,B,bleu,mercredi,415412,2024-09-18,12.77,0,Engagement en ligne très faible.
ETU-04729,2024-2025,Informatique,20,femme,Generale,passable,lycee_public,non,14.3,0.0,81.5,23,38.7,51,3,10,9,8,10.48,6,6,3,3,4,B,vert,mercredi,122338,11 Sep 2024,14.36,0,
ETU-04560,2024-2025,Biologie,19,f,Général,ab,lycee_public,N,"30,1",0.0,79.2,29,51.4,54,4,13,10,3,"9,18",7,5,3,5,2,D,vert,mardi,732165,2024-09-10,13.85,0,
ETU-00635,2024-2025, Gestion ,19,femme,general,tres bien,lycee_public,N,0.2,17.0,64.8,10,5.5,14,8,12,9,3,14.18,6,6,5,2,4,H,bleu,mardi,433146,10/09/2024,14.48,0,Peu actif sur la plateforme.
ETU-04527,2024-2025,Informatique,19,h,techno,TB,lycee_public,non,6.0 km,,72.2,20,28.3,50,6,13,8,2,"12,97",7,2,4,5,1,E,gris,vendredi,389508,2024-09-20,5.59,1,Suivi sans particularité.
ETU-01156,2024-2025,Informatique,20,M,Général,P,lycee_public,Oui,5.7,27.0,69.5,35,35.1,68,5,9,7,3,"10,12",6,4,3,2,2,D,bleu,mardi,503626,10/09/2024,13.92,0,
ETU-04188,2024-2025, Mathematiques ,19,f,Professionnel,passable,lycee_prive,N,14.1,,67.0%,23,35.1,46,6,8,6,1,8.04,6,3,2,1,2,A,bleu,mercredi,299547,18/09/2024,6.31,1,Semble peu engagé dans la formation.
ETU-00632,2024-2025,Psychologie,25,F,pro,Bien,lycee_prive,N,0.2 km,15.0,81.9,32,45.8,38,8,10,8,2,10.6,6,3,,3,3,D,bleu,mercredi,345486,04 Sep 2024,15.42,0,
ETU-02055,2024-2025,Informatique,20,f,GEN,P,lycee_prive,non,"15,1",18.0,78.0,35,65.2,79,5,10,10,5,15.52,6,4,4,4,4,B,jaune,vendredi,755549,2024-09-13,19.11,0,"Bon semestre, résultats solides."
ETU-00238,2024-2025, Psychologie ,19,Femme,GEN,AB,lycee_public,N,3.8,8.0,79.5,23,48.8,39,6,8,6,2,"11,66",5,4,4,5,4,H,bleu,mardi,815713,2024-09-10,15.38,0,
ETU-04042,2024-2025,DROIT,19,Homme,TECHNO,passable,lycee_public,0,"16,2",0.0,70.1,23,43.6,41,2,8,7,1,"7,19",6,4,2,3,1,G,bleu,mercredi,718735,11/09/2024,11.36,0,
ETU-02201,2024-2025,Biologie,18,F,general,ab,lycee_public,N,3.8,6.0,71.6,36,44.2,76,6,13,9,1,10.1,7,3,2,3,1,F,vert,mercredi,480379,04/09/2024,4.91,1,Semble peu engagé dans la formation.
ETU-04516,2024-2025,Informatique,22,h,GEN,B,lycee_prive,0,,25.0,69.0%,4,6.8,18,4,9,7,0,9.42,6,3,1,3,3,C,jaune,lundi,715182,2024-09-16,3.72,1,
ETU-05148,2024-2025,LETTRES,18,M,TECHNO,ab,lycee_public,non,26.6,7.0,80.4,43,84.9,108,1,12,12,2,"8,67",5,2,5,5,4,A,bleu,jeudi,279901,26/09/2024,16.15,0,Très actif sur la plateforme.
ETU-04267,2024-2025,Droit,18,Femme,Technologique,Passable,lycee_public,0,"11,5",10.0,"61,0",19,17.3,46,4,10,7,2,9.61,6,5,3,5,3,A,bleu,jeudi,664849,26/09/2024,4.71,1,
ETU-04422,2024-2025,gestion,21,h,Général,Assez Bien,lycee_public,0,14.3 km,0.0,81.2,32,47.7,83,6,8,7,3,12.65,5,2,4,4,3,E,vert,lundi,291298,2024-09-23,15.78,0,
ETU-03745,2024-2025,mathematiques,26,femme,Generale,P,lycee_public,N,2.8,11.0,62.1,3,4.8,10,7,10,7,0,7.92,5,4,3,2,3,H,rouge,jeudi,536721,19 Sep 2024,5.69,1,
ETU-00847,2024-2025,Lettres,27,Femme,general,Bien,autre,N,4.9,3.0,62.9,7,11.1,8,5,9,5,1,"12,04",5,2,5,2,2,F,bleu,mercredi,747891,2024-09-04,7.34,1,Peu actif sur la plateforme.
ETU-02849,2024-2025,BIOLOGIE,21,femme,Technologique,AB,lycee_public,Non,21.4,19.0,71.8,26,55.3,81,8,11,8,0,10.6,5,4,2,3,3,A,bleu,mardi,287286,03/09/2024,5.83,1,"Rendus souvent en retard, à relancer."
ETU-00657,2024-2025,Droit,18,f,general,passable,cfa,1,9.4,9.0,45.8%,15,22.0,31,4,9,4,0,"10,23",6,2,1,3,1,E,bleu,vendredi,925108,13/09/2024,4.55,1,
ETU-02514,2024-2025,STAPS,21,M,general,P,lycee_public,non,1.0,0.0,87.2,29,64.2,57,5,11,9,1,11.61,5,5,4,2,3,H,gris,vendredi,353239,20/09/2024,13.87,0,
ETU-02613,2024-2025,staps,18,Femme,Generale,AB,lycee_prive,non,2.7 km,,56.5%,9,14.8,17,5,12,9,2,,6,2,,3,3,D,vert,mardi,448659,10/09/2024,3.4,1,En difficulté sur les évaluations.
ETU-00431,2024-2025,Biologie,17,Homme,pro,Bien,lycee_public,non,2.3,0.0,73.9,26,25.0,91,3,13,11,1,"9,91",5,2,4,2,2,A,gris,mercredi,401889,25 Sep 2024,14.28,0,Suivi sans particularité.
ETU-03813,2024-2025,GESTION,18,H,techno,Passable,lycee_prive,non,"35,8",5.0,69.6%,15,27.7,48,5,13,10,0,"10,84",7,5,2,5,,B,bleu,mercredi,435009,25/09/2024,5.77,1,"Motivation en berne, à accompagner."
ETU-02054,2024-2025,informatique,26,femme,Général,P,cfa,N,"3,3",0.0,92.9,48,86.1,125,2,10,9,1,14.02,6,6,5,5,4,B,bleu,jeudi,575028,05 Sep 2024,18.98,0,
ETU-02299,2024-2025,Gestion,18,femme,techno,Assez Bien,lycee_public,O,22.8,12.0,"70,0",41,68.8,128,5,8,7,7,8.9,5,4,4,3,5,C,vert,vendredi,601800,20 Sep 2024,15.66,0,
ETU-00069,2024-2025, STAPS ,21,F,GEN,Passable,lycee_public,O,4.8,25.0,97.8,35,52.8,67,2,10,10,3,10.73,6,3,5,2,5,E,rouge,mercredi,202766,25 Sep 2024,15.13,0,Suivi sans particularité.
ETU-00140,2024-2025, Informatique ,26,f,GEN,ab,lycee_public,Non,15.6,7.0,86.3,31,59.9,66,4,10,10,6,12.7,5,5,4,5,4,E,jaune,lundi,378396,23 Sep 2024,16.54,0,
ETU-04692,2024-2025,Gestion,20,Homme,Generale,B,lycee_public,N,13.1 km,0.0,87.7,26,51.1,43,5,11,9,2,13.87,5,5,4,2,1,B,rouge,vendredi,660458,20/09/2024,17.33,0,
ETU-05143,2024-2025,Lettres,18,f,Professionnel,passable,lycee_prive,oui,"8,8",9.0,83.1,26,32.2,59,3,12,8,4,"5,9",6,2,3,3,4,A,rouge,jeudi,163643,05/09/2024,10.61,0,En difficulté sur les évaluations.
ETU-00151,2024-2025,Droit,19,femme,GEN,AB,autre,N,16.1,0.0,"96,7",35,71.7,68,3,8,8,9,12.3,5,4,5,4,4,B,rouge,mardi,712801,10 Sep 2024,17.36,0,
ETU-03205,2024-2025,STAPS,20,f,pro,passable,,non,24.3,0.0,58.0,41,37.6,96,7,10,7,1,"7,75",6,3,4,4,,E,rouge,mardi,923696,03/09/2024,3.85,1,
ETU-00872,2024-2025,droit,17,Homme,Technologique,passable,,1,12.5,,91.9,28,58.1,51,1,13,10,4,"9,39",5,3,3,4,5,H,jaune,jeudi,211297,19 Sep 2024,15.36,0,
ETU-03131,2024-2025,droit,21,f,Generale,ab,autre,non,19.2,13.0,59.0,19,27.6,69,6,9,8,4,9.96,6,4,4,1,3,B,vert,mercredi,981129,04/09/2024,12.38,0,Profil dans la moyenne.
ETU-03393,2024-2025,GESTION,18,f,GEN,P,lycee_prive,Non,2.5,11.0,73.5,30,42.5,77,1,12,8,3,10.7,6,4,2,3,4,E,jaune,vendredi,950809,2024-09-13,15.03,0,Semble peu engagé dans la formation.
ETU-00243,2024-2025,Lettres,17,F,Generale,Passable,lycee_public,Oui,1.4,0.0,77.3%,48,81.6,86,2,13,10,1,14.22,6,6,5,,3,F,bleu,lundi,742450,02 Sep 2024,18.02,0,Très actif sur la plateforme.
ETU-00885,2024-2025,GESTION,19,Homme,Generale,B,lycee_public,Non,"17,2",10.0,80.5,16,18.4,23,6,9,8,2,"13,33",7,2,3,3,3,F,rouge,lundi,352000,16/09/2024,16.25,0,"Bon semestre, résultats solides."
ETU-00977,2024-2025,Droit,22,femme,Generale,Passable,lycee_public,0,3.2 km,18.0,80.3%,29,40.4,91,1,12,8,1,15.23,5,3,2,3,1,G,gris,mercredi,681138,11/09/2024,17.19,0,Semble peu engagé dans la formation.
ETU-05182,2024-2025,Biologie,19,H,Général,Bien,lycee_public,N,,19.0,72.6,26,38.0,50,3,11,9,3,11.81,6,5,,2,2,D,jaune,jeudi,189340,12 Sep 2024,14.05,0,
ETU-03141,2024-2025,Mathematiques,19,F,Général,passable,lycee_public,1,19.5,3.0,79.8,50,82.4,139,4,8,8,2,11.57,6,4,3,,2,D,jaune,mardi,934522,2024-09-10,16.86,0,
ETU-03254,2024-2025,Psychologie,22,H,général ,Passable,lycee_public,oui,,,"62,9",27,21.9,54,4,9,6,0,"12,48",7,2,5,3,1,F,bleu,lundi,685014,16/09/2024,8.85,1,
ETU-00585,2024-2025,informatique,21,Femme,Général,Très Bien,lycee_public,Oui,3.3,0.0,"78,0",26,39.7,67,4,8,7,3,"14,06",6,6,4,3,4,C,rouge,lundi,735010,2024-09-02,17.08,0,
ETU-02834,2024-2025,INFORMATIQUE,18,Femme,GEN,Passable,lycee_prive,non,15.5,23.0,91.4,15,12.5,34,1,13,8,1,11.63,7,5,3,4,1,C,gris,jeudi,941839,05/09/2024,13.78,0,RAS.
ETU-04823,2024-2025,GESTION,23,f,général ,AB,lycee_public,1,0.1,11.0,76.4%,17,23.5,25,3,11,9,3,15.39,6,5,3,4,4,D,gris,jeudi,288343,12/09/2024,15.1,0,
ETU-00373,2024-2025, Psychologie ,21,Homme,TECHNO,Passable,lycee_public,Non,,14.0,61.9,14,24.0,35,4,11,9,0,5.79,5,2,3,3,,A,rouge,vendredi,274293,2024-09-27,2.44,1,En difficulté sur les évaluations.
ETU-01377,2024-2025,Mathematiques,21,Homme,general,Assez Bien,autre,N,9.4,21.0,58.4,21,37.4,51,7,12,9,0,"8,75",7,4,3,3,2,H,jaune,vendredi,907481,13/09/2024,3.87,1,RAS.
ETU-02688,2024-2025,Droit,19,H,Generale,tres bien,lycee_public,1,4.4,0.0,59.9,21,47.8,28,4,12,9,1,"10,81",7,6,3,3,,C,vert,mercredi,324779,18 Sep 2024,5.31,1,
ETU-00200,2024-2025,Mathematiques,19,F, pro,Assez Bien,lycee_public,O,14.8,0.0,43.8%,0,0.0,0,7,12,7,0,6.05,7,1,1,2,2,H,jaune,mardi,969983,03/09/2024,2.29,1,Forte baisse d'assiduité ce semestre.
ETU-01974,2024-2025,Mathematiques,23,h,GEN,Bien,lycee_prive,Non,8.3,24.0,76.6,50,34.7,129,1,10,9,4,14.31,6,5,3,4,3,G,jaune,mercredi,584098,11 Sep 2024,17.37,0,
ETU-03631,2024-2025,Droit,21,femme,techno,passable,lycee_public,O,6.0,9.0,89.9,39,56.6,110,1,13,13,3,"12,18",6,5,3,4,4,A,jaune,mardi,891692,2024-09-24,17.17,0,
ETU-03798,2024-2025,Informatique,19,H,Technologique,passable,lycee_public,non,36.2,3.0,65.0%,24,63.3,42,4,11,7,0,12.08,7,3,3,3,1,G,gris,jeudi,582641,19 Sep 2024,7.07,1,
ETU-02244,2024-2025,Biologie,22,Homme,Général,Passable,lycee_public,N,10.4,22.0,90.3,33,71.3,69,2,12,12,10,13.51,6,4,5,5,5,D,bleu,jeudi,476992,05/09/2024,19.36,0,
ETU-02144,2024-2025, Psychologie ,20,H,général ,AB,lycee_public,0,11.9,9.0,68.7,4,13.8,13,7,13,9,1,7.1,6,4,2,4,1,F,bleu,mercredi,747303,04 Sep 2024,3.68,1,Résultats fragiles aux partiels.
ETU-02678,2024-2025,STAPS,21,F,général ,P,lycee_prive,N,"41,0",0.0,82.6,39,84.6,52,4,10,9,5,"6,28",7,4,5,4,3,H,bleu,mardi,734197,2024-09-24,14.17,0,Résultats fragiles aux partiels.
ETU-02535,2024-2025,Droit,19,H,général ,B,lycee_prive,1,28.5,0.0,75.2,3,2.9,17,6,10,8,1,6.71,6,0,1,,2,D,gris,mardi,662390,10 Sep 2024,2.45,1,
ETU-03634,2024-2025,STAPS,19,Femme,Technologique,B,lycee_public,oui,9.5,12.0,"48,4",0,0.0,0,6,10,6,0,10.27,6,1,2,1,1,G,rouge,lundi,340551,2024-09-23,2.36,1,"Absences répétées, situation préoccupante."
ETU-04919,2024-2025,PSYCHOLOGIE,20,Femme,Général,ab,cfa,N,13.6,0.0,64.5,47,60.8,80,3,11,8,5,9.31,7,6,4,4,1,H,bleu,mercredi,902645,2024-09-04,14.97,0,RAS.
ETU-01164,2024-2025,Gestion,19,f,Generale,Passable,lycee_public,Non,19.6,0.0,62.4%,3,3.5,6,6,12,6,0,11.59,6,4,2,3,2,B,vert,vendredi,492000,20 Sep 2024,4.54,1,Engagement en ligne très faible.
ETU-04213,2024-2025,informatique,21,f,Generale,passable,lycee_prive,oui,13.7,10.0,68.9,9,14.4,18,8,11,8,1,9.72,6,3,4,4,2,A,jaune,vendredi,785599,13/09/2024,3.35,1,Peu actif sur la plateforme.
ETU-03223,2024-2025,informatique,19,M,general,P,lycee_public,Non,"2,7",,99.3,49,98.9,99,4,10,10,3,"15,08",6,6,5,4,3,D,vert,lundi,663029,16 Sep 2024,18.47,0,Étudiant assidu et investi.
ETU-00824,2024-2025,PSYCHOLOGIE,18,Homme,GEN,Passable,lycee_public,Oui,"6,5",8.0,93.6,60,134.2,151,1,9,9,9,11.26,6,6,4,4,4,B,vert,vendredi,384663,2024-09-27,17.8,0,Très actif sur la plateforme.
ETU-02148,2024-2025,Psychologie,22,Femme,Generale,passable,lycee_public,0,2.0,0.0,74.1,32,62.1,79,4,9,8,4,9.46,6,4,3,3,3,C,bleu,mardi,428503,10 Sep 2024,14.68,0,
ETU-00295,2024-2025,mathematiques,19,Femme,general,Très Bien,lycee_public,0,6.0,0.0,84.7,39,85.8,104,2,8,7,4,12.32,6,6,5,5,4,E,vert,jeudi,306455,2024-09-19,18.18,0,"Bon semestre, résultats solides."
ETU-03535,2024-2025,Psychologie,21,femme,Generale,passable,lycee_public,oui,19.3 km,17.0,87.0%,9,13.0,27,4,11,9,1,"8,65",5,4,3,3,2,C,bleu,lundi,405294,2024-09-02,13.46,0,Engagement en ligne très faible.
ETU-00762,2024-2025,psychologie,21,Femme,Professionnel,AB,lycee_public,1,5.5,0.0,68.0%,7,10.2,9,4,13,8,0,"3,17",7,0,1,2,3,D,gris,lundi,333946,02 Sep 2024,1.36,1,En difficulté sur les évaluations.
ETU-02397,2024-2025,Gestion,18,M,PRO,Passable,lycee_public,Non,39.8,16.0,47.9,4,6.2,21,5,13,5,0,"8,22",7,5,,2,1,H,gris,mardi,762268,2024-09-17,0.91,1,
ETU-02605,2024-2025,Informatique,22,Homme,Generale,Passable,lycee_prive,0,"25,8",26.0,89.2,42,57.4,89,1,9,6,5,7.98,7,5,,4,5,F,bleu,vendredi,931750,06/09/2024,14.52,0,En difficulté sur les évaluations.
ETU-00500,2024-2025,Gestion,17,f,general,Assez Bien,lycee_public,0,31.8,23.0,95.5%,52,111.8,136,2,9,9,4,12.74,6,4,5,5,4,C,gris,vendredi,772389,2024-09-27,17.57,0,
ETU-02588,2024-2025,Lettres,23,F,Général,ab,autre,non,"5,9",0.0,96.0,26,34.4,69,3,12,12,5,10.17,5,5,5,4,4,B,rouge,lundi,972922,23/09/2024,17.08,0,Profil dans la moyenne.
ETU-00606,2024-2025,Mathematiques,21,NB,general,passable,lycee_prive,O,,0.0,93.2,40,49.4,87,3,11,11,5,10.88,6,5,4,3,,E,jaune,jeudi,210964,2024-09-05,16.28,0,
ETU-03368,2024-2025, Psychologie ,19,femme,pro,P,lycee_public,non,20.0,8.0,78.6,19,28.0,52,6,9,6,1,11.93,6,3,4,2,2,H,bleu,vendredi,259475,2024-09-06,6.75,1,
ETU-02800,2024-2025, STAPS ,18,h,TECHNO,Assez Bien,lycee_prive,oui,22.2,13.0,77.3,38,29.0,73,7,10,8,4,10.55,6,4,4,4,1,E,jaune,mercredi,363372,18 Sep 2024,15.31,0,
ETU-00352,2024-2025,Mathematiques,21,f,general,passable,lycee_public,non,3.0,0.0,66.6,14,25.1,48,6,11,6,0,"8,05",7,4,3,2,3,D,gris,mercredi,841379,11/09/2024,3.65,1,RAS.
ETU-01823,2024-2025,Droit,22,H,général ,B,lycee_public,N,16.7,0.0,81.8,31,36.7,69,9,12,11,3,12.67,6,6,5,4,3,F,rouge,mercredi,528339,18/09/2024,17.31,0,"Rendus souvent en retard, à relancer."
ETU-00306,2024-2025,Psychologie,17,Femme,techno,Bien,lycee_prive,Non,16.8,19.0,"99,2",41,58.1,71,0,10,9,11,13.47,6,6,5,,5,F,vert,jeudi,939430,2024-09-12,19.22,0,"Très bon investissement, en réussite."
ETU-03206,2024-2025,STAPS,19,M,GEN,B,cfa,1,"0,0",13.0,69.2,15,30.1,27,3,10,7,0,7.26,6,2,1,3,1,B,vert,vendredi,969898,06 Sep 2024,4.82,1,
ETU-00026,2024-2025,Mathematiques,19,H,Professionnel,P,lycee_public,O,18.3,18.0,84.8,30,46.5,87,4,10,8,1,9.26,5,4,4,5,3,G,vert,mercredi,222882,2024-09-11,14.17,0,
ETU-00581,2024-2025,droit,17,Homme,général ,Bien,lycee_prive,non,27.9,,81.3,45,89.8,125,2,8,8,2,13.77,7,4,2,3,3,G,rouge,jeudi,936201,2024-09-19,18.04,0,Semble peu engagé dans la formation.
ETU-01137,2024-2025, Psychologie ,20,M,général ,B,lycee_public,Non,15.1,10.0,79.3,22,20.5,17,4,13,10,7,13.71,6,6,3,2,4,C,gris,vendredi,877444,2024-09-13,16.36,0,Travail sérieux et régulier.
ETU-00448,2024-2025,BIOLOGIE,19,femme,pro,Assez Bien,lycee_public,1,55.2,,"80,1",10,16.3,23,7,10,7,0,5.72,6,2,1,3,1,B,bleu,lundi,617280,16/09/2024,1.69,1,Résultats fragiles aux partiels.
ETU-03028,2024-2025,Lettres,17,H,general,B,lycee_public,Non,4.2,27.0,90.5%,26,33.5,47,3,13,10,1,"13,22",7,5,4,3,5,B,jaune,vendredi,171212,2024-09-27,16.65,0,Travail sérieux et régulier.
ETU-03659,2024-2025,GESTION,18,H,Generale,B,lycee_public,O,8.7,,83.1,21,40.1,33,7,11,7,1,11.59,5,3,3,3,3,B,gris,jeudi,389327,12 Sep 2024,9.13,1,Suivi sans particularité.
ETU-01321,2024-2025,DROIT,18,femme,Generale,tres bien,lycee_public,0,10.0,14.0,67.1,11,26.1,33,3,11,7,0,,5,5,2,3,3,F,jaune,lundi,325192,02 Sep 2024,17.1,0,Peu actif sur la plateforme.
ETU-01792,2024-2025,PSYCHOLOGIE,19,F,Technologique,AB,lycee_public,1,4.8,26.0,98.0,64,100.9,182,1,11,11,12,14.66,6,5,4,5,5,G,rouge,jeudi,486358,26/09/2024,18.84,0,"Très bon investissement, en réussite."
ETU-03516,2024-2025,LETTRES,19,F,général ,Assez Bien,,Non,13.7,0.0,70.8%,4,7.0,12,6,9,6,0,"10,18",6,6,1,2,1,B,vert,mercredi,487725,2024-09-04,11.47,0,Engagement en ligne très faible.
ETU-04579,2024-2025,psychologie,18,f,general,TB,lycee_public,Oui,20.2,8.0,62.6%,42,82.9,110,4,13,10,0,13.25,6,5,4,2,2,H,bleu,jeudi,404756,05 Sep 2024,15.54,0,
ETU-03225,2024-2025,gestion,20,Homme,GEN,B,lycee_public,1,14.0,0.0,97.9,64,138.7,133,2,10,10,5,19.49,7,7,5,5,5,C,vert,mercredi,186181,04/09/2024,19.88,0,
ETU-02157,2024-2025, Psychologie ,20,M,GEN,P,lycee_public,non,6.2,0.0,77.1,11,30.4,27,8,12,8,1,10.21,6,2,2,1,3,E,rouge,lundi,539088,02 Sep 2024,6.46,1,
ETU-01537,2024-2025,INFORMATIQUE,21,M,TECHNO,P,cfa,oui,15.4,0.0,52.7,33,41.5,77,1,10,9,1,6.66,5,0,3,4,1,H,bleu,mardi,700912,24 Sep 2024,12.62,0,
ETU-00823,2024-2025,GESTION,18,femme,general,ab,lycee_public,oui,2.3,0.0,"78,1",28,47.7,51,3,13,12,5,"10,79",6,4,3,3,3,A,vert,mercredi,227084,04/09/2024,15.64,0,RAS.
ETU-01213,2024-2025,Mathematiques,19,M,Technologique,Assez Bien,lycee_public,N,2.3,0.0,"71,7",8,0.8,17,2,11,9,2,11.93,5,5,3,2,,B,jaune,mardi,671466,2024-09-17,15.13,0,
ETU-01469,2024-2025,Droit,17,H,Général,P,cfa,non,10.1,,76.0,25,30.8,66,3,8,6,1,,7,2,,,3,C,jaune,mercredi,375820,2024-09-11,15.67,0,
ETU-04356,2024-2025,Psychologie,18,Homme,Général,,lycee_prive,non,4.5 km,18.0,88.6%,47,67.4,98,1,12,12,8,"17,94",6,6,5,5,4,B,rouge,vendredi,534265,2024-09-27,19.77,0,Étudiant assidu et investi.
ETU-03301,2024-2025,Biologie,21,femme,TECHNO,ab,lycee_prive,Non,6.7,11.0,"58,4",9,12.6,23,2,8,5,1,"10,08",5,2,2,2,3,B,vert,lundi,265677,16/09/2024,4.01,1,Engagement en ligne très faible.
ETU-00990,2024-2025,Informatique,18,Homme,général ,passable,lycee_prive,0,12.1,17.0,61.8,7,11.2,17,5,12,9,0,8.33,5,3,2,4,4,H,vert,lundi,753348,2024-09-09,4.63,1,
ETU-04406,2024-2025,droit,22,F,Général,P,lycee_public,oui,14.3,,97.3,72,86.2,194,2,13,13,9,11.85,6,3,5,3,5,H,vert,jeudi,155088,2024-09-12,18.86,0,
ETU-03270,2024-2025,psychologie,18,F,Général,ab,lycee_public,non,16.1,0.0,82.9,26,34.8,68,5,9,7,1,8.97,5,2,2,3,2,D,vert,lundi,795122,16/09/2024,14.82,0,
ETU-00820,2024-2025,Gestion,19,Homme,Technologique,Très Bien,lycee_public,non,10.3 km,13.0,80.5,26,20.6,45,8,13,8,1,"11,73",6,4,4,2,5,B,bleu,jeudi,695875,2024-09-05,6.87,1,Plusieurs travaux remis hors délai.
ETU-05051,2024-2025,Biologie,20,H,Generale,B,cfa,0,"11,3",0.0,49.5,16,21.1,42,7,12,7,0,"7,49",6,3,1,4,2,F,vert,lundi,556553,23 Sep 2024,4.49,1,Forte baisse d'assiduité ce semestre.
ETU-02458,2024-2025,BIOLOGIE,18,f,Technologique,AB,lycee_public,0,2.9 km,24.0,71.5%,24,30.7,51,7,13,8,1,"14,01",6,4,2,,3,D,gris,lundi,757414,16/09/2024,9.6,1,"Motivation en berne, à accompagner."
ETU-02885,2024-2025,Mathematiques,19,M,Général,TB,lycee_prive,1,1.6,26.0,72.7%,43,68.2,101,6,12,11,1,15.98,7,7,5,5,3,D,bleu,vendredi,391236,2024-09-13,18.43,0,RAS.
ETU-02758,2024-2025, Droit ,20,F,pro,ab,cfa,0,"0,7",20.0,69.3,20,21.4,48,8,12,9,1,"10,65",5,3,3,1,5,E,rouge,mardi,624462,10/09/2024,5.03,1,
ETU-02698,2024-2025,STAPS,20,Homme,TECHNO,Assez Bien,lycee_public,non,20.2,0.0,95.7,41,47.3,120,0,8,7,6,8.78,6,5,5,5,3,H,gris,jeudi,757147,12/09/2024,15.83,0,
ETU-01997,2024-2025, STAPS ,20,F,général ,passable,lycee_public,N,17.4,8.0,86.4,23,31.2,66,4,10,8,4,"12,7",6,6,1,3,2,G,bleu,jeudi,540650,26 Sep 2024,15.33,0,Semble peu engagé dans la formation.
ETU-03152,2024-2025,Informatique,19,Homme,general,Passable,,oui,"59,6",15.0,72.6,18,32.3,50,3,11,9,0,12.84,7,3,2,3,1,F,vert,jeudi,548989,2024-09-19,8.27,1,Semble peu engagé dans la formation.
ETU-00787,2024-2025, Psychologie ,20,f,GEN,Passable,lycee_public,1,4.6 km,0.0,"89,2",32,64.0,71,5,13,8,3,"15,34",5,5,3,3,3,F,vert,vendredi,154598,20/09/2024,17.53,0,
ETU-04777,2024-2025,Mathematiques,18,H,GEN,passable,lycee_public,non,"24,2",,83.8,36,29.1,100,6,12,12,6,"15,34",6,5,5,5,4,C,rouge,vendredi,212259,13 Sep 2024,18.29,0,Travail sérieux et régulier.
ETU-01813,2024-2025,droit,20,F,Général,P,lycee_prive,0,23.8,7.0,96.4,37,59.6,90,1,10,8,6,15.05,6,6,5,4,5,G,rouge,mercredi,840375,2024-09-18,18.39,0,
ETU-02010,2024-2025,staps,21,f,general,tres bien,lycee_public,non,7.1 km,28.0,70.1,16,28.4,52,5,8,6,2,6.53,5,2,2,3,4,D,gris,mercredi,725994,25/09/2024,4.18,1,En difficulté sur les évaluations.
ETU-02278,2024-2025,Biologie,24,F,Generale,Très Bien,lycee_public,N,29.5,13.0,"67,9",31,53.9,61,4,10,9,3,15.96,6,6,5,4,2,D,rouge,vendredi,514732,06/09/2024,17.72,0,
ETU-04942,2024-2025,Informatique,18,f, pro,Très Bien,lycee_prive,0,12.4,8.0,72.7,,53.4,95,3,10,8,2,13.67,6,6,3,3,2,F,jaune,mercredi,288221,2024-09-04,16.59,0,Suivi sans particularité.
ETU-01349,2024-2025,DROIT,22,f,GEN,Passable,lycee_public,non,1.2,20.0,87.4,54,82.7,99,3,13,12,5,13.39,6,4,5,3,4,B,gris,mercredi,844504,2024-09-04,17.7,0,Étudiant assidu et investi.
ETU-01780,2024-2025,STAPS,23,F,techno,passable,lycee_public,oui,21.9,,"71,7",17,24.6,41,3,8,6,1,8.44,6,5,3,4,,C,bleu,lundi,659712,16 Sep 2024,5.75,1,RAS.
ETU-03628,2024-2025, Psychologie ,18,femme,PRO,Assez Bien,lycee_public,1,,22.0,82.1,27,56.0,41,6,8,6,2,"7,42",6,2,2,3,,D,bleu,mercredi,392871,2024-09-25,2.99,1,Résultats fragiles aux partiels.
ETU-03501,2024-2025,INFORMATIQUE,19,H,GEN,AB,lycee_public,1,25.8,8.0,83.9,40,48.3,66,2,9,9,6,10.45,5,2,4,4,5,G,vert,lundi,945869,23/09/2024,16.3,0,
ETU-00010,2024-2025,DROIT,18,F,Général,B,lycee_public,0,1.9,11.0,78.3%,36,60.5,58,4,8,8,2,12.17,5,2,5,5,2,E,vert,mercredi,746865,04/09/2024,16.15,0,"Bon semestre, résultats solides."
ETU-01415,2024-2025,Biologie,23,Femme,techno,passable,lycee_prive,Non,"54,6",20.0,"80,0",22,52.8,53,4,12,11,2,14.68,6,5,3,5,3,D,jaune,mercredi,317316,25 Sep 2024,17.75,0,"Bon semestre, résultats solides."
ETU-01303,2024-2025,GESTION,21,h,general,passable,lycee_public,Oui,8.1,20.0,70.2,26,37.4,44,3,9,5,0,3.37,6,0,2,4,2,D,bleu,vendredi,579376,2024-09-06,1.37,1,Résultats fragiles aux partiels.
ETU-02188,2024-2025,biologie,18,Femme,techno,passable,lycee_public,oui,3.9 km,6.0,94.9,37,46.0,80,3,11,11,6,"12,28",7,6,5,,2,E,vert,mardi,394715,24 Sep 2024,15.82,0,"Bon semestre, résultats solides."
ETU-04469,2024-2025, STAPS ,25,f,general,Assez Bien,lycee_prive,0,"3,0",9.0,84.5,20,28.4,46,3,9,7,2,"7,95",6,4,2,2,2,C,rouge,vendredi,989482,27/09/2024,12.74,0,En difficulté sur les évaluations.
ETU-05118,2024-2025,mathematiques,19,Autre,GEN,Passable,lycee_public,Oui,"12,3",13.0,79.5,34,29.2,50,3,11,10,4,12.33,5,3,5,5,1,E,jaune,mardi,369535,10 Sep 2024,16.53,0,Travail sérieux et régulier.
ETU-01844,2024-2025,MATHEMATIQUES,18,Femme,général ,P,lycee_public,non,"3,7",0.0,"84,0",33,55.8,68,2,11,9,2,"10,72",6,2,4,,2,G,bleu,mardi,321571,24 Sep 2024,15.92,0,
ETU-02666,2024-2025, Informatique ,20,h,Generale,P,lycee_public,O,6.8 km,0.0,"85,3",16,30.9,24,3,13,13,5,"11,12",6,6,3,2,4,A,rouge,mercredi,833036,25 Sep 2024,16.41,0,RAS.
ETU-03877,2024-2025,Gestion,17,M,Général,Très Bien,lycee_public,0,22.8,17.0,73.3,19,31.1,30,7,13,12,3,12.11,7,4,4,3,2,D,vert,mercredi,728701,04/09/2024,15.26,0,RAS.
ETU-00324,2024-2025,Gestion,21,femme,TECHNO,B,lycee_public,non,"7,9",0.0,65.9,14,24.5,19,5,9,6,0,8.11,5,3,3,4,1,G,gris,mardi,521141,24/09/2024,3.9,1,
ETU-04436,2024-2025,PSYCHOLOGIE,21,h,général ,Passable,lycee_public,Oui,"16,6",6.0,67.8,37,71.4,64,3,11,8,1,10.37,5,3,3,4,3,H,rouge,lundi,295273,02/09/2024,13.85,0,
ETU-01548,2024-2025,Biologie,18,F,Général,ab,lycee_prive,0,"22,2",0.0,71.3%,15,27.9,21,2,8,7,1,10.54,6,3,3,4,1,C,jaune,lundi,761971,2024-09-16,13.44,0,Suivi sans particularité.
ETU-02117,2024-2025,LETTRES,20,Homme,GEN,ab,lycee_prive,non,"23,9",,70.5%,25,33.7,51,3,12,12,2,11.27,6,1,1,3,3,H,gris,vendredi,876527,06 Sep 2024,15.41,0,
ETU-03881,2024-2025, Psychologie ,18,H,pro,Assez Bien,lycee_public,Oui,1.5,28.0,63.9,18,15.2,42,8,12,8,0,7.58,7,1,3,2,,G,vert,mardi,804993,2024-09-17,2.73,1,Résultats fragiles aux partiels.
ETU-04333,2024-2025,Lettres,23,Femme,Generale,Très Bien,autre,non,7.2,10.0,76.5%,,45.5,61,8,11,8,4,,5,5,2,4,3,E,rouge,mercredi,173817,2024-09-04,15.68,0,Plusieurs travaux remis hors délai.
ETU-03711,2024-2025, Biologie ,21,f,Generale,,autre,Non,"3,4",15.0,62.4,29,47.0,38,1,11,7,1,10.63,6,4,3,3,1,A,bleu,lundi,601037,2024-09-16,13.19,0,Suivi sans particularité.
ETU-04208,2024-2025,INFORMATIQUE,22,h,général ,passable,lycee_public,N,"9,9",10.0,77.0,,38.0,82,2,12,11,1,11.15,5,4,4,4,3,E,gris,mercredi,935825,18/09/2024,14.35,0,
ETU-02283,2024-2025,informatique,22,femme,pro,AB,lycee_public,oui,21.9,3.0,70.2%,12,17.8,25,3,12,9,1,12.45,6,2,2,3,2,H,gris,jeudi,684039,2024-09-19,7.04,1,Semble peu engagé dans la formation.
ETU-01951,2024-2025,DROIT,20,H,Technologique,Passable,lycee_prive,1,42.1,17.0,92.5%,22,40.4,35,7,11,9,4,9.79,6,1,2,2,1,C,bleu,vendredi,302296,27/09/2024,6.17,1,Semble peu engagé dans la formation.
ETU-03838,2024-2025,Lettres,19,h,pro,Passable,lycee_public,N,35.1 km,5.0,72.7%,19,38.4,37,6,9,6,1,8.01,5,3,2,4,1,F,gris,jeudi,716835,19/09/2024,10.38,0,
ETU-04611,2024-2025,Biologie,20,F,GEN,ab,lycee_public,non,36.1,15.0,64.2,24,29.1,46,7,8,7,2,"11,2",7,3,3,5,2,A,gris,vendredi,403956,06 Sep 2024,6.61,1,
ETU-05189,2024-2025,mathematiques,20,Femme,TECHNO,Bien,lycee_public,oui,57.0,3.0,"80,9",35,66.7,68,7,8,7,2,10.41,7,6,3,4,4,F,rouge,vendredi,842520,06/09/2024,7.16,1,Profil dans la moyenne.
ETU-03855,2024-2025, Informatique ,20,Femme,Generale,Passable,lycee_public,Non,4.6,11.0,82.7%,13,21.8,26,7,10,7,2,10.72,6,6,4,4,1,A,jaune,mardi,265626,2024-09-24,15.0,0,Profil dans la moyenne.
ETU-03794,2024-2025,Informatique,21,H,techno,TB,lycee_public,Non,6.2,0.0,91.5%,35,33.9,88,1,10,9,8,"12,43",6,6,5,4,5,H,bleu,jeudi,546294,26 Sep 2024,17.94,0,
ETU-01913,2024-2025,Psychologie,21,h,Generale,Passable,cfa,non,11.2,23.0,64.2,19,20.5,46,4,11,8,3,14.17,7,7,3,3,2,B,jaune,lundi,634513,2024-09-16,16.95,0,
ETU-00099,2024-2025,Psychologie,20,Femme,Général,AB,autre,Oui,19.7,16.0,77.5,27,37.7,46,5,8,6,3,17.05,6,3,4,,5,D,jaune,jeudi,451186,19 Sep 2024,16.87,0,
ETU-01133,2024-2025,Lettres,18,M,Technologique,Bien,lycee_public,oui,8.5,11.0,80.1,21,18.4,47,3,11,10,1,"14,09",6,5,3,5,4,F,jaune,jeudi,945262,26 Sep 2024,16.25,0,
ETU-01986,2024-2025,DROIT,19,F,general,TB,lycee_public,Non,0.7,10.0,91.6,25,34.2,30,3,8,7,5,13.5,6,5,5,4,4,B,gris,mercredi,849644,25 Sep 2024,17.69,0,Travail sérieux et régulier.
ETU-01460,2024-2025,Biologie,20,Homme,GEN,AB,lycee_public,1,"31,5",12.0,74.4%,39,66.7,79,0,13,12,4,12.08,6,3,4,2,3,G,rouge,lundi,125666,16 Sep 2024,16.81,0,Profil dans la moyenne.
ETU-02286,2024-2025,psychologie,20,H,TECHNO,Bien,lycee_public,non,2.6,9.0,69.5,16,33.2,36,6,8,6,0,"4,96",6,0,2,3,1,D,vert,mercredi,679782,2024-09-25,2.85,1,En difficulté sur les évaluations.
ETU-04917,2024-2025,Mathematiques,18,F,pro,tres bien,lycee_public,oui,,0.0,"88,3",28,33.4,57,3,10,10,0,9.92,5,5,3,2,3,F,vert,mardi,989508,2024-09-10,14.59,0,
ETU-03204,2024-2025, Droit ,22,M,Generale,B,,non,18.0,0.0,72.9,41,66.5,86,4,10,7,0,9.04,6,3,,3,2,A,bleu,lundi,644610,2024-09-02,16.34,0,Semble peu engagé dans la formation.
ETU-03475,2024-2025,informatique,17,F,Général,P,lycee_public,oui,29.6,13.0,79.1,46,106.5,107,1,9,8,3,17.41,6,6,3,4,,C,gris,mercredi,247295,11/09/2024,19.17,0,Très actif sur la plateforme.
ETU-02625,2024-2025,Lettres,18,M,GEN,passable,lycee_public,non,"7,8",,95.3%,58,60.7,124,0,10,10,10,14.2,5,5,4,4,4,E,gris,jeudi,954624,12/09/2024,18.89,0,
ETU-01896,2024-2025,Droit,18,f,GEN,P,lycee_public,Non,"4,6",3.0,68.0%,3,4.1,7,4,8,4,1,"10,5",5,3,3,2,1,B,rouge,jeudi,421836,05 Sep 2024,6.01,1,Peu actif sur la plateforme.
ETU-00554,2024-2025,Informatique,24,h,général ,ab,lycee_public,1,1.3,4.0,71.3,24,39.9,50,5,13,9,0,9.56,6,3,3,,1,E,gris,vendredi,357966,27/09/2024,12.74,0,
ETU-04796,2024-2025,Gestion,17,femme,Technologique,Très Bien,lycee_public,N,"35,1",13.0,83.1,28,34.8,51,6,12,10,7,13.78,6,6,4,,3,E,bleu,mardi,471688,10/09/2024,16.45,0,
ETU-00942,2024-2025,Biologie,22,Femme,general,B,lycee_public,O,17.7,0.0,89.2,4,5.2,1,2,9,6,1,10.23,5,3,2,3,3,H,rouge,mardi,799941,2024-09-17,7.13,1,Engagement en ligne très faible.
ETU-01521,2024-2025,DROIT,18,Femme,techno,Passable,lycee_prive,Non,29.5,7.0,81.7,28,33.7,84,0,12,11,8,11.69,6,4,5,4,3,F,bleu,mercredi,545673,2024-09-18,16.58,0,Suivi sans particularité.
ETU-03587,2024-2025,gestion,18,femme,general,Bien,,1,,21.0,"82,8",49,74.0,110,1,8,7,6,11.45,6,4,4,4,4,A,bleu,vendredi,374524,20/09/2024,16.08,0,Engagement en ligne remarquable.
ETU-02888,2024-2025,STAPS,20,h,Technologique,Assez Bien,lycee_public,N,1.8,7.0,90.6,44,79.4,104,2,12,12,5,12.35,6,6,5,5,4,E,bleu,jeudi,756480,19 Sep 2024,17.35,0,
ETU-00920,2024-2025,STAPS,17,F,Generale,Assez Bien,lycee_prive,O,8.2,0.0,91.5,,71.9,74,2,8,7,7,,5,4,4,3,2,C,rouge,lundi,251679,23/09/2024,13.83,0,
ETU-00732,2024-2025,STAPS,20,F,GEN,B,lycee_prive,0,6.2,10.0,92.1%,22,30.0,40,3,11,10,7,14.57,7,4,5,2,2,G,vert,jeudi,238321,2024-09-26,17.23,0,
ETU-02835,2024-2025, Psychologie ,21,femme,Général,B,lycee_public,oui,7.7,27.0,88.0,39,34.0,67,1,11,9,4,15.52,7,7,4,4,3,F,rouge,jeudi,205570,2024-09-19,18.25,0,
ETU-03019,2024-2025, Droit ,20,F,GEN,TB,lycee_public,0,37.7 km,,94.3,32,55.7,81,3,9,8,3,"14,45",7,7,5,4,3,B,rouge,lundi,449108,09/09/2024,16.91,0,
ETU-00808,2024-2025,Gestion,18,Homme,Général,B,,O,,6.0,83.0,16,15.1,42,2,11,8,1,"15,8",7,7,4,2,5,C,gris,mardi,798278,10/09/2024,17.93,0,"Bon semestre, résultats solides."
ETU-04234,2024-2025,BIOLOGIE,23,Femme,Général,passable,lycee_public,0,"11,1",0.0,79.6,29,53.4,45,2,8,6,3,"8,13",6,4,2,4,2,D,bleu,mardi,310872,03 Sep 2024,10.72,0,
ETU-02486,2024-2025,Gestion,19,Femme,général ,passable,lycee_public,oui,8.6,9.0,"75,1",27,51.3,73,3,12,7,3,9.85,6,4,4,3,2,H,rouge,jeudi,287159,05/09/2024,14.66,0,
ETU-02939,2024-2025,STAPS,19,h,général ,Assez Bien,lycee_prive,O,2.4,6.0,56.6,20,22.2,56,2,8,7,2,8.05,6,1,3,3,3,A,bleu,mardi,303791,2024-09-10,11.88,0,
ETU-00943,2024-2025,Gestion,21,h,général ,AB,cfa,oui,21.0,0.0,98.3,47,68.5,94,2,11,11,9,"12,11",6,5,3,,3,H,gris,jeudi,981194,26 Sep 2024,17.28,0,Très actif sur la plateforme.
ETU-02951,2024-2025,Lettres,17,f,GEN,passable,lycee_prive,Oui,10.2,5.0,57.5%,26,37.8,39,4,12,8,0,"11,34",5,2,1,3,1,H,jaune,jeudi,313453,2024-09-26,5.74,1,
ETU-03787,2024-2025,staps,19,Femme,general,Passable,lycee_public,1,"19,6",28.0,71.2,18,26.6,44,5,8,5,1,,6,4,2,2,1,A,bleu,vendredi,840853,2024-09-20,5.51,1,"Motivation en berne, à accompagner."
ETU-03702,2024-2025, Informatique ,17,Homme,général ,B,lycee_public,0,,,61.3%,7,12.1,13,7,11,8,1,"12,65",7,4,5,3,1,A,bleu,jeudi,601170,12/09/2024,5.66,1,
ETU-01518,2024-2025,Informatique,23,Homme, pro,P,lycee_public,oui,"7,7",24.0,77.8%,16,36.7,36,4,10,8,2,"8,49",6,1,3,3,1,B,jaune,mardi,909048,17 Sep 2024,3.97,1,
ETU-04121,2024-2025, Droit ,18,Femme,PRO,P,lycee_public,1,11.4,10.0,96.2,39,51.4,96,0,13,13,8,"11,35",7,3,5,5,4,A,gris,lundi,508761,09/09/2024,18.11,0,
ETU-04575,2024-2025,Gestion,22,h,Generale,passable,lycee_public,oui,6.9,14.0,75.0,20,23.7,52,6,10,6,2,9.69,5,3,2,,2,G,vert,jeudi,336007,12/09/2024,5.4,1,Semble peu engagé dans la formation.
ETU-03718,2024-2025,Psychologie,21,Femme,TECHNO,passable,cfa,Non,13.3,11.0,70.4,24,39.6,48,2,10,8,1,10.56,7,6,,4,4,F,jaune,mardi,930369,10 Sep 2024,7.61,1,
ETU-02919,2024-2025,PSYCHOLOGIE,18,Femme,TECHNO,P,lycee_public,oui,1.3,9.0,"84,0",38,36.0,102,1,12,11,7,11.57,5,3,5,4,3,E,gris,vendredi,490098,06 Sep 2024,16.95,0,Profil dans la moyenne.
ETU-01466,2024-2025,Psychologie,20,Femme,pro,AB,lycee_prive,0,30.6,0.0,62.0,24,23.3,75,1,13,11,3,"5,52",5,0,3,3,1,H,vert,vendredi,612050,27/09/2024,11.44,0,
ETU-03742,2024-2025,STAPS,18,F,techno,Passable,lycee_public,N,7.3,8.0,82.7,31,57.7,68,7,10,8,4,14.92,5,3,4,3,4,F,gris,mercredi,256836,04/09/2024,16.63,0,Travail sérieux et régulier.
ETU-04114,2024-2025,Biologie,21,Femme,general,AB,lycee_prive,Non,11.0,16.0,74.9,22,32.1,59,6,13,10,0,"7,37",7,5,3,2,4,A,vert,lundi,516248,23/09/2024,6.1,1,En difficulté sur les évaluations.
ETU-04641,2024-2025,Informatique,23,f,GEN,B,lycee_public,Non,"40,8",14.0,76.3%,36,49.8,61,5,8,8,9,"13,65",6,6,5,4,2,B,gris,mardi,672170,24/09/2024,16.11,0,
ETU-04421,2024-2025,Droit,22,M,Generale,B,lycee_prive,Non,50.9,0.0,"88,1",14,28.7,39,7,13,8,1,12.31,6,5,3,3,3,G,vert,jeudi,997358,26/09/2024,5.89,1,Travail sérieux et régulier.
ETU-02345,2024-2025,STAPS,21,F,général ,Passable,lycee_public,1,"6,5",20.0,"67,2",24,40.2,42,5,13,8,2,"14,09",6,4,4,,1,F,rouge,mardi,207720,2024-09-03,8.3,1,
ETU-00850,2024-2025,Biologie,22,f,général ,B,lycee_public,non,4.1,19.0,39.5%,3,4.2,13,0,9,0,0,"10,22",5,1,1,2,2,H,rouge,mercredi,359329,04 Sep 2024,2.62,1,"Absences répétées, situation préoccupante."
ETU-01007,2024-2025,LETTRES,21,Homme,GEN,Assez Bien,lycee_public,Non,18.9 km,7.0,56.8%,,6.0,12,6,13,9,0,10.14,7,4,1,3,2,D,gris,mercredi,174130,2024-09-18,5.58,1,Engagement en ligne très faible.
ETU-03502,2024-2025,GESTION,23,M,général ,,lycee_prive,N,,,77.1,13,17.3,18,5,8,5,1,12.22,6,4,5,4,2,D,rouge,vendredi,666747,2024-09-06,7.67,1,"Bon semestre, résultats solides."
ETU-01434,2024-2025,Psychologie,17,F,TECHNO,tres bien,lycee_public,oui,"13,3",0.0,65.0,10,16.1,1,6,8,6,1,"14,98",6,6,5,,2,H,rouge,vendredi,824957,06 Sep 2024,16.33,0,Peu actif sur la plateforme.
ETU-00680,2024-2025,Mathematiques,19,femme,GEN,Assez Bien,,Non,9.5,0.0,87.9,28,37.3,30,3,10,10,3,"11,37",7,7,4,3,1,F,jaune,mardi,483343,17/09/2024,16.17,0,
ETU-00631,2024-2025,Psychologie,23,H,general,AB,lycee_public,oui,9.5,8.0,"81,6",21,42.2,60,6,9,9,5,14.21,6,6,4,4,1,D,gris,mardi,414729,03/09/2024,17.33,0,Travail sérieux et régulier.
ETU-04216,2024-2025,gestion,23,NB,Generale,tres bien,lycee_public,Non,48.6,11.0,"69,3",23,39.6,48,3,11,11,1,"11,49",5,5,5,,3,B,rouge,mercredi,922491,18/09/2024,16.26,0,
ETU-00164,2024-2025,gestion,18,femme,Général,Très Bien,,O,11.1,12.0,65.4%,15,25.4,34,4,13,8,0,10.14,6,2,1,1,2,E,jaune,mercredi,510397,25/09/2024,3.61,1,Semble peu engagé dans la formation.
ETU-00952,2024-2025,BIOLOGIE,21,femme,GEN,B,lycee_prive,1,8.4,19.0,76.8,28,32.6,62,1,12,11,3,12.35,6,5,5,3,3,A,bleu,jeudi,698557,2024-09-26,17.33,0,Travail sérieux et régulier.
ETU-02725,2024-2025, Informatique ,18,h,Generale,Passable,lycee_public,non,5.6,13.0,"81,8",43,119.2,92,4,11,8,2,"7,39",5,3,4,4,,A,bleu,mardi,220730,2024-09-10,13.98,0,
ETU-00911,2024-2025,Biologie,18,F,général ,Assez Bien,cfa,0,0.6,9.0,91.1,,11.6,18,2,8,6,4,"14,33",6,6,5,4,3,D,rouge,jeudi,818664,2024-09-05,17.24,0,
ETU-04476,2024-2025,lettres,21,femme,Generale,Passable,lycee_public,N,6.8,14.0,61.5,,6.9,14,5,9,5,0,"4,16",7,3,2,1,3,C,jaune,mercredi,501673,25 Sep 2024,0.42,1,
ETU-01475,2024-2025,Biologie,19,Femme,general,B,lycee_prive,0,5.2,0.0,"75,0",31,48.4,91,5,8,5,0,11.3,6,6,5,1,1,A,rouge,jeudi,310851,2024-09-12,14.02,0,RAS.
ETU-00710,2024-2025,mathematiques,21,Autre,Technologique,P,lycee_public,N,1.0,12.0,72.6,12,17.5,28,6,12,7,1,8.83,7,2,1,3,4,A,gris,mercredi,143066,2024-09-04,5.04,1,
ETU-00451,2024-2025,Biologie,19,Femme,Général,Bien,,Oui,5.0,21.0,74.0%,45,71.3,84,2,13,11,1,8.97,7,6,4,3,,B,gris,jeudi,438896,2024-09-12,14.45,0,
ETU-01443,2024-2025,Lettres,17,f,général ,passable,lycee_public,N,19.6,,67.8,36,33.9,74,2,13,11,2,"12,53",6,4,5,2,5,A,bleu,vendredi,323062,2024-09-20,16.43,0,RAS.
ETU-03912,2024-2025,Lettres,25,F,Général,ab,lycee_public,0,0.9,9.0,69.8%,31,44.6,80,1,11,8,3,10.53,5,3,2,3,4,F,gris,mardi,208957,24 Sep 2024,14.49,0,"Motivation en berne, à accompagner."
ETU-02014,2024-2025,STAPS,19,F,techno,ab,lycee_prive,1,42.4,20.0,95.1,40,32.3,113,2,12,12,9,"11,71",5,5,3,2,3,C,gris,mercredi,357814,11/09/2024,16.42,0,
ETU-02852,2024-2025, Droit ,23,h,général ,AB,lycee_public,non,"7,3",27.0,92.1,44,89.9,73,2,9,7,3,"15,44",6,5,5,2,4,B,jaune,mercredi,476223,11 Sep 2024,18.72,0,
ETU-03362,2024-2025,Lettres,19,H,pro,AB,lycee_public,Non,"4,7",14.0,75.8%,9,17.4,12,3,12,8,0,"8,2",5,2,2,2,2,A,gris,jeudi,253475,05 Sep 2024,5.13,1,Peu actif sur la plateforme.
ETU-05146,2024-2025,droit,20,F,Technologique,Passable,lycee_public,O,2.7,23.0,55.8%,18,41.8,37,7,12,7,0,"5,45",6,0,3,2,1,F,gris,mercredi,897195,25 Sep 2024,0.66,1,
ETU-01948,2024-2025,Lettres,17,f,Generale,passable,lycee_public,1,13.5,,87.2,32,58.2,78,1,13,11,2,18.25,6,4,4,2,4,G,bleu,mardi,448067,24/09/2024,19.31,0,
ETU-02163,2024-2025, Gestion ,22,F,general,AB,lycee_public,1,29.2,5.0,77.9%,32,47.4,81,1,12,12,3,"16,34",7,7,5,3,,E,jaune,lundi,967292,09/09/2024,18.54,0,"Bon semestre, résultats solides."
ETU-02031,2024-2025,Psychologie,23,f,GEN,B,lycee_public,Non,"6,6",15.0,66.8,10,20.6,10,6,13,9,3,"15,65",5,5,4,3,2,H,rouge,jeudi,685007,2024-09-26,17.09,0,Peu actif sur la plateforme.
ETU-00458,2024-2025,Informatique,18,f,Generale,Assez Bien,,0,14.8 km,14.0,60.8,10,10.3,24,4,11,7,1,"11,82",6,3,2,3,2,E,bleu,jeudi,114673,12/09/2024,5.21,1,Peu actif sur la plateforme.
ETU-03801,2024-2025,Biologie,19,H,Technologique,Bien,lycee_prive,0,"0,0",0.0,"89,7",34,55.6,49,4,11,9,5,11.98,6,2,3,3,5,H,bleu,jeudi,427063,2024-09-19,16.9,0,RAS.
ETU-03601,2024-2025,informatique,22,F,pro,Passable,lycee_prive,Non,29.5,0.0,62.4,28,52.9,62,8,13,8,0,8.39,5,1,3,4,2,E,bleu,vendredi,199585,2024-09-27,4.6,1,
ETU-04799,2024-2025,STAPS,18,Femme,Général,Passable,lycee_public,oui,37.1,15.0,89.8%,23,20.1,57,6,13,10,2,9.07,6,2,3,4,2,C,rouge,jeudi,864200,19/09/2024,12.64,0,
ETU-01074,2024-2025,GESTION,17,Homme,TECHNO,Assez Bien,lycee_public,non,4.7 km,0.0,51.1,12,15.2,31,4,11,9,1,11.81,5,4,2,2,2,G,rouge,mercredi,360573,11 Sep 2024,7.7,1,
ETU-02199,2024-2025,Droit,19,f,PRO,AB,lycee_prive,O,8.0,0.0,67.5,14,16.5,36,4,10,4,0,1.22,7,0,2,2,2,D,gris,jeudi,119987,05/09/2024,0.27,1,Résultats fragiles aux partiels.
ETU-04487,2024-2025,Informatique,23,femme,Général,Assez Bien,lycee_public,oui,14.6,7.0,"94,3",33,23.2,83,2,13,10,2,"12,28",7,5,4,4,2,H,vert,vendredi,267927,13/09/2024,17.32,0,Travail sérieux et régulier.
ETU-04349,2024-2025, Lettres ,20,F,général ,Passable,lycee_public,Non,"7,4",18.0,61.9,14,31.6,37,6,12,6,0,8.94,5,0,4,3,2,G,vert,vendredi,386788,27/09/2024,2.88,1,
ETU-03100,2024-2025,mathematiques,21,F,general,passable,lycee_prive,Non,17.9 km,21.0,52.7%,21,45.6,43,3,13,12,3,10.58,6,4,2,4,1,B,rouge,lundi,274311,2024-09-23,13.88,0,Forte baisse d'assiduité ce semestre.
ETU-00928,2024-2025, Lettres ,20,Femme,général ,B,lycee_public,0,5.7,6.0,66.1,15,17.2,49,4,10,7,3,13.47,6,3,2,2,2,C,bleu,jeudi,776972,19 Sep 2024,7.9,1,
ETU-04665,2024-2025,Lettres,25,f,général ,AB,lycee_public,Non,20.9,26.0,69.3,35,56.8,76,4,8,7,4,"9,18",6,5,3,,2,H,rouge,vendredi,366876,2024-09-13,13.91,0,
ETU-01087,2024-2025,Biologie,17,Homme,general,Très Bien,lycee_public,Non,5.4,8.0,78.1,18,27.7,25,4,9,7,3,11.0,5,4,2,2,3,C,vert,mercredi,902684,25/09/2024,8.19,1,"Motivation en berne, à accompagner."
ETU-01910,2024-2025,Gestion,21,Homme,Technologique,Très Bien,lycee_public,Oui,33.2 km,13.0,80.3,,49.5,102,4,13,12,6,"14,08",7,5,3,4,2,D,rouge,mercredi,861825,11 Sep 2024,17.41,0,
ETU-02622,2024-2025,Informatique,18,h,PRO,Assez Bien,lycee_public,non,19.1,15.0,"96,8",59,106.7,125,0,9,9,7,"13,83",6,5,5,5,4,B,bleu,lundi,331580,16 Sep 2024,18.79,0,Étudiant assidu et investi.
ETU-01549,2024-2025,Biologie,21,F,GEN,AB,lycee_public,Non,21.8,12.0,89.1,41,60.9,94,4,8,8,2,12.65,6,5,3,2,3,H,jaune,jeudi,234723,26 Sep 2024,17.72,0,Engagement en ligne remarquable.
ETU-01237,2024-2025,gestion,20,Femme,general,AB,lycee_public,0,6.4,21.0,90.5,46,44.9,97,4,9,8,8,14.78,6,5,4,5,2,F,rouge,vendredi,221776,2024-09-06,17.14,0,"Très bon investissement, en réussite."
ETU-04011,2024-2025,Lettres,20,Homme,general,ab,lycee_public,Non,2.9,15.0,63.5%,22,28.2,58,6,8,6,0,"7,22",5,3,1,2,3,A,rouge,lundi,747489,2024-09-09,3.43,1,En difficulté sur les évaluations.
ETU-04152,2024-2025,Droit,23,F,Général,TB,lycee_public,0,0.8,0.0,99.2,50,66.6,82,1,11,11,5,"12,66",5,1,4,5,5,F,vert,mardi,650717,17/09/2024,17.4,0,Engagement en ligne remarquable.
ETU-01655,2024-2025,Psychologie,19,h,Général,AB,lycee_public,1,28.7 km,0.0,75.7%,22,33.3,32,3,8,6,1,10.93,7,5,4,,2,H,jaune,lundi,197482,2024-09-09,15.3,0,
ETU-04344,2024-2025,Gestion,18,Homme,general,AB,lycee_public,O,8.7,16.0,74.4,14,21.0,42,6,8,6,1,14.43,6,6,4,,4,F,jaune,vendredi,532501,13 Sep 2024,15.4,0,Suivi sans particularité.
ETU-01449,2024-2025,Informatique,19,Homme,Général,passable,lycee_public,Non,25.6,0.0,78.5,37,80.8,83,2,8,7,11,"9,52",6,3,4,5,4,E,jaune,lundi,573867,16 Sep 2024,17.43,0,
ETU-04615,2024-2025,Informatique,18,h,Generale,,lycee_prive,oui,0.0,15.0,76.2,46,88.5,70,4,13,13,6,17.21,6,5,3,3,4,E,bleu,mercredi,248871,2024-09-25,19.08,0,
ETU-00423,2024-2025,lettres,18,Homme,techno,,lycee_public,oui,29.3,11.0,67.0,13,20.9,19,5,13,10,0,7.74,5,3,3,3,2,E,gris,mercredi,375098,04 Sep 2024,3.49,1,Résultats fragiles aux partiels.
ETU-00530,2024-2025,Lettres,23,F,Generale,P,lycee_public,oui,"11,1",22.0,89.9,39,49.9,101,2,11,10,4,"14,94",7,6,5,3,3,B,rouge,vendredi,657662,27/09/2024,17.67,0,
ETU-00157,2024-2025, Biologie ,20,F,techno,AB,lycee_public,O,3.9,,81.0,,54.0,112,4,10,8,7,"9,42",7,3,5,,2,E,jaune,lundi,486243,2024-09-16,13.36,0,
ETU-02579,2024-2025,Lettres,22,H,techno,Assez Bien,,0,"1,8",21.0,97.5,79,118.7,144,0,10,10,13,"12,68",6,4,5,5,,D,rouge,mardi,693588,24/09/2024,19.55,0,
ETU-00048,2024-2025, Gestion ,20,Femme,général ,ab,lycee_prive,non,11.2,0.0,56.4%,9,16.3,11,4,8,4,1,10.99,6,4,3,2,2,D,vert,jeudi,275403,2024-09-12,5.63,1,Peu actif sur la plateforme.
ETU-02575,2024-2025,INFORMATIQUE,19,Femme,GEN,Passable,lycee_public,1,,11.0,83.2,25,29.8,67,7,9,8,4,10.79,5,3,4,3,5,G,jaune,vendredi,768836,13 Sep 2024,16.45,0,Suivi sans particularité.
ETU-02766,2024-2025,INFORMATIQUE,18,femme,Technologique,passable,lycee_prive,Non,"1,8",,99.4,39,81.6,98,4,9,8,7,"9,42",5,3,5,,3,D,jaune,jeudi,867934,26 Sep 2024,16.01,0,RAS.
ETU-05164,2024-2025,Informatique,20,Autre,Generale,Passable,lycee_public,N,49.2,0.0,"50,3",14,31.1,16,1,10,7,1,7.08,5,0,,3,2,E,gris,jeudi,145237,12/09/2024,3.77,1,
ETU-00358,2024-2025,Informatique,20,Femme,TECHNO,ab,lycee_public,O,14.7,,72.1,12,17.4,38,1,9,9,5,7.35,5,2,3,4,2,G,vert,jeudi,967601,19/09/2024,12.84,0,En difficulté sur les évaluations.
ETU-01769,2024-2025,Lettres,18,H,TECHNO,passable,lycee_public,N,19.3,21.0,96.6%,38,58.8,105,4,11,9,6,"12,71",5,2,4,2,2,E,gris,jeudi,513060,19 Sep 2024,16.28,0,
ETU-01108,2024-2025,Lettres,18,F,Général,passable,lycee_public,1,"2,6",0.0,78.3,22,35.0,60,1,12,10,3,11.88,6,4,3,4,3,C,bleu,mardi,223292,24/09/2024,15.6,0,
ETU-03114,2024-2025,Biologie,21,Homme,Technologique,Passable,lycee_public,1,9.9,0.0,64.8,42,88.3,102,6,10,8,2,"7,59",6,4,,3,4,A,rouge,lundi,431796,2024-09-23,14.12,0,En difficulté sur les évaluations.
ETU-05162,2024-2025,psychologie,20,F, pro,AB,lycee_public,0,15.0,0.0,66.7,35,38.3,53,3,8,6,4,12.74,5,3,,2,2,D,rouge,jeudi,293579,05/09/2024,16.99,0,Profil dans la moyenne.
ETU-03242,2024-2025,Gestion,18,h,Technologique,B,lycee_public,Oui,1.6,0.0,75.9,,3.8,18,7,12,7,0,"11,47",5,3,1,2,3,B,bleu,vendredi,369202,13/09/2024,5.54,1,
ETU-01890,2024-2025,Gestion,21,Homme,TECHNO,P,lycee_public,Oui,1.3,11.0,"73,8",18,33.5,43,7,8,8,5,"9,84",5,4,5,5,3,B,rouge,lundi,826206,23/09/2024,5.53,1,
ETU-01503,2024-2025,informatique,23,h,general,Assez Bien,lycee_public,Oui,15.1,0.0,86.7,40,38.4,79,6,8,7,4,14.49,7,7,3,3,3,B,gris,mercredi,115425,18/09/2024,17.97,0,
ETU-04821,2024-2025,Lettres,18,h,PRO,ab,lycee_public,Oui,9.8,,78.0,30,53.7,76,1,12,11,5,11.0,5,4,5,4,2,E,vert,mardi,420519,2024-09-24,14.59,0,
ETU-00980,2024-2025,DROIT,21,H,PRO,P,lycee_public,Non,3.4,15.0,99.0,45,58.8,79,3,13,9,8,10.22,6,6,4,5,3,G,vert,jeudi,252380,12 Sep 2024,15.21,0,
ETU-03709,2024-2025, STAPS ,19,H,general,passable,lycee_prive,O,"11,1",6.0,"98,5",32,47.1,93,3,11,11,5,"6,55",7,2,3,4,3,C,bleu,jeudi,536885,2024-09-12,14.62,0,Résultats fragiles aux partiels.
ETU-03949,2024-2025,GESTION,19,M,Generale,passable,lycee_public,N,"4,0",0.0,"65,3",22,25.7,55,2,11,7,0,9.15,6,5,3,1,3,B,bleu,mardi,729366,24 Sep 2024,5.87,1,
ETU-05025,2024-2025,BIOLOGIE,19,Homme,TECHNO,Bien,lycee_prive,0,"18,3",10.0,88.1,28,33.4,60,5,13,10,3,"10,78",5,4,4,4,5,C,gris,mercredi,397025,2024-09-25,16.8,0,RAS.
ETU-01191,2024-2025,Biologie,23,Femme,Technologique,ab,lycee_prive,Non,20.0,27.0,"85,8",48,67.8,118,3,11,8,3,9.46,5,2,4,2,3,A,bleu,mardi,886683,2024-09-10,15.5,0,
ETU-03364,2024-2025,Psychologie,17,Femme,Technologique,P,lycee_public,1,10.9,,86.0%,,68.6,94,1,9,7,5,"6,9",6,4,4,3,2,B,bleu,jeudi,795850,12 Sep 2024,13.96,0,
ETU-04017,2024-2025,INFORMATIQUE,23,Femme,pro,Bien,lycee_prive,non,"30,8",8.0,82.3,40,48.0,69,2,10,9,4,"5,74",7,4,1,4,3,B,jaune,jeudi,621377,05/09/2024,11.49,0,
ETU-02194,2024-2025,INFORMATIQUE,20,femme,general,ab,lycee_public,N,9.8,12.0,84.2,42,61.2,68,1,11,11,3,12.36,5,4,5,3,1,H,jaune,mardi,415309,2024-09-24,18.2,0,Engagement en ligne remarquable.
ETU-02956,2024-2025,Droit,17,Femme,general,Très Bien,lycee_prive,Non,4.8,17.0,60.7,10,16.4,19,3,10,7,1,"17,71",6,6,3,1,3,A,gris,mardi,288508,2024-09-03,15.85,0,Peu actif sur la plateforme.
ETU-04949,2024-2025,Informatique,19,Femme,Professionnel,Passable,lycee_public,Oui,10.8,28.0,87.4,51,127.2,98,3,9,8,5,9.16,7,3,,4,,B,bleu,lundi,735197,23 Sep 2024,14.92,0,Semble peu engagé dans la formation.
ETU-00403,2024-2025,DROIT,21,f,Professionnel,passable,lycee_public,1,8.6,11.0,76.6,38,48.8,91,3,10,9,3,12.3,6,4,3,2,5,A,vert,jeudi,954722,12/09/2024,16.08,0,
ETU-00495,2024-2025, Informatique ,19,f,TECHNO,Assez Bien,autre,O,43.1,8.0,78.8,45,49.9,93,2,10,10,4,12.37,6,5,3,4,4,H,vert,lundi,115059,23/09/2024,18.05,0,Engagement en ligne remarquable.
ETU-02981,2024-2025,Informatique,19,Femme,techno,,lycee_public,non,,0.0,90.1,23,13.7,52,5,13,11,1,"11,76",6,3,4,4,1,C,vert,mercredi,997477,04/09/2024,13.65,0,
ETU-01799,2024-2025,INFORMATIQUE,18,Homme,general,Assez Bien,,Non,9.6,12.0,92.3,42,67.2,92,3,11,10,4,9.71,5,3,3,4,3,G,vert,lundi,503993,16 Sep 2024,14.63,0,Très actif sur la plateforme.
ETU-01123,2024-2025,STAPS,18,femme,Général,P,cfa,Non,8.2 km,13.0,67.5,19,20.1,31,7,12,11,1,11.91,6,6,4,3,2,F,gris,mardi,875764,2024-09-17,15.27,0,Profil dans la moyenne.
ETU-04855,2024-2025,droit,19,Homme,techno,passable,lycee_public,1,1.6,13.0,"67,4",25,46.9,62,1,10,7,0,7.85,6,3,3,3,3,A,jaune,mercredi,204141,11/09/2024,12.46,0,Résultats fragiles aux partiels.
ETU-00693,2024-2025,Psychologie,22,H,Général,AB,lycee_public,Non,21.3,0.0,90.5,42,70.7,114,2,11,10,4,10.84,6,5,5,5,4,C,bleu,lundi,493269,2024-09-02,15.68,0,Très actif sur la plateforme.
ETU-03329,2024-2025,Informatique,18,F,general,,lycee_public,non,3.9,,"66,5",19,11.6,42,7,11,8,1,13.12,5,5,2,1,2,A,jaune,jeudi,835759,2024-09-05,14.5,0,
ETU-04189,2024-2025,INFORMATIQUE,18,Homme,Général,B,lycee_public,1,5.8,0.0,"79,7",23,39.1,58,6,11,10,0,"13,51",7,6,5,3,5,F,jaune,jeudi,414754,2024-09-05,15.95,0,Travail sérieux et régulier.
ETU-00247,2024-2025,Mathematiques,18,f,general,ab,lycee_public,1,12.9,26.0,69.8%,6,11.2,17,4,8,6,3,13.13,5,3,4,,2,D,bleu,mardi,807164,24 Sep 2024,7.49,1,Peu actif sur la plateforme.
ETU-01092,2024-2025,Informatique,20,femme,général ,B,lycee_public,Non,"1,3",12.0,69.5,40,75.8,109,5,9,7,6,15.96,7,6,4,4,3,C,rouge,jeudi,805633,2024-09-26,18.5,0,Suivi sans particularité.
ETU-05100,2024-2025,STAPS,17,H,Général,AB,lycee_public,Non,"4,2",0.0,68.0,13,15.0,34,6,11,6,0,11.52,5,1,2,5,1,B,rouge,mercredi,154698,25/09/2024,5.43,1,
ETU-04305,2024-2025,Informatique,20,Homme,pro,passable,lycee_public,0,29.4,0.0,69.7,27,35.2,79,0,13,11,0,"7,97",6,2,2,3,3,E,bleu,vendredi,717631,13/09/2024,13.11,0,
ETU-02659,2024-2025,Informatique,19,Homme,GEN,Assez Bien,lycee_public,Non,5.7,21.0,57.8,43,68.2,97,5,8,7,1,"13,65",6,6,3,,4,B,gris,lundi,507801,09 Sep 2024,16.97,0,
ETU-04400,2024-2025,Gestion,17,Homme,Generale,,lycee_public,Oui,11.3,13.0,97.3,70,135.6,139,0,9,9,7,"14,88",6,6,5,5,5,H,bleu,mardi,116544,24/09/2024,19.19,0,
ETU-05046,2024-2025,BIOLOGIE,23,femme,général ,P,lycee_public,N,"39,5",0.0,"91,5",39,62.7,88,1,10,10,8,8.75,5,3,3,5,4,B,jaune,mercredi,583725,11/09/2024,16.06,0,Profil dans la moyenne.
ETU-03391,2024-2025,lettres,20,femme,techno,passable,lycee_public,Oui,40.7 km,10.0,"74,5",20,36.8,29,6,10,9,5,5.53,5,1,5,3,2,B,rouge,mardi,487058,24/09/2024,11.02,0,
ETU-04379,2024-2025,DROIT,18,Femme,general,TB,lycee_public,N,"22,9",0.0,74.4,19,28.5,33,1,13,12,4,,6,6,4,5,4,C,vert,mardi,108901,2024-09-10,16.76,0,
ETU-01778,2024-2025, Psychologie ,20,M,TECHNO,Passable,lycee_public,Non,"46,9",5.0,78.5,23,30.4,50,4,10,9,1,"6,61",5,1,3,4,1,E,bleu,vendredi,191340,2024-09-27,12.68,0,Résultats fragiles aux partiels.
ETU-00272,2024-2025,Informatique,20,Homme,general,tres bien,lycee_prive,0,13.3 km,0.0,"76,9",7,14.9,22,3,8,7,0,12.35,6,5,3,3,1,C,gris,vendredi,775665,2024-09-06,6.43,1,Peu actif sur la plateforme.
ETU-00156,2024-2025,Gestion,24,Femme,GEN,passable,lycee_public,non,"3,1",0.0,"73,3",20,25.5,55,5,13,9,1,"11,11",5,4,2,4,2,F,jaune,mercredi,847198,11/09/2024,6.74,1,
ETU-04162,2024-2025,Gestion,17,Homme,GEN,Passable,,non,7.7 km,,80.9,3,5.6,13,5,12,9,0,8.94,7,3,2,3,4,C,vert,jeudi,212403,26/09/2024,12.36,0,Engagement en ligne très faible.
ETU-00764,2024-2025,Gestion,21,f,Général,Assez Bien,lycee_public,O,0.4 km,11.0,"79,1",,27.7,74,4,12,10,2,13.74,6,4,3,1,1,C,jaune,mardi,394561,03/09/2024,15.35,0,Travail sérieux et régulier.
ETU-03306,2024-2025,Psychologie,21,f,general,Assez Bien,lycee_public,non,3.2,8.0,65.9%,17,25.2,48,6,12,7,0,8.36,5,2,3,4,2,A,jaune,jeudi,808138,2024-09-26,6.07,1,Suivi sans particularité.
ETU-02516,2024-2025, Lettres ,18,H,Professionnel,AB,lycee_public,N,1.9 km,,79.3,16,19.5,40,3,8,5,5,10.04,6,3,3,2,4,C,jaune,lundi,344042,09 Sep 2024,8.12,1,
ETU-03369,2024-2025,Droit,20,Femme,Generale,AB,lycee_prive,N,4.6,8.0,"71,8",20,50.3,34,4,9,6,0,14.41,5,4,2,2,3,D,rouge,mercredi,172661,2024-09-18,16.27,0,
ETU-02102,2024-2025,DROIT,19,Autre,GEN,Passable,lycee_public,Non,19.4,0.0,78.5,33,59.1,75,2,12,10,3,11.73,5,3,,2,4,D,vert,mercredi,471121,18 Sep 2024,16.3,0,Suivi sans particularité.
ETU-02775,2024-2025,droit,19,M,Technologique,ab,autre,N,"43,2",0.0,98.7,28,51.9,69,2,12,9,4,8.6,5,4,3,3,2,C,gris,vendredi,375425,06/09/2024,16.32,0,RAS.
ETU-03985,2024-2025,Gestion,18,Homme,PRO,B,lycee_public,Non,20.0,,84.8%,23,47.0,33,5,11,8,0,8.13,6,2,2,2,2,G,vert,mardi,444840,17 Sep 2024,7.55,1,
ETU-00110,2024-2025,Lettres,17,Homme,techno,Passable,lycee_public,oui,19.3,27.0,66.6,,28.9,34,4,13,8,3,8.48,6,3,1,1,4,F,jaune,mardi,342614,2024-09-10,3.86,1,Semble peu engagé dans la formation.
ETU-02261,2024-2025,Droit,17,femme,GEN,passable,lycee_public,N,1.3 km,25.0,85.1,35,40.9,88,4,8,8,3,"11,46",7,5,4,3,3,D,bleu,lundi,507597,2024-09-16,15.86,0,
ETU-02867,2024-2025,Droit,21,Homme,techno,Passable,lycee_public,N,"8,4",11.0,82.8,,57.2,107,1,9,7,5,9.79,6,5,3,5,3,H,rouge,vendredi,627521,06/09/2024,13.49,0,
ETU-01101,2024-2025,Informatique,22,Femme,Général,ab,lycee_public,N,13.3 km,,"83,9",55,71.0,144,2,8,7,6,9.34,6,4,4,,4,E,bleu,jeudi,225175,12 Sep 2024,16.35,0,Très actif sur la plateforme.
ETU-04397,2024-2025,biologie,20,NR,Technologique,passable,lycee_public,Oui,2.9,10.0,53.5%,0,0.0,0,4,9,4,0,"8,2",6,3,1,2,1,C,bleu,jeudi,341991,2024-09-19,2.82,1,Forte baisse d'assiduité ce semestre.
ETU-00153,2024-2025, Droit ,17,f,techno,TB,lycee_public,Non,4.8,,58.8,3,0.3,6,8,12,8,0,11.75,6,3,3,3,1,B,rouge,lundi,565511,09 Sep 2024,4.83,1,Engagement en ligne très faible.
ETU-03319,2024-2025,informatique,22,Femme,Generale,Assez Bien,cfa,N,"10,0",9.0,68.1,41,75.2,101,4,10,8,4,"8,25",7,5,3,4,3,H,vert,mardi,173569,03/09/2024,13.62,0,
ETU-00205,2024-2025,Gestion,17,M,PRO,P,lycee_prive,N,10.1,3.0,75.9,24,35.0,72,4,11,8,4,11.8,7,4,3,3,4,B,gris,mercredi,720097,04/09/2024,17.0,0,
ETU-03176,2024-2025,LETTRES,18,F,Technologique,Assez Bien,lycee_prive,N,4.4,0.0,75.7,27,60.2,49,6,10,8,0,16.03,5,5,4,,2,H,gris,lundi,514649,23 Sep 2024,17.65,0,"Bon semestre, résultats solides."
ETU-00790,2024-2025,Informatique,19,f,general,passable,lycee_public,oui,10.0 km,6.0,"98,2",52,71.6,84,1,12,12,6,12.59,6,6,5,4,4,C,gris,mardi,533447,17 Sep 2024,18.59,0,
ETU-04403,2024-2025,INFORMATIQUE,18,f,Technologique,AB,lycee_public,1,"26,2",28.0,69.9,23,36.6,41,4,8,4,0,"5,3",5,2,3,5,1,H,gris,vendredi,204450,20/09/2024,2.56,1,
ETU-03519,2024-2025,STAPS,20,H,techno,B,lycee_prive,non,16.6 km,23.0,83.3,27,16.1,52,4,10,8,1,15.55,5,2,4,,2,G,jaune,jeudi,402230,2024-09-12,16.82,0,
ETU-00641,2024-2025,Gestion,18,F,Generale,Passable,lycee_public,non,12.5 km,21.0,62.6,19,27.1,44,6,11,6,2,"10,13",6,5,,2,1,H,bleu,lundi,922663,09 Sep 2024,4.05,1,
ETU-01267,2024-2025,Mathematiques,18,H,Technologique,Passable,lycee_public,0,"40,8",27.0,47.8%,0,0.0,0,0,10,5,0,9.5,7,4,2,1,3,B,vert,jeudi,904651,2024-09-12,3.61,1,Forte baisse d'assiduité ce semestre.
ETU-04149,2024-2025,Informatique,19,f,général ,P,lycee_prive,N,37.3,0.0,66.0,31,53.1,113,8,12,8,3,9.48,7,5,2,2,2,D,rouge,vendredi,568385,13/09/2024,14.24,0,
ETU-03406,2024-2025,GESTION,20,F,TECHNO,ab,lycee_public,Non,13.5,11.0,73.5,9,2.4,16,0,10,7,1,"7,1",7,5,2,2,2,F,gris,mercredi,857170,04 Sep 2024,2.03,1,Résultats fragiles aux partiels.
ETU-04555,2024-2025,DROIT,24,F,general,Bien,autre,0,1.9,23.0,97.9,54,97.1,119,0,9,9,11,"20,0",7,7,5,3,4,C,bleu,mardi,446883,24 Sep 2024,19.66,0,
ETU-01084,2024-2025,Lettres,20,h,Generale,AB,autre,0,0.1,0.0,"87,2",46,86.0,120,1,8,7,5,,5,2,5,5,3,C,rouge,vendredi,426646,13 Sep 2024,17.99,0,
ETU-02970,2024-2025,Droit,19,H,général ,AB,lycee_public,N,4.3,,"86,2",25,40.4,72,1,8,6,8,15.22,6,6,,4,3,C,gris,mardi,106208,24/09/2024,18.74,0,
ETU-01105,2024-2025,Informatique,17,Femme,TECHNO,AB,lycee_public,non,10.1 km,24.0,52.8,0,0.0,0,5,8,5,0,"5,55",7,2,1,1,1,A,jaune,lundi,605617,02 Sep 2024,0.83,1,"Absences répétées, situation préoccupante."
ETU-02553,2024-2025,Gestion,19,H,techno,Assez Bien,lycee_public,0,16.9 km,11.0,"80,6",36,55.4,75,0,13,13,9,"9,15",6,3,4,,5,G,bleu,mercredi,394634,18 Sep 2024,15.0,0,Suivi sans particularité.
ETU-04009,2024-2025,Biologie,18,Homme,GEN,Très Bien,lycee_public,1,1.2,,92.2%,51,125.0,111,2,12,12,6,"12,8",7,7,3,5,3,A,rouge,vendredi,748488,13/09/2024,18.37,0,Très actif sur la plateforme.
ETU-03405,2024-2025,Informatique,19,Femme,GEN,ab,lycee_public,non,"27,8",10.0,67.1,23,45.8,45,2,11,9,1,13.3,6,5,3,4,1,E,gris,mercredi,436012,18 Sep 2024,15.46,0,
ETU-02020,2024-2025, Gestion ,21,Femme,Général,Assez Bien,lycee_public,O,"25,2",0.0,89.6,23,33.1,61,3,9,8,9,"9,81",7,5,3,4,3,E,jaune,vendredi,646840,27/09/2024,13.59,0,Suivi sans particularité.
ETU-03868,2024-2025,biologie,23,F,GEN,P,lycee_public,oui,6.3,0.0,79.1,22,27.6,33,5,12,9,1,8.91,5,4,1,3,3,B,vert,jeudi,175542,2024-09-05,6.28,1,
ETU-04024,2024-2025,Gestion,17,h,général ,P,lycee_prive,O,10.1,,80.6,38,80.5,76,2,9,8,5,"10,83",6,6,5,4,4,G,rouge,vendredi,155090,27/09/2024,17.0,0,RAS.
ETU-02191,2024-2025, Informatique ,21,Femme,Général,ab,lycee_public,O,0.2,0.0,94.3%,33,71.0,93,1,13,12,10,16.81,5,5,4,4,4,F,bleu,mercredi,577679,25/09/2024,19.46,0,Étudiant assidu et investi.
ETU-03077,2024-2025,LETTRES,19,f,général ,Passable,lycee_public,0,"5,2",0.0,86.4%,36,33.3,97,3,11,11,6,"11,15",6,5,3,4,,D,jaune,vendredi,886641,2024-09-06,16.88,0,
ETU-04360,2024-2025, Psychologie ,24,femme,techno,TB,lycee_public,0,0.1,0.0,75.8,37,70.6,85,2,12,11,1,8.2,6,2,1,,3,H,rouge,mercredi,682860,2024-09-04,14.41,0,
ETU-01319,2024-2025,Gestion,19,f,general,passable,autre,Non,,23.0,53.0,18,24.5,45,5,11,8,0,11.18,7,2,2,1,2,B,jaune,vendredi,158198,2024-09-13,4.66,1,Forte baisse d'assiduité ce semestre.
ETU-00666,2024-2025,Biologie,18,F,général ,Bien,lycee_public,N,0.8,14.0,93.4,39,66.9,87,2,12,11,4,13.54,5,4,5,3,5,G,vert,vendredi,228803,13 Sep 2024,19.22,0,
ETU-01464,2024-2025,Informatique,21,Homme, pro,P,lycee_prive,0,7.2,0.0,85.8,41,84.4,69,1,12,12,3,,6,5,5,5,4,A,vert,jeudi,222089,19 Sep 2024,17.27,0,Engagement en ligne remarquable.
ETU-03842,2024-2025,STAPS,19,M,Technologique,tres bien,lycee_public,N,46.1,8.0,80.0,29,63.8,76,1,13,11,1,15.2,6,6,4,2,3,A,vert,mardi,744533,03/09/2024,18.59,0,
ETU-04424,2024-2025,DROIT,18,M,techno,passable,lycee_prive,non,84.9,22.0,70.5%,17,20.2,35,0,10,4,0,,6,6,3,2,1,G,jaune,jeudi,135523,26 Sep 2024,16.18,0,
ETU-00076,2024-2025,psychologie,21,H,TECHNO,Assez Bien,lycee_public,non,"12,1",26.0,87.3,21,27.7,26,3,8,7,6,"17,5",7,5,4,5,2,C,bleu,lundi,596408,23 Sep 2024,18.92,0,
ETU-03576,2024-2025, Informatique ,17,Femme,Général,AB,lycee_public,1,58.2,13.0,"96,7",14,29.5,30,3,8,8,2,"10,75",5,5,3,4,2,A,rouge,mercredi,862521,2024-09-04,15.62,0,
ETU-03492,2024-2025,GESTION,18,h,general,B,lycee_public,Oui,14.4,23.0,85.6,27,40.6,55,3,10,8,1,"10,27",7,7,3,,4,B,vert,jeudi,822817,12 Sep 2024,14.88,0,
ETU-00916,2024-2025,Informatique,22,H,Generale,AB,lycee_public,1,2.7 km,15.0,82.6,3,9.1,15,4,13,11,1,"6,21",6,2,2,3,2,F,jaune,vendredi,284104,27 Sep 2024,11.7,0,Résultats fragiles aux partiels.
ETU-03673,2024-2025,DROIT,21,Femme,Général,Passable,cfa,O,13.2,22.0,71.0,3,5.4,8,5,10,5,0,8.48,6,3,1,1,1,F,bleu,vendredi,131940,06/09/2024,4.8,1,Engagement en ligne très faible.
ETU-02727,2024-2025,droit,17,h,général ,TB,lycee_public,Non,,15.0,85.0,39,62.5,81,4,10,8,4,"12,36",7,4,5,3,3,B,vert,jeudi,904085,05 Sep 2024,17.16,0,
ETU-02415,2024-2025,Informatique,22,Femme,GEN,P,lycee_public,1,36.6,0.0,62.1%,26,37.9,76,6,9,8,1,9.09,6,2,2,4,1,G,bleu,vendredi,744530,20/09/2024,12.89,0,
ETU-01489,2024-2025, Gestion ,20,femme,GEN,tres bien,lycee_public,Oui,7.2,7.0,59.7,13,13.4,34,7,9,7,1,,7,2,3,3,2,E,vert,mercredi,437618,2024-09-11,8.07,1,Suivi sans particularité.
ETU-04507,2024-2025,biologie,21,femme,général ,Bien,,Non,"11,5",6.0,90.1,46,61.1,103,3,9,9,5,"13,29",6,6,4,5,4,A,vert,mardi,999900,2024-09-24,17.88,0,
ETU-00951,2024-2025,Droit,19,H,general,Bien,lycee_public,oui,37.4,27.0,93.7,11,22.1,23,1,12,10,4,11.53,7,5,5,3,3,A,gris,mardi,897988,10/09/2024,15.07,0,
ETU-01773,2024-2025,Informatique,19,femme,général ,B,cfa,0,16.9 km,,80.4,33,20.3,70,5,11,11,4,11.46,7,7,3,5,3,G,gris,lundi,501329,2024-09-09,15.41,0,RAS.
ETU-03569,2024-2025, Droit ,21,F,Technologique,Passable,lycee_public,Non,30.2 km,12.0,86.9%,44,52.7,114,1,11,10,3,11.71,5,4,5,3,3,C,jaune,lundi,186477,16/09/2024,17.21,0,Très actif sur la plateforme.
ETU-04805,2024-2025,Psychologie,18,Femme,general,TB,lycee_public,oui,31.6,23.0,77.4,35,60.8,70,2,9,9,1,"11,2",6,3,4,4,3,D,rouge,mercredi,380008,11 Sep 2024,15.05,0,
ETU-00507,2024-2025,Psychologie,25,femme,GEN,Bien,lycee_public,O,27.0 km,0.0,89.2,27,45.8,63,6,9,7,2,5.72,7,1,2,,2,E,bleu,vendredi,891735,13/09/2024,11.17,0,
ETU-03025,2024-2025,informatique,19,f,Général,P,lycee_prive,Non,59.7,,"79,0",32,31.0,81,4,10,10,2,"12,09",6,6,3,2,2,E,bleu,mardi,865227,2024-09-03,13.39,0,"Bon semestre, résultats solides."
ETU-04252,2024-2025,STAPS,19,f,techno,AB,lycee_public,0,18.6,5.0,89.5,47,63.2,105,1,11,11,6,14.42,6,6,5,5,4,D,bleu,lundi,138646,2024-09-16,18.24,0,
ETU-03232,2024-2025,Gestion,23,h, pro,ab,lycee_public,Oui,,8.0,"65,7",30,55.2,45,6,13,10,4,14.73,5,4,2,4,4,H,gris,vendredi,675404,20/09/2024,8.73,1,
ETU-03679,2024-2025, Droit ,18,Femme,Technologique,Assez Bien,lycee_prive,N,8.8 km,,74.2,29,46.2,80,3,11,7,1,5.4,6,2,3,3,1,A,bleu,lundi,639600,09 Sep 2024,11.07,0,Résultats fragiles aux partiels.
ETU-00328,2024-2025,informatique,19,M,Generale,tres bien,lycee_public,1,23.0,0.0,"97,9",47,105.1,106,0,11,11,14,15.02,6,5,4,5,4,D,rouge,vendredi,432808,13 Sep 2024,19.03,0,
ETU-01841,2024-2025,Lettres,18,F,Professionnel,P,lycee_public,oui,7.5 km,0.0,68.8%,20,20.6,38,2,12,10,1,4.28,6,2,1,2,,B,gris,mercredi,203083,2024-09-11,1.44,1,
ETU-00443,2024-2025,Informatique,20,Homme,Professionnel,B,lycee_public,0,1.9,26.0,"90,0",44,58.4,108,3,8,8,3,10.66,6,2,,3,3,A,bleu,jeudi,190878,2024-09-05,16.79,0,Très actif sur la plateforme.
ETU-04545,2024-2025,Droit,21,h,Général,,lycee_public,O,"10,2",20.0,71.3%,42,56.3,105,6,12,9,0,14.04,7,6,2,4,3,H,bleu,mercredi,817838,11/09/2024,14.7,0,
ETU-00692,2024-2025,Biologie,19,F, pro,ab,lycee_public,non,24.0,0.0,66.9,28,33.0,69,4,9,8,9,6.29,6,3,,3,3,F,vert,jeudi,902178,2024-09-05,12.71,0,
ETU-00862,2024-2025,Psychologie,17,h,Général,Bien,lycee_prive,0,9.2,10.0,"87,1",33,68.0,80,1,11,11,9,17.47,6,6,5,3,2,A,rouge,mardi,499899,10 Sep 2024,19.85,0,
ETU-02558,2024-2025,Gestion,21,femme,general,TB,lycee_prive,Oui,5.3,8.0,96.5,52,102.8,131,0,12,12,14,17.64,5,4,5,5,4,B,jaune,jeudi,551548,19 Sep 2024,19.8,0,
ETU-01556,2024-2025,Gestion,18,femme,PRO,Passable,lycee_public,oui,1.8,10.0,70.2%,,35.9,50,3,8,7,1,"7,13",6,4,1,2,1,C,jaune,vendredi,379891,20/09/2024,3.71,1,
ETU-01393,2024-2025, Gestion ,18,M,Technologique,Passable,lycee_public,1,"37,2",4.0,85.0,72,89.1,167,2,8,8,7,"7,0",6,4,5,5,4,H,jaune,mardi,860633,17/09/2024,18.11,0,Résultats fragiles aux partiels.
ETU-04055,2024-2025,Informatique,21,f,general,Passable,lycee_prive,O,2.5,0.0,"97,4",27,28.9,40,0,10,10,3,14.11,6,6,3,4,,F,jaune,mardi,250558,03/09/2024,18.43,0,
ETU-00963,2024-2025, Psychologie ,17,H,Technologique,Passable,lycee_public,1,"7,5",0.0,99.6,48,87.4,103,4,10,10,9,6.85,5,3,4,4,5,H,bleu,mardi,876542,03/09/2024,13.36,0,
ETU-03408,2024-2025, Informatique ,23,femme,GEN,B,lycee_public,oui,"59,6",13.0,77.1,25,41.2,58,2,12,11,1,12.87,5,2,4,4,1,D,vert,mardi,690739,2024-09-10,16.8,0,
ETU-00976,2024-2025,informatique,18,Femme,general,passable,lycee_public,0,28.0,8.0,88.6,39,52.6,74,3,8,8,0,9.8,6,0,2,2,2,B,gris,vendredi,165947,2024-09-06,15.97,0,
ETU-04124,2024-2025,psychologie,20,Femme,pro,AB,lycee_public,O,"36,0",0.0,70.4,40,70.1,70,7,9,7,2,"9,2",7,6,,4,3,B,gris,mardi,595437,2024-09-10,13.52,0,"Motivation en berne, à accompagner."
ETU-01569,2024-2025,Mathematiques,21,femme,general,passable,lycee_public,N,15.6,0.0,"77,2",38,48.9,78,5,11,8,3,9.76,6,4,2,1,3,E,jaune,jeudi,429725,2024-09-26,14.29,0,"Motivation en berne, à accompagner."
ETU-03048,2024-2025, Biologie ,21,F,PRO,P,lycee_public,non,"2,2",3.0,96.4%,34,44.6,84,0,12,12,5,12.57,6,3,4,4,5,G,bleu,jeudi,482029,05 Sep 2024,18.53,0,Travail sérieux et régulier.
ETU-01591,2024-2025,Informatique,17,M,general,Bien,cfa,non,4.9,0.0,"80,2",,37.2,70,2,11,8,1,12.37,6,4,4,4,3,G,gris,jeudi,369028,19 Sep 2024,15.94,0,Travail sérieux et régulier.
ETU-03134,2024-2025,GESTION,18,M,GEN,P,lycee_public,non,4.0,,61.1,3,4.9,16,3,8,3,0,8.92,5,4,1,2,2,H,jaune,vendredi,747829,13/09/2024,6.29,1,
ETU-01146,2024-2025,gestion,21,Femme,general,TB,lycee_public,N,20.7,13.0,80.6,39,73.0,93,3,12,9,4,15.38,7,6,5,2,4,H,jaune,jeudi,839568,05 Sep 2024,19.49,0,"Bon semestre, résultats solides."
ETU-01256,2024-2025, Mathematiques ,18,Homme,general,B,lycee_public,Oui,36.1,,91.8,15,12.5,21,2,11,10,1,13.8,6,3,4,4,2,C,gris,jeudi,848430,2024-09-26,16.54,0,Travail sérieux et régulier.
ETU-01630,2024-2025,INFORMATIQUE,22,h,techno,,lycee_public,N,9.6,0.0,69.6%,36,43.5,69,5,8,5,1,7.76,6,4,4,3,4,F,jaune,lundi,618012,02 Sep 2024,5.69,1,
ETU-00504,2024-2025,gestion,17,femme,general,passable,lycee_prive,1,,13.0,87.4,48,65.5,105,1,9,9,5,"10,54",5,3,5,3,4,D,jaune,mercredi,863044,11 Sep 2024,17.98,0,Engagement en ligne remarquable.
ETU-01373,2024-2025,Lettres,20,F,general,ab,lycee_public,Oui,"7,1",6.0,"83,3",38,55.5,57,1,9,8,5,13.15,6,3,5,3,4,H,jaune,jeudi,919981,2024-09-26,18.01,0,"Bon semestre, résultats solides."
ETU-03474,2024-2025,Lettres,21,Femme,GEN,B,lycee_public,oui,"3,0",,99.8%,40,46.2,102,2,9,8,10,18.98,6,6,5,4,4,C,bleu,mercredi,563578,04/09/2024,19.82,0,Étudiant assidu et investi.
ETU-01297,2024-2025,Informatique,17,F,Général,passable,lycee_prive,1,5.1 km,11.0,89.3,42,57.8,99,3,8,8,4,10.16,6,5,4,2,3,C,gris,lundi,362539,02 Sep 2024,17.48,0,Engagement en ligne remarquable.
ETU-02350,2024-2025,Informatique,21,F,GEN,AB,lycee_public,Non,21.5 km,13.0,86.5,50,91.1,101,2,12,11,5,13.68,7,5,5,4,1,C,vert,vendredi,812825,2024-09-06,17.97,0,Étudiant assidu et investi.
ETU-00181,2024-2025,Mathematiques,23,f,general,Passable,lycee_public,0,5.5,14.0,56.0,3,0.3,9,5,10,5,0,11.17,6,4,1,3,1,H,jaune,jeudi,274549,2024-09-26,4.13,1,Engagement en ligne très faible.
ETU-04963,2024-2025, Biologie ,20,Homme,Général,Passable,lycee_public,0,"25,9",0.0,68.9,19,29.2,51,6,11,6,1,"10,08",6,3,2,2,,C,gris,lundi,432784,2024-09-02,5.23,1,Semble peu engagé dans la formation.
ETU-04645,2024-2025,Gestion,19,Femme,techno,ab,lycee_public,non,2.4,8.0,"66,8",35,61.3,58,3,9,8,2,"15,38",6,6,4,3,2,E,bleu,jeudi,918312,26/09/2024,18.29,0,Suivi sans particularité.
ETU-01317,2024-2025,Gestion,19,h,TECHNO,Bien,lycee_public,N,23.8 km,13.0,76.3,16,32.4,34,4,13,9,0,14.08,6,6,4,2,,H,rouge,lundi,228931,2024-09-16,16.09,0,"Bon semestre, résultats solides."
ETU-01453,2024-2025,Biologie,19,F,Generale,Bien,lycee_public,O,5.9,26.0,93.4,41,71.6,129,2,13,11,3,,5,3,4,4,4,B,gris,vendredi,190449,20 Sep 2024,14.9,0,
ETU-04306,2024-2025,Gestion,20,M,general,Passable,lycee_public,O,8.7,15.0,"95,1",32,16.1,76,5,11,8,2,12.06,7,4,3,5,1,H,gris,jeudi,349820,19 Sep 2024,15.59,0,"Bon semestre, résultats solides."
ETU-05040,2024-2025,Mathematiques,17,Femme,Général,P,lycee_public,1,3.0,8.0,78.8,32,48.5,56,2,9,7,1,8.92,6,4,2,3,4,A,bleu,lundi,316483,23 Sep 2024,14.92,0,"Motivation en berne, à accompagner."
ETU-04008,2024-2025,Droit,21,F,GEN,Passable,lycee_public,Non,"3,9",8.0,82.6,44,62.1,81,1,13,13,10,"11,71",5,4,5,,5,H,vert,mardi,197498,24 Sep 2024,16.26,0,
ETU-02848,2024-2025,DROIT,18,h,Generale,Assez Bien,lycee_public,0,28.4,10.0,89.9,23,33.3,70,0,12,10,2,7.03,6,4,3,3,4,D,rouge,lundi,319630,09 Sep 2024,12.96,0,
ETU-00359,2024-2025,psychologie,18,Homme,techno,Bien,lycee_public,Non,"23,0",14.0,76.3,26,30.0,51,2,11,10,3,13.14,6,5,3,2,3,F,gris,jeudi,661188,12/09/2024,16.46,0,"Bon semestre, résultats solides."
ETU-01066,2024-2025,Mathematiques,19,f,general,Assez Bien,lycee_public,N,,0.0,70.5,12,14.0,7,5,11,8,0,"10,34",6,4,1,4,4,D,jaune,mercredi,736300,04/09/2024,3.6,1,Semble peu engagé dans la formation.
ETU-04755,2024-2025,Informatique,24,M,PRO,Assez Bien,lycee_prive,non,1.1,0.0,73.1,42,53.5,106,2,9,7,3,9.69,5,1,3,4,5,H,jaune,mercredi,922396,2024-09-04,15.45,0,
ETU-01921,2024-2025,droit,19,Autre,Général,P,lycee_public,1,,12.0,"61,1",4,0.3,21,5,10,5,0,8.56,7,4,2,,1,E,gris,vendredi,831720,13 Sep 2024,4.65,1,Engagement en ligne très faible.
ETU-01512,2024-2025,DROIT,21,femme,Generale,ab,lycee_public,0,"26,4",28.0,75.2,41,56.1,72,8,11,8,1,14.48,6,6,5,2,3,A,jaune,jeudi,270710,12/09/2024,17.96,0,"Rendus souvent en retard, à relancer."
ETU-01250,2024-2025,Droit,18,femme,Général,TB,lycee_public,Non,17.6,9.0,69.0,11,9.1,25,3,11,7,1,9.27,7,4,1,3,3,E,jaune,vendredi,203794,27/09/2024,2.45,1,
ETU-02860,2024-2025, Biologie ,20,F,TECHNO,Assez Bien,cfa,0,7.4,15.0,"56,8",3,5.9,11,6,10,6,1,8.35,7,2,1,2,1,H,rouge,mercredi,645311,18/09/2024,2.73,1,Peu actif sur la plateforme.
ETU-04464,2024-2025,Droit,18,Femme,général ,ab,lycee_public,1,47.8,24.0,72.6,19,27.9,53,5,9,7,1,12.91,5,3,3,2,3,H,gris,mardi,936250,17 Sep 2024,15.08,0,
ETU-02851,2024-2025,INFORMATIQUE,19,H,Professionnel,ab,lycee_prive,0,12.8,7.0,"77,5",38,37.9,91,7,8,7,7,9.96,5,1,5,,3,F,vert,mardi,983088,2024-09-10,15.76,0,Profil dans la moyenne.
ETU-03942,2024-2025,PSYCHOLOGIE,19,Femme,GEN,tres bien,lycee_public,Non,18.0,7.0,79.1%,31,46.1,73,4,9,8,2,13.98,5,5,,2,3,D,gris,mardi,723182,03 Sep 2024,18.68,0,
ETU-01402,2024-2025,MATHEMATIQUES,19,Femme,general,passable,lycee_public,1,"24,9",8.0,80.4,24,53.6,42,3,13,11,1,13.13,6,3,4,3,2,D,rouge,vendredi,767118,2024-09-06,16.29,0,
ETU-04438,2024-2025, Psychologie ,21,H,GEN,ab,lycee_public,N,15.7 km,7.0,78.3,28,54.6,78,1,11,9,2,14.65,6,5,4,2,2,C,vert,mercredi,226957,11 Sep 2024,17.04,0,Travail sérieux et régulier.
ETU-00842,2024-2025,Gestion,20,h,général ,Passable,lycee_public,non,3.7,8.0,64.7,17,18.8,29,6,11,8,0,,5,2,3,2,2,D,vert,jeudi,478788,12/09/2024,10.36,0,En difficulté sur les évaluations.
ETU-02597,2024-2025,INFORMATIQUE,22,femme,général ,Assez Bien,lycee_public,N,18.9,11.0,64.5,23,38.7,58,4,11,7,6,"12,65",5,4,4,4,5,G,bleu,mardi,776352,17/09/2024,14.68,0,RAS.
ETU-03361,2024-2025,Gestion,19,F,Generale,P,,0,8.7,15.0,83.9,23,44.7,49,6,10,7,1,8.94,6,5,3,,2,G,jaune,lundi,747976,09 Sep 2024,14.28,0,Suivi sans particularité.
ETU-02724,2024-2025,staps,20,f,pro,ab,lycee_public,0,7.0,22.0,64.7,5,11.0,9,6,10,6,4,"11,87",5,2,2,4,3,D,bleu,lundi,118044,23 Sep 2024,4.97,1,Peu actif sur la plateforme.
ETU-03575,2024-2025,lettres,18,femme,Général,Bien,lycee_public,0,"1,4",,93.3,40,70.7,72,0,10,9,4,15.81,5,5,5,4,,A,gris,vendredi,118623,2024-09-13,19.42,0,
ETU-04251,2024-2025,Droit,19,M,Generale,Passable,lycee_prive,Non,"12,5",0.0,65.4%,37,62.1,89,1,9,8,4,10.34,5,5,3,4,2,C,jaune,mardi,234539,17 Sep 2024,14.37,0,
ETU-04832,2024-2025,Mathematiques,19,F,general,P,lycee_public,Non,1.8,14.0,71.4%,23,39.6,62,1,13,11,2,"9,3",7,2,3,1,3,D,jaune,mercredi,468904,18 Sep 2024,13.69,0,Profil dans la moyenne.
ETU-04233,2024-2025,Psychologie,17,h,Professionnel,P,lycee_public,non,"16,7",26.0,"53,0",0,0.0,0,2,12,8,0,4.44,6,1,3,3,1,A,jaune,mercredi,516755,2024-09-11,0.51,1,
ETU-01275,2024-2025,Psychologie,18,Femme,Général,ab,lycee_prive,oui,4.5,,81.3,20,24.7,49,2,11,9,7,14.94,7,7,4,,3,F,jaune,mercredi,415428,18 Sep 2024,17.41,0,
ETU-02259,2024-2025,informatique,22,H,général ,B,lycee_prive,1,8.2,0.0,80.0,35,35.1,104,2,10,9,6,"12,96",6,6,4,4,4,C,bleu,mardi,841478,03 Sep 2024,16.82,0,
ETU-02143,2024-2025,Lettres,26,F,techno,passable,lycee_prive,Non,33.7,12.0,77.9%,21,29.5,50,9,11,9,1,9.6,6,5,3,3,2,B,vert,mercredi,656127,2024-09-18,6.78,1,
ETU-01594,2024-2025,Informatique,18,Femme,Général,Passable,lycee_public,Non,33.4,19.0,76.6%,43,59.8,109,4,10,8,4,"10,16",6,0,5,4,2,F,bleu,vendredi,926627,27/09/2024,14.4,0,
ETU-05134,2024-2025, Lettres ,17,Femme,TECHNO,Passable,lycee_public,1,1.1 km,21.0,76.4,34,33.6,96,4,10,9,5,14.03,6,5,3,3,4,C,vert,vendredi,733644,2024-09-06,18.55,0,
ETU-05119,2024-2025,GESTION,18,M,GEN,ab,lycee_public,O,3.2,22.0,"78,7",32,29.8,95,1,11,7,5,"10,57",5,5,4,5,3,H,vert,mercredi,657160,2024-09-11,15.65,0,Suivi sans particularité.
ETU-05122,2024-2025,PSYCHOLOGIE,17,h,general,Assez Bien,lycee_public,Non,14.2,,56.1,6,6.2,16,7,11,7,0,10.47,6,2,1,2,3,E,jaune,jeudi,174571,2024-09-05,2.43,1,
ETU-01904,2024-2025,Psychologie,19,f,Professionnel,tres bien,lycee_public,0,5.3,12.0,95.2,40,33.8,115,5,8,8,4,"9,82",6,4,3,3,3,G,bleu,mardi,228709,17 Sep 2024,15.11,0,Suivi sans particularité.
ETU-03437,2024-2025,MATHEMATIQUES,18,femme,Generale,Bien,lycee_public,O,9.6 km,5.0,48.4,0,0.0,0,7,10,7,0,10.66,6,4,2,,1,A,bleu,lundi,229618,02/09/2024,3.87,1,
ETU-03371,2024-2025, Gestion ,19,femme,techno,AB,lycee_public,N,"32,3",10.0,62.1,3,1.7,24,5,13,6,0,"3,25",7,2,1,4,1,C,vert,mercredi,581859,04/09/2024,1.55,1,Résultats fragiles aux partiels.
ETU-04440,2024-2025,lettres,18,femme,général ,Assez Bien,lycee_public,Non,"29,5",0.0,76.2,13,17.3,26,4,13,12,3,12.18,6,6,4,4,2,C,bleu,vendredi,363923,13/09/2024,17.13,0,
ETU-01412,2024-2025,DROIT,25,F,pro,Assez Bien,,non,3.6,21.0,"71,1",33,49.7,63,4,12,9,5,"13,28",6,5,3,,3,B,jaune,jeudi,232882,2024-09-05,9.55,1,Suivi sans particularité.
ETU-04927,2024-2025,Informatique,22,Autre,techno,P,lycee_prive,non,17.6,7.0,70.9%,26,37.2,44,4,12,9,5,10.97,7,2,4,2,2,C,jaune,mardi,765137,17/09/2024,5.93,1,
ETU-01367,2024-2025,LETTRES,17,femme,general,B,lycee_public,Oui,8.9,,"79,8",14,19.5,44,2,8,6,2,"13,93",7,6,3,4,3,H,gris,jeudi,352083,2024-09-12,15.24,0,"Bon semestre, résultats solides."
ETU-01406,2024-2025,Mathematiques,21,h,Technologique,,lycee_public,Oui,0.6,6.0,97.1,63,135.9,163,0,11,11,11,13.42,6,4,5,5,5,H,vert,mercredi,550138,25 Sep 2024,18.97,0,"Très bon investissement, en réussite."
ETU-04847,2024-2025, Droit ,22,F,Général,P,lycee_public,oui,60.7,23.0,"60,2",3,4.1,1,4,12,4,0,6.41,7,1,1,,1,E,gris,mercredi,926335,25 Sep 2024,2.82,1,
ETU-00771,2024-2025, Biologie ,23,f,techno,Passable,,oui,7.2,0.0,72.4,25,40.0,37,7,12,9,3,8.62,6,1,1,4,2,D,bleu,mardi,853863,24 Sep 2024,5.19,1,Semble peu engagé dans la formation.
ETU-03639,2024-2025,STAPS,20,h,Technologique,Passable,lycee_prive,oui,2.6,,70.2,6,4.4,10,2,12,10,1,8.0,6,4,3,2,2,H,rouge,lundi,696585,16 Sep 2024,4.84,1,Engagement en ligne très faible.
ETU-02646,2024-2025, Psychologie ,19,M,PRO,Assez Bien,lycee_prive,1,21.5,10.0,86.1%,39,45.6,81,3,13,12,5,,6,4,3,4,2,A,vert,lundi,351955,09 Sep 2024,12.37,0,Résultats fragiles aux partiels.
ETU-04001,2024-2025,Informatique,20,Femme,techno,ab,lycee_public,1,19.0 km,0.0,"81,6",20,43.2,43,8,10,8,4,10.41,6,3,2,1,1,G,vert,mercredi,474422,25 Sep 2024,14.43,0,"Rendus souvent en retard, à relancer."
ETU-05000,2024-2025, Droit ,18,f,Technologique,ab,lycee_prive,Non,38.8,5.0,"98,7",51,90.0,133,1,8,8,7,"12,49",5,4,3,5,4,G,gris,lundi,987168,2024-09-09,18.15,0,Très actif sur la plateforme.
ETU-02052,2024-2025,STAPS,20,Femme,Generale,AB,lycee_prive,N,5.3,15.0,96.6%,36,71.0,92,3,8,6,7,"7,09",5,3,3,4,3,F,bleu,lundi,747553,02/09/2024,14.79,0,
ETU-03418,2024-2025,Informatique,22,femme,Technologique,passable,lycee_public,O,,22.0,87.2,35,27.6,102,0,12,10,3,4.45,7,2,3,3,3,D,jaune,vendredi,192501,27 Sep 2024,3.66,1,Résultats fragiles aux partiels.
ETU-00586,2024-2025,LETTRES,24,Homme,general,ab,lycee_public,Oui,5.5,,72.0%,,47.3,113,2,9,6,1,"9,47",6,5,5,4,3,B,gris,lundi,919622,2024-09-16,13.57,0,Profil dans la moyenne.
ETU-01427,2024-2025,droit,21,F,Generale,passable,lycee_public,non,"1,0",6.0,72.0,40,16.5,82,4,13,13,8,,5,5,5,5,5,C,jaune,jeudi,726076,2024-09-12,19.73,0,RAS.
ETU-02169,2024-2025,informatique,18,f,Général,passable,lycee_public,Non,8.9,15.0,91.9,44,64.0,118,1,10,9,3,16.29,6,6,5,3,3,G,jaune,jeudi,203520,2024-09-26,18.35,0,
ETU-04764,2024-2025,Psychologie,23,f,Technologique,Assez Bien,lycee_public,0,5.9,0.0,"59,1",25,46.9,49,4,10,6,0,6.99,6,4,2,3,4,B,bleu,mardi,622814,10/09/2024,4.85,1,En difficulté sur les évaluations.
ETU-01954,2024-2025,LETTRES,18,Homme,PRO,,lycee_public,1,3.1,0.0,"87,7",24,40.7,64,3,10,8,1,9.78,6,5,4,3,2,C,rouge,mardi,361375,24/09/2024,14.38,0,Suivi sans particularité.
ETU-01527,2024-2025,LETTRES,22,f,général ,B,lycee_prive,N,16.5,15.0,80.3,29,59.3,58,2,12,12,8,9.28,6,5,4,3,,A,rouge,lundi,624958,2024-09-09,15.65,0,
ETU-04772,2024-2025,Psychologie,17,f,GEN,B,lycee_public,oui,20.8,0.0,75.2,16,4.6,23,4,9,6,2,7.65,6,4,2,5,2,F,rouge,jeudi,146133,26/09/2024,5.52,1,
ETU-00129,2024-2025, Biologie ,18,femme,Generale,ab,lycee_public,Non,,10.0,"56,0",32,31.0,76,7,10,7,4,9.22,7,5,2,2,,H,jaune,lundi,208768,16 Sep 2024,11.16,0,"Motivation en berne, à accompagner."
ETU-05043,2024-2025,Droit,20,f,general,Passable,cfa,0,1.6,0.0,73.0,7,7.1,13,3,10,6,3,12.75,5,5,,2,,G,jaune,vendredi,252100,13/09/2024,17.15,0,Engagement en ligne très faible.
ETU-00733,2024-2025,PSYCHOLOGIE,21,Homme,Général,Bien,lycee_public,non,"1,9",27.0,61.6%,3,7.9,8,5,13,10,1,11.33,7,6,2,,4,B,rouge,mercredi,135538,11/09/2024,5.98,1,Peu actif sur la plateforme.
ETU-01172,2024-2025,INFORMATIQUE,17,Femme,TECHNO,B,lycee_prive,Non,27.6 km,0.0,57.7,17,18.3,38,4,9,5,0,"10,74",6,1,1,3,1,E,vert,vendredi,876740,06/09/2024,5.87,1,
ETU-02840,2024-2025,Psychologie,20,F,general,Assez Bien,,0,30.3,14.0,59.0%,10,10.9,22,5,8,6,2,8.21,6,3,2,2,3,A,bleu,mardi,235435,03 Sep 2024,4.0,1,
ETU-03381,2024-2025,STAPS,20,femme, pro,P,lycee_public,0,1.1,0.0,89.8,54,64.4,123,1,9,8,6,"9,74",6,3,4,5,5,D,jaune,mardi,264545,2024-09-03,15.82,0,
ETU-03572,2024-2025,Gestion,21,femme,TECHNO,passable,cfa,N,21.4,24.0,76.7%,23,37.7,57,7,9,7,8,"8,8",6,5,1,5,3,D,rouge,mercredi,712113,11/09/2024,5.38,1,"Motivation en berne, à accompagner."
ETU-01011,2024-2025, Droit ,19,femme,GEN,Très Bien,lycee_public,oui,45.9 km,,78.1%,24,49.6,46,4,11,9,1,14.15,6,4,4,4,3,C,rouge,lundi,579858,2024-09-23,16.9,0,
ETU-02036,2024-2025,Informatique,21,f,Generale,ab,lycee_public,Non,,4.0,94.0%,51,82.2,91,5,11,10,5,14.68,6,5,4,5,,E,gris,lundi,371654,2024-09-02,18.11,0,"Très bon investissement, en réussite."
ETU-01662,2024-2025,STAPS,17,Homme,Generale,B,lycee_public,O,"17,7",5.0,83.9%,17,32.3,32,3,9,7,1,12.78,6,5,3,3,3,F,bleu,lundi,946454,23/09/2024,15.56,0,Travail sérieux et régulier.
ETU-01863,2024-2025,MATHEMATIQUES,23,Femme,GEN,Passable,lycee_public,0,10.0,23.0,93.7,49,85.2,127,1,9,9,11,9.35,6,5,4,5,5,D,vert,mercredi,116440,18/09/2024,18.24,0,Engagement en ligne remarquable.
ETU-00476,2024-2025,Psychologie,19,Femme,TECHNO,passable,lycee_public,non,12.0,0.0,80.7,24,41.4,58,6,8,6,1,8.85,7,4,2,5,3,E,vert,jeudi,124483,12/09/2024,4.94,1,Semble peu engagé dans la formation.
ETU-01305,2024-2025, Lettres ,19,h,general,B,lycee_public,1,"6,9",24.0,74.1,28,44.0,36,2,9,8,7,14.87,5,4,4,3,4,C,gris,lundi,724365,09 Sep 2024,18.63,0,Profil dans la moyenne.
ETU-03234,2024-2025,Droit,22,femme,GEN,Assez Bien,lycee_public,N,42.9,21.0,99.2,48,92.0,108,1,11,11,8,"10,87",5,3,4,3,2,F,bleu,vendredi,939844,27/09/2024,16.26,0,Engagement en ligne remarquable.
ETU-03053,2024-2025,STAPS,18,h,pro,passable,lycee_public,0,4.5,11.0,64.4%,10,19.1,17,6,9,6,0,6.75,7,1,1,3,2,B,gris,vendredi,852705,20/09/2024,2.68,1,En difficulté sur les évaluations.
ETU-02450,2024-2025,INFORMATIQUE,21,M,GEN,Passable,cfa,Non,0.3,23.0,"85,3",,65.2,112,2,10,10,8,"9,97",5,3,5,5,4,A,bleu,mercredi,805774,04 Sep 2024,14.58,0,Très actif sur la plateforme.
ETU-05121,2024-2025,Informatique,20,F,Generale,ab,autre,N,9.4,13.0,"68,7",7,9.4,35,10,12,10,3,10.01,6,5,1,4,1,B,gris,jeudi,682078,05 Sep 2024,4.92,1,
ETU-04183,2024-2025, STAPS ,19,f,general,P,lycee_public,oui,"0,4",10.0,72.8%,,44.4,138,3,13,10,3,10.77,5,2,4,3,4,A,jaune,mardi,609136,24/09/2024,14.47,0,
ETU-02856,2024-2025,GESTION,23,F,Generale,passable,lycee_prive,Oui,11.2,0.0,87.2%,34,58.2,76,4,10,7,1,12.41,7,6,5,2,2,E,gris,mercredi,906627,2024-09-18,16.73,0,"Bon semestre, résultats solides."
ETU-02513,2024-2025,Droit,20,Homme,Technologique,AB,lycee_public,non,,0.0,71.9,16,21.4,39,5,13,8,2,10.99,5,2,,4,1,G,bleu,mardi,107827,03/09/2024,5.96,1,
ETU-03875,2024-2025,STAPS,18,f,techno,ab,lycee_prive,non,"35,9",3.0,63.7,23,40.3,62,8,13,8,0,13.95,6,4,1,3,1,F,bleu,mardi,276251,2024-09-17,7.14,1,
ETU-04922,2024-2025,Droit,21,Femme,Général,Bien,lycee_public,Non,0.9,20.0,91.2%,33,27.8,77,4,9,6,2,9.35,5,1,3,2,3,G,jaune,jeudi,556056,12/09/2024,14.3,0,Profil dans la moyenne.
ETU-03665,2024-2025,Droit,19,f,Technologique,Passable,lycee_prive,0,17.4,4.0,70.1%,,58.0,60,3,9,7,3,7.83,5,3,3,3,2,B,rouge,vendredi,788138,2024-09-20,14.51,0,
ETU-03818,2024-2025,informatique,20,F,Generale,Bien,lycee_public,oui,"28,8",24.0,79.7,49,81.9,89,0,10,9,0,13.32,6,6,5,5,3,D,rouge,lundi,228927,16/09/2024,16.2,0,
ETU-00503,2024-2025,Psychologie,18,femme,Technologique,B,lycee_public,O,"16,2",8.0,68.3,20,32.7,50,4,12,12,1,"9,89",5,0,3,3,3,F,jaune,mercredi,282706,2024-09-11,13.03,0,
ETU-00486,2024-2025, Mathematiques ,19,F,Général,Bien,lycee_public,O,8.4 km,,64.6,38,44.3,78,3,10,8,2,7.43,5,1,2,3,4,C,jaune,mercredi,458151,25/09/2024,11.81,0,
ETU-01937,2024-2025,Gestion,19,Homme,general,P,lycee_prive,Oui,"33,1",11.0,58.5%,3,5.5,12,6,10,6,0,5.58,6,2,1,3,2,G,gris,vendredi,990772,27 Sep 2024,1.25,1,En difficulté sur les évaluations.
ETU-03970,2024-2025,psychologie,17,f,Général,B,cfa,non,23.8,11.0,98.1,51,56.5,106,3,12,11,3,"12,76",7,4,3,5,1,D,jaune,mercredi,221515,18 Sep 2024,17.18,0,
ETU-00106,2024-2025,Lettres,19,F,general,Bien,lycee_public,1,10.7,7.0,84.3,11,25.1,17,3,13,10,2,16.65,5,5,5,3,2,G,bleu,lundi,887493,2024-09-16,17.46,0,Peu actif sur la plateforme.
ETU-04420,2024-2025,STAPS,23,M,TECHNO,Passable,lycee_prive,non,"0,8",9.0,65.1,28,28.1,71,7,10,8,1,"9,12",6,3,2,2,3,A,bleu,vendredi,288286,2024-09-06,5.1,1,Semble peu engagé dans la formation.
ETU-00908,2024-2025,psychologie,19,H,TECHNO,passable,lycee_prive,O,"33,2",13.0,98.0,40,67.0,83,3,11,10,8,9.58,7,3,5,5,5,H,gris,lundi,979722,02/09/2024,17.53,0,
ETU-04041,2024-2025, Mathematiques ,20,f,général ,B,,Oui,7.4,0.0,"82,7",,50.8,112,2,11,11,8,13.16,6,5,5,2,3,F,gris,mardi,660432,03 Sep 2024,17.45,0,Travail sérieux et régulier.
ETU-04236,2024-2025,droit,21,Homme,general,ab,lycee_public,oui,3.4,13.0,"75,2",33,52.2,56,1,8,8,4,"9,9",7,3,3,3,4,E,bleu,mardi,740853,03/09/2024,13.38,0,
ETU-03135,2024-2025,gestion,18,H,general,B,lycee_public,Oui,8.0,8.0,74.4,29,36.6,71,3,8,6,3,12.94,7,7,4,5,3,G,gris,mardi,834187,03 Sep 2024,15.83,0,RAS.
ETU-05155,2024-2025,Psychologie,21,h,techno,P,lycee_public,Non,"21,4",,70.7,42,63.4,107,3,12,10,1,11.24,7,3,3,4,1,A,vert,mardi,943370,10/09/2024,16.44,0,Profil dans la moyenne.
ETU-02738,2024-2025,Biologie,19,f,general,passable,cfa,1,6.7,11.0,91.9,61,72.8,100,2,13,13,5,13.85,6,6,5,4,3,E,gris,vendredi,959081,2024-09-13,18.39,0,Étudiant assidu et investi.
ETU-04002,2024-2025,STAPS,22,f,pro,Assez Bien,lycee_public,non,6.2,8.0,97.4,,80.6,93,2,11,10,5,10.65,7,6,5,5,4,E,vert,mercredi,635252,18 Sep 2024,17.87,0,Très actif sur la plateforme.
ETU-03203,2024-2025,Psychologie,19,Homme,TECHNO,AB,lycee_public,N,"40,9",3.0,64.3,28,48.9,48,4,13,10,2,11.15,6,5,1,3,2,H,gris,jeudi,618323,05/09/2024,8.66,1,Semble peu engagé dans la formation.
ETU-04147,2024-2025,Psychologie,20,F,Generale,AB,lycee_public,Non,"2,6",10.0,"93,2",39,80.3,82,3,9,6,6,11.19,6,5,5,5,3,H,bleu,mardi,724944,2024-09-24,16.36,0,
ETU-00221,2024-2025,STAPS,19,femme,général ,Passable,lycee_public,Non,"6,1",,88.2,51,62.8,136,4,8,8,2,12.61,7,6,5,5,4,H,gris,jeudi,641820,2024-09-12,17.56,0,
ETU-02059,2024-2025,Informatique,18,F,Technologique,Très Bien,lycee_prive,oui,34.5,12.0,77.3,30,54.2,73,4,9,7,3,"17,71",5,5,5,4,1,A,gris,vendredi,137494,2024-09-20,18.47,0,
ETU-00480,2024-2025,gestion,25,femme,Technologique,ab,cfa,0,11.5,0.0,78.8,23,35.6,60,5,9,7,2,7.93,5,2,3,4,3,B,bleu,vendredi,702921,2024-09-20,12.71,0,En difficulté sur les évaluations.
ETU-02071,2024-2025,Biologie,19,Homme,Technologique,Assez Bien,lycee_prive,non,"2,3",0.0,47.8,2,0.3,1,5,11,5,0,"6,62",6,4,1,1,1,G,rouge,vendredi,531086,06 Sep 2024,1.62,1,"Absences répétées, situation préoccupante."
ETU-05005,2024-2025,Psychologie,20,M,general,Assez Bien,lycee_public,oui,13.4,0.0,70.9%,30,34.7,59,5,8,7,2,15.47,6,6,3,,3,D,vert,jeudi,881658,26/09/2024,16.98,0,RAS.
ETU-02004,2024-2025,GESTION,20,F,Technologique,TB,lycee_prive,non,"6,4",,70.7%,19,21.6,34,5,10,7,0,13.26,6,6,3,3,3,A,jaune,vendredi,354919,06/09/2024,14.16,0,Suivi sans particularité.
ETU-01370,2024-2025,Droit,22,F,général ,B,lycee_public,non,21.5,7.0,79.4,47,80.2,117,4,8,5,3,14.11,6,5,5,5,2,F,bleu,mardi,698110,17/09/2024,18.15,0,
ETU-01187,2024-2025,Droit,19,F,général ,passable,lycee_prive,1,4.8,6.0,80.9,42,54.9,111,3,11,11,3,13.01,5,4,,1,2,A,bleu,jeudi,361740,26 Sep 2024,17.2,0,
ETU-04899,2024-2025,Informatique,20,Homme,Général,AB,lycee_public,1,61.2,7.0,76.1,30,40.0,80,3,9,7,4,16.82,5,5,5,4,1,B,rouge,jeudi,497658,2024-09-05,17.8,0,
ETU-01925,2024-2025,Gestion,19,h,general,Bien,lycee_public,non,3.2,14.0,"75,8",23,42.8,54,7,10,9,4,"8,45",7,4,2,3,3,D,vert,mercredi,650780,11/09/2024,6.3,1,Semble peu engagé dans la formation.
ETU-04097,2024-2025,Droit,21,F,général ,Passable,lycee_public,0,"28,0",,70.8,16,21.7,22,5,10,7,1,10.52,5,3,1,2,1,E,jaune,mardi,601426,03 Sep 2024,6.85,1,Semble peu engagé dans la formation.
ETU-04148,2024-2025,Droit,24,femme,general,B,lycee_public,0,13.6 km,14.0,85.7,29,29.9,90,4,9,8,4,16.86,5,5,3,,1,H,bleu,mercredi,820567,2024-09-18,18.77,0,"Bon semestre, résultats solides."
ETU-05002,2024-2025,Gestion,19,Femme,GEN,Assez Bien,autre,Oui,4.2 km,0.0,89.5,45,64.2,121,2,11,10,5,12.24,5,4,5,5,4,G,bleu,mercredi,414768,04/09/2024,18.36,0,Engagement en ligne remarquable.
ETU-04667,2024-2025,biologie,22,F,GEN,B,lycee_public,non,"0,3",12.0,99.9,48,73.4,132,2,8,6,9,"13,01",7,4,4,4,4,C,jaune,lundi,168575,16 Sep 2024,19.1,0,Étudiant assidu et investi.
ETU-04197,2024-2025,STAPS,20,H,général ,B,lycee_public,O,15.1,,85.0%,33,27.4,67,5,12,11,3,9.38,5,4,4,5,2,E,gris,jeudi,121710,05 Sep 2024,12.81,0,RAS.
ETU-03986,2024-2025,droit,18,f,Professionnel,passable,lycee_public,N,16.4 km,9.0,"92,1",47,99.7,82,7,10,7,4,"8,67",6,4,4,3,3,G,vert,lundi,621451,16 Sep 2024,13.31,0,Engagement en ligne remarquable.
ETU-04350,2024-2025,Gestion,21,f,général ,Passable,lycee_public,non,12.2,14.0,99.7,43,63.9,92,1,9,7,6,11.25,6,5,4,2,5,H,gris,mardi,658327,17/09/2024,17.89,0,
ETU-03400,2024-2025,Biologie,18,Femme,techno,passable,lycee_prive,0,"0,4",10.0,82.2,35,69.2,65,1,11,8,2,6.47,6,2,3,5,4,A,rouge,vendredi,391821,06 Sep 2024,12.22,0,
ETU-02955,2024-2025,DROIT,19,femme, pro,ab,lycee_public,Oui,"13,1",0.0,85.6%,,78.5,99,7,8,7,2,"6,99",6,4,5,4,5,G,jaune,vendredi,386508,20/09/2024,13.74,0,
ETU-02347,2024-2025,mathematiques,19,f,GEN,tres bien,lycee_public,1,,0.0,87.2,28,65.9,46,1,12,11,3,"14,11",5,5,5,4,3,F,gris,vendredi,419246,27/09/2024,16.96,0,
ETU-01022,2024-2025,Droit,20,M,general,P,cfa,1,"7,9",0.0,61.3,31,55.5,93,6,13,12,2,11.99,6,3,3,1,4,E,bleu,vendredi,607023,27 Sep 2024,14.13,0,
ETU-01613,2024-2025,GESTION,19,H,TECHNO,ab,lycee_public,Non,2.0,0.0,72.9,48,78.0,123,3,13,12,10,"14,47",7,6,4,5,3,A,rouge,lundi,646824,23 Sep 2024,18.27,0,RAS.
ETU-01802,2024-2025,mathematiques,21,Femme,Generale,Très Bien,lycee_public,Non,1.0,10.0,90.0,49,70.4,126,2,8,8,4,15.5,7,6,4,5,4,F,jaune,vendredi,334588,06/09/2024,19.09,0,"Très bon investissement, en réussite."
ETU-04430,2024-2025,Gestion,19,Homme,Technologique,B,lycee_public,non,5.3,,58.2,11,12.5,19,6,9,6,0,10.98,6,4,1,4,1,B,rouge,jeudi,343699,2024-09-26,5.2,1,Peu actif sur la plateforme.
ETU-04676,2024-2025,Psychologie,23,Homme,GEN,passable,lycee_public,oui,25.0,0.0,84.9,43,50.6,98,6,11,10,1,7.03,6,4,4,2,1,G,bleu,jeudi,465158,12 Sep 2024,13.46,0,Résultats fragiles aux partiels.
ETU-04565,2024-2025,PSYCHOLOGIE,21,Homme,general,Passable,lycee_public,N,29.8,0.0,65.3%,3,10.7,1,5,10,5,0,11.77,6,3,3,3,3,C,rouge,mardi,323360,2024-09-24,7.31,1,
ETU-02515,2024-2025, Lettres ,20,Femme,Professionnel,P,autre,Non,2.1,,"74,8",24,28.7,55,2,13,8,0,14.5,6,5,,2,2,H,vert,vendredi,693543,06 Sep 2024,16.71,0,
ETU-04415,2024-2025,Informatique,19,H,général ,Assez Bien,lycee_public,N,"23,6",7.0,75.4,14,24.0,30,3,12,7,3,12.2,5,4,4,3,4,D,rouge,vendredi,775355,13 Sep 2024,14.54,0,Travail sérieux et régulier.
ETU-03591,2024-2025,Informatique,19,Femme,general,passable,lycee_public,N,61.0,,"80,0",34,61.7,42,5,8,8,11,"12,84",7,4,4,,1,H,jaune,lundi,322389,2024-09-02,17.03,0,Travail sérieux et régulier.
ETU-03063,2024-2025,droit,25,H,TECHNO,,lycee_public,0,4.7,19.0,84.9%,53,95.4,155,5,9,9,4,"9,4",6,5,4,3,4,F,rouge,lundi,947118,2024-09-09,15.55,0,
ETU-01898,2024-2025,psychologie,21,femme,Generale,B,lycee_prive,Non,,,51.1,23,35.1,45,7,9,7,0,"7,0",7,4,3,4,1,H,vert,vendredi,237704,2024-09-27,3.24,1,
ETU-01635,2024-2025,Droit,20,M,pro,B,cfa,1,"15,6",0.0,"82,3",30,44.0,61,5,10,7,3,8.14,7,3,3,3,5,H,vert,jeudi,725292,2024-09-26,14.21,0,
ETU-01895,2024-2025,Biologie,19,f,general,P,lycee_public,N,"4,6",8.0,68.8,23,37.1,51,7,13,8,2,9.83,6,5,2,3,3,A,jaune,mardi,397070,24 Sep 2024,12.61,0,
ETU-02905,2024-2025,Gestion,19,M,Professionnel,B,autre,Non,"28,6",26.0,"63,6",,34.7,51,6,12,9,4,8.58,6,4,1,2,2,D,bleu,mercredi,974425,04/09/2024,4.9,1,"Motivation en berne, à accompagner."
ETU-01224,2024-2025,Mathematiques,21,M,general,P,lycee_public,non,5.9,15.0,"80,2",27,29.2,62,5,10,5,0,5.19,5,2,1,3,1,A,vert,vendredi,604575,2024-09-27,1.41,1,
ETU-03266,2024-2025, Biologie ,20,femme,general,ab,lycee_public,Oui,58.7,0.0,80.7,38,22.7,73,0,11,10,2,11.6,7,3,5,4,3,D,gris,lundi,618771,2024-09-02,16.18,0,
ETU-02068,2024-2025,Informatique,19,femme,techno,passable,,Oui,63.2,9.0,67.3%,3,0.9,4,2,11,10,1,5.19,7,0,1,3,2,E,rouge,jeudi,332973,12 Sep 2024,1.18,1,
ETU-00940,2024-2025,Informatique,21,femme,techno,ab,lycee_public,1,"13,2",6.0,84.0,35,70.1,69,2,13,13,7,13.74,6,4,5,5,3,B,bleu,mardi,358269,2024-09-10,17.75,0,Travail sérieux et régulier.
ETU-00282,2024-2025,Biologie,18,femme,Generale,B,autre,N,9.6,0.0,82.5%,25,46.5,54,2,10,8,0,"12,57",6,6,5,1,2,D,rouge,mercredi,829098,18/09/2024,15.31,0,Travail sérieux et régulier.
ETU-03494,2024-2025,Mathematiques,20,H,GEN,Très Bien,lycee_public,N,26.8,17.0,89.0,44,65.1,88,2,13,12,11,"16,46",5,5,5,4,4,E,rouge,mardi,115474,10/09/2024,19.39,0,Étudiant assidu et investi.
ETU-03642,2024-2025,Informatique,23,f,general,Passable,lycee_public,Non,0.5,,91.0,,41.3,56,3,12,7,2,4.91,6,1,4,4,4,G,rouge,vendredi,761669,06 Sep 2024,13.0,0,
ETU-04792,2024-2025,Psychologie,17,H,techno,P,lycee_prive,N,6.9 km,0.0,"87,7",45,55.1,79,4,11,7,2,15.59,7,6,3,4,2,G,vert,mercredi,756017,18 Sep 2024,16.49,0,
ETU-04748,2024-2025,Biologie,18,F,general,P,lycee_public,non,16.5 km,15.0,"65,9",12,13.5,45,4,8,4,0,5.04,6,0,1,2,1,A,bleu,jeudi,247503,2024-09-05,1.58,1,Résultats fragiles aux partiels.
ETU-00173,2024-2025,Gestion,18,F,général ,Passable,lycee_public,N,6.3,0.0,58.4%,22,19.8,54,4,8,4,0,4.35,6,2,2,1,1,A,gris,jeudi,986012,12 Sep 2024,1.19,1,En difficulté sur les évaluations.
ETU-04698,2024-2025, Informatique ,19,F,techno,B,lycee_public,0,4.6 km,27.0,80.0,28,43.8,58,1,9,8,3,10.44,7,6,4,4,5,F,bleu,jeudi,862971,05 Sep 2024,16.31,0,
ETU-02359,2024-2025,lettres,22,M,Technologique,AB,lycee_prive,oui,1.8,18.0,"91,2",25,41.7,34,4,11,11,3,7.19,6,4,4,4,,C,gris,vendredi,100538,2024-09-13,12.76,0,En difficulté sur les évaluations.
ETU-00233,2024-2025, Biologie ,20,Femme,Generale,AB,lycee_public,1,0.1,7.0,92.7%,49,79.0,152,1,13,13,12,12.66,6,5,5,4,,C,jaune,mercredi,276805,18/09/2024,18.87,0,
ETU-00839,2024-2025, Mathematiques ,24,M,général ,Assez Bien,lycee_public,0,29.1,0.0,60.1%,35,56.0,62,4,11,8,5,10.23,6,1,5,5,2,E,jaune,lundi,992362,2024-09-16,14.27,0,Suivi sans particularité.
ETU-04031,2024-2025,Biologie,19,f,techno,Assez Bien,lycee_public,N,25.2,0.0,69.5%,9,7.4,11,6,13,9,3,6.28,5,0,2,4,3,A,bleu,jeudi,154607,05 Sep 2024,2.05,1,En difficulté sur les évaluations.
ETU-04548,2024-2025,Informatique,22,H,GEN,Passable,lycee_public,Non,36.5 km,7.0,"93,6",50,83.3,118,1,12,12,6,15.34,5,4,5,3,4,G,vert,vendredi,798363,13/09/2024,19.46,0,
ETU-04056,2024-2025,BIOLOGIE,20,femme,TECHNO,Bien,lycee_public,N,3.9,,45.9,7,5.8,32,9,11,10,0,"9,15",5,1,2,3,2,C,jaune,lundi,387967,2024-09-02,4.46,1,"Absences répétées, situation préoccupante."
ETU-01568,2024-2025,MATHEMATIQUES,20,F,général ,Très Bien,lycee_public,Oui,6.7,9.0,"88,7",52,80.0,87,2,13,12,2,"11,61",5,4,3,4,3,A,bleu,mercredi,392060,25 Sep 2024,17.03,0,Très actif sur la plateforme.
ETU-02421,2024-2025,Mathematiques,18,H,général ,passable,lycee_public,O,"9,4",0.0,80.9,15,31.7,31,2,12,11,1,"8,74",5,4,3,3,1,F,bleu,lundi,119295,2024-09-09,13.95,0,Profil dans la moyenne.
ETU-00252,2024-2025,Biologie,20,Autre,Professionnel,ab,lycee_prive,N,31.3,0.0,93.5%,,70.4,101,0,12,12,1,,5,3,4,5,4,F,jaune,lundi,321277,16 Sep 2024,16.01,0,Profil dans la moyenne.
ETU-00485,2024-2025,Mathematiques,19,h,pro,Passable,lycee_public,N,3.7,0.0,77.9%,21,28.0,46,7,10,8,0,9.68,6,1,3,3,3,D,gris,lundi,838980,16/09/2024,8.08,1,
ETU-05019,2024-2025,BIOLOGIE,17,H,general,Passable,lycee_public,non,"36,8",0.0,83.3,13,16.4,35,6,11,9,0,13.73,6,4,3,3,3,A,gris,lundi,874379,2024-09-23,15.17,0,
ETU-00254,2024-2025,Biologie,17,h,Technologique,P,lycee_public,non,17.2,10.0,99.1,57,93.1,134,1,8,8,4,11.66,6,4,4,5,3,F,rouge,vendredi,817713,20/09/2024,17.98,0,
ETU-04891,2024-2025,Informatique,21,Homme,Général,P,,Non,19.4,7.0,71.3,27,23.9,45,3,10,6,0,"9,99",7,4,4,5,5,A,rouge,vendredi,797725,13/09/2024,7.75,1,Suivi sans particularité.
ETU-02805,2024-2025,biologie,18,Femme,général ,P,lycee_prive,N,16.5,18.0,65.8%,33,35.9,64,1,9,7,0,"9,81",5,3,3,2,3,H,bleu,jeudi,946771,2024-09-26,7.71,1,
ETU-04603,2024-2025,Gestion,19,f,Général,,lycee_public,Non,"0,1",0.0,76.2%,21,25.8,46,4,8,6,3,8.18,7,3,,3,5,H,jaune,vendredi,586332,2024-09-27,12.57,0,"Motivation en berne, à accompagner."
ETU-02916,2024-2025, Informatique ,24,Femme,TECHNO,passable,lycee_public,oui,22.6,0.0,"73,3",21,37.9,41,7,12,11,2,8.53,7,3,3,2,2,F,vert,jeudi,785443,2024-09-05,12.75,0,
ETU-04079,2024-2025,STAPS,19,femme,PRO,,lycee_public,0,15.7,,"73,1",13,24.2,26,6,12,10,0,"8,47",6,3,,2,2,F,jaune,vendredi,432964,13/09/2024,3.69,1,Semble peu engagé dans la formation.
ETU-04186,2024-2025,Gestion,20,h,Generale,passable,lycee_public,1,8.2,13.0,74.9,9,12.1,17,4,10,5,0,9.01,6,4,2,2,4,B,vert,lundi,797825,2024-09-02,5.31,1,Peu actif sur la plateforme.
ETU-03397,2024-2025, Mathematiques ,17,femme,general,Passable,lycee_public,non,"28,2",0.0,95.3%,45,64.3,83,2,11,11,7,14.63,7,6,,5,4,F,jaune,jeudi,192194,12/09/2024,17.97,0,
ETU-04901,2024-2025,INFORMATIQUE,18,H,GEN,P,lycee_prive,Non,"8,0",8.0,65.6,13,26.3,16,4,12,10,0,9.97,6,5,1,3,3,H,bleu,lundi,742656,23 Sep 2024,5.86,1,
ETU-00034,2024-2025,Informatique,18,femme,TECHNO,AB,lycee_prive,non,24.5,0.0,80.3,35,34.9,65,5,9,7,6,"8,15",6,4,5,3,4,A,rouge,vendredi,747449,20 Sep 2024,13.11,0,
ETU-03590,2024-2025,lettres,18,f,general,Assez Bien,lycee_public,O,10.9,28.0,82.5%,37,52.6,82,1,13,11,4,"14,7",5,5,4,4,4,D,vert,mardi,661731,24 Sep 2024,17.86,0,"Bon semestre, résultats solides."
ETU-04180,2024-2025,Informatique,18,h,Generale,ab,lycee_public,0,2.8,17.0,89.5,,27.3,54,1,11,8,3,12.11,6,6,5,4,4,C,gris,lundi,208842,23 Sep 2024,17.36,0,"Bon semestre, résultats solides."
ETU-02972,2024-2025,Biologie,19,Homme,general,passable,lycee_public,1,"20,5",0.0,"74,4",3,6.2,1,2,10,6,0,7.08,5,3,3,4,2,C,gris,lundi,101067,02/09/2024,4.7,1,
ETU-01205,2024-2025,Mathematiques,18,f,general,Passable,lycee_public,oui,0.6,19.0,93.0,17,15.2,32,3,13,11,2,13.27,6,5,4,3,3,E,bleu,mercredi,129406,11 Sep 2024,14.8,0,Travail sérieux et régulier.
ETU-03018,2024-2025,Mathematiques,22,Homme,general,AB,lycee_public,Non,"3,9",10.0,96.8%,39,73.1,82,1,13,13,5,14.8,6,6,5,5,5,B,gris,lundi,854630,23/09/2024,19.33,0,Étudiant assidu et investi.
ETU-01848,2024-2025,informatique,17,H,Generale,ab,lycee_public,0,5.7,0.0,"99,0",34,61.9,83,7,8,7,6,"10,15",6,6,,3,4,E,gris,lundi,403143,09/09/2024,15.47,0,
ETU-03058,2024-2025,STAPS,18,femme,Technologique,Passable,lycee_public,0,7.6,13.0,73.1,,52.2,54,5,8,5,1,12.34,7,6,2,3,,G,gris,mardi,608274,03/09/2024,14.95,0,"Motivation en berne, à accompagner."
ETU-00025,2024-2025,Informatique,19,F,GEN,Passable,autre,N,8.1,6.0,81.8,16,31.2,15,5,8,7,1,11.73,6,2,4,5,3,A,gris,mardi,394950,2024-09-24,15.5,0,Suivi sans particularité.
ETU-01401,2024-2025,PSYCHOLOGIE,22,F,GEN,Très Bien,lycee_public,Oui,2.0,11.0,59.9%,31,43.3,50,6,10,6,1,11.27,6,6,1,2,3,H,vert,vendredi,721038,2024-09-20,12.6,0,
ETU-02719,2024-2025,Informatique,22,F,general,ab,lycee_public,non,"15,1",14.0,"68,4",31,64.1,69,5,13,12,0,"14,03",6,6,3,4,3,A,jaune,vendredi,532157,2024-09-06,15.55,0,RAS.
ETU-02484,2024-2025,gestion,19,h,Technologique,P,lycee_public,0,3.0,10.0,85.8,30,51.1,72,2,13,12,2,12.58,7,2,3,5,2,A,rouge,lundi,770296,23 Sep 2024,16.36,0,
ETU-00664,2024-2025,gestion,19,M,general,Assez Bien,lycee_prive,1,14.4,6.0,62.4,32,69.0,59,4,12,10,2,7.76,6,1,1,3,3,C,bleu,mardi,175713,24 Sep 2024,6.41,1,
ETU-00372,2024-2025,Gestion,23,femme,général ,passable,lycee_prive,Non,4.2 km,0.0,66.2,46,100.1,126,1,11,10,3,11.67,5,4,4,3,,B,jaune,vendredi,858859,27 Sep 2024,15.45,0,
ETU-02509,2024-2025,Lettres,22,H,Generale,B,cfa,0,19.2,7.0,99.3,59,85.0,111,4,10,9,7,"12,31",7,4,5,3,4,E,rouge,mercredi,139991,11 Sep 2024,17.27,0,Engagement en ligne remarquable.
ETU-00063,2024-2025,Mathematiques,20,Femme, pro,P,lycee_prive,0,2.9 km,0.0,73.6,35,41.1,96,3,8,8,3,8.69,7,6,3,5,4,H,bleu,mardi,212969,03 Sep 2024,14.71,0,Profil dans la moyenne.
ETU-04658,2024-2025, Informatique ,20,NR,Technologique,Passable,lycee_public,Non,27.6,8.0,92.5%,60,57.0,155,2,12,11,3,10.17,7,6,5,2,3,C,bleu,mardi,581089,17/09/2024,19.31,0,
ETU-01020,2024-2025,Psychologie,21,femme,GEN,passable,lycee_public,N,10.9,10.0,72.3,15,19.4,23,4,13,9,3,11.94,5,3,5,,2,F,gris,jeudi,696288,12 Sep 2024,7.32,1,
ETU-02296,2024-2025,Gestion,22,Femme,general,B,lycee_public,0,"0,6",26.0,96.1,42,50.1,101,1,9,8,8,13.68,6,5,4,,3,G,rouge,mercredi,906819,04 Sep 2024,18.17,0,Étudiant assidu et investi.
ETU-03692,2024-2025,GESTION,19,Homme,TECHNO,Assez Bien,lycee_public,non,10.7,0.0,52.8%,0,0.0,0,6,13,6,0,"6,59",6,2,3,1,1,D,vert,vendredi,249214,27/09/2024,0.82,1,
ETU-04871,2024-2025, Psychologie ,17,h,Professionnel,Assez Bien,lycee_prive,oui,"0,2",18.0,69.5,23,32.6,49,3,9,7,3,"6,94",6,1,3,3,5,E,rouge,mardi,544678,2024-09-10,11.79,0,Résultats fragiles aux partiels.
ETU-01186,2024-2025,biologie,18,M,general,,lycee_public,0,1.3,9.0,94.7,43,73.6,69,8,12,8,2,"12,35",6,5,3,5,2,C,bleu,mardi,480933,2024-09-17,14.56,0,"Rendus souvent en retard, à relancer."
ETU-01184,2024-2025,Lettres,21,H,général ,Assez Bien,lycee_prive,O,61.3,0.0,71.1,20,16.2,43,2,12,8,3,"12,03",6,4,2,4,1,G,bleu,jeudi,179944,12/09/2024,7.54,1,
ETU-01593,2024-2025,Informatique,19,Homme,techno,,lycee_public,N,18.7,0.0,87.6%,39,81.1,95,2,9,7,2,"10,49",6,4,4,5,2,D,bleu,mardi,875708,2024-09-24,16.52,0,
ETU-04193,2024-2025,Psychologie,21,F,TECHNO,TB,autre,Non,71.3,24.0,"68,8",43,76.9,91,4,13,11,1,10.77,5,4,4,3,1,C,rouge,vendredi,599396,06/09/2024,14.79,0,
ETU-01407,2024-2025, Droit ,20,femme,Général,P,lycee_public,Non,"8,3",27.0,73.2%,12,9.9,32,6,11,9,1,13.18,7,1,,1,5,C,gris,jeudi,175239,26 Sep 2024,7.58,1,
ETU-04820,2024-2025,Informatique,17,F,Generale,Passable,cfa,N,"11,0",11.0,82.6%,44,25.4,113,4,13,11,1,6.64,7,4,3,,2,F,bleu,vendredi,128726,13/09/2024,12.53,0,Résultats fragiles aux partiels.
ETU-03102,2024-2025, STAPS ,18,M,Technologique,AB,autre,Non,7.5,,78.9,21,42.2,35,5,11,10,3,12.91,6,3,4,3,4,D,vert,mardi,693935,10/09/2024,16.9,0,
ETU-04198,2024-2025,BIOLOGIE,17,Femme,techno,B,lycee_public,1,0.3 km,23.0,82.4,59,69.3,120,0,11,11,5,14.93,6,6,5,5,5,C,bleu,mardi,245729,24/09/2024,19.21,0,Très actif sur la plateforme.
ETU-03464,2024-2025,Droit,19,f,techno,AB,lycee_public,Non,"4,9",12.0,"93,1",37,70.5,84,2,12,11,4,11.84,6,5,4,3,4,B,gris,mercredi,742113,2024-09-11,16.93,0,Profil dans la moyenne.
ETU-02904,2024-2025,Mathematiques,18,H,GEN,P,lycee_public,non,"4,1",9.0,66.9,5,4.4,10,7,11,7,0,11.71,7,5,1,2,2,H,rouge,mardi,243206,17 Sep 2024,4.55,1,Peu actif sur la plateforme.
ETU-05061,2024-2025,Biologie,17,femme,Technologique,Assez Bien,lycee_public,Oui,3.9,10.0,88.2,34,69.6,74,1,8,6,5,"8,77",7,3,5,4,5,F,bleu,jeudi,490063,19/09/2024,14.72,0,
ETU-00278,2024-2025, STAPS ,18,M,general,P,lycee_public,Oui,1.0,,87.6,30,49.0,75,2,11,9,5,10.14,6,5,2,4,4,F,bleu,vendredi,932044,2024-09-20,13.14,0,
ETU-03944,2024-2025,Droit,21,H,general,Bien,lycee_public,non,7.1 km,0.0,79.9%,30,45.8,62,5,8,5,1,13.93,6,4,4,5,1,H,vert,lundi,527094,2024-09-16,16.75,0,Travail sérieux et régulier.
ETU-04426,2024-2025,STAPS,21,M,TECHNO,Assez Bien,autre,non,4.7,6.0,86.3%,35,58.6,65,2,10,8,8,14.12,6,6,3,4,5,E,bleu,jeudi,821410,19/09/2024,18.45,0,
ETU-04528,2024-2025,Gestion,20,f,Général,P,lycee_public,0,"8,5",13.0,87.7,39,61.2,101,2,10,10,1,10.35,5,4,3,4,5,D,bleu,mardi,215867,2024-09-10,16.93,0,
ETU-03249,2024-2025,Mathematiques,22,Femme,Generale,Passable,lycee_public,N,16.7 km,,73.1%,23,33.7,40,7,8,7,1,"14,18",6,5,3,3,3,D,rouge,mercredi,394859,11/09/2024,7.61,1,
ETU-01998,2024-2025, Psychologie ,19,Femme,pro,AB,lycee_prive,1,"6,8",26.0,75.1%,3,2.7,8,5,8,5,0,6.81,7,2,2,3,4,A,vert,lundi,867654,23/09/2024,2.74,1,
ETU-00457,2024-2025,GESTION,22,NB,général ,B,lycee_public,non,0.2,9.0,89.1%,49,55.5,80,5,12,10,3,"13,31",7,3,4,3,4,D,bleu,mardi,467094,17 Sep 2024,18.18,0,Étudiant assidu et investi.
ETU-01877,2024-2025,Mathematiques,21,F,techno,passable,lycee_public,O,"8,4",0.0,70.6,20,26.1,58,1,13,9,1,6.22,5,2,4,4,2,G,jaune,mardi,763342,24/09/2024,12.23,0,Résultats fragiles aux partiels.
ETU-02449,2024-2025, Mathematiques ,21,M,Technologique,B,lycee_public,Non,"16,4",9.0,96.5,19,47.8,67,3,13,9,4,14.81,6,5,4,,3,E,vert,mardi,898205,24/09/2024,17.21,0,"Bon semestre, résultats solides."
ETU-00482,2024-2025,Biologie,23,H,Technologique,TB,,Non,"3,6",18.0,"79,7",31,22.3,82,0,11,11,3,10.04,6,4,,4,,C,rouge,jeudi,966641,26 Sep 2024,15.61,0,Profil dans la moyenne.
ETU-01255,2024-2025, Lettres ,18,h,pro,Très Bien,lycee_public,N,18.7,20.0,86.7,34,47.5,77,1,13,11,4,15.93,6,6,4,4,3,G,gris,jeudi,847699,12 Sep 2024,19.02,0,"Très bon investissement, en réussite."
ETU-01437,2024-2025,STAPS,18,h,Général,ab,lycee_prive,oui,3.3,0.0,87.4,35,25.1,80,4,12,12,2,12.8,5,5,3,4,4,A,vert,vendredi,442071,27 Sep 2024,16.78,0,
ETU-01958,2024-2025,STAPS,20,Femme,GEN,AB,lycee_public,Non,13.6,0.0,83.7,40,68.0,80,2,8,7,5,9.1,7,4,3,3,2,E,gris,mercredi,238429,25/09/2024,14.98,0,
ETU-02912,2024-2025, Biologie ,24,H,Generale,Bien,,0,11.6,21.0,85.8,24,40.0,62,1,11,9,4,14.58,6,5,5,3,5,F,jaune,mardi,351526,17/09/2024,16.7,0,
ETU-02589,2024-2025,Biologie,20,Homme,général ,Passable,lycee_public,Non,14.0,27.0,"88,1",,55.3,64,8,9,8,3,,6,4,3,4,2,E,gris,mardi,758553,17/09/2024,13.92,0,"Rendus souvent en retard, à relancer."
ETU-04169,2024-2025,INFORMATIQUE,19,Homme,Général,Assez Bien,lycee_public,Non,"1,0",8.0,92.9,53,104.2,105,4,12,11,5,15.85,5,3,,3,4,E,jaune,mardi,569750,2024-09-03,17.81,0,"Très bon investissement, en réussite."
ETU-01810,2024-2025,Informatique,22,F,Général,passable,,oui,9.5,27.0,83.5,45,82.0,102,1,13,13,6,16.48,6,5,5,3,5,G,rouge,vendredi,826304,20/09/2024,19.56,0,
ETU-05112,2024-2025,Psychologie,19,f,techno,B,lycee_public,0,10.6,9.0,"67,7",3,8.8,1,7,10,8,1,"10,15",5,5,3,2,2,G,vert,lundi,105299,09/09/2024,12.97,0,Engagement en ligne très faible.
ETU-03867,2024-2025,Psychologie,20,femme,general,tres bien,lycee_public,Oui,21.5,27.0,69.9%,23,50.2,46,7,10,7,3,"12,79",6,6,2,4,1,A,vert,jeudi,326895,2024-09-12,14.67,0,Semble peu engagé dans la formation.
ETU-05125,2024-2025,lettres,18,femme,général ,Passable,lycee_public,non,,0.0,86.2,33,70.8,67,3,11,11,3,11.53,5,5,3,5,3,D,rouge,vendredi,144978,2024-09-27,14.74,0,
ETU-01102,2024-2025, STAPS ,21,Femme,Generale,Assez Bien,lycee_public,N,,0.0,52.5,1,3.5,11,5,12,8,0,13.58,5,3,2,2,2,D,gris,mercredi,247955,2024-09-11,9.11,1,"Absences répétées, situation préoccupante."
ETU-01474,2024-2025,Lettres,17,h,Technologique,P,lycee_public,0,0.4,10.0,"87,2",36,44.0,80,4,9,8,2,9.71,6,1,3,3,,A,gris,mercredi,394938,2024-09-11,16.03,0,
ETU-04050,2024-2025,Biologie,20,h,Général,passable,lycee_public,non,7.8,0.0,"62,5",18,29.2,50,1,9,6,2,10.54,7,5,4,2,4,F,rouge,lundi,280855,09 Sep 2024,14.6,0,
ETU-02141,2024-2025,informatique,19,f,Generale,ab,lycee_public,0,17.7 km,11.0,95.4%,40,75.6,96,4,10,10,4,11.53,7,7,5,,3,E,rouge,mercredi,642035,11 Sep 2024,16.34,0,
ETU-00717,2024-2025,Mathematiques,18,F,Général,B,lycee_public,0,7.6,22.0,70.5,38,70.4,57,4,13,13,3,9.68,7,6,3,5,3,E,bleu,jeudi,596702,2024-09-19,13.18,0,
ETU-02252,2024-2025,Biologie,19,M,Generale,ab,lycee_public,non,0.9,,78.3,33,32.9,45,2,9,7,5,,7,4,4,4,2,A,rouge,mardi,160146,2024-09-03,17.51,0,
ETU-03567,2024-2025,staps,21,Homme,Général,B,lycee_public,N,9.0 km,18.0,56.9,7,8.7,9,5,8,5,0,11.8,5,4,1,2,3,C,rouge,vendredi,422853,13/09/2024,4.88,1,Peu actif sur la plateforme.
ETU-03606,2024-2025,informatique,21,M,techno,Bien,lycee_public,0,"39,7",21.0,67.9%,26,33.6,52,6,10,10,0,"12,29",5,4,2,2,3,C,rouge,lundi,614930,2024-09-02,5.89,1,
ETU-03995,2024-2025,Gestion,21,f,general,passable,lycee_public,N,18.0,0.0,83.3,15,15.7,21,4,11,7,2,10.93,6,3,3,2,3,A,jaune,jeudi,849012,12 Sep 2024,14.32,0,
ETU-00142,2024-2025,Informatique,17,h,general,AB,lycee_public,Non,19.0,0.0,"76,1",42,65.3,97,3,13,12,5,5.22,6,1,4,3,5,D,jaune,lundi,581224,23 Sep 2024,12.44,0,Résultats fragiles aux partiels.
ETU-00126,2024-2025,lettres,20,Femme,TECHNO,passable,lycee_prive,0,25.8,,82.7,37,21.4,107,8,10,8,2,7.97,6,4,1,3,3,E,jaune,mercredi,751889,11 Sep 2024,13.26,0,Résultats fragiles aux partiels.
ETU-04701,2024-2025,STAPS,21,F,Generale,Assez Bien,lycee_prive,N,21.8 km,0.0,78.6%,22,26.2,41,4,13,10,3,"13,45",5,3,4,4,1,F,gris,vendredi,111972,20 Sep 2024,16.5,0,"Bon semestre, résultats solides."
ETU-04534,2024-2025, Mathematiques ,18,F,Technologique,P,lycee_public,N,36.2 km,7.0,87.3,32,53.3,56,7,9,7,2,"7,43",6,1,1,2,4,H,rouge,vendredi,391316,2024-09-06,12.55,0,
ETU-00193,2024-2025,Mathematiques,19,f,Technologique,P,lycee_public,non,"30,3",0.0,52.2%,0,0.0,0,4,13,10,0,2.3,5,0,1,3,1,B,vert,jeudi,836992,2024-09-12,0.86,1,"Absences répétées, situation préoccupante."
ETU-04357,2024-2025,Psychologie,21,f,Technologique,AB,,O,2.4,,97.3,59,100.5,184,0,9,9,8,11.36,7,6,5,3,4,D,gris,vendredi,885473,06/09/2024,18.13,0,
ETU-04246,2024-2025,droit,19,F,Général,B,cfa,0,21.2,6.0,88.4,41,55.0,77,3,10,7,4,12.47,6,5,3,2,3,A,jaune,jeudi,925373,12 Sep 2024,15.51,0,Engagement en ligne remarquable.
ETU-00588,2024-2025,Informatique,18,Femme,Generale,Bien,lycee_public,oui,"36,7",,62.7,6,9.6,19,5,13,5,1,12.31,7,4,2,3,1,C,jaune,mercredi,213358,18 Sep 2024,6.19,1,
ETU-00630,2024-2025,STAPS,18,femme,Général,,lycee_public,Non,13.0,10.0,46.8,14,17.7,35,6,12,7,0,"11,2",5,3,3,4,3,B,vert,lundi,609991,2024-09-09,5.45,1,"Absences répétées, situation préoccupante."
ETU-04168,2024-2025,Biologie,18,M,TECHNO,Bien,lycee_prive,non,"49,3",15.0,81.1,17,27.0,37,5,8,5,1,"16,36",7,4,4,3,2,E,gris,mardi,350703,17 Sep 2024,18.62,0,"Bon semestre, résultats solides."
ETU-01477,2024-2025,Gestion,24,M,Général,Passable,lycee_public,Non,3.7,6.0,"67,5",35,56.6,70,6,10,9,2,13.12,7,7,4,4,3,D,vert,lundi,141662,23 Sep 2024,16.44,0,RAS.
ETU-01711,2024-2025,Mathematiques,18,Homme, pro,B,lycee_public,N,0.4 km,,79.2,33,45.3,67,3,13,11,1,7.63,6,4,2,3,2,H,rouge,lundi,150714,02/09/2024,12.8,0,Résultats fragiles aux partiels.
ETU-04937,2024-2025,gestion,20,H,Generale,P,lycee_public,O,8.0,8.0,95.4%,59,74.1,111,2,12,12,9,12.39,7,7,5,5,5,C,vert,mardi,742912,17/09/2024,18.01,0,Engagement en ligne remarquable.
ETU-04908,2024-2025,STAPS,17,Femme,PRO,Passable,lycee_public,non,,11.0,84.2,,35.7,73,1,10,10,5,"7,78",5,4,4,3,3,G,gris,mercredi,328085,04 Sep 2024,14.45,0,Résultats fragiles aux partiels.
ETU-01323,2024-2025,Informatique,19,Femme,GEN,B,lycee_public,non,80.6,6.0,"77,6",26,42.7,95,5,10,7,3,13.88,6,2,4,2,1,B,bleu,vendredi,503154,2024-09-06,16.5,0,
ETU-02915,2024-2025,Lettres,20,F,général ,TB,lycee_prive,N,21.3,,84.5,23,24.1,49,3,9,9,0,16.03,6,6,4,5,1,G,rouge,vendredi,229010,2024-09-13,16.92,0,
ETU-01127,2024-2025,Gestion,24,femme,Général,AB,lycee_public,N,25.0 km,0.0,76.3%,33,45.9,67,3,12,11,4,"11,88",7,4,3,3,2,F,bleu,jeudi,846223,26 Sep 2024,15.39,0,Profil dans la moyenne.
ETU-02327,2024-2025,gestion,17,F,PRO,Passable,lycee_public,O,2.7 km,23.0,75.0,25,48.5,65,4,11,9,2,11.12,5,4,,2,4,C,rouge,jeudi,130131,05/09/2024,14.38,0,
ETU-02988,2024-2025,DROIT,23,Femme,Technologique,Passable,lycee_prive,O,4.0,0.0,"77,2",20,28.3,53,5,9,5,0,"6,76",5,3,2,,3,F,gris,vendredi,125868,06/09/2024,4.23,1,Résultats fragiles aux partiels.
ETU-05073,2024-2025,gestion,24,Femme,Generale,P,cfa,N,8.3 km,0.0,"82,6",3,4.3,4,3,11,9,3,"14,5",6,6,4,5,4,D,rouge,mardi,282199,2024-09-03,17.01,0,
ETU-05081,2024-2025,Mathematiques,17,Femme,GEN,,lycee_public,0,13.9,18.0,47.8,13,25.9,21,5,9,5,0,9.9,6,3,1,2,1,G,rouge,lundi,435443,2024-09-16,5.56,1,
ETU-02171,2024-2025,Gestion,18,h,TECHNO,Très Bien,lycee_prive,1,32.4,0.0,91.7%,46,68.9,109,2,9,6,5,9.8,6,2,2,3,2,G,jaune,mardi,301074,24/09/2024,15.69,0,Semble peu engagé dans la formation.
ETU-03239,2024-2025,biologie,22,F,Général,Passable,lycee_prive,N,"10,5",14.0,75.7,30,51.3,61,3,10,7,2,"13,52",7,5,2,1,2,B,vert,lundi,115964,09 Sep 2024,7.74,1,Semble peu engagé dans la formation.
ETU-02687,2024-2025,Informatique,19,h,Général,ab,lycee_public,N,"1,4",0.0,87.3,32,56.0,71,5,9,8,5,"13,08",6,5,,4,4,D,bleu,jeudi,942630,05 Sep 2024,15.87,0,Semble peu engagé dans la formation.
ETU-01506,2024-2025,GESTION,21,F,général ,Passable,lycee_public,N,14.4 km,0.0,65.7,14,19.0,32,6,9,6,1,"5,81",6,3,3,2,2,H,jaune,jeudi,261602,12 Sep 2024,4.16,1,
ETU-03732,2024-2025,STAPS,21,M,Général,passable,lycee_public,Oui,33.9,0.0,64.6,10,11.2,11,5,11,8,1,9.34,5,4,3,2,3,G,vert,vendredi,596744,20 Sep 2024,6.15,1,Peu actif sur la plateforme.
ETU-02145,2024-2025,Mathematiques,18,Homme,pro,Bien,lycee_public,oui,"2,7",0.0,80.7,10,15.0,50,6,11,7,3,"7,57",6,4,1,,3,H,bleu,vendredi,542460,13 Sep 2024,2.87,1,
ETU-00065,2024-2025,STAPS,21,h,Général,Bien,lycee_public,non,8.9 km,14.0,74.5,37,65.0,74,4,8,7,2,12.75,5,3,5,3,2,C,bleu,mercredi,884522,18/09/2024,16.09,0,
ETU-00971,2024-2025,Biologie,19,H,général ,ab,lycee_prive,Oui,18.1,12.0,98.3,38,37.9,105,4,13,10,2,"10,76",5,5,2,4,2,E,gris,mardi,106035,2024-09-03,15.62,0,Semble peu engagé dans la formation.
ETU-03386,2024-2025,Gestion,20,h,Technologique,P,lycee_public,O,6.5,0.0,90.0,35,39.8,88,2,12,10,6,"14,22",6,4,4,3,3,B,vert,mardi,326825,2024-09-03,18.66,0,
ETU-02959,2024-2025,Mathematiques,20,F,général ,AB,lycee_public,0,72.1,0.0,61.9,3,4.0,28,8,13,8,0,8.19,6,2,3,3,1,G,bleu,mercredi,990034,04/09/2024,3.41,1,
ETU-01004,2024-2025,BIOLOGIE,21,F,techno,B,lycee_prive,non,2.0 km,0.0,"66,7",26,35.9,54,4,12,8,3,7.49,5,2,3,2,2,B,vert,mercredi,415594,11 Sep 2024,6.77,1,En difficulté sur les évaluations.
ETU-03508,2024-2025,Droit,21,F,general,Assez Bien,lycee_public,non,"4,5",19.0,79.1%,49,47.1,95,3,13,13,5,10.9,6,5,4,,3,B,rouge,jeudi,453418,19/09/2024,14.14,0,
ETU-04080,2024-2025, Psychologie ,18,M,PRO,passable,lycee_public,N,22.0,18.0,81.1,34,53.1,71,3,8,7,3,"8,8",5,4,3,5,3,D,jaune,vendredi,418608,27/09/2024,12.72,0,Profil dans la moyenne.
ETU-04331,2024-2025,Psychologie,24,h,Generale,Passable,lycee_public,0,1.0,6.0,68.2%,3,3.1,19,5,10,7,2,10.32,5,5,2,3,2,C,bleu,mardi,481337,03/09/2024,12.83,0,
ETU-03040,2024-2025,Droit,19,h,Technologique,ab,lycee_public,N,0.8,0.0,73.1,21,36.5,38,6,12,11,3,7.86,6,1,1,3,3,D,jaune,lundi,498349,16 Sep 2024,11.83,0,
ETU-04686,2024-2025, Droit ,18,Homme,techno,passable,lycee_public,oui,"0,7",6.0,"76,1",9,12.3,11,1,12,11,6,9.76,6,4,4,2,2,H,gris,lundi,475101,09 Sep 2024,15.71,0,
ETU-01199,2024-2025,GESTION,23,F,Général,Bien,lycee_public,Non,13.9,8.0,65.8,30,31.3,46,2,9,7,5,10.52,6,2,5,5,2,G,bleu,vendredi,636373,27 Sep 2024,14.76,0,
ETU-00410,2024-2025,Biologie,17,f,général ,ab,lycee_public,Oui,"5,0",13.0,66.7,36,60.7,64,6,11,8,2,14.52,6,6,2,5,,E,vert,lundi,112427,2024-09-23,15.09,0,"Motivation en berne, à accompagner."
ETU-02568,2024-2025,Droit,21,femme,GEN,B,lycee_public,Non,1.5,12.0,98.1,,53.3,71,2,13,11,8,,6,5,4,4,,H,bleu,mardi,411962,17/09/2024,18.5,0,
ETU-02221,2024-2025,GESTION,20,Femme,Generale,Bien,,N,39.6 km,,"89,9",,58.3,121,0,13,13,7,12.29,6,1,5,3,,G,bleu,mercredi,560815,2024-09-04,18.4,0,
ETU-04219,2024-2025, Droit ,23,Femme,GEN,passable,lycee_prive,Non,1.0,21.0,84.1,23,45.6,38,2,13,11,2,8.92,5,4,3,,5,A,gris,mercredi,922637,2024-09-04,14.43,0,
ETU-00002,2024-2025,Mathematiques,17,Homme,Professionnel,,lycee_public,Non,25.7,,78.5,24,17.4,81,4,10,8,5,6.85,6,3,1,5,3,B,vert,mercredi,830864,18 Sep 2024,12.65,0,Résultats fragiles aux partiels.
ETU-01751,2024-2025,Gestion,18,femme,Generale,ab,lycee_prive,Non,5.8,7.0,64.0,4,2.8,1,3,10,7,1,15.34,5,5,1,2,3,E,jaune,mercredi,602769,2024-09-25,16.6,0,Engagement en ligne très faible.
ETU-01196,2024-2025,GESTION,24,h,general,P,lycee_prive,N,12.2,0.0,57.8,20,11.6,41,7,12,7,3,10.56,6,5,1,3,3,A,rouge,mardi,202842,17 Sep 2024,6.66,1,Semble peu engagé dans la formation.
ETU-02181,2024-2025,lettres,24,h,Technologique,passable,lycee_prive,non,20.3,25.0,92.5,47,69.2,108,2,9,9,5,7.26,7,1,2,4,,G,vert,jeudi,469947,05 Sep 2024,13.5,0,Résultats fragiles aux partiels.
ETU-03201,2024-2025,Psychologie,18,H,pro,passable,lycee_public,non,23.2,8.0,81.1,53,65.7,121,1,8,6,4,10.11,7,1,4,2,3,G,rouge,jeudi,839711,2024-09-12,15.83,0,
ETU-00067,2024-2025,Mathematiques,19,F,TECHNO,Bien,lycee_public,Oui,3.1,19.0,"88,9",21,23.0,59,3,9,6,3,11.62,6,6,2,2,5,G,bleu,jeudi,384348,2024-09-05,15.96,0,"Motivation en berne, à accompagner."
ETU-02540,2024-2025, Biologie ,21,Homme,Generale,ab,lycee_public,Non,1.8,8.0,"99,5",72,65.7,199,0,11,11,5,16.85,7,5,5,4,4,H,rouge,lundi,498761,02 Sep 2024,19.83,0,
ETU-04106,2024-2025,LETTRES,21,f,Generale,AB,lycee_public,Oui,"13,5",0.0,"50,2",19,29.6,24,6,13,6,0,10.89,7,3,3,1,2,C,jaune,lundi,790004,09/09/2024,5.97,1,
ETU-02801,2024-2025,Gestion,19,Femme,Général,ab,lycee_public,0,22.5,13.0,46.3,0,0.0,0,6,12,6,0,8.57,6,3,1,1,1,C,vert,mercredi,306805,18/09/2024,3.17,1,
ETU-01231,2024-2025,Droit,18,femme,TECHNO,passable,lycee_public,0,6.7,0.0,72.1,43,51.0,93,6,13,12,6,9.3,5,2,4,2,4,B,rouge,vendredi,536229,27/09/2024,15.34,0,Suivi sans particularité.
ETU-03158,2024-2025,informatique,19,M,Général,P,lycee_public,N,4.6,18.0,70.7,36,41.2,96,1,11,11,4,9.35,6,4,3,4,4,A,vert,mercredi,703644,2024-09-04,16.46,0,Suivi sans particularité.
ETU-04053,2024-2025,GESTION,20,femme,Generale,P,,Non,13.0,11.0,78.5,26,42.2,72,5,8,6,6,"10,3",6,3,1,3,2,A,jaune,vendredi,227810,20/09/2024,16.02,0,
ETU-02787,2024-2025, Informatique ,20,F,TECHNO,Assez Bien,,non,2.8,13.0,73.0%,6,11.1,17,6,11,7,1,4.9,7,0,2,2,2,E,bleu,mercredi,657700,2024-09-25,2.65,1,En difficulté sur les évaluations.
ETU-00557,2024-2025, Biologie ,18,F,Technologique,B,lycee_public,O,"26,3",6.0,"83,0",28,34.4,43,3,11,9,6,13.17,6,6,3,3,,E,bleu,mercredi,995198,11/09/2024,17.0,0,"Bon semestre, résultats solides."
ETU-04144,2024-2025,GESTION,19,h,Général,TB,lycee_public,O,17.0,23.0,75.5,28,34.6,48,4,9,7,3,14.09,7,6,3,2,2,H,bleu,mercredi,250109,04 Sep 2024,17.31,0,
ETU-04307,2024-2025,Mathematiques,20,M,Général,ab,lycee_public,Non,19.6,,"58,7",3,3.7,23,6,13,7,0,11.32,6,4,2,4,1,G,jaune,lundi,257657,09/09/2024,5.2,1,Peu actif sur la plateforme.
ETU-00512,2024-2025,STAPS,19,h,GEN,Bien,lycee_prive,0,13.8,0.0,85.1,28,42.0,70,3,11,11,4,15.02,5,5,5,,3,C,bleu,lundi,234125,09/09/2024,18.17,0,Travail sérieux et régulier.
ETU-03530,2024-2025,STAPS,19,Femme,GEN,P,lycee_prive,Oui,6.2,12.0,72.4,37,77.1,85,6,8,6,4,13.8,5,4,4,3,1,D,jaune,vendredi,287964,13 Sep 2024,17.64,0,
ETU-04875,2024-2025,Mathematiques,19,h,général ,AB,lycee_public,0,8.0,0.0,81.0,15,24.5,37,5,9,6,1,"7,51",6,4,2,2,3,B,vert,lundi,403319,09/09/2024,5.61,1,
ETU-01266,2024-2025,GESTION,19,F,TECHNO,AB,lycee_prive,Oui,4.9,0.0,68.6,35,51.8,73,3,11,9,6,"6,73",7,4,3,,4,G,bleu,mardi,684359,03/09/2024,11.99,0,Résultats fragiles aux partiels.
ETU-03316,2024-2025,STAPS,21,Femme,general,Assez Bien,lycee_public,Oui,13.3,0.0,82.4,34,43.7,77,3,8,6,2,"11,53",5,4,3,,2,H,vert,mardi,695743,24/09/2024,15.93,0,
ETU-01484,2024-2025, Biologie ,20,F,TECHNO,B,lycee_public,N,4.3,,76.5,31,54.3,68,6,8,6,3,14.41,5,3,4,3,2,E,vert,mercredi,140745,04 Sep 2024,16.53,0,
ETU-02005,2024-2025,Lettres,18,femme,GEN,ab,lycee_public,non,"19,4",,71.8,,16.7,18,7,12,9,2,11.87,7,4,3,,2,C,bleu,mercredi,457650,2024-09-18,7.86,1,Engagement en ligne très faible.
ETU-04155,2024-2025,Droit,18,Homme,Technologique,ab,lycee_prive,Non,16.5,15.0,97.5,37,51.8,89,2,8,7,9,11.17,6,2,5,,4,C,vert,vendredi,608563,27 Sep 2024,16.48,0,Profil dans la moyenne.
ETU-04212,2024-2025,Droit,20,Homme,Technologique,Assez Bien,lycee_prive,1,11.2,0.0,78.2%,29,41.0,42,6,10,8,2,10.06,6,3,3,2,4,A,rouge,jeudi,873646,2024-09-19,12.23,0,
ETU-02451,2024-2025, Psychologie ,18,Femme,Général,passable,lycee_public,N,21.4,0.0,69.0%,23,50.5,62,5,8,5,0,11.83,5,4,2,2,2,C,gris,mercredi,991714,18/09/2024,14.61,0,"Motivation en berne, à accompagner."
ETU-03478,2024-2025,Psychologie,19,f,Technologique,P,lycee_public,N,,0.0,64.2,16,38.8,49,6,9,7,1,7.64,7,3,,3,3,H,rouge,vendredi,524194,27 Sep 2024,12.4,0,Résultats fragiles aux partiels.
ETU-00816,2024-2025,gestion,20,femme,general,TB,lycee_public,Non,45.7,24.0,"84,7",41,94.0,111,0,10,10,2,"14,22",6,2,4,5,,F,bleu,mercredi,382661,2024-09-11,19.3,0,Engagement en ligne remarquable.
ETU-02045,2024-2025,Mathematiques,17,H,GEN,AB,lycee_public,non,2.1,8.0,76.7,10,19.8,26,1,10,8,0,12.8,6,3,2,3,3,C,bleu,mercredi,547260,2024-09-04,7.24,1,
ETU-05190,2024-2025,mathematiques,18,H,Generale,P,lycee_prive,non,3.5,,79.0,35,55.0,96,3,9,9,3,"8,46",6,3,3,5,3,H,rouge,lundi,800858,2024-09-02,14.38,0,Profil dans la moyenne.
ETU-02607,2024-2025,Lettres,17,M,Technologique,Bien,lycee_prive,O,13.3,7.0,70.9,,17.3,55,6,10,7,1,9.69,6,2,1,2,1,F,jaune,mardi,549078,03 Sep 2024,4.47,1,
ETU-00053,2024-2025, Gestion ,17,M,GEN,,lycee_public,Non,3.9,9.0,76.3%,35,45.6,88,3,8,8,5,13.53,7,7,5,4,4,H,jaune,lundi,629859,16 Sep 2024,17.68,0,
ETU-04846,2024-2025,informatique,21,Femme,Technologique,ab,lycee_public,oui,3.3,9.0,73.8%,27,37.0,49,3,12,10,2,11.82,6,2,5,3,2,F,rouge,jeudi,928286,12/09/2024,14.76,0,
ETU-00625,2024-2025,Gestion,21,Homme,Technologique,P,,N,24.6,,70.0,16,29.2,48,5,12,10,1,7.44,5,2,3,2,1,E,gris,vendredi,934874,13 Sep 2024,3.67,1,
ETU-04038,2024-2025,Biologie,19,M,PRO,ab,autre,oui,0.3,15.0,"80,5",15,24.4,36,4,11,9,3,9.07,6,5,3,3,3,H,rouge,mercredi,455267,2024-09-04,6.0,1,
ETU-05095,2024-2025,STAPS,21,h,Generale,Bien,lycee_public,0,15.2,0.0,57.9%,6,9.7,25,7,12,7,0,11.87,5,5,2,2,4,D,bleu,jeudi,495706,19/09/2024,12.69,0,
ETU-02900,2024-2025,Droit,21,F,général ,Passable,lycee_public,O,15.9 km,0.0,64.4,21,49.5,51,7,8,7,2,"14,5",6,5,4,2,3,C,bleu,vendredi,277163,06/09/2024,17.76,0,
ETU-02373,2024-2025,droit,19,h,GEN,AB,lycee_public,non,0.5,14.0,82.4,24,32.2,41,3,9,7,2,17.2,5,5,4,5,3,C,bleu,mardi,225047,17 Sep 2024,19.34,0,
ETU-04702,2024-2025,Droit,18,Homme,GEN,B,lycee_public,N,7.4,0.0,75.7,18,23.8,30,6,8,6,1,"9,05",5,2,,3,2,E,rouge,mercredi,431116,25 Sep 2024,3.9,1,"Motivation en berne, à accompagner."
ETU-04915,2024-2025,LETTRES,22,F,GEN,AB,lycee_public,Non,17.6,12.0,98.7,66,89.7,100,0,13,13,7,12.87,7,5,4,3,3,F,vert,jeudi,673594,2024-09-19,19.14,0,
ETU-04866,2024-2025,PSYCHOLOGIE,20,h,general,Assez Bien,lycee_public,O,10.4,,79.1,35,47.2,93,3,11,11,4,15.45,6,6,4,4,4,H,gris,lundi,403569,16/09/2024,19.27,0,"Bon semestre, résultats solides."
ETU-01856,2024-2025, STAPS ,18,f,techno,Passable,lycee_prive,Non,7.0,,"66,6",,18.7,37,3,13,9,0,"10,26",6,3,2,4,3,B,rouge,jeudi,421044,05 Sep 2024,14.31,0,Semble peu engagé dans la formation.
ETU-04766,2024-2025,mathematiques,20,M,Technologique,Passable,lycee_public,0,"1,4",27.0,"88,6",39,29.8,76,2,12,11,4,11.94,5,4,,2,5,H,rouge,jeudi,963349,26 Sep 2024,16.17,0,
ETU-04454,2024-2025,Gestion,20,Homme,PRO,P,lycee_public,non,3.8 km,0.0,65.7,32,36.6,48,4,8,6,4,8.13,6,2,4,4,3,C,bleu,jeudi,857311,19/09/2024,12.59,0,
ETU-01119,2024-2025,Informatique,20,H,general,AB,lycee_public,non,20.6,0.0,71.9,35,59.7,92,8,9,8,6,"15,78",6,6,5,,1,C,jaune,jeudi,361702,19/09/2024,18.02,0,
ETU-01337,2024-2025, Biologie ,21,M,PRO,passable,lycee_public,Oui,5.2,0.0,"77,2",31,41.9,86,5,11,8,0,"5,08",7,3,3,3,1,F,bleu,vendredi,603611,2024-09-06,2.2,1,
ETU-02693,2024-2025,Psychologie,19,h,Generale,AB,cfa,O,12.8,10.0,"77,8",60,48.8,175,3,8,7,9,11.82,5,3,5,4,3,D,rouge,mercredi,333451,25/09/2024,17.19,0,
ETU-02855,2024-2025,psychologie,18,F,TECHNO,passable,lycee_public,N,0.6,0.0,81.2%,22,36.2,45,2,12,10,1,3.84,6,2,1,3,3,A,jaune,mardi,860873,03/09/2024,3.47,1,
ETU-03677,2024-2025,Informatique,17,F, pro,,lycee_public,0,0.8,7.0,53.1,11,20.3,18,4,8,4,0,3.76,7,2,1,2,,G,rouge,mercredi,268260,11 Sep 2024,0.62,1,
ETU-00211,2024-2025,STAPS,22,h,GEN,P,lycee_public,non,1.7,,"87,6",28,55.9,38,7,11,7,4,,6,3,4,,,E,gris,jeudi,721006,05 Sep 2024,15.56,0,"Bon semestre, résultats solides."
ETU-00640,2024-2025,STAPS,21,Homme,Technologique,P,autre,oui,"5,6",12.0,67.8,15,25.2,38,1,8,5,0,8.41,6,5,2,1,2,B,rouge,vendredi,349526,13/09/2024,2.95,1,
ETU-01339,2024-2025,STAPS,26,M,Technologique,AB,lycee_public,1,"8,0",24.0,70.6%,24,43.9,54,4,13,10,3,10.69,6,5,4,4,4,D,rouge,mardi,401476,24/09/2024,7.42,1,Profil dans la moyenne.
ETU-03226,2024-2025,DROIT,18,Homme,Technologique,B,cfa,non,"6,7",,73.6%,37,47.4,88,5,12,12,1,7.7,7,5,4,2,,C,jaune,lundi,862713,23 Sep 2024,11.55,0,
ETU-00833,2024-2025,MATHEMATIQUES,19,F,Professionnel,AB,lycee_prive,N,6.5 km,18.0,60.3,,0.3,10,4,8,6,0,6.13,5,0,2,4,,F,jaune,lundi,832118,09 Sep 2024,2.93,1,
ETU-03878,2024-2025,STAPS,20,femme,PRO,TB,lycee_prive,O,11.3,0.0,68.0%,28,24.4,61,3,9,7,6,"9,84",5,3,4,3,2,G,jaune,lundi,437908,2024-09-09,6.44,1,
ETU-03337,2024-2025,STAPS,19,Femme,techno,Bien,cfa,oui,,24.0,60.6,3,2.4,12,9,12,9,2,11.34,6,2,2,2,2,D,vert,mardi,938510,2024-09-03,5.35,1,
ETU-02630,2024-2025,Gestion,19,Homme,PRO,passable,lycee_public,1,"7,1",5.0,77.0,31,61.0,83,2,11,7,6,5.27,6,0,4,2,3,G,bleu,vendredi,746487,2024-09-13,10.59,0,Résultats fragiles aux partiels.
ETU-01153,2024-2025,Droit,20,Femme,Professionnel,P,lycee_public,N,38.7,27.0,98.5%,45,68.1,109,0,10,10,12,"12,86",6,6,5,4,,B,vert,vendredi,124803,2024-09-27,18.31,0,Engagement en ligne remarquable.
ETU-00354,2024-2025,Lettres,21,Homme,général ,Passable,lycee_public,non,0.8,23.0,77.8,28,42.0,60,4,13,11,2,"9,33",7,5,5,5,2,G,gris,vendredi,898689,27 Sep 2024,13.97,0,Profil dans la moyenne.
ETU-04226,2024-2025,psychologie,20,M,GEN,B,lycee_prive,0,"14,7",19.0,77.1%,29,48.3,53,4,9,8,1,10.14,6,4,3,4,4,F,bleu,mardi,152528,03 Sep 2024,15.91,0,
ETU-04933,2024-2025,Droit,23,f,general,P,lycee_public,0,20.6,0.0,"72,7",19,35.4,40,6,8,6,1,8.25,5,3,1,,2,H,vert,vendredi,461851,06 Sep 2024,12.19,0,
ETU-02832,2024-2025,Psychologie,22,M,GEN,ab,lycee_public,non,3.5 km,13.0,85.1%,24,35.9,45,2,8,6,3,"7,35",6,4,2,3,3,C,vert,mardi,579518,2024-09-03,12.08,0,
ETU-01501,2024-2025, Mathematiques ,18,M,Generale,passable,lycee_public,1,24.5,,80.3,33,41.5,74,4,11,11,2,"13,52",7,5,5,4,2,E,rouge,jeudi,555059,26/09/2024,16.32,0,Travail sérieux et régulier.
ETU-01928,2024-2025,Lettres,19,H,TECHNO,P,lycee_public,0,0.3,0.0,76.9%,32,36.3,75,4,13,10,5,12.85,7,5,2,2,4,E,bleu,mercredi,710683,25 Sep 2024,15.98,0,
ETU-00274,2024-2025,Biologie,24,M,PRO,B,lycee_public,Non,19.0,22.0,63.2,19,31.0,36,2,10,9,4,10.41,5,5,2,,2,B,vert,mardi,621770,03 Sep 2024,15.2,0,"Motivation en berne, à accompagner."
ETU-02228,2024-2025,DROIT,21,femme,general,Passable,lycee_prive,non,"5,3",22.0,62.9%,14,22.5,16,6,8,6,0,"10,58",5,3,3,2,2,G,gris,jeudi,895548,05 Sep 2024,5.24,1,
ETU-00258,2024-2025,Mathematiques,19,f,Général,,lycee_public,O,10.9,0.0,72.8,47,64.4,150,1,11,7,3,"15,27",5,4,2,5,,D,rouge,jeudi,105696,2024-09-26,18.52,0,"Motivation en berne, à accompagner."
ETU-04813,2024-2025,Mathematiques,19,M,GEN,Assez Bien,lycee_prive,0,13.7,,83.2,10,19.4,17,4,8,5,0,7.9,7,4,3,3,2,A,vert,vendredi,384218,2024-09-06,4.42,1,En difficulté sur les évaluations.
ETU-00660,2024-2025, STAPS ,19,h,general,Assez Bien,lycee_prive,Non,"9,1",7.0,"73,6",29,35.1,87,4,11,11,6,13.09,6,6,5,2,3,B,gris,mardi,703510,24/09/2024,16.64,0,
ETU-04677,2024-2025,Droit,20,H,général ,ab,lycee_prive,non,13.7,9.0,87.3%,,52.4,64,2,13,10,3,"16,85",6,6,4,4,3,G,jaune,mardi,114232,03/09/2024,18.42,0,Étudiant assidu et investi.
ETU-04439,2024-2025,droit,19,F,PRO,Bien,,non,62.1 km,6.0,65.6,22,25.6,42,4,12,7,0,7.82,6,2,2,3,1,A,vert,mercredi,125698,2024-09-04,4.81,1,
ETU-02984,2024-2025,DROIT,20,F,général ,Bien,lycee_prive,Non,70.8,18.0,88.9,52,86.8,160,0,13,11,8,8.59,7,2,3,3,3,A,rouge,vendredi,910454,06 Sep 2024,15.85,0,
ETU-03518,2024-2025,Droit,19,f,TECHNO,ab,cfa,N,0.4,0.0,70.3,10,13.9,34,3,11,7,1,6.11,7,0,2,2,5,H,gris,vendredi,318147,20/09/2024,1.91,1,Résultats fragiles aux partiels.
ETU-04123,2024-2025,Informatique,19,Femme,techno,AB,lycee_public,0,"3,5",0.0,84.4,21,50.1,29,6,9,6,5,"14,99",5,5,5,4,5,H,vert,mardi,898150,2024-09-24,18.23,0,Travail sérieux et régulier.
ETU-03245,2024-2025,Droit,21,Homme,Generale,P,lycee_prive,N,4.0,0.0,79.1%,33,41.0,95,3,13,12,1,9.61,6,3,4,,4,C,rouge,mardi,287047,2024-09-10,15.89,0,RAS.
ETU-00021,2024-2025,Psychologie,19,F,TECHNO,Passable,lycee_public,N,1.9 km,3.0,78.1,31,42.0,62,3,8,7,2,14.14,5,2,4,3,3,F,rouge,mercredi,958854,2024-09-18,15.62,0,
ETU-03194,2024-2025,Droit,19,Homme,Général,passable,lycee_public,0,12.0,23.0,70.3%,29,71.6,62,1,11,11,0,8.97,5,1,2,3,2,B,rouge,mardi,973537,2024-09-03,14.47,0,Semble peu engagé dans la formation.
ETU-00909,2024-2025,Psychologie,20,F,techno,passable,lycee_public,Non,20.5,,70.6%,28,11.4,77,4,9,9,6,6.43,7,4,3,3,3,A,bleu,mardi,906247,2024-09-17,11.04,0,
ETU-01286,2024-2025,psychologie,20,M,pro,P,lycee_prive,Non,3.7 km,0.0,88.4,62,148.1,120,0,11,11,9,12.94,6,1,5,5,3,D,jaune,mercredi,398242,18 Sep 2024,19.13,0,
ETU-05032,2024-2025,Informatique,21,Femme,Technologique,Bien,lycee_public,O,16.6,7.0,77.4,27,54.1,57,2,12,11,6,10.19,7,4,4,3,3,D,jaune,mardi,352118,17/09/2024,15.48,0,
ETU-03476,2024-2025,droit,21,F,Generale,B,lycee_public,Oui,1.3,0.0,"78,7",40,55.8,110,6,8,7,6,"15,79",6,6,4,3,4,G,bleu,mardi,985212,17/09/2024,17.44,0,
ETU-01789,2024-2025,DROIT,20,F,général ,P,lycee_public,N,6.6,0.0,87.5,46,59.7,99,1,11,11,2,14.55,5,4,5,4,5,D,vert,jeudi,708979,19 Sep 2024,19.3,0,Étudiant assidu et investi.
ETU-03090,2024-2025,mathematiques,22,F,TECHNO,Assez Bien,lycee_prive,1,16.1,28.0,87.5,38,71.7,106,1,13,12,2,9.82,7,5,4,3,4,A,vert,mardi,118187,03 Sep 2024,15.14,0,
ETU-02751,2024-2025, Droit ,20,femme,Professionnel,passable,lycee_prive,Oui,"7,4",23.0,73.7,20,39.8,27,5,8,7,2,9.54,6,4,4,4,3,H,vert,mercredi,577650,25/09/2024,14.04,0,
ETU-05080,2024-2025, Gestion ,18,F,GEN,P,,Oui,37.5,0.0,"52,0",12,20.9,17,6,8,6,0,10.0,6,5,1,2,2,F,bleu,vendredi,655181,20 Sep 2024,6.08,1,
ETU-03357,2024-2025, Gestion ,18,H,general,P,lycee_public,Non,30.0,17.0,80.6%,17,25.2,40,6,11,8,0,"7,24",6,4,3,2,1,F,jaune,jeudi,421857,2024-09-05,10.51,0,Résultats fragiles aux partiels.
ETU-02012,2024-2025,Informatique,24,h,general,Passable,lycee_public,N,"8,1",18.0,89.6,27,56.0,62,2,10,8,1,12.2,5,3,,4,3,F,gris,vendredi,113567,06 Sep 2024,16.47,0,"Bon semestre, résultats solides."
ETU-01849,2024-2025,biologie,19,h,GEN,B,lycee_prive,Non,38.6,,67.9,19,33.6,53,8,12,9,1,"14,65",7,7,2,2,2,H,bleu,mercredi,118642,25/09/2024,14.69,0,
ETU-03352,2024-2025,Droit,20,H,GEN,ab,lycee_public,O,5.2,13.0,97.0,56,141.6,142,1,13,13,9,13.03,5,5,4,5,4,F,jaune,mardi,997699,17/09/2024,19.76,0,"Très bon investissement, en réussite."
ETU-03737,2024-2025, Psychologie ,18,h,général ,Bien,lycee_public,oui,"2,8",13.0,89.1,44,67.9,110,3,8,6,5,"13,93",5,2,4,3,3,C,jaune,mardi,129252,17/09/2024,18.12,0,
ETU-00558,2024-2025,Gestion,18,H,GEN,P,lycee_public,0,,3.0,75.1%,38,54.6,77,4,12,9,5,"14,47",6,5,5,,4,C,gris,lundi,851875,16/09/2024,17.91,0,
ETU-04633,2024-2025, Informatique ,20,femme,Général,TB,lycee_public,O,"24,8",18.0,88.0,21,25.6,27,3,9,9,8,15.92,6,6,5,3,3,D,bleu,jeudi,926401,12 Sep 2024,17.87,0,
ETU-00804,2024-2025,Droit,20,F,Technologique,passable,lycee_public,Oui,20.1,6.0,86.3,46,36.2,87,0,9,7,4,9.74,7,6,4,4,3,F,rouge,mercredi,147895,2024-09-18,15.75,0,Très actif sur la plateforme.
ETU-02091,2024-2025,informatique,20,M,Technologique,AB,lycee_public,0,"12,4",0.0,76.6%,42,55.1,93,2,8,7,5,9.56,5,3,3,3,2,A,bleu,jeudi,114906,2024-09-12,13.91,0,Engagement en ligne remarquable.
ETU-04146,2024-2025,gestion,17,Homme,GEN,passable,lycee_prive,N,"6,0",,67.7,5,0.7,1,4,11,8,2,12.03,5,3,3,2,2,E,rouge,mardi,667506,03/09/2024,7.0,1,
ETU-02257,2024-2025,staps,20,Homme,Technologique,,lycee_public,Non,16.1,15.0,85.0,20,36.1,38,4,8,6,3,14.56,6,3,4,3,4,C,jaune,mardi,240701,24/09/2024,17.85,0,
ETU-00552,2024-2025, Informatique ,21,H,Général,Passable,lycee_prive,1,42.1,14.0,80.0,16,24.4,32,5,12,9,1,8.54,7,1,1,2,2,E,jaune,lundi,675989,16/09/2024,4.77,1,"Motivation en berne, à accompagner."
ETU-00927,2024-2025,DROIT,19,Femme, pro,B,lycee_public,1,13.4,5.0,52.9,24,40.3,54,4,10,6,0,7.76,5,2,2,3,2,F,rouge,mercredi,815329,18 Sep 2024,3.03,1,
ETU-02423,2024-2025, Gestion ,23,H,Generale,B,autre,Oui,51.0 km,,75.1%,27,55.7,67,6,8,6,6,"13,7",5,5,3,3,4,F,rouge,mercredi,588567,2024-09-04,16.71,0,Travail sérieux et régulier.
ETU-03004,2024-2025,informatique,20,Homme,Général,ab,,1,0.7,26.0,71.3,25,19.1,68,4,8,5,1,10.26,6,2,3,5,3,B,rouge,vendredi,669258,20/09/2024,5.18,1,
ETU-03164,2024-2025,BIOLOGIE,21,h,general,AB,autre,0,16.5,4.0,78.2%,12,23.3,20,6,8,6,1,10.57,6,4,2,2,3,D,vert,lundi,601963,2024-09-16,5.97,1,Semble peu engagé dans la formation.
ETU-00677,2024-2025,Biologie,25,F,general,Passable,lycee_public,non,19.8,10.0,64.9,15,28.0,39,4,13,12,3,"10,94",6,4,,2,,E,vert,mardi,562154,10 Sep 2024,7.52,1,
ETU-02699,2024-2025,Informatique,20,F,GEN,Passable,lycee_prive,non,21.3,,74.6%,18,22.5,35,4,9,8,3,12.19,5,1,4,5,4,G,gris,mardi,299470,24 Sep 2024,14.45,0,Suivi sans particularité.
ETU-02298,2024-2025,Gestion,18,femme,Generale,passable,autre,0,9.6,,73.4,,59.9,57,6,8,8,5,"9,14",5,4,4,4,4,B,gris,mardi,540227,2024-09-10,15.75,0,
ETU-01171,2024-2025, Informatique ,17,F,TECHNO,B,lycee_public,Non,15.9,28.0,69.4,12,10.4,34,6,11,11,5,3.86,5,2,3,,4,B,gris,jeudi,121137,05 Sep 2024,2.11,1,Résultats fragiles aux partiels.
ETU-04137,2024-2025,GESTION,23,Femme,general,ab,autre,oui,"45,1",0.0,87.4%,34,50.6,98,1,13,13,7,11.86,6,6,5,4,4,E,gris,mardi,436900,2024-09-03,17.29,0,RAS.
ETU-03961,2024-2025,Informatique,23,F,techno,Passable,lycee_public,0,4.0,,79.4,39,55.4,83,0,11,11,5,11.98,6,5,4,3,3,E,bleu,mercredi,653459,2024-09-25,15.19,0,Profil dans la moyenne.
ETU-04455,2024-2025, Psychologie ,21,Homme,general,B,lycee_public,Non,"8,5",25.0,55.1%,22,27.0,52,7,12,7,0,5.94,6,3,3,2,1,H,rouge,vendredi,595097,2024-09-20,1.97,1,
ETU-00222,2024-2025,STAPS,20,Homme,Generale,passable,lycee_prive,0,1.1 km,11.0,90.6%,49,62.9,90,1,13,12,12,9.4,6,4,4,3,5,E,rouge,vendredi,179308,2024-09-06,15.53,0,Engagement en ligne remarquable.
ETU-00584,2024-2025,STAPS,19,femme,GEN,tres bien,lycee_public,oui,59.9 km,23.0,80.3,18,32.2,41,5,8,6,2,14.3,6,5,4,4,1,A,rouge,mercredi,649592,04 Sep 2024,16.01,0,Travail sérieux et régulier.
ETU-04010,2024-2025,GESTION,22,h,PRO,Assez Bien,lycee_prive,1,3.9,,73.9%,3,7.0,18,4,9,5,2,7.92,6,3,4,,3,A,rouge,lundi,676851,09 Sep 2024,4.3,1,Résultats fragiles aux partiels.
ETU-03614,2024-2025,DROIT,18,f,Général,Bien,lycee_public,0,32.3,,64.9,19,33.1,49,6,8,6,2,"10,3",6,5,4,3,2,A,vert,lundi,168197,23 Sep 2024,5.64,1,
ETU-04089,2024-2025,PSYCHOLOGIE,18,M,Général,Passable,lycee_prive,0,25.7,25.0,76.0%,34,55.7,61,0,8,6,1,10.06,6,3,2,3,,F,bleu,lundi,721195,2024-09-16,14.32,0,
ETU-01336,2024-2025,Biologie,24,Femme,pro,Très Bien,lycee_public,N,11.0,13.0,85.2,66,29.4,159,1,10,10,10,14.39,7,6,5,4,3,C,gris,vendredi,669851,2024-09-06,19.44,0,
ETU-02780,2024-2025,Droit,17,Homme,TECHNO,Assez Bien,lycee_public,0,4.2,0.0,89.8,60,68.5,131,2,9,9,7,12.07,5,4,5,4,5,D,jaune,mardi,925556,17/09/2024,18.28,0,
ETU-04736,2024-2025, Droit ,19,H,Generale,B,lycee_public,non,22.7,9.0,65.9,36,46.1,61,5,13,12,5,14.36,6,5,3,3,3,E,gris,jeudi,506936,05/09/2024,17.28,0,
ETU-01795,2024-2025, Biologie ,19,H,Technologique,B,lycee_public,Non,4.6,8.0,"66,7",7,3.7,19,3,12,8,1,10.64,6,4,3,,1,A,vert,jeudi,382044,05/09/2024,5.28,1,Engagement en ligne très faible.
ETU-02405,2024-2025,DROIT,18,femme,GEN,AB,lycee_public,1,15.8,8.0,85.7,29,27.8,67,4,8,7,8,14.13,6,6,5,5,2,B,gris,mardi,271926,17/09/2024,17.26,0,
ETU-02583,2024-2025,Psychologie,19,h,general,passable,lycee_public,non,3.6,28.0,67.6,35,69.8,72,4,10,8,1,,6,5,3,3,4,H,jaune,vendredi,798758,13 Sep 2024,16.91,0,
ETU-04768,2024-2025, Informatique ,22,femme,TECHNO,passable,lycee_public,Non,10.4 km,0.0,"76,9",66,116.6,176,2,10,9,3,11.33,5,2,3,2,3,B,rouge,mercredi,269677,04 Sep 2024,17.32,0,
ETU-03353,2024-2025,Psychologie,21,Homme,général ,Bien,lycee_public,O,1.4,9.0,64.1%,26,42.5,61,8,13,10,0,"13,56",6,4,1,,1,D,bleu,lundi,424817,23/09/2024,6.84,1,
ETU-02376,2024-2025,Psychologie,18,femme,général ,Passable,lycee_public,Non,1.6,12.0,84.7,55,80.9,149,1,13,13,8,15.73,7,6,5,,4,F,vert,jeudi,539064,26 Sep 2024,18.9,0,Très actif sur la plateforme.
ETU-02242,2024-2025,Mathematiques,18,Femme,Generale,Bien,lycee_prive,non,,3.0,85.7,32,65.1,57,3,8,6,5,12.53,5,5,3,4,5,E,gris,vendredi,943787,27/09/2024,16.13,0,Travail sérieux et régulier.
ETU-03859,2024-2025,informatique,19,Autre,Generale,,lycee_public,non,49.6,19.0,"79,8",29,38.1,68,1,13,11,8,16.04,6,6,5,5,4,A,vert,mercredi,199289,18 Sep 2024,19.16,0,Travail sérieux et régulier.
ETU-03996,2024-2025,gestion,18,Homme,general,AB,lycee_public,non,8.6,8.0,67.6,33,63.5,64,4,10,10,3,11.98,6,5,5,4,5,B,bleu,mardi,743713,2024-09-17,17.4,0,
ETU-03390,2024-2025,Droit,18,Femme,PRO,passable,autre,Oui,8.4,,87.5,36,75.8,69,4,13,11,4,9.04,5,4,3,5,3,F,gris,mercredi,191362,11 Sep 2024,15.35,0,Profil dans la moyenne.
ETU-04154,2024-2025,PSYCHOLOGIE,18,femme,Generale,Passable,lycee_public,Oui,"9,1",13.0,97.0%,78,170.5,148,0,13,13,10,"16,82",7,7,5,5,4,A,bleu,mardi,868149,03 Sep 2024,19.88,0,
ETU-05083,2024-2025, Droit ,20,M,general,TB,lycee_public,N,8.8,5.0,"61,3",24,42.0,73,6,9,8,3,"12,67",7,7,3,3,4,D,vert,vendredi,227324,2024-09-20,15.44,0,
ETU-04500,2024-2025,Lettres,18,femme,TECHNO,Bien,lycee_public,Non,2.8,23.0,93.2,39,45.9,96,3,11,11,7,,7,4,3,4,4,H,jaune,mercredi,244075,04 Sep 2024,16.67,0,
ETU-01860,2024-2025,Informatique,18,femme,Général,passable,lycee_public,non,"4,5",0.0,71.3,22,27.2,49,3,10,8,0,"6,29",5,3,2,4,2,C,gris,mercredi,874085,2024-09-25,4.36,1,Résultats fragiles aux partiels.
ETU-04425,2024-2025,Biologie,18,f,général ,Très Bien,lycee_public,Oui,4.8,0.0,62.0,20,27.3,24,3,13,9,0,11.29,5,5,5,3,1,G,vert,lundi,851195,2024-09-09,15.34,0,
ETU-04291,2024-2025,staps,18,f,Général,P,lycee_public,N,1.1,,80.1%,49,96.2,108,2,13,12,4,"15,31",6,3,,5,3,F,vert,jeudi,609626,19/09/2024,18.73,0,
ETU-02280,2024-2025,informatique,17,M,Technologique,Bien,lycee_public,O,6.6 km,3.0,80.8,14,20.8,44,4,13,10,1,,7,3,3,3,3,C,gris,lundi,444484,09/09/2024,12.63,0,Résultats fragiles aux partiels.
ETU-04166,2024-2025,BIOLOGIE,20,f, pro,ab,lycee_prive,N,48.2,,63.3,16,32.1,38,7,13,7,0,2.39,6,0,1,3,2,E,rouge,mardi,244262,03 Sep 2024,0.29,1,
ETU-02668,2024-2025,MATHEMATIQUES,19,femme,GEN,Passable,lycee_public,Non,0.1,0.0,"99,8",30,59.9,58,3,9,9,4,14.33,5,5,5,,5,D,jaune,jeudi,890045,12/09/2024,18.89,0,Travail sérieux et régulier.
ETU-02643,2024-2025,droit,17,h,Generale,ab,lycee_public,Non,,19.0,98.2,36,48.6,78,3,9,8,3,12.39,7,5,5,3,3,F,rouge,jeudi,543818,26/09/2024,18.44,0,
ETU-04898,2024-2025,Gestion,22,h,GEN,Assez Bien,lycee_prive,0,3.5,,68.9,10,3.5,15,5,13,8,2,13.68,6,2,1,,,H,bleu,vendredi,541287,13/09/2024,6.4,1,Peu actif sur la plateforme.
ETU-04723,2024-2025, Gestion ,19,Femme,Generale,Passable,lycee_public,non,7.0,7.0,"65,6",31,32.7,43,1,11,11,6,15.67,6,6,4,3,4,E,rouge,lundi,573024,16/09/2024,17.63,0,
ETU-01481,2024-2025, Informatique ,21,M,general,B,lycee_public,1,4.6,,57.9,3,8.8,29,6,11,6,0,12.35,5,5,3,2,1,F,rouge,vendredi,581425,27 Sep 2024,12.62,0,Peu actif sur la plateforme.
ETU-00415,2024-2025,GESTION,19,femme,pro,Très Bien,lycee_prive,Non,3.1,0.0,90.6,43,69.3,63,1,12,12,8,"15,15",6,5,5,,,B,jaune,mercredi,791653,2024-09-18,18.72,0,"Très bon investissement, en réussite."
ETU-02603,2024-2025,lettres,19,femme,TECHNO,Assez Bien,,N,1.5,11.0,"82,8",29,50.3,45,3,10,10,3,9.27,7,3,3,4,4,G,rouge,mardi,731498,2024-09-03,13.55,0,
ETU-02818,2024-2025,STAPS,21,F,Général,Bien,cfa,0,18.4 km,18.0,67.8,24,26.3,51,1,12,9,7,13.05,6,5,3,3,3,E,jaune,mercredi,906429,18/09/2024,16.24,0,
ETU-04995,2024-2025,Biologie,20,femme,techno,Passable,lycee_prive,non,3.3,0.0,95.6,35,50.5,70,3,9,8,9,8.01,6,4,3,5,3,C,gris,lundi,807613,23/09/2024,16.31,0,RAS.
ETU-01993,2024-2025,Psychologie,20,h,Général,ab,lycee_public,0,5.3,8.0,"89,1",33,29.6,60,5,8,6,5,"10,38",5,2,4,3,4,F,gris,jeudi,151002,2024-09-26,15.35,0,
ETU-02591,2024-2025,Gestion,18,NR,techno,AB,lycee_public,non,29.6,6.0,98.6%,19,41.5,41,3,10,9,3,11.58,5,4,4,5,4,B,jaune,vendredi,828336,13 Sep 2024,16.64,0,
ETU-00270,2024-2025,PSYCHOLOGIE,20,H,GEN,Assez Bien,lycee_public,non,8.1,18.0,54.8,4,4.6,10,7,11,7,0,11.26,6,5,2,3,2,H,bleu,mercredi,504516,25 Sep 2024,4.72,1,Forte baisse d'assiduité ce semestre.
ETU-02095,2024-2025,Biologie,20,F,pro,passable,lycee_prive,non,38.4,7.0,84.7%,26,48.2,61,3,11,11,2,"10,78",6,6,3,3,3,A,jaune,mercredi,353032,2024-09-04,15.14,0,
ETU-02771,2024-2025,Lettres,22,h,GEN,ab,lycee_prive,N,19.7,0.0,72.0,12,8.3,33,5,12,10,0,8.51,6,3,2,1,3,D,bleu,vendredi,638602,2024-09-13,13.42,0,Semble peu engagé dans la formation.
ETU-03522,2024-2025,STAPS,20,H,pro,P,lycee_public,1,"4,9",16.0,93.0,25,15.6,61,3,8,7,5,"6,5",5,1,1,2,4,C,rouge,vendredi,992339,27 Sep 2024,12.79,0,Résultats fragiles aux partiels.
ETU-03458,2024-2025,INFORMATIQUE,17,Homme,techno,Passable,lycee_public,non,21.8,8.0,98.1,,31.8,82,1,13,13,6,8.29,6,5,3,5,3,F,bleu,lundi,882823,02/09/2024,15.5,0,
ETU-03169,2024-2025,Lettres,18,h,général ,Passable,lycee_public,non,9.2,0.0,79.0,20,32.0,38,4,8,6,2,10.1,5,3,3,2,2,E,gris,vendredi,580309,27/09/2024,6.14,1,Profil dans la moyenne.
ETU-00399,2024-2025,LETTRES,21,Homme,GEN,P,lycee_prive,N,4.6,0.0,84.6,34,36.9,76,4,11,11,9,"13,46",6,3,4,5,3,D,rouge,mercredi,403486,2024-09-18,16.38,0,
ETU-01739,2024-2025,STAPS,18,femme,Generale,passable,lycee_public,N,22.4,,79.2,29,65.0,66,2,11,11,6,13.77,7,6,5,4,2,B,vert,mardi,849807,2024-09-03,17.32,0,"Bon semestre, résultats solides."
ETU-01325,2024-2025,BIOLOGIE,20,femme,Generale,passable,lycee_prive,oui,"1,1",25.0,"92,2",37,32.0,93,1,11,10,6,12.04,6,3,5,5,3,H,gris,lundi,991569,02/09/2024,18.25,0,
ETU-02556,2024-2025, Droit ,19,f,GEN,Passable,lycee_public,0,46.6,4.0,82.5%,33,53.5,74,7,13,9,2,9.39,5,1,2,2,2,G,jaune,mardi,906750,03/09/2024,13.0,0,
ETU-03706,2024-2025,STAPS,19,Femme,pro,Passable,lycee_public,O,17.0,24.0,82.5,44,53.3,62,4,9,5,3,11.24,6,3,5,3,1,B,jaune,mercredi,934157,11 Sep 2024,15.19,0,
ETU-02175,2024-2025,Biologie,20,femme,général ,Assez Bien,lycee_prive,Non,"9,6",17.0,71.4%,15,26.3,48,7,12,7,1,8.11,7,4,2,3,2,A,jaune,lundi,778093,2024-09-16,2.75,1,
ETU-01800,2024-2025, Mathematiques ,18,f,GEN,,lycee_prive,oui,39.8,25.0,69.7,22,34.8,61,5,10,8,4,10.27,6,3,3,4,3,H,vert,mercredi,376640,11 Sep 2024,12.82,0,
ETU-04309,2024-2025,STAPS,20,f,Général,passable,lycee_prive,N,5.5,0.0,59.2,26,37.9,58,3,12,8,1,"13,92",5,4,3,3,4,E,gris,jeudi,888859,19/09/2024,16.6,0,
ETU-02924,2024-2025,Biologie,18,femme,PRO,passable,lycee_public,0,61.8,,67.9%,33,50.0,89,8,12,8,2,7.21,5,3,2,3,1,A,rouge,mercredi,686768,2024-09-11,3.52,1,En difficulté sur les évaluations.
ETU-03607,2024-2025,Biologie,17,Femme,pro,AB,lycee_public,Non,52.1,4.0,"89,6",25,26.3,74,4,8,7,4,8.34,5,4,4,4,1,H,rouge,jeudi,190467,2024-09-26,13.11,0,
ETU-01085,2024-2025, Biologie ,20,F,général ,P,lycee_prive,Oui,39.5,0.0,53.8%,11,8.9,14,5,8,5,0,10.38,5,4,2,3,,C,rouge,jeudi,409295,19/09/2024,5.03,1,Forte baisse d'assiduité ce semestre.
ETU-04553,2024-2025,Lettres,18,Homme,techno,Passable,,0,12.8,0.0,"72,6",9,13.7,23,5,8,7,1,"6,15",5,0,1,4,2,G,jaune,lundi,752524,23/09/2024,3.93,1,
ETU-03180,2024-2025,staps,20,H,Général,passable,lycee_public,oui,10.1,0.0,"92,8",25,35.2,57,2,9,8,1,16.91,6,5,4,2,3,E,vert,jeudi,726209,05/09/2024,18.62,0,"Bon semestre, résultats solides."
ETU-01749,2024-2025,STAPS,18,femme,Generale,Assez Bien,lycee_public,O,7.1,26.0,84.1,29,50.6,41,7,11,7,2,"13,86",6,3,3,,2,B,gris,mercredi,308611,11 Sep 2024,16.97,0,"Bon semestre, résultats solides."
ETU-03136,2024-2025,Informatique,17,H,Generale,AB,lycee_public,non,9.0,22.0,80.4,38,42.4,56,4,9,9,1,14.66,5,3,5,4,3,A,bleu,jeudi,763372,2024-09-12,17.62,0,
ETU-01694,2024-2025, Psychologie ,18,Femme,pro,Passable,lycee_public,N,"13,1",15.0,71.5,33,29.5,81,2,11,9,4,6.03,7,3,3,3,2,G,vert,vendredi,929579,2024-09-20,10.68,0,En difficulté sur les évaluations.
ETU-03410,2024-2025,Gestion,19,M,Technologique,passable,lycee_public,O,8.8 km,18.0,86.3,32,38.2,87,5,11,7,2,10.5,7,5,3,3,2,E,jaune,lundi,813937,09/09/2024,8.11,1,
ETU-04710,2024-2025,Gestion,21,NB,GEN,P,lycee_prive,oui,15.5,6.0,61.7,3,3.3,10,3,11,7,0,13.28,7,5,1,3,,E,jaune,lundi,795551,02 Sep 2024,6.81,1,
ETU-04547,2024-2025,Psychologie,18,H, pro,AB,cfa,Non,1.3,0.0,74.7,28,54.8,66,1,11,8,0,,6,2,3,4,3,G,jaune,vendredi,861728,2024-09-27,14.15,0,
ETU-01270,2024-2025,Lettres,21,NB,Technologique,passable,lycee_public,0,"10,5",22.0,99.8,34,42.0,113,3,9,9,4,"10,35",5,4,5,5,4,D,bleu,mardi,448312,2024-09-10,16.72,0,
ETU-04255,2024-2025,Gestion,18,Femme,général ,,lycee_public,Non,"4,2",10.0,"73,6",22,40.9,36,7,10,7,1,9.34,6,2,2,3,,G,gris,lundi,399957,2024-09-02,6.29,1,Semble peu engagé dans la formation.
ETU-01258,2024-2025,droit,19,M,general,P,cfa,Oui,0.6 km,12.0,"84,3",38,51.4,68,3,13,10,4,14.94,7,3,1,3,1,E,jaune,vendredi,894555,2024-09-06,18.84,0,Semble peu engagé dans la formation.
ETU-00491,2024-2025,Mathematiques,22,M,général ,ab,lycee_public,N,"13,6",9.0,"83,8",32,46.7,90,4,8,6,4,10.96,6,4,3,4,2,D,rouge,mardi,362244,2024-09-17,16.28,0,
ETU-01309,2024-2025,Informatique,17,h,Generale,Assez Bien,lycee_public,N,,,70.8,21,29.2,55,4,11,8,4,"15,21",6,5,,2,3,C,rouge,vendredi,223290,20/09/2024,17.06,0,Suivi sans particularité.
ETU-04244,2024-2025, Informatique ,18,Femme,Général,ab,lycee_public,Non,38.8,0.0,"65,2",4,9.4,1,5,9,5,0,12.0,5,0,1,,2,A,gris,jeudi,119721,05 Sep 2024,6.7,1,
ETU-04088,2024-2025,Informatique,18,f,Generale,AB,lycee_prive,1,25.5 km,8.0,82.6,11,11.8,32,9,13,9,3,10.13,6,5,3,2,2,F,rouge,mardi,805979,10/09/2024,6.09,1,
ETU-02441,2024-2025,Informatique,20,F,Technologique,P,cfa,1,6.7,7.0,81.2,49,69.1,97,4,11,8,5,11.47,5,3,3,2,5,H,vert,jeudi,733377,19 Sep 2024,17.15,0,Engagement en ligne remarquable.
ETU-02839,2024-2025,Gestion,22,Femme,PRO,Passable,lycee_public,non,26.3,8.0,89.7,22,28.7,55,6,10,8,3,12.11,6,4,3,3,3,A,bleu,lundi,730911,09 Sep 2024,16.38,0,"Bon semestre, résultats solides."
ETU-03479,2024-2025,STAPS,22,Femme,général ,AB,lycee_public,Oui,41.8,0.0,71.2,29,43.7,67,5,12,11,3,10.71,6,5,,4,1,C,rouge,mercredi,591724,18/09/2024,8.15,1,
ETU-02790,2024-2025,Informatique,18,F,general,Passable,lycee_public,N,14.0 km,24.0,98.6,43,71.4,124,2,10,10,7,16.95,6,6,5,4,3,C,jaune,jeudi,980730,19/09/2024,19.58,0,Étudiant assidu et investi.
ETU-02108,2024-2025,Mathematiques,19,H,PRO,AB,lycee_prive,non,"6,4",0.0,79.4%,28,44.3,52,3,9,7,6,"12,51",7,3,2,3,4,C,rouge,lundi,848336,02 Sep 2024,15.3,0,Semble peu engagé dans la formation.
ETU-00668,2024-2025,STAPS,21,Homme,Technologique,ab,lycee_public,N,0.1,18.0,87.2,53,87.3,133,1,10,10,5,15.46,5,5,5,5,3,A,bleu,mardi,191604,2024-09-03,19.26,0,Étudiant assidu et investi.
ETU-03557,2024-2025,Droit,19,h,général ,Assez Bien,lycee_prive,Non,2.8,0.0,66.5,3,2.4,16,3,9,5,0,10.55,6,1,3,3,2,B,bleu,lundi,262048,02 Sep 2024,5.82,1,Engagement en ligne très faible.
ETU-00215,2024-2025,BIOLOGIE,19,femme,general,passable,lycee_public,O,30.6,7.0,"97,4",31,52.7,72,0,10,10,4,13.59,6,5,2,3,3,H,gris,lundi,434237,2024-09-09,18.08,0,Semble peu engagé dans la formation.
ETU-04170,2024-2025,STAPS,21,Femme,Technologique,Assez Bien,lycee_public,oui,59.8,11.0,76.9,25,48.6,80,3,10,8,4,10.82,5,4,3,4,2,F,gris,vendredi,635083,06/09/2024,14.76,0,Suivi sans particularité.
ETU-03595,2024-2025,STAPS,19,Homme,général ,Passable,lycee_public,1,27.3,24.0,"82,9",40,50.6,95,1,13,13,9,9.75,7,5,5,5,5,D,gris,lundi,493895,09/09/2024,16.26,0,RAS.
ETU-02224,2024-2025,Mathematiques,18,F,GEN,Passable,autre,Oui,4.4,19.0,77.6,13,10.7,24,4,13,11,4,"12,33",7,6,4,2,3,B,bleu,vendredi,707159,06/09/2024,9.67,1,
ETU-03128,2024-2025,Droit,20,f,général ,AB,lycee_prive,Non,41.7,8.0,79.8,29,46.4,57,2,12,11,8,"15,92",5,5,3,5,1,A,gris,jeudi,541748,2024-09-19,18.09,0,"Bon semestre, résultats solides."
ETU-01263,2024-2025,Gestion,21,H,general,AB,lycee_public,non,6.7,,84.4%,48,82.9,114,0,13,13,6,"11,34",5,0,4,4,4,B,rouge,mercredi,149021,11 Sep 2024,16.91,0,Engagement en ligne remarquable.
ETU-01479,2024-2025,Informatique,19,f,pro,Passable,lycee_prive,Oui,22.0,20.0,90.5,43,49.9,113,4,11,9,2,"8,74",5,4,3,5,2,D,rouge,mercredi,779071,2024-09-11,14.01,0,Très actif sur la plateforme.
ETU-04283,2024-2025,DROIT,21,Femme,general,AB,lycee_prive,oui,6.5,0.0,88.0,37,64.0,106,7,13,11,4,5.98,6,2,4,2,2,A,rouge,mardi,463240,2024-09-17,12.72,0,
ETU-00082,2024-2025, Mathematiques ,18,F,Generale,Bien,lycee_public,non,10.4,23.0,"88,2",43,50.0,85,7,11,10,5,14.6,5,5,3,2,3,A,jaune,lundi,537609,09/09/2024,17.27,0,
ETU-00848,2024-2025,STAPS,21,femme,général ,ab,lycee_public,Non,51.8,26.0,64.5,8,13.1,11,3,8,4,0,11.6,5,3,3,4,1,A,vert,mardi,710694,2024-09-03,6.25,1,
ETU-04352,2024-2025,informatique,18,Homme, pro,P,lycee_public,1,26.2,10.0,75.7,18,28.6,49,5,9,6,0,9.43,7,5,3,4,2,C,bleu,vendredi,899367,20/09/2024,5.21,1,
ETU-00602,2024-2025,STAPS,18,h,GEN,ab,cfa,non,30.5,,79.5,20,33.7,20,4,8,6,5,11.52,5,5,4,4,2,G,vert,mercredi,848470,25 Sep 2024,15.77,0,
ETU-03472,2024-2025,gestion,19,Femme,GEN,passable,,non,24.7,13.0,70.4,35,53.3,83,7,12,9,2,11.9,6,5,4,3,,C,gris,mardi,120126,10 Sep 2024,14.85,0,
ETU-03044,2024-2025,Mathematiques,18,F,GEN,AB,lycee_public,oui,"6,1",23.0,75.3,41,52.5,113,3,10,10,6,13.15,6,4,2,3,4,G,bleu,lundi,757906,16/09/2024,16.18,0,
ETU-00336,2024-2025,Gestion,17,femme,général ,Assez Bien,lycee_public,Non,10.7,0.0,69.5,10,10.7,30,3,10,6,0,"6,87",6,1,1,1,,F,rouge,vendredi,235547,06/09/2024,10.21,0,Résultats fragiles aux partiels.
ETU-02833,2024-2025,Informatique,22,femme,general,P,lycee_public,N,"4,1",13.0,"84,6",36,50.2,54,2,11,10,4,"9,21",5,2,4,4,2,G,vert,jeudi,664444,12/09/2024,13.6,0,RAS.
ETU-04192,2024-2025,Droit,21,M,général ,passable,lycee_public,Non,20.3,16.0,80.9%,26,30.8,69,10,11,10,6,11.25,5,4,3,2,4,A,gris,jeudi,599172,2024-09-05,14.78,0,Plusieurs travaux remis hors délai.
ETU-04205,2024-2025,BIOLOGIE,23,Femme,general,,lycee_public,oui,"10,3",14.0,81.8%,43,45.4,106,0,12,11,5,17.69,5,5,5,4,2,B,vert,mercredi,629090,2024-09-25,19.56,0,Très actif sur la plateforme.
ETU-01024,2024-2025, STAPS ,21,Femme,general,Assez Bien,lycee_prive,non,,0.0,"74,9",19,29.4,43,6,11,9,1,6.45,7,2,2,3,3,H,rouge,vendredi,693729,13/09/2024,2.77,1,
ETU-04316,2024-2025,Informatique,19,H,GEN,B,lycee_public,O,4.3,0.0,89.3,32,40.9,60,4,8,7,5,"10,07",5,2,4,3,3,A,bleu,jeudi,668550,2024-09-12,16.45,0,Profil dans la moyenne.
ETU-04247,2024-2025, Psychologie ,20,M,TECHNO,B,lycee_public,N,,7.0,95.3,50,50.0,100,2,11,11,10,14.61,6,6,5,5,3,A,rouge,vendredi,206783,06/09/2024,17.98,0,Étudiant assidu et investi.
ETU-01293,2024-2025,Lettres,19,H,Général,Assez Bien,lycee_public,0,0.5,6.0,79.6,49,101.8,98,6,13,12,2,11.56,6,5,5,4,2,D,gris,vendredi,466420,2024-09-20,17.95,0,Engagement en ligne remarquable.
ETU-03506,2024-2025, Lettres ,23,femme,GEN,AB,lycee_public,N,8.2 km,,98.4,36,45.3,51,2,10,10,7,14.2,5,3,5,3,5,E,rouge,lundi,427320,16/09/2024,18.33,0,Étudiant assidu et investi.
ETU-03274,2024-2025, Informatique ,19,F,Général,AB,lycee_public,non,2.8,17.0,75.9%,26,45.7,54,5,11,10,0,12.04,5,4,3,4,,G,vert,lundi,632486,2024-09-23,14.99,0,"Bon semestre, résultats solides."
ETU-03498,2024-2025,MATHEMATIQUES,22,H,techno,passable,lycee_public,Non,48.4,0.0,75.4,13,22.9,27,2,13,8,4,5.83,6,0,4,4,2,G,jaune,lundi,958930,16 Sep 2024,4.19,1,En difficulté sur les évaluations.
ETU-01566,2024-2025,Informatique,18,h,général ,ab,lycee_prive,1,25.6,0.0,43.5%,0,0.0,0,3,13,9,0,12.96,6,3,1,3,1,E,vert,mercredi,616610,2024-09-25,7.45,1,
ETU-03963,2024-2025,Gestion,21,H,TECHNO,AB,lycee_public,Oui,44.8,10.0,76.0%,33,36.6,88,5,10,8,3,9.36,5,3,3,3,2,H,jaune,mardi,120327,2024-09-17,14.71,0,
ETU-03107,2024-2025,Gestion,21,Femme,TECHNO,Bien,lycee_prive,Non,5.8,18.0,83.2,24,22.0,54,3,10,7,2,"10,84",6,4,4,3,,A,rouge,vendredi,921975,06 Sep 2024,15.41,0,RAS.
ETU-00412,2024-2025,STAPS,18,M,Technologique,Bien,lycee_prive,non,8.0,0.0,75.7,23,34.4,36,6,9,6,2,"8,52",6,4,3,2,2,D,bleu,mercredi,595960,04/09/2024,5.7,1,RAS.
ETU-03005,2024-2025, Biologie ,19,femme,général ,AB,cfa,N,2.0 km,7.0,62.0%,23,29.2,56,4,11,8,3,6.86,5,2,1,3,1,A,gris,jeudi,868476,2024-09-12,4.72,1,En difficulté sur les évaluations.
ETU-02292,2024-2025,Biologie,22,f,pro,Bien,,N,"5,0",13.0,67.0,3,6.6,9,5,11,8,1,6.84,5,1,1,1,4,B,jaune,mardi,874453,2024-09-10,2.72,1,Résultats fragiles aux partiels.
ETU-00078,2024-2025,Psychologie,20,f,techno,ab,lycee_public,Oui,12.1,23.0,"42,5",0,0.0,0,5,13,5,0,"8,82",6,1,2,2,1,H,gris,mercredi,190982,11/09/2024,1.82,1,
ETU-04607,2024-2025,Mathematiques,18,h,general,P,lycee_public,Non,10.5,25.0,79.4,34,72.9,92,4,9,9,8,"10,67",5,3,3,3,3,G,vert,mardi,709717,10 Sep 2024,16.04,0,RAS.
ETU-03602,2024-2025,Gestion,25,h,general,Bien,lycee_public,Non,21.8,0.0,"89,5",44,68.1,82,3,10,9,4,"12,91",6,5,4,5,3,B,rouge,mercredi,142745,04 Sep 2024,16.57,0,Très actif sur la plateforme.
ETU-02615,2024-2025, Droit ,18,H,TECHNO,ab,lycee_public,Oui,2.9,0.0,77.1%,27,57.9,61,4,8,6,1,8.72,7,4,3,5,2,D,gris,vendredi,920007,13/09/2024,14.57,0,
ETU-00283,2024-2025,Informatique,22,H,general,passable,autre,oui,"9,0",22.0,96.5,75,166.4,167,0,13,12,10,17.12,5,4,5,5,,F,jaune,vendredi,849112,2024-09-13,19.84,0,
ETU-04292,2024-2025,GESTION,17,femme,Technologique,Assez Bien,lycee_prive,non,7.0,,71.7,38,47.3,103,5,11,9,4,10.44,6,4,3,5,1,D,vert,jeudi,418407,2024-09-05,15.09,0,
ETU-04502,2024-2025,STAPS,22,M,general,B,lycee_public,1,,17.0,68.9,26,56.8,69,5,10,5,0,12.96,5,2,3,3,2,B,bleu,lundi,996155,23/09/2024,13.77,0,
ETU-04596,2024-2025,Psychologie,21,F,général ,passable,lycee_public,0,,25.0,79.6,26,27.5,71,2,11,9,1,"12,09",6,6,4,4,3,G,bleu,mercredi,765569,2024-09-18,14.66,0,"Bon semestre, résultats solides."
ETU-00526,2024-2025,Psychologie,18,Autre,Général,Passable,lycee_public,0,5.7 km,18.0,"89,8",48,81.0,135,2,11,11,2,9.33,7,4,4,5,5,C,jaune,mercredi,181338,04/09/2024,16.31,0,
ETU-04449,2024-2025,droit,23,Femme,TECHNO,Assez Bien,lycee_prive,N,3.3,,68.7%,13,24.3,26,6,8,6,0,5.17,5,0,1,,4,A,vert,vendredi,757141,27 Sep 2024,3.26,1,
ETU-02685,2024-2025,lettres,20,M,PRO,AB,lycee_public,oui,1.8 km,24.0,"72,7",33,62.9,71,7,9,8,3,"6,74",7,4,1,3,3,C,gris,jeudi,944712,19 Sep 2024,3.9,1,En difficulté sur les évaluations.
ETU-03578,2024-2025,Gestion,20,M, pro,Bien,lycee_public,O,5.3,24.0,90.5,52,31.5,100,2,9,9,5,9.65,5,4,5,3,5,E,jaune,mardi,826250,03/09/2024,16.03,0,
ETU-00488,2024-2025,informatique,20,M,techno,Passable,lycee_public,Oui,"34,8",10.0,55.8,20,26.9,47,6,8,6,5,10.98,7,4,1,4,2,C,bleu,mardi,334924,24 Sep 2024,4.79,1,"Motivation en berne, à accompagner."
ETU-02129,2024-2025,STAPS,20,H,TECHNO,passable,lycee_prive,O,4.2,0.0,79.1,12,30.0,34,2,9,8,2,10.48,5,2,,5,3,B,gris,mardi,272278,10/09/2024,7.64,1,
ETU-01869,2024-2025, Droit ,19,f,Général,,,non,"16,8",9.0,73.1%,30,46.0,76,3,8,7,4,8.7,6,5,2,,3,F,vert,jeudi,669036,12 Sep 2024,13.5,0,
ETU-01609,2024-2025,STAPS,19,Homme,TECHNO,B,lycee_public,N,"25,1",0.0,"74,4",31,49.2,58,4,13,11,3,10.38,7,6,2,3,4,B,bleu,vendredi,892945,2024-09-06,8.74,1,Semble peu engagé dans la formation.
ETU-00513,2024-2025,Biologie,20,Femme,general,ab,lycee_public,N,"17,8",11.0,60.3%,17,25.0,46,5,12,8,0,11.63,6,5,3,,3,F,jaune,jeudi,588126,2024-09-26,5.27,1,
ETU-02214,2024-2025,Droit,24,Femme,Général,Passable,lycee_prive,non,75.6 km,0.0,80.0,39,45.8,106,4,12,10,3,10.9,6,4,5,5,2,G,gris,lundi,668202,2024-09-02,16.25,0,
ETU-00935,2024-2025,Mathematiques,20,f,Général,Assez Bien,lycee_public,1,3.0,15.0,75.0,31,34.8,60,7,9,7,3,"11,02",6,5,3,2,,A,vert,mercredi,909222,2024-09-18,6.95,1,RAS.
ETU-04206,2024-2025,STAPS,19,F,TECHNO,TB,cfa,0,11.6,0.0,75.1,27,59.4,73,2,10,8,2,14.06,6,6,5,3,2,E,vert,lundi,867007,2024-09-23,17.68,0,"Bon semestre, résultats solides."
ETU-03674,2024-2025,STAPS,20,M,Professionnel,Bien,lycee_public,non,30.0,18.0,"64,0",28,37.2,56,7,8,7,4,4.77,7,3,,2,3,E,vert,jeudi,519385,2024-09-05,3.16,1,Résultats fragiles aux partiels.
ETU-00864,2024-2025,gestion,20,h,Generale,Bien,lycee_prive,Oui,22.9,8.0,90.3,45,39.8,126,6,8,6,3,"14,26",7,6,2,3,3,B,gris,mardi,498235,10 Sep 2024,17.0,0,
ETU-00323,2024-2025,Psychologie,22,femme,général ,Passable,lycee_public,0,1.3,19.0,73.4,19,13.0,40,2,9,6,4,"5,34",7,0,3,2,,D,jaune,jeudi,817452,2024-09-05,12.26,0,
ETU-02288,2024-2025,INFORMATIQUE,25,Homme,Generale,AB,lycee_public,0,15.6 km,10.0,72.6,23,49.9,44,3,8,7,1,15.67,6,4,3,3,1,D,bleu,mardi,838852,2024-09-17,18.33,0,
ETU-02745,2024-2025,Biologie,22,NB,TECHNO,Assez Bien,lycee_public,non,11.5,14.0,95.5,41,82.5,61,1,10,9,11,12.51,5,3,,5,4,D,bleu,lundi,192469,23/09/2024,17.48,0,Engagement en ligne remarquable.
ETU-04140,2024-2025,STAPS,20,Homme,général ,Bien,lycee_public,Oui,"8,7",8.0,74.6%,,26.2,42,4,9,7,3,"15,71",6,6,3,2,2,B,rouge,jeudi,688914,19/09/2024,18.44,0,
ETU-05007,2024-2025,staps,17,H,pro,P,lycee_public,Non,23.7 km,11.0,72.1,3,0.3,19,5,8,5,0,"9,51",6,2,1,1,1,E,rouge,mercredi,783041,18/09/2024,3.99,1,
ETU-00890,2024-2025, Gestion ,17,Femme, pro,Passable,lycee_prive,Non,5.7,11.0,62.2,7,10.7,12,4,12,10,0,"11,43",7,6,4,2,3,F,jaune,vendredi,320470,06 Sep 2024,6.42,1,Peu actif sur la plateforme.
ETU-01839,2024-2025,Biologie,23,Homme,Technologique,ab,lycee_public,Non,10.4,0.0,96.7,57,120.9,129,0,8,8,5,"18,96",5,4,5,4,4,C,rouge,mercredi,871865,11/09/2024,19.82,0,Étudiant assidu et investi.
ETU-00992,2024-2025,Droit,23,Femme,Professionnel,ab,lycee_prive,non,"4,1",9.0,"93,3",40,77.4,58,1,12,12,4,,6,5,3,5,5,G,rouge,lundi,590049,2024-09-09,17.99,0,
ETU-01641,2024-2025,staps,17,M,GEN,P,lycee_public,N,,,87.5,31,44.1,59,3,11,9,3,10.16,5,4,4,,4,E,jaune,vendredi,673726,2024-09-13,14.2,0,
ETU-04176,2024-2025,PSYCHOLOGIE,18,h, pro,passable,lycee_prive,Non,"32,0",11.0,75.8,57,100.9,153,4,8,6,5,8.2,5,3,2,3,,D,rouge,mercredi,964336,04 Sep 2024,15.47,0,Semble peu engagé dans la formation.
ETU-04380,2024-2025, Informatique ,17,Femme,Generale,AB,autre,Non,2.8,11.0,"96,5",41,51.5,78,3,8,8,5,9.53,6,3,4,2,5,F,bleu,mardi,103224,2024-09-03,16.88,0,
ETU-02436,2024-2025,Gestion,17,F,Generale,Bien,lycee_public,0,11.3 km,9.0,78.8,39,35.0,92,5,8,8,9,16.05,6,6,,5,4,H,vert,mardi,682377,10 Sep 2024,19.14,0,
ETU-00353,2024-2025,Lettres,18,Homme,GEN,passable,,0,7.2,9.0,74.9,32,32.4,98,3,12,9,2,11.95,5,4,3,1,3,E,vert,mardi,593180,2024-09-03,15.89,0,
ETU-00871,2024-2025,BIOLOGIE,20,f,techno,passable,lycee_public,0,36.8 km,23.0,"62,5",37,34.2,93,3,11,7,1,8.28,6,3,4,3,1,E,rouge,mardi,634645,2024-09-24,4.9,1,Suivi sans particularité.
ETU-01243,2024-2025,STAPS,23,F,techno,passable,lycee_prive,1,16.5,0.0,70.1,9,9.6,22,7,12,9,1,"7,79",6,4,2,2,2,C,jaune,vendredi,393958,27 Sep 2024,2.68,1,
ETU-02362,2024-2025,BIOLOGIE,17,f,general,P,,non,18.9,13.0,90.1,34,40.2,64,2,11,9,2,7.57,5,2,3,,2,B,bleu,jeudi,232682,26 Sep 2024,13.06,0,Résultats fragiles aux partiels.
ETU-05132,2024-2025,Informatique,20,femme,general,P,lycee_public,oui,3.6 km,,96.9,46,63.8,95,1,12,11,4,15.69,6,5,5,5,3,G,jaune,jeudi,467689,26/09/2024,19.79,0,Étudiant assidu et investi.
ETU-01703,2024-2025,LETTRES,20,f,général ,P,lycee_public,Non,2.0,17.0,90.8%,29,47.3,39,3,10,7,1,10.73,5,3,4,3,2,B,gris,jeudi,484535,19 Sep 2024,13.14,0,
ETU-02342,2024-2025, Psychologie ,19,M,general,passable,lycee_public,Non,4.3,10.0,79.2%,29,26.6,65,4,8,7,5,"7,97",5,4,4,4,4,E,bleu,lundi,695157,23/09/2024,15.97,0,Résultats fragiles aux partiels.
ETU-04959,2024-2025,Mathematiques,21,h,Generale,Bien,lycee_prive,Oui,11.7,13.0,67.6,6,10.2,21,5,8,5,0,11.87,6,6,3,3,1,B,jaune,lundi,922606,09 Sep 2024,13.07,0,Engagement en ligne très faible.
ETU-00517,2024-2025,mathematiques,21,F,Generale,Bien,lycee_public,1,4.2,9.0,"72,0",,32.8,32,4,9,5,0,10.2,5,2,2,4,2,F,rouge,mardi,473421,17 Sep 2024,7.94,1,
ETU-00208,2024-2025,Gestion,20,F,TECHNO,P,lycee_prive,Non,15.2 km,0.0,79.5,12,14.9,31,6,8,6,1,10.14,6,2,1,3,1,D,vert,lundi,688214,2024-09-02,3.87,1,
ETU-04448,2024-2025,Informatique,20,H,général ,Assez Bien,cfa,N,,16.0,83.7,49,53.6,97,5,11,10,6,"13,89",6,3,2,3,3,B,jaune,mardi,529998,2024-09-03,17.45,0,Semble peu engagé dans la formation.
ETU-04952,2024-2025, Mathematiques ,18,M,général ,B,,O,2.4,9.0,"93,3",30,34.4,70,1,11,11,8,10.04,5,5,4,4,5,F,bleu,mercredi,494296,04/09/2024,15.49,0,
ETU-00273,2024-2025, Mathematiques ,19,f,Général,P,lycee_public,O,21.7,0.0,93.3,26,43.3,69,2,11,9,6,15.02,5,0,5,4,4,E,gris,mercredi,605065,18/09/2024,19.32,0,
ETU-02257,2024-2025,staps,20,Homme,Technologique,,lycee_public,Non,16.1,15.0,85.0,20,36.1,38,4,8,6,3,14.56,6,3,4,3,4,C,jaune,mardi,240701,24/09/2024,17.85,0,
ETU-00610,2024-2025,STAPS,21,f,Technologique,Bien,lycee_prive,0,,7.0,75.1,24,32.5,58,4,10,7,2,9.33,5,4,1,3,4,F,vert,vendredi,449503,2024-09-20,5.59,1,
ETU-02755,2024-2025,STAPS,22,NR,Général,P,lycee_public,N,"26,5",16.0,49.7,0,0.0,0,7,12,7,0,"9,45",5,2,1,,1,E,jaune,mardi,383910,17/09/2024,1.15,1,
ETU-03233,2024-2025,Biologie,20,M,general,passable,cfa,0,14.0,14.0,"83,6",30,35.5,75,2,11,8,0,10.76,5,1,3,4,4,F,bleu,jeudi,652308,2024-09-12,14.09,0,Profil dans la moyenne.
ETU-04561,2024-2025,Gestion,21,h,techno,,autre,non,"17,0",0.0,81.5%,8,13.9,20,7,11,7,0,9.12,6,2,1,3,2,E,vert,lundi,280288,23 Sep 2024,5.36,1,
ETU-02127,2024-2025,Biologie,25,femme,techno,Assez Bien,lycee_prive,Oui,8.6,13.0,56.0,10,9.7,22,8,13,8,0,3.26,6,1,2,2,2,C,gris,mardi,930062,2024-09-17,0.98,1,
ETU-04819,2024-2025,mathematiques,21,f,general,Bien,lycee_prive,Non,"20,8",,"72,8",21,46.2,39,7,12,8,3,"10,72",5,1,3,2,2,D,vert,mardi,172072,2024-09-17,7.22,1,Suivi sans particularité.
ETU-04249,2024-2025,Droit,18,M,general,Bien,cfa,1,32.0,10.0,64.5,25,29.6,39,5,10,5,2,"9,65",5,3,3,3,1,A,bleu,mercredi,889436,04 Sep 2024,6.03,1,
ETU-00234,2024-2025,Informatique,22,Homme,PRO,Passable,lycee_public,oui,7.7,0.0,68.9%,23,47.7,51,3,12,10,1,6.87,6,3,,3,2,G,vert,lundi,158720,23 Sep 2024,12.44,0,
ETU-01351,2024-2025,mathematiques,19,f,GEN,ab,lycee_public,O,4.2,,83.2,33,63.7,98,1,9,8,4,10.63,6,3,3,4,4,H,gris,jeudi,351315,2024-09-19,14.63,0,Profil dans la moyenne.
ETU-03292,2024-2025,Informatique,20,H,general,Assez Bien,lycee_prive,0,39.7,12.0,67.1%,35,43.3,80,7,9,8,5,"11,51",5,3,2,3,2,E,jaune,mercredi,523453,04 Sep 2024,6.45,1,"Motivation en berne, à accompagner."
ETU-04200,2024-2025,Biologie,20,f,general,passable,lycee_public,oui,1.1,,"97,7",41,92.4,81,3,9,9,3,16.39,6,5,4,5,3,D,gris,mardi,487233,17/09/2024,19.43,0,
ETU-00470,2024-2025,Gestion,17,Homme,Technologique,ab,cfa,N,,7.0,72.4%,10,6.7,15,2,9,6,5,15.33,5,5,2,5,2,D,jaune,lundi,647488,02 Sep 2024,16.95,0,
ETU-00293,2024-2025,Droit,23,M,techno,ab,autre,1,14.9,11.0,66.2,,39.9,74,2,8,7,3,8.57,5,2,,4,4,E,gris,jeudi,202285,19 Sep 2024,14.82,0,
ETU-04067,2024-2025,lettres,18,h,pro,Assez Bien,lycee_public,O,5.9,0.0,"88,8",35,64.1,107,6,10,10,7,6.3,7,3,2,1,3,H,jaune,mardi,766632,2024-09-03,15.28,0,
ETU-03982,2024-2025,Gestion,19,Homme,Technologique,Assez Bien,lycee_public,0,12.9,6.0,71.0,10,5.7,15,5,13,9,1,9.12,5,3,,2,1,B,bleu,mercredi,325881,11 Sep 2024,4.93,1,Engagement en ligne très faible.
ETU-01329,2024-2025,biologie,19,F,PRO,passable,lycee_prive,1,"32,7",26.0,60.9%,6,8.0,1,6,8,6,0,"9,45",6,3,2,3,1,B,vert,mercredi,785290,2024-09-04,2.09,1,Engagement en ligne très faible.
ETU-02160,2024-2025,droit,18,F,général ,P,lycee_public,0,9.6,23.0,90.7%,30,48.5,96,5,13,8,3,12.12,7,4,3,4,2,B,jaune,lundi,133064,09/09/2024,13.89,0,Travail sérieux et régulier.
ETU-00084,2024-2025,Droit,19,Femme, pro,P,cfa,Non,20.1,,"91,1",31,39.0,70,3,12,9,1,7.46,6,2,2,,2,C,jaune,mercredi,354992,25 Sep 2024,12.59,0,
ETU-00748,2024-2025, Informatique ,21,Femme, pro,passable,lycee_public,Non,5.2 km,16.0,83.7,18,32.2,53,3,11,11,3,"13,5",6,1,3,4,2,A,rouge,vendredi,787820,27 Sep 2024,17.16,0,Travail sérieux et régulier.
ETU-01167,2024-2025,informatique,25,h,techno,passable,lycee_public,1,4.3,0.0,"66,1",19,18.8,65,6,11,6,0,14.08,6,5,2,2,2,H,jaune,mardi,906625,24 Sep 2024,15.77,0,
ETU-03915,2024-2025,STAPS,18,Homme,techno,ab,lycee_public,0,"29,6",,80.7,40,88.7,74,6,10,9,5,10.69,6,1,4,5,4,D,gris,jeudi,806103,2024-09-05,14.21,0,Suivi sans particularité.
ETU-01281,2024-2025, Gestion ,22,Femme,Technologique,P,lycee_public,1,0.6,11.0,"68,4",14,23.1,33,7,10,7,3,10.05,6,1,2,3,2,H,jaune,mercredi,930210,2024-09-25,4.6,1,"Motivation en berne, à accompagner."
ETU-05054,2024-2025,INFORMATIQUE,18,femme,général ,P,cfa,oui,,21.0,54.9,,24.4,28,3,12,6,0,10.75,6,5,2,2,1,B,vert,lundi,131772,09 Sep 2024,4.2,1,Forte baisse d'assiduité ce semestre.
ETU-01486,2024-2025,psychologie,18,femme,Professionnel,Bien,lycee_public,0,6.3,11.0,66.4,22,40.5,20,4,9,6,1,10.93,7,6,3,2,2,F,bleu,mardi,623352,10/09/2024,6.5,1,
ETU-04322,2024-2025,Informatique,20,f,Général,B,lycee_prive,1,,8.0,86.7%,50,77.1,101,4,9,8,3,"12,85",6,5,5,5,2,D,rouge,jeudi,547379,12/09/2024,18.76,0,Très actif sur la plateforme.
ETU-00255,2024-2025,Biologie,19,Homme,Generale,Très Bien,lycee_public,Oui,21.5,,"48,3",35,51.0,101,5,8,5,0,,6,3,3,3,3,H,rouge,mardi,548247,2024-09-24,4.56,1,
ETU-00544,2024-2025,INFORMATIQUE,19,F,Generale,B,lycee_public,Oui,9.9,11.0,61.9,27,25.3,79,5,9,5,1,"14,07",6,3,2,,3,G,bleu,lundi,668216,02 Sep 2024,7.83,1,Semble peu engagé dans la formation.
ETU-02826,2024-2025,gestion,19,F,TECHNO,Assez Bien,lycee_public,Oui,5.7 km,0.0,66.7,3,2.0,2,5,9,5,1,11.88,5,4,2,2,2,E,bleu,mercredi,746267,18 Sep 2024,5.39,1,Peu actif sur la plateforme.
ETU-03075,2024-2025,Biologie,22,Homme,TECHNO,Passable,lycee_prive,Non,0.5,0.0,"71,4",20,17.4,52,5,13,12,0,14.12,6,4,5,2,3,A,gris,mardi,223668,03/09/2024,15.66,0,
ETU-03890,2024-2025, Droit ,18,f,général ,passable,lycee_public,oui,12.8,27.0,68.3,,36.2,72,5,8,5,0,8.18,6,3,1,1,4,D,rouge,lundi,222622,02/09/2024,4.1,1,
ETU-01154,2024-2025,Droit,18,F,général ,P,lycee_public,O,"3,1",17.0,66.8,29,37.2,63,4,10,5,0,"11,3",6,4,2,2,2,B,bleu,vendredi,129621,13/09/2024,5.5,1,
ETU-03188,2024-2025,STAPS,18,femme,Professionnel,tres bien,lycee_public,oui,20.3,8.0,84.8,35,49.3,113,4,13,12,3,"12,66",5,4,3,3,3,C,gris,jeudi,940321,12 Sep 2024,17.36,0,
ETU-03279,2024-2025,Droit,18,NR,Général,Passable,lycee_public,0,"12,4",12.0,75.6,33,56.2,61,6,8,6,1,13.97,6,6,3,1,4,G,gris,mardi,215265,2024-09-10,16.98,0,
ETU-01507,2024-2025, Lettres ,18,Homme,TECHNO,B,lycee_public,1,79.8,0.0,"89,9",41,91.5,68,2,10,9,6,13.66,7,1,5,4,2,G,gris,mardi,355557,24 Sep 2024,17.75,0,"Très bon investissement, en réussite."
ETU-02161,2024-2025,Lettres,18,H,Général,ab,lycee_public,non,17.7 km,0.0,86.0,42,75.5,76,2,13,13,5,14.52,5,5,5,4,3,F,bleu,vendredi,659381,20 Sep 2024,19.24,0,Étudiant assidu et investi.
ETU-01922,2024-2025,mathematiques,22,H,TECHNO,ab,lycee_public,1,7.4,19.0,75.8,20,31.8,47,4,11,8,2,8.59,6,3,2,3,3,G,vert,lundi,837389,2024-09-02,5.08,1,"Motivation en berne, à accompagner."
ETU-02375,2024-2025,lettres,19,Homme,Général,ab,,Oui,"28,0",13.0,"79,4",23,52.5,49,3,8,7,7,9.58,7,6,5,3,2,B,rouge,mercredi,204405,2024-09-11,15.36,0,
ETU-04943,2024-2025,Informatique,19,F,Général,tres bien,lycee_public,O,7.8,,78.4,19,36.8,43,7,11,8,2,12.72,5,5,4,4,,A,bleu,lundi,794256,2024-09-09,14.77,0,"Bon semestre, résultats solides."
ETU-03678,2024-2025,Gestion,21,F,techno,Bien,lycee_prive,non,9.2 km,12.0,90.6,44,72.0,81,1,10,8,5,14.0,5,4,4,5,4,H,jaune,vendredi,637070,2024-09-13,17.62,0,
ETU-03815,2024-2025, Lettres ,22,F,Generale,,lycee_prive,non,2.0,6.0,83.7%,22,22.8,72,4,13,12,2,9.86,5,4,2,4,2,C,bleu,mercredi,532188,25 Sep 2024,16.12,0,Semble peu engagé dans la formation.
ETU-02799,2024-2025,psychologie,21,femme,PRO,P,lycee_public,0,7.0,26.0,83.4,12,23.3,18,6,9,7,2,11.45,6,4,2,,3,B,vert,mercredi,486504,25 Sep 2024,5.9,1,Semble peu engagé dans la formation.
ETU-00941,2024-2025,GESTION,20,M,Technologique,Passable,lycee_prive,N,4.1 km,20.0,79.1,44,74.3,92,4,9,6,3,6.53,7,3,3,3,5,F,jaune,jeudi,527277,12 Sep 2024,13.21,0,
ETU-00139,2024-2025,GESTION,24,h,Technologique,TB,lycee_public,non,11.6,0.0,84.1,26,36.7,54,0,11,9,7,14.9,5,5,5,4,2,C,rouge,lundi,484257,2024-09-02,17.97,0,Travail sérieux et régulier.
ETU-00576,2024-2025,Biologie,19,M,Technologique,passable,lycee_public,0,8.3 km,23.0,66.3,28,41.7,94,4,11,10,4,13.58,6,5,2,3,5,C,rouge,mardi,691119,17 Sep 2024,7.82,1,
ETU-03984,2024-2025,Informatique,18,F,TECHNO,passable,lycee_public,0,5.4,13.0,74.2,10,23.3,16,9,12,9,3,8.49,6,5,4,3,2,B,rouge,mardi,592152,17 Sep 2024,4.02,1,
ETU-05194,2024-2025,INFORMATIQUE,21,H,GEN,passable,lycee_prive,oui,12.5,8.0,78.4%,26,46.9,45,0,8,8,8,12.23,6,5,4,5,3,E,bleu,mercredi,506012,25 Sep 2024,15.99,0,
ETU-02386,2024-2025,psychologie,18,f,general,Bien,lycee_public,Non,,3.0,79.9,21,38.5,44,4,10,9,1,14.1,5,3,4,4,4,A,rouge,vendredi,940776,2024-09-27,16.99,0,
ETU-01912,2024-2025,Gestion,21,femme,general,passable,lycee_public,O,8.8,18.0,63.9,19,36.6,39,4,10,4,0,10.17,5,3,,4,2,G,vert,mercredi,646473,2024-09-25,7.33,1,Semble peu engagé dans la formation.
ETU-05067,2024-2025,BIOLOGIE,17,Homme,Général,Assez Bien,cfa,Oui,3.3,28.0,98.2,47,66.6,113,0,10,9,6,,7,7,5,4,4,D,jaune,mardi,516222,2024-09-03,19.21,0,Étudiant assidu et investi.
ETU-02377,2024-2025,mathematiques,21,F,TECHNO,,lycee_prive,Oui,20.9,0.0,"94,6",50,115.5,137,3,11,11,9,"12,71",5,3,5,5,5,E,bleu,mardi,297926,03 Sep 2024,18.75,0,
ETU-00484,2024-2025, Informatique ,21,femme,Generale,AB,cfa,0,17.8,8.0,73.7,35,52.4,77,5,11,10,1,"11,1",6,3,1,3,3,A,vert,jeudi,956410,12/09/2024,15.13,0,
ETU-01690,2024-2025,informatique,22,Femme,général ,,lycee_public,Oui,3.6,6.0,"84,9",46,50.6,109,4,9,9,3,"12,18",6,6,4,4,3,D,bleu,vendredi,663182,06/09/2024,15.97,0,Engagement en ligne remarquable.
ETU-00580,2024-2025,Psychologie,20,Femme,Technologique,Bien,lycee_prive,non,3.0,10.0,67.2%,16,35.0,20,1,10,8,3,"8,19",6,4,4,4,4,D,rouge,vendredi,144375,20 Sep 2024,5.22,1,Suivi sans particularité.
ETU-00085,2024-2025,Informatique,18,H,techno,Passable,lycee_public,O,"7,7",0.0,"55,1",18,15.2,21,6,8,6,0,5.82,6,3,3,,3,D,gris,jeudi,994168,05 Sep 2024,2.29,1,Résultats fragiles aux partiels.
ETU-04970,2024-2025,informatique,20,femme,Général,ab,lycee_public,1,7.0,0.0,"85,7",25,43.9,41,1,9,9,2,,6,5,5,4,2,D,gris,mercredi,661829,2024-09-25,18.34,0,"Bon semestre, résultats solides."
ETU-00760,2024-2025,Psychologie,21,Femme,TECHNO,TB,lycee_public,non,13.1,0.0,82.2,6,7.0,4,3,9,8,0,"11,75",6,5,3,4,2,D,gris,lundi,208520,16/09/2024,14.8,0,Peu actif sur la plateforme.
ETU-00756,2024-2025,STAPS,22,F,général ,B,lycee_prive,non,30.1,8.0,"94,4",37,47.2,61,4,13,11,4,"13,44",5,3,3,5,3,H,gris,vendredi,802741,06/09/2024,17.34,0,Étudiant assidu et investi.
ETU-02949,2024-2025,gestion,21,h,Général,ab,lycee_prive,0,1.0,0.0,80.9,11,20.2,33,3,11,11,2,"11,57",5,5,4,2,,B,rouge,jeudi,234267,2024-09-05,16.32,0,Engagement en ligne très faible.
ETU-02310,2024-2025,MATHEMATIQUES,20,Femme,Generale,Assez Bien,lycee_public,O,4.1,4.0,77.1,3,6.7,26,6,10,6,0,10.19,6,5,1,3,5,B,vert,mardi,447899,24/09/2024,5.49,1,
ETU-01888,2024-2025,Psychologie,20,H,PRO,,lycee_public,O,,10.0,77.4,22,13.9,46,4,8,8,1,9.17,7,6,3,,3,B,jaune,lundi,959587,16 Sep 2024,14.11,0,Suivi sans particularité.
ETU-00946,2024-2025,Droit,19,f,general,TB,lycee_prive,O,"16,7",0.0,96.6%,43,81.7,87,1,13,13,3,"16,48",5,5,5,4,4,D,rouge,vendredi,171119,20/09/2024,19.29,0,Étudiant assidu et investi.
ETU-04461,2024-2025,Biologie,20,Homme,techno,B,lycee_public,non,1.8,18.0,71.6%,24,40.8,24,3,10,10,2,"13,3",5,4,4,4,4,E,bleu,lundi,644578,2024-09-23,16.15,0,Suivi sans particularité.
ETU-04272,2024-2025,gestion,18,f,GEN,AB,lycee_public,N,"11,9",,62.9,33,45.2,82,7,12,9,2,"9,59",5,0,3,3,1,B,rouge,lundi,839587,2024-09-16,5.93,1,Suivi sans particularité.
ETU-03015,2024-2025,gestion,22,H, pro,Passable,lycee_prive,Non,18.5 km,6.0,84.8%,26,43.2,59,5,8,6,3,8.0,7,1,3,,2,C,gris,vendredi,771213,06 Sep 2024,13.78,0,Suivi sans particularité.
ETU-04385,2024-2025,STAPS,21,M,TECHNO,P,lycee_public,oui,,11.0,86.1,22,24.1,41,3,11,11,2,8.66,6,5,5,3,3,G,bleu,mardi,181500,24/09/2024,13.4,0,
ETU-03899,2024-2025,Psychologie,18,H,pro,P,cfa,non,5.0,10.0,84.6%,11,12.2,28,10,12,10,0,"6,27",7,4,1,1,1,E,vert,mercredi,676038,18/09/2024,1.08,1,Résultats fragiles aux partiels.
ETU-01525,2024-2025,Informatique,19,h,TECHNO,B,lycee_public,O,"34,5",0.0,90.5,25,27.3,62,2,13,10,3,8.04,7,5,3,4,2,C,rouge,vendredi,721436,27 Sep 2024,15.59,0,Profil dans la moyenne.
ETU-04971,2024-2025,staps,19,Homme,techno,AB,lycee_public,oui,14.4,13.0,69.5%,3,2.3,7,4,8,7,1,"15,29",7,7,4,4,2,G,bleu,jeudi,832172,2024-09-12,16.16,0,Engagement en ligne très faible.
ETU-01741,2024-2025,Informatique,19,H,general,ab,lycee_public,oui,"17,4",,86.3%,27,38.8,42,4,8,8,4,"10,07",5,2,3,5,,E,rouge,mardi,959951,10 Sep 2024,14.61,0,
ETU-00460,2024-2025,Psychologie,19,f,Technologique,P,autre,Non,9.9,10.0,"74,4",21,25.3,55,5,11,10,2,11.47,6,4,3,4,2,C,jaune,mercredi,208895,11/09/2024,13.21,0,
ETU-04722,2024-2025, Gestion ,17,h,TECHNO,Passable,lycee_public,oui,3.3 km,13.0,99.2,42,60.8,68,2,11,10,6,14.53,7,7,5,5,5,F,gris,jeudi,984178,2024-09-05,18.13,0,Étudiant assidu et investi.
ETU-03561,2024-2025,BIOLOGIE,21,f,général ,Bien,,Non,24.5,0.0,79.9,23,45.7,61,2,9,8,6,11.97,6,5,5,3,4,H,rouge,mercredi,650195,2024-09-11,17.54,0,RAS.
ETU-01614,2024-2025,Biologie,20,Femme,TECHNO,ab,cfa,Oui,1.2,0.0,58.1%,34,61.7,53,8,12,8,2,5.4,6,2,2,3,3,F,jaune,mardi,369596,03/09/2024,2.54,1,En difficulté sur les évaluations.
ETU-03906,2024-2025,Mathematiques,25,f,Général,B,lycee_public,0,5.9 km,,70.7,38,64.4,94,4,13,10,0,16.76,5,5,,3,2,H,bleu,mardi,636312,03 Sep 2024,17.95,0,
ETU-05131,2024-2025,Psychologie,18,Homme,GEN,ab,lycee_prive,0,17.0,0.0,87.1%,48,100.3,90,2,11,11,1,"12,52",6,4,4,4,4,H,jaune,mardi,716628,24/09/2024,17.12,0,Engagement en ligne remarquable.
ETU-04178,2024-2025,Gestion,20,h,général ,,lycee_prive,0,2.8,,"72,7",,47.1,51,3,11,10,6,10.8,6,2,2,4,5,E,jaune,vendredi,968824,06/09/2024,16.23,0,
ETU-02139,2024-2025,informatique,20,h,TECHNO,ab,lycee_public,oui,2.6,,64.3%,36,50.2,68,7,11,9,2,9.68,6,4,4,4,2,C,jaune,lundi,294939,16 Sep 2024,5.53,1,Suivi sans particularité.
ETU-01384,2024-2025,Droit,19,Homme,general,Assez Bien,lycee_prive,oui,16.8,0.0,34.8,0,0.0,0,5,12,5,0,7.79,7,3,2,4,2,C,vert,mercredi,328003,25 Sep 2024,1.24,1,
ETU-03385,2024-2025,BIOLOGIE,19,femme,général ,passable,lycee_prive,non,28.9 km,,91.9,45,42.5,128,2,10,10,2,"10,71",6,4,5,4,4,D,vert,lundi,654037,23/09/2024,16.93,0,Très actif sur la plateforme.
ETU-01344,2024-2025,GESTION,18,Femme,général ,passable,lycee_prive,Non,"8,4",13.0,83.4,45,54.9,73,5,11,10,3,12.03,6,6,3,3,4,D,gris,lundi,396106,23 Sep 2024,15.3,0,
ETU-03117,2024-2025,Psychologie,18,F,TECHNO,AB,lycee_public,non,4.2,27.0,72.8,9,12.3,36,6,13,11,3,9.05,5,1,3,4,,A,jaune,mercredi,607671,04/09/2024,5.15,1,Peu actif sur la plateforme.
ETU-01508,2024-2025,BIOLOGIE,19,f,Technologique,B,lycee_public,1,29.1,0.0,80.7,14,16.0,27,3,11,9,0,12.9,7,5,2,4,3,G,jaune,jeudi,456706,2024-09-26,16.34,0,
ETU-04924,2024-2025, Gestion ,18,femme,PRO,Assez Bien,lycee_public,O,1.5,18.0,"73,2",21,23.2,26,1,11,8,0,"9,33",6,2,1,2,4,F,vert,lundi,443353,23 Sep 2024,5.01,1,
ETU-01946,2024-2025,Psychologie,17,Homme,TECHNO,ab,lycee_public,Oui,10.4,25.0,82.4,17,31.5,56,6,11,8,3,10.02,5,4,3,3,3,C,gris,lundi,110691,16/09/2024,6.71,1,Profil dans la moyenne.
ETU-01381,2024-2025,Mathematiques,22,f,TECHNO,ab,lycee_public,Non,,10.0,75.2,28,39.3,49,7,9,8,0,"9,7",5,4,4,5,1,E,gris,mardi,236321,03 Sep 2024,15.37,0,
ETU-02876,2024-2025,Droit,17,F,general,,lycee_public,oui,0.0,13.0,60.4,3,0.3,14,5,10,5,0,15.25,6,5,3,3,3,D,bleu,mercredi,341998,2024-09-11,9.47,1,Engagement en ligne très faible.
ETU-01388,2024-2025,Mathematiques,17,f,pro,passable,lycee_public,O,66.3,0.0,78.8,26,36.5,46,4,13,10,3,12.11,6,4,4,,3,A,rouge,mardi,443217,10 Sep 2024,15.59,0,"Bon semestre, résultats solides."
ETU-04602,2024-2025,informatique,20,M,TECHNO,P,lycee_public,Oui,0.5 km,14.0,"71,7",41,66.9,88,4,8,6,1,10.31,6,5,3,4,,H,bleu,vendredi,141412,13 Sep 2024,15.86,0,
ETU-01375,2024-2025,droit,19,H,Professionnel,tres bien,lycee_public,N,49.4,3.0,93.6%,34,46.6,88,2,11,8,4,15.5,6,6,2,2,1,G,jaune,jeudi,151936,19 Sep 2024,17.54,0,
ETU-00975,2024-2025,biologie,18,Homme,Generale,tres bien,lycee_public,oui,13.4,10.0,"84,0",35,62.1,80,7,10,9,3,13.85,6,6,2,2,3,C,bleu,vendredi,209205,20/09/2024,15.96,0,
ETU-01784,2024-2025,STAPS,17,Femme,TECHNO,B,lycee_public,0,9.7,,74.4,36,49.5,73,2,13,12,2,10.47,5,5,4,4,4,B,rouge,vendredi,322241,27 Sep 2024,14.83,0,
ETU-03853,2024-2025, Informatique ,20,Femme,Général,AB,lycee_public,Oui,16.9 km,0.0,72.2,25,42.9,54,5,11,9,3,10.07,5,3,2,3,2,A,gris,jeudi,539016,2024-09-12,12.47,0,Semble peu engagé dans la formation.
ETU-05104,2024-2025,Informatique,19,F,TECHNO,Passable,lycee_public,0,7.7,4.0,82.5,36,38.2,78,3,8,7,5,"12,41",5,5,3,4,4,H,vert,lundi,728875,2024-09-02,16.81,0,"Bon semestre, résultats solides."
ETU-03628,2024-2025, Psychologie ,18,femme,PRO,Assez Bien,lycee_public,1,,22.0,82.1,27,56.0,41,6,8,6,2,"7,42",6,2,2,3,,D,bleu,mercredi,392871,2024-09-25,2.99,1,Résultats fragiles aux partiels.
ETU-00452,2024-2025,STAPS,20,H,Général,ab,lycee_prive,Oui,15.2,0.0,49.2,6,6.2,5,4,8,4,1,6.76,6,4,1,3,2,F,bleu,mercredi,944546,18/09/2024,2.71,1,
ETU-03098,2024-2025,Droit,18,h,techno,Bien,lycee_public,Non,0.4,9.0,54.9,26,30.7,52,6,11,9,0,"10,52",7,3,1,5,4,D,vert,mardi,656525,03 Sep 2024,6.86,1,
ETU-00939,2024-2025,Gestion,22,H,GEN,Assez Bien,lycee_prive,non,16.5,16.0,92.1,33,34.3,53,2,13,10,2,"12,26",5,5,3,4,4,C,gris,vendredi,632465,2024-09-13,17.44,0,
ETU-02599,2024-2025,STAPS,18,h,Professionnel,AB,cfa,Non,"28,2",17.0,83.4%,43,57.0,123,1,12,10,3,12.73,7,1,4,4,,E,rouge,lundi,695621,2024-09-23,16.0,0,Engagement en ligne remarquable.
ETU-01441,2024-2025,Gestion,18,M,Général,Assez Bien,lycee_public,Non,20.4,7.0,77.3,33,67.9,59,5,13,13,3,17.15,7,5,,3,,G,gris,mercredi,954862,18 Sep 2024,18.53,0,
ETU-00950,2024-2025, Biologie ,17,f,Général,ab,lycee_prive,0,"4,6",0.0,"87,0",44,71.1,99,4,13,11,9,10.66,7,3,2,5,3,D,bleu,jeudi,171726,19 Sep 2024,15.92,0,
ETU-00007,2024-2025,MATHEMATIQUES,20,h,Generale,Assez Bien,lycee_public,oui,24.3 km,,88.6%,38,60.0,64,2,12,9,3,13.15,6,6,4,4,5,H,jaune,mercredi,475561,04 Sep 2024,17.55,0,Étudiant assidu et investi.
ETU-00418,2024-2025, Informatique ,23,H,general,passable,lycee_prive,Oui,"8,1",0.0,75.8%,21,30.2,49,6,12,9,2,15.75,7,7,4,,,C,jaune,mercredi,254599,11 Sep 2024,17.24,0,
ETU-04467,2024-2025,INFORMATIQUE,19,F,Général,AB,lycee_public,Oui,4.4,25.0,62.1%,7,10.3,11,5,10,6,0,"10,82",7,4,1,,3,D,vert,vendredi,388112,27/09/2024,5.59,1,
ETU-00578,2024-2025,Gestion,22,femme,TECHNO,AB,lycee_public,O,28.1,0.0,66.5,20,17.4,36,2,8,6,1,8.37,5,2,3,2,2,F,rouge,jeudi,180361,05/09/2024,4.28,1,
ETU-02000,2024-2025,DROIT,25,Homme,Technologique,P,lycee_public,non,7.5,0.0,59.2,3,1.3,14,6,13,6,0,7.19,6,4,2,3,2,A,rouge,jeudi,190963,26/09/2024,1.72,1,Résultats fragiles aux partiels.
ETU-01911,2024-2025,INFORMATIQUE,18,H,général ,ab,lycee_public,Non,40.3,10.0,86.3,43,100.8,111,1,11,11,5,11.39,5,5,5,3,3,B,vert,lundi,334679,2024-09-16,16.79,0,Engagement en ligne remarquable.
ETU-00656,2024-2025,Psychologie,20,femme,general,TB,lycee_prive,non,2.5,12.0,65.4,13,18.8,22,3,10,7,1,13.21,5,5,2,3,4,D,bleu,mardi,607326,2024-09-03,15.82,0,Semble peu engagé dans la formation.
ETU-02204,2024-2025,Psychologie,21,f,general,Assez Bien,lycee_public,0,25.8,4.0,"81,7",31,49.9,86,2,13,13,3,"12,19",7,2,2,3,1,A,jaune,vendredi,946937,13/09/2024,18.42,0,"Motivation en berne, à accompagner."
ETU-00118,2024-2025, Biologie ,20,h,techno,ab,lycee_public,1,2.2,11.0,"80,7",28,62.2,69,4,9,9,4,,5,1,2,3,4,G,jaune,mardi,260314,24 Sep 2024,2.41,1,
ETU-04790,2024-2025,DROIT,21,f,général ,B,lycee_public,1,14.4,12.0,71.0,19,22.5,35,8,11,8,1,"9,9",5,5,1,1,1,C,jaune,lundi,399716,02 Sep 2024,13.12,0,Plusieurs travaux remis hors délai.
ETU-00340,2024-2025,Informatique,21,f,général ,P,lycee_public,0,"32,3",8.0,59.2,3,5.2,1,6,10,6,0,"7,58",6,2,2,2,3,B,jaune,lundi,696906,16 Sep 2024,4.24,1,Résultats fragiles aux partiels.
ETU-04826,2024-2025,lettres,18,femme,Generale,Passable,lycee_public,non,,12.0,97.6,49,84.0,102,4,11,11,5,11.13,7,6,4,,3,D,vert,lundi,270804,2024-09-23,16.78,0,
ETU-03454,2024-2025,Mathematiques,21,h,Professionnel,Bien,,non,12.5,,"62,3",18,31.7,47,3,10,7,3,"12,96",5,4,3,3,2,B,jaune,mardi,521271,03/09/2024,7.78,1,RAS.
ETU-00017,2024-2025,droit,20,femme,général ,Assez Bien,lycee_public,0,7.8,27.0,70.0,9,14.5,18,5,12,9,2,12.16,7,7,2,2,3,H,gris,mardi,605325,2024-09-24,12.7,0,Peu actif sur la plateforme.
ETU-00598,2024-2025,PSYCHOLOGIE,21,h,techno,Passable,lycee_public,non,24.5,19.0,65.6,17,24.7,31,5,11,8,0,8.08,7,5,2,3,2,B,gris,vendredi,525576,20 Sep 2024,3.54,1,Semble peu engagé dans la formation.
ETU-00271,2024-2025,STAPS,18,h,general,ab,lycee_prive,non,"46,2",0.0,"83,5",24,42.8,56,8,10,10,4,14.03,6,6,4,3,,C,vert,jeudi,114989,19/09/2024,16.85,0,
ETU-01652,2024-2025,Gestion,22,h,general,TB,lycee_public,0,4.7 km,10.0,79.1,,46.8,95,4,12,10,3,15.35,5,4,4,3,3,G,vert,mardi,727930,24/09/2024,18.21,0,
ETU-01223,2024-2025, Informatique ,20,H,Generale,Passable,lycee_public,N,,0.0,81.3,34,68.1,112,3,11,10,2,"9,24",5,3,3,3,1,C,jaune,mardi,773411,17/09/2024,15.17,0,RAS.
ETU-02675,2024-2025, Droit ,19,h,general,Assez Bien,lycee_public,N,"10,0",20.0,70.1%,27,36.2,74,5,9,5,1,12.93,5,3,2,2,1,H,bleu,mardi,966180,03/09/2024,8.32,1,Semble peu engagé dans la formation.
ETU-04628,2024-2025,lettres,21,h,TECHNO,P,lycee_public,0,"36,0",15.0,73.5,19,36.1,35,6,9,6,1,13.06,7,2,3,2,1,D,gris,mercredi,179623,2024-09-11,6.13,1,
ETU-02053,2024-2025,Gestion,22,M,Professionnel,passable,lycee_public,N,5.8,,"83,4",24,48.7,51,1,13,8,3,"11,27",7,1,,2,,A,rouge,lundi,939188,2024-09-09,15.54,0,"Motivation en berne, à accompagner."
ETU-02456,2024-2025, STAPS ,20,H,general,AB,lycee_prive,1,3.7,0.0,76.2%,25,26.1,39,4,13,11,1,9.38,7,3,3,3,3,F,bleu,mardi,850691,2024-09-17,13.99,0,Suivi sans particularité.
ETU-02165,2024-2025,Informatique,21,femme,techno,Passable,lycee_public,Non,3.6,,92.8%,45,71.8,103,3,12,11,6,10.29,5,2,,4,3,A,bleu,vendredi,263788,2024-09-13,14.61,0,Très actif sur la plateforme.
ETU-03504,2024-2025,DROIT,18,Femme,Technologique,B,lycee_prive,O,12.9 km,0.0,80.8,38,56.7,98,5,9,7,0,16.3,6,4,5,4,4,E,jaune,mercredi,470929,11/09/2024,19.0,0,"Bon semestre, résultats solides."
ETU-04810,2024-2025,STAPS,19,h,Generale,Assez Bien,lycee_public,0,0.9,11.0,78.0,22,32.5,50,0,9,8,2,13.75,6,5,5,,4,F,rouge,vendredi,555162,27 Sep 2024,16.96,0,Travail sérieux et régulier.
ETU-00895,2024-2025,Informatique,19,F, pro,Bien,lycee_public,Oui,8.5,8.0,75.4,61,94.8,119,1,13,13,6,11.58,7,4,4,5,4,A,rouge,jeudi,267833,26/09/2024,16.72,0,Engagement en ligne remarquable.
ETU-02857,2024-2025,biologie,19,h,GEN,Bien,lycee_public,Non,6.6,8.0,90.8,45,64.4,102,4,10,9,1,"8,69",5,2,3,3,3,G,bleu,vendredi,285760,13 Sep 2024,14.15,0,
ETU-01363,2024-2025,Gestion,19,M,general,Passable,cfa,N,"2,4",18.0,79.5%,33,50.8,62,4,12,10,2,12.61,6,4,2,2,4,D,jaune,mercredi,602903,18/09/2024,7.65,1,"Motivation en berne, à accompagner."
ETU-01981,2024-2025,Gestion,20,Femme,Général,Assez Bien,lycee_public,Non,4.3,10.0,"79,5",32,37.5,60,2,10,9,3,11.88,6,6,2,5,3,A,jaune,lundi,598538,16 Sep 2024,17.65,0,"Motivation en berne, à accompagner."
ETU-03799,2024-2025,Biologie,21,Femme,general,AB,lycee_public,Non,1.9,6.0,"76,9",51,25.0,105,4,13,12,5,10.3,6,2,3,2,4,H,bleu,jeudi,395826,2024-09-12,14.32,0,Engagement en ligne remarquable.
ETU-00676,2024-2025,GESTION,20,femme,Technologique,B,cfa,non,"8,5",15.0,"93,5",17,31.2,42,3,9,8,2,13.27,7,3,2,5,3,B,vert,jeudi,345524,26/09/2024,15.31,0,Semble peu engagé dans la formation.
ETU-04238,2024-2025,STAPS,20,F,général ,tres bien,lycee_public,oui,3.4,10.0,89.9%,30,45.4,60,1,13,12,1,12.17,6,5,4,2,3,D,gris,mercredi,776743,18/09/2024,17.35,0,Travail sérieux et régulier.
ETU-03192,2024-2025,DROIT,18,H,techno,passable,lycee_prive,Non,22.8,25.0,74.6,24,38.0,49,6,13,11,2,"6,4",5,3,4,3,2,A,vert,lundi,264049,2024-09-16,4.68,1,Résultats fragiles aux partiels.
ETU-02111,2024-2025,Gestion,20,f,techno,Bien,cfa,Non,"30,1",17.0,86.9,28,41.6,50,3,12,12,8,"12,09",5,5,4,4,4,A,vert,mercredi,161186,18/09/2024,17.57,0,Travail sérieux et régulier.
ETU-05178,2024-2025,Psychologie,23,Femme,GEN,P,lycee_public,0,17.7,0.0,"82,9",23,25.6,60,2,13,13,5,,6,5,4,2,3,C,bleu,vendredi,366892,27 Sep 2024,17.74,0,"Bon semestre, résultats solides."
ETU-04416,2024-2025,MATHEMATIQUES,18,f,Général,passable,lycee_public,Oui,2.5,25.0,73.7%,23,29.7,48,2,8,7,7,9.09,5,2,2,,2,H,rouge,lundi,451102,09/09/2024,13.73,0,Semble peu engagé dans la formation.
ETU-04860,2024-2025,BIOLOGIE,19,Femme,general,AB,lycee_public,Oui,2.8 km,11.0,"67,3",13,23.1,26,5,10,6,1,12.44,6,4,3,2,3,C,rouge,mercredi,285525,04/09/2024,6.97,1,Profil dans la moyenne.
ETU-01734,2024-2025, Informatique ,17,H,Général,ab,lycee_public,Non,"43,6",3.0,"79,2",21,38.6,59,3,13,12,2,10.3,5,3,3,4,2,H,rouge,mardi,243383,03/09/2024,12.98,0,
ETU-01710,2024-2025,gestion,19,F,PRO,passable,lycee_public,0,2.4,0.0,95.5,41,80.2,88,2,10,10,6,10.48,6,4,2,5,5,F,bleu,mardi,381744,17 Sep 2024,17.66,0,"Motivation en berne, à accompagner."
ETU-01206,2024-2025,Gestion,18,femme,Technologique,Bien,,Oui,2.1,26.0,83.8,24,37.5,50,0,11,8,3,"8,7",5,3,3,3,3,A,rouge,jeudi,891950,2024-09-05,12.83,0,
ETU-04171,2024-2025,DROIT,22,f,TECHNO,Bien,autre,Oui,8.4,28.0,74.3,3,0.3,5,1,9,7,0,10.23,6,3,3,2,3,D,jaune,jeudi,401012,2024-09-05,7.18,1,
ETU-01650,2024-2025,gestion,18,M,pro,ab,lycee_public,O,"6,5",0.0,"63,3",20,22.7,51,5,10,8,3,"8,31",7,5,2,4,2,B,rouge,mardi,874954,2024-09-10,12.57,0,
ETU-03943,2024-2025, Informatique ,18,h,Generale,P,,non,0.1,0.0,40.6%,,0.0,0,6,10,6,0,5.28,5,1,1,2,1,A,jaune,mardi,374160,2024-09-24,0.67,1,"Absences répétées, situation préoccupante."
ETU-03295,2024-2025,STAPS,18,H,techno,passable,lycee_public,1,23.5,14.0,"90,1",51,84.8,98,4,10,8,6,11.55,6,4,5,4,4,H,jaune,jeudi,931081,2024-09-05,18.07,0,
ETU-00392,2024-2025,Psychologie,20,M,Generale,P,lycee_public,Non,15.7,0.0,60.3,20,41.1,50,8,12,8,0,"8,82",7,3,1,4,2,D,jaune,vendredi,752163,13/09/2024,4.11,1,
ETU-04749,2024-2025,MATHEMATIQUES,17,H,Technologique,,lycee_public,1,7.6,22.0,74.5,5,7.3,15,0,13,10,3,"6,43",6,2,4,2,2,A,rouge,lundi,598819,02 Sep 2024,3.54,1,En difficulté sur les évaluations.
ETU-00759,2024-2025,gestion,21,Femme,GEN,Passable,lycee_public,1,13.7,0.0,"79,4",33,38.5,83,2,10,9,1,15.03,7,6,5,4,5,G,bleu,mardi,881010,10 Sep 2024,19.45,0,
ETU-03398,2024-2025,Lettres,19,h,Generale,TB,lycee_public,1,23.8,,87.5,35,49.3,67,0,10,10,7,16.48,6,6,4,3,5,B,jaune,lundi,158484,2024-09-16,19.55,0,Étudiant assidu et investi.
ETU-02872,2024-2025,Gestion,18,H,Général,passable,lycee_public,Non,10.8,0.0,85.3%,27,36.6,73,4,11,11,3,11.85,6,2,3,,3,E,gris,vendredi,263466,27/09/2024,15.48,0,RAS.
ETU-00439,2024-2025,Informatique,18,M,TECHNO,Passable,lycee_public,oui,"1,7",7.0,71.0,22,40.4,45,4,8,6,1,5.83,5,1,2,,3,B,gris,mardi,476286,03/09/2024,2.15,1,En difficulté sur les évaluations.
ETU-01671,2024-2025,Lettres,19,H,Général,B,lycee_prive,non,15.4,23.0,86.9,31,32.4,93,4,12,12,5,12.79,6,5,3,4,5,A,jaune,mercredi,828211,18/09/2024,16.68,0,
ETU-03621,2024-2025,STAPS,20,M,techno,AB,lycee_prive,Oui,4.0,11.0,80.1,31,42.7,32,3,12,10,2,12.51,6,6,4,5,3,D,gris,mercredi,822856,25 Sep 2024,16.98,0,"Bon semestre, résultats solides."
ETU-04974,2024-2025,Gestion,17,M,GEN,Très Bien,lycee_public,Non,"50,1",19.0,40.7%,0,0.0,0,4,10,4,0,8.42,5,1,2,2,1,E,jaune,lundi,192601,02/09/2024,1.47,1,"Absences répétées, situation préoccupante."
ETU-01149,2024-2025,Psychologie,22,h,TECHNO,Très Bien,lycee_public,oui,60.7,0.0,70.2,15,17.5,25,6,12,8,0,11.62,7,6,2,1,1,F,bleu,lundi,170723,02/09/2024,6.3,1,"Motivation en berne, à accompagner."
ETU-00103,2024-2025,Mathematiques,19,h,GEN,B,lycee_prive,non,9.6,4.0,78.6,11,11.1,21,7,10,7,0,"12,82",7,5,3,,,F,vert,lundi,709725,02 Sep 2024,7.44,1,Engagement en ligne très faible.
ETU-02812,2024-2025,mathematiques,19,Homme,Général,P,lycee_public,oui,10.5,13.0,"83,8",25,32.5,77,3,10,7,3,13.93,6,5,4,4,,G,bleu,jeudi,212238,2024-09-26,15.67,0,Travail sérieux et régulier.
ETU-02720,2024-2025,Lettres,19,h,Generale,Bien,lycee_public,Non,22.6,0.0,"68,5",12,10.1,12,4,8,6,0,12.11,5,1,1,,2,H,gris,jeudi,309240,12 Sep 2024,6.88,1,
ETU-01185,2024-2025,STAPS,19,M,techno,B,lycee_public,oui,,15.0,76.2,25,38.5,49,4,10,8,2,7.51,5,2,1,,3,G,jaune,jeudi,493516,2024-09-19,12.29,0,En difficulté sur les évaluations.
ETU-05055,2024-2025,Gestion,20,femme,GEN,B,cfa,1,"11,9",0.0,59.6,21,29.3,61,5,10,5,0,11.85,7,6,4,5,1,H,vert,lundi,551203,16 Sep 2024,7.11,1,
ETU-03515,2024-2025,Informatique,20,h,général ,Assez Bien,,non,,7.0,"64,2",3,1.0,4,4,9,7,0,"8,98",5,2,3,3,1,G,jaune,mardi,608451,24/09/2024,3.96,1,Peu actif sur la plateforme.
ETU-00634,2024-2025,BIOLOGIE,19,H,Generale,ab,lycee_public,oui,4.7,23.0,"73,9",21,25.6,50,1,11,9,1,"10,16",6,5,3,5,3,C,jaune,vendredi,633893,27 Sep 2024,15.76,0,
ETU-02416,2024-2025,PSYCHOLOGIE,23,f,Technologique,AB,lycee_public,1,39.9,11.0,88.9,32,49.7,109,4,12,9,4,"13,48",6,4,4,4,3,H,bleu,mercredi,983522,25 Sep 2024,16.46,0,"Très bon investissement, en réussite."
ETU-00338,2024-2025,informatique,20,F,general,AB,lycee_prive,non,0.2,0.0,"67,9",9,14.4,28,7,12,9,3,"10,48",6,6,3,3,2,B,vert,vendredi,106630,2024-09-27,12.52,0,Engagement en ligne très faible.
ETU-00251,2024-2025,lettres,19,Femme,general,Assez Bien,lycee_public,oui,21.9,,"66,7",28,45.2,41,6,12,11,5,10.89,5,2,3,2,1,B,gris,lundi,784826,09/09/2024,10.97,0,
ETU-02644,2024-2025,Psychologie,20,femme,general,Passable,cfa,N,22.4 km,0.0,61.4,4,10.7,14,4,12,8,1,11.67,6,2,2,2,3,A,gris,lundi,646076,16 Sep 2024,6.49,1,Engagement en ligne très faible.
ETU-02965,2024-2025, Informatique ,20,f,PRO,P,lycee_public,Non,,0.0,98.6,54,116.2,131,2,12,12,3,12.67,7,5,3,2,3,A,bleu,vendredi,140432,13/09/2024,18.15,0,Très actif sur la plateforme.
ETU-00331,2024-2025,Droit,23,F,Général,Très Bien,autre,Non,11.5,7.0,63.7,16,15.8,33,8,11,9,0,"6,8",5,2,3,3,1,A,vert,mardi,534365,10/09/2024,2.79,1,
ETU-04201,2024-2025,Psychologie,18,Homme,TECHNO,ab,lycee_public,0,2.7,,60.5%,3,7.2,1,5,8,5,0,"6,07",5,2,1,1,1,H,bleu,lundi,541136,16/09/2024,0.77,1,En difficulté sur les évaluations.
ETU-01798,2024-2025,Psychologie,19,Homme,general,ab,lycee_public,0,17.1,12.0,92.9,42,51.1,79,3,10,10,7,10.69,7,7,4,4,3,A,rouge,mercredi,539384,2024-09-11,17.13,0,
ETU-02302,2024-2025, Biologie ,17,Homme,Technologique,AB,lycee_public,0,,21.0,72.0,29,24.4,53,4,13,12,4,"13,42",5,5,3,3,2,C,gris,lundi,485736,2024-09-09,15.44,0,
ETU-04582,2024-2025,Gestion,21,Femme,Général,Passable,lycee_prive,0,7.8,0.0,76.9,32,58.6,40,5,12,5,0,6.64,7,1,1,4,2,C,rouge,mercredi,444321,04/09/2024,2.57,1,Résultats fragiles aux partiels.
ETU-04802,2024-2025,Informatique,21,femme,GEN,B,lycee_public,0,13.3,11.0,"77,7",27,48.2,69,7,11,10,1,8.7,5,1,3,2,2,A,jaune,mercredi,312927,11 Sep 2024,13.93,0,
ETU-00931,2024-2025,Lettres,20,Homme,général ,Bien,lycee_prive,Oui,52.2 km,,90.2,50,93.3,118,5,12,12,6,"12,82",5,5,5,5,2,E,vert,mardi,141312,2024-09-17,18.64,0,Très actif sur la plateforme.
ETU-00356,2024-2025,psychologie,20,H,général ,passable,lycee_public,Non,55.0,,71.5%,29,78.0,62,4,9,6,3,"13,3",6,5,2,2,1,A,jaune,lundi,967219,16 Sep 2024,16.05,0,Semble peu engagé dans la formation.
ETU-01081,2024-2025, STAPS ,20,Homme,GEN,B,lycee_public,non,5.3,8.0,92.7,35,65.4,83,4,9,7,4,12.3,7,5,3,3,2,E,jaune,jeudi,774684,2024-09-19,15.63,0,
ETU-01642,2024-2025, STAPS ,21,F,GEN,,lycee_public,Non,16.8 km,22.0,96.6%,53,68.2,130,0,12,12,10,"15,03",5,5,5,5,4,B,bleu,mercredi,974377,25 Sep 2024,18.91,0,
ETU-02162,2024-2025,Droit,20,F,techno,Bien,lycee_public,1,5.2,,89.4,34,48.9,95,5,8,8,2,"11,65",5,4,3,5,4,B,jaune,lundi,746148,2024-09-16,16.11,0,
ETU-05037,2024-2025,BIOLOGIE,21,f, pro,B,lycee_public,oui,19.0,11.0,"84,0",36,61.3,83,7,10,9,5,7.97,5,1,,2,,H,gris,mardi,101188,2024-09-10,14.06,0,
ETU-01348,2024-2025,informatique,18,F,TECHNO,Passable,lycee_public,0,11.5,0.0,"77,1",31,50.0,94,2,10,10,9,14.11,6,6,4,4,3,A,rouge,mardi,538414,2024-09-10,16.99,0,"Bon semestre, résultats solides."
ETU-00437,2024-2025,Droit,18,H,général ,passable,lycee_public,Oui,29.1 km,0.0,74.8%,25,34.4,52,1,8,7,3,7.9,7,5,4,3,5,A,bleu,lundi,344092,23/09/2024,13.75,0,Résultats fragiles aux partiels.
ETU-00256,2024-2025,Psychologie,21,Homme,GEN,P,lycee_public,0,18.3,18.0,75.3,17,25.0,47,4,8,5,0,12.64,6,4,1,,2,G,vert,mardi,495802,03 Sep 2024,6.08,1,"Motivation en berne, à accompagner."
ETU-00237,2024-2025,Biologie,17,F,Technologique,AB,lycee_prive,Non,2.2,0.0,"79,4",36,52.8,64,4,10,8,4,12.75,6,6,4,,2,C,rouge,mercredi,849988,11 Sep 2024,17.31,0,"Bon semestre, résultats solides."
ETU-04696,2024-2025,MATHEMATIQUES,20,femme,Generale,AB,lycee_public,N,6.1,0.0,"66,2",17,28.9,11,8,11,8,0,9.23,6,3,1,2,2,B,jaune,lundi,256689,2024-09-09,4.29,1,
ETU-03374,2024-2025,STAPS,18,femme,general,,lycee_public,Non,5.7 km,7.0,85.0,33,59.3,82,7,9,8,1,9.92,6,3,4,2,2,A,jaune,mercredi,884420,04/09/2024,15.04,0,Suivi sans particularité.
ETU-01758,2024-2025,MATHEMATIQUES,25,h,Professionnel,Passable,lycee_public,0,5.7,6.0,80.2%,31,60.7,51,4,9,7,1,5.65,6,0,2,4,3,H,rouge,mercredi,450183,25/09/2024,11.15,0,Résultats fragiles aux partiels.
ETU-02081,2024-2025,Gestion,20,femme,Technologique,Très Bien,cfa,O,,15.0,78.4,,47.8,93,1,10,10,2,15.74,5,5,5,3,4,D,jaune,lundi,203634,2024-09-09,17.73,0,Travail sérieux et régulier.
ETU-03380,2024-2025,Informatique,19,f,Generale,passable,lycee_public,non,21.5,,98.8,29,38.5,49,3,10,9,7,14.28,5,4,3,5,3,B,gris,mercredi,792075,04 Sep 2024,18.14,0,Travail sérieux et régulier.
ETU-03161,2024-2025,informatique,19,M,Generale,AB,lycee_public,Oui,21.8,0.0,87.6%,16,20.7,33,5,8,8,7,"10,66",7,5,4,2,1,A,jaune,jeudi,317731,05/09/2024,16.27,0,
ETU-02064,2024-2025,INFORMATIQUE,20,femme,Général,B,lycee_public,0,14.7,0.0,74.9,30,49.5,60,4,8,6,2,10.7,5,4,4,2,,A,rouge,mercredi,839882,04 Sep 2024,14.41,0,Profil dans la moyenne.
ETU-05160,2024-2025,DROIT,17,Femme,general,ab,lycee_public,Oui,0.2,13.0,84.6%,34,59.5,66,6,8,6,1,12.31,6,5,,,,C,rouge,vendredi,872957,27/09/2024,15.84,0,"Bon semestre, résultats solides."
ETU-01870,2024-2025,Lettres,20,Homme,general,B,lycee_public,N,17.2,0.0,"81,2",37,74.2,100,4,13,11,5,"15,99",5,5,5,,5,A,jaune,mardi,798377,24/09/2024,18.04,0,
ETU-01816,2024-2025,Droit,18,femme,GEN,TB,lycee_public,0,8.1,,67.6%,24,38.7,54,3,11,9,4,15.59,6,2,5,4,5,B,jaune,vendredi,625537,2024-09-13,17.98,0,Suivi sans particularité.
ETU-03680,2024-2025,Droit,20,Femme,PRO,AB,autre,0,6.2,,79.2,38,81.7,88,0,8,5,2,"7,21",6,4,3,3,4,D,jaune,mardi,848776,2024-09-10,11.01,0,
ETU-04656,2024-2025,MATHEMATIQUES,19,F,GEN,Assez Bien,cfa,oui,19.7 km,0.0,"83,5",15,19.0,26,3,8,7,2,7.31,6,1,2,2,2,A,vert,mercredi,849831,04/09/2024,4.64,1,Résultats fragiles aux partiels.
ETU-03668,2024-2025,STAPS,17,Femme,TECHNO,Assez Bien,lycee_public,Non,0.0 km,9.0,64.8%,9,17.8,18,4,10,9,1,"10,65",6,1,4,2,2,A,vert,mardi,939541,17 Sep 2024,5.85,1,Engagement en ligne très faible.
ETU-03465,2024-2025,Informatique,21,h,Général,AB,lycee_public,0,0.5,21.0,89.8,47,72.9,101,0,12,11,8,13.05,6,4,4,,2,F,gris,lundi,768149,2024-09-02,18.4,0,
ETU-00782,2024-2025,Droit,19,M,général ,passable,lycee_prive,O,15.3,,"67,3",,25.8,29,3,11,6,1,5.97,5,1,2,1,1,C,rouge,vendredi,855541,20 Sep 2024,2.52,1,
ETU-03213,2024-2025,Droit,21,M,Général,B,lycee_prive,1,11.1,0.0,"75,9",32,46.2,73,3,11,9,5,"16,59",6,3,3,3,2,A,rouge,jeudi,466701,2024-09-19,18.6,0,
ETU-04392,2024-2025,STAPS,22,Femme,Technologique,P,lycee_public,Non,28.4,0.0,60.1,31,65.4,66,6,10,9,2,"14,11",6,6,3,4,2,D,gris,vendredi,992222,27/09/2024,16.43,0,
ETU-01745,2024-2025,STAPS,21,M,Generale,passable,lycee_public,Non,7.9,17.0,"83,0",27,54.1,46,5,9,8,2,11.7,5,4,,3,3,C,bleu,lundi,971863,23/09/2024,16.55,0,
ETU-03645,2024-2025,Biologie,19,femme,Technologique,Assez Bien,lycee_public,Oui,"3,2",0.0,80.2%,25,13.3,33,2,10,9,5,11.19,7,5,5,4,4,C,rouge,jeudi,892981,12/09/2024,16.46,0,
ETU-03030,2024-2025, Droit ,20,Femme,Professionnel,P,lycee_public,0,28.3,27.0,73.0%,13,17.2,42,5,13,10,0,"6,64",6,4,1,2,2,C,vert,lundi,344689,02/09/2024,3.44,1,Résultats fragiles aux partiels.
ETU-03573,2024-2025,Droit,20,f,Général,Assez Bien,lycee_public,Non,"2,4",23.0,99.3,30,25.1,83,2,8,8,4,10.78,6,4,3,,4,C,bleu,vendredi,968378,2024-09-13,15.9,0,
ETU-00124,2024-2025,DROIT,23,femme,Generale,Très Bien,lycee_public,N,"10,8",15.0,91.7,30,48.0,68,6,8,8,7,,6,5,5,2,5,E,bleu,vendredi,818374,06 Sep 2024,15.85,0,
ETU-03654,2024-2025,INFORMATIQUE,21,M,Général,,lycee_prive,N,2.6,0.0,96.3,57,105.4,123,2,10,10,8,14.29,6,3,5,5,3,D,rouge,jeudi,360648,12 Sep 2024,19.66,0,
ETU-00868,2024-2025,LETTRES,19,f,techno,passable,cfa,1,4.3,15.0,"79,8",46,59.0,106,2,8,8,7,7.98,6,4,3,5,4,F,rouge,mercredi,594911,18/09/2024,14.46,0,
ETU-01640,2024-2025,STAPS,19,F,Général,B,lycee_public,0,15.5 km,15.0,80.7%,32,57.1,78,3,9,7,3,11.03,5,2,3,1,2,H,jaune,mercredi,767346,18 Sep 2024,15.33,0,
ETU-02898,2024-2025,GESTION,20,F, pro,Passable,lycee_prive,non,16.7 km,,95.3,47,48.7,92,0,11,10,7,10.23,6,2,5,5,3,A,jaune,vendredi,718946,2024-09-20,14.08,0,
ETU-02176,2024-2025,Informatique,20,f,general,Assez Bien,lycee_public,0,18.3,,68.2%,35,43.1,69,7,10,9,3,"13,44",6,2,5,1,4,A,gris,lundi,787780,02 Sep 2024,8.47,1,
ETU-03366,2024-2025,Gestion,17,Femme,Professionnel,Bien,lycee_public,non,3.5,18.0,"75,3",15,11.8,32,5,9,7,3,11.72,5,3,3,1,3,E,bleu,mercredi,252467,11/09/2024,6.62,1,Profil dans la moyenne.
ETU-01577,2024-2025, Droit ,20,F,Général,passable,lycee_public,0,"8,0",0.0,52.5%,30,44.5,50,4,9,6,0,6.67,7,2,2,3,,F,vert,mercredi,295806,18 Sep 2024,11.88,0,
ETU-01796,2024-2025,Gestion,19,f,Generale,ab,lycee_public,Non,11.6,14.0,68.8,15,31.6,26,5,9,5,0,12.84,5,4,3,2,2,E,rouge,lundi,649455,02/09/2024,7.53,1,
ETU-05013,2024-2025,Gestion,17,Homme,général ,Assez Bien,autre,O,9.2,0.0,73.3,37,71.4,71,4,12,10,6,14.13,6,6,5,,2,F,gris,lundi,628887,2024-09-23,16.35,0,Suivi sans particularité.
ETU-02122,2024-2025,GESTION,20,M,général ,Très Bien,lycee_prive,Non,3.3 km,15.0,98.8,59,60.8,165,3,8,8,8,16.99,6,4,,4,5,G,rouge,jeudi,446532,2024-09-26,19.19,0,Étudiant assidu et investi.
ETU-02154,2024-2025, Gestion ,20,Femme,général ,passable,lycee_public,N,8.1,9.0,"81,9",34,53.6,76,4,9,9,5,9.12,6,5,5,5,2,C,vert,mardi,742156,2024-09-17,15.56,0,
ETU-04004,2024-2025, Gestion ,25,femme,Generale,P,,N,9.1,12.0,68.8,19,29.9,36,3,8,6,1,7.85,7,5,4,4,1,F,rouge,mercredi,562471,18 Sep 2024,13.64,0,
ETU-03417,2024-2025,Mathematiques,20,M,Generale,tres bien,lycee_public,non,57.6,0.0,92.5,29,47.9,71,3,12,12,1,"14,6",7,7,4,3,2,F,vert,mardi,867136,03 Sep 2024,18.0,0,"Bon semestre, résultats solides."
ETU-02467,2024-2025, Gestion ,18,F,Général,P,lycee_public,non,"13,7",0.0,77.5%,33,36.1,68,3,13,12,5,"11,32",5,4,4,4,2,G,jaune,mercredi,338416,11/09/2024,15.33,0,
ETU-04131,2024-2025,Informatique,22,F,general,Passable,lycee_public,1,34.9,21.0,97.0,46,87.7,109,6,10,8,5,11.87,6,5,5,4,3,E,rouge,lundi,864587,16 Sep 2024,18.41,0,Engagement en ligne remarquable.
ETU-01597,2024-2025,Informatique,20,h,TECHNO,Assez Bien,lycee_public,Oui,"19,6",13.0,79.3%,38,67.2,100,9,13,10,1,7.99,5,4,3,2,1,F,rouge,mardi,317818,10/09/2024,10.88,0,Résultats fragiles aux partiels.
ETU-01586,2024-2025,droit,17,h,Général,AB,lycee_prive,0,2.9,0.0,"88,9",34,46.9,90,4,13,11,2,7.5,5,3,3,4,1,A,bleu,lundi,163289,09 Sep 2024,14.94,0,En difficulté sur les évaluations.
ETU-00529,2024-2025,biologie,20,Femme,GEN,P,cfa,non,10.7 km,0.0,73.5,3,5.5,1,6,12,8,0,10.16,6,5,1,2,1,F,jaune,mardi,420052,03 Sep 2024,4.07,1,Peu actif sur la plateforme.
ETU-01100,2024-2025,Gestion,22,Femme,TECHNO,passable,lycee_public,O,5.4,11.0,87.0,18,19.5,43,7,8,7,4,12.56,5,4,4,3,3,C,gris,jeudi,641979,12/09/2024,14.34,0,Travail sérieux et régulier.
ETU-04104,2024-2025,gestion,24,h,TECHNO,passable,lycee_public,non,3.7,0.0,60.3,21,44.8,36,2,9,8,0,4.58,6,1,1,2,2,C,bleu,lundi,111077,02/09/2024,4.32,1,
ETU-03499,2024-2025,informatique,19,H,general,Assez Bien,cfa,1,3.1,20.0,"81,7",50,76.5,102,1,10,10,12,"18,34",5,5,5,3,3,D,jaune,vendredi,627596,20 Sep 2024,19.71,0,
ETU-05186,2024-2025,staps,20,F,pro,passable,lycee_public,N,5.7,0.0,92.8,39,63.1,102,1,8,7,9,4.13,6,0,3,5,5,E,vert,mercredi,505229,25 Sep 2024,4.07,1,
ETU-00369,2024-2025,Lettres,20,H,Generale,P,lycee_public,N,35.5,0.0,52.8%,17,22.5,48,6,13,11,0,15.14,7,6,,1,4,B,bleu,jeudi,779927,05 Sep 2024,9.34,1,
ETU-01787,2024-2025,Biologie,22,Homme,général ,passable,lycee_prive,1,"29,9",,80.1,26,30.4,37,6,12,11,3,"11,44",6,6,3,,3,E,rouge,lundi,405605,16 Sep 2024,14.19,0,Suivi sans particularité.
ETU-04756,2024-2025,Lettres,18,F,Technologique,Assez Bien,lycee_prive,non,,15.0,"80,2",37,65.7,86,1,9,8,7,14.05,7,7,5,3,4,D,rouge,mercredi,420515,04 Sep 2024,17.83,0,Travail sérieux et régulier.
ETU-00405,2024-2025,Informatique,21,F,GEN,AB,lycee_public,N,11.8,22.0,79.0,24,41.7,34,1,11,11,7,14.9,6,4,5,2,3,B,rouge,mardi,987766,2024-09-10,17.94,0,
ETU-03138,2024-2025,Mathematiques,22,Homme,Professionnel,Très Bien,lycee_public,Non,"27,6",,84.5,33,68.1,77,6,13,11,0,"11,43",6,2,3,4,2,C,bleu,mardi,771988,2024-09-24,15.14,0,
ETU-02251,2024-2025,Gestion,17,NB,GEN,B,cfa,1,"31,5",0.0,"93,1",33,45.8,83,4,11,11,4,"11,36",6,5,3,5,4,B,jaune,mercredi,265511,11/09/2024,17.79,0,
ETU-03111,2024-2025,mathematiques,20,M,general,Bien,lycee_public,N,3.5 km,22.0,"73,4",35,32.8,109,4,13,9,2,11.34,6,4,5,2,2,H,jaune,mercredi,177035,2024-09-11,13.85,0,
ETU-01692,2024-2025,Informatique,18,f,général ,Passable,lycee_public,0,"27,4",26.0,88.8,33,29.5,52,6,10,8,0,"8,99",6,4,2,2,2,F,bleu,mardi,268811,2024-09-03,12.75,0,"Motivation en berne, à accompagner."
ETU-02324,2024-2025,mathematiques,20,femme,general,ab,lycee_prive,non,2.8,8.0,83.9,17,23.2,53,4,10,8,0,7.82,5,3,2,5,4,G,gris,lundi,963188,09/09/2024,14.1,0,
ETU-01141,2024-2025,Droit,23,H,Technologique,AB,lycee_public,0,4.9,0.0,90.9,23,24.0,51,0,9,8,7,"13,51",5,4,4,4,3,F,gris,vendredi,234713,13/09/2024,16.95,0,
ETU-04185,2024-2025,Mathematiques,19,F,TECHNO,P,lycee_public,0,18.7 km,0.0,"81,8",16,37.4,44,5,13,9,1,"9,02",6,4,3,3,1,H,vert,mercredi,337993,2024-09-18,7.5,1,Profil dans la moyenne.
ETU-00508,2024-2025,Gestion,21,femme, pro,P,lycee_public,Non,,,"56,7",20,32.6,31,6,9,6,0,"10,96",6,1,1,3,2,H,vert,vendredi,706340,06 Sep 2024,3.46,1,
ETU-04014,2024-2025, Informatique ,23,H, pro,passable,lycee_public,Oui,0.1 km,0.0,52.9,4,0.3,1,4,13,8,0,8.81,6,0,3,3,3,G,jaune,mardi,979638,2024-09-10,3.82,1,Forte baisse d'assiduité ce semestre.
ETU-01809,2024-2025,Lettres,20,Femme,Général,Passable,autre,0,2.7,0.0,70.5%,23,32.4,54,7,11,11,5,"9,15",5,1,3,2,3,G,bleu,mercredi,515651,11 Sep 2024,13.27,0,
ETU-04184,2024-2025,Biologie,25,h,general,TB,lycee_public,N,6.9,23.0,75.9,6,2.8,22,6,8,6,3,16.97,6,6,3,4,2,C,rouge,mercredi,889804,04/09/2024,17.44,0,Peu actif sur la plateforme.
ETU-02567,2024-2025,Droit,20,H,TECHNO,passable,lycee_prive,0,"35,6",7.0,58.8,26,51.7,64,7,12,7,0,7.84,6,0,,2,3,E,gris,vendredi,585966,2024-09-06,5.25,1,
ETU-03092,2024-2025,STAPS,18,H,Generale,Assez Bien,cfa,1,17.5,0.0,"80,4",23,40.5,44,2,11,11,4,8.47,6,5,3,3,4,A,vert,jeudi,786934,12 Sep 2024,14.08,0,Profil dans la moyenne.
ETU-01195,2024-2025,Biologie,24,F,Professionnel,Passable,lycee_prive,N,12.2,,58.9,10,11.6,18,4,9,6,0,5.97,5,3,2,4,1,B,vert,jeudi,907344,2024-09-26,3.35,1,
ETU-01333,2024-2025,STAPS,22,M,général ,TB,lycee_prive,Non,"3,4",,92.5,36,49.8,74,4,10,8,3,13.42,5,5,3,3,3,C,jaune,lundi,915213,2024-09-02,17.97,0,Étudiant assidu et investi.
ETU-02049,2024-2025,Biologie,20,h,general,P,lycee_public,N,3.3,12.0,78.4%,22,22.4,41,2,11,8,1,10.39,6,4,2,2,2,B,vert,vendredi,535331,27/09/2024,6.22,1,
ETU-01724,2024-2025, Lettres ,24,Femme,général ,ab,lycee_public,0,9.4,15.0,98.7%,39,34.5,86,1,13,12,4,"13,71",6,5,4,5,5,F,gris,vendredi,512322,2024-09-13,18.45,0,
ETU-03640,2024-2025,Gestion,19,f,GEN,,,Oui,37.4,20.0,"88,8",32,57.9,80,1,9,8,6,9.98,6,5,3,4,3,D,rouge,mercredi,531897,2024-09-11,14.84,0,
ETU-02318,2024-2025, Droit ,20,F,Professionnel,ab,lycee_public,O,13.0,11.0,59.4,3,6.8,7,5,10,5,0,5.95,6,2,1,2,2,F,rouge,lundi,475857,2024-09-23,1.17,1,
ETU-02601,2024-2025,Droit,18,femme,Generale,Assez Bien,lycee_public,0,,0.0,"77,3",17,25.4,36,3,12,11,5,6.53,7,3,3,4,4,A,vert,mardi,969526,10 Sep 2024,13.1,0,
ETU-01817,2024-2025,Droit,21,H,Professionnel,passable,lycee_prive,N,"13,9",10.0,"70,8",12,17.1,8,8,13,8,0,7.06,5,3,2,3,2,B,vert,mardi,743006,17/09/2024,2.76,1,En difficulté sur les évaluations.
ETU-03344,2024-2025, Psychologie ,21,M,Generale,Bien,lycee_public,N,"1,8",0.0,92.3%,30,37.5,77,4,12,12,3,9.47,6,5,4,5,4,D,vert,lundi,378585,02 Sep 2024,15.02,0,
ETU-05198,2024-2025,STAPS,17,femme,techno,ab,lycee_public,Oui,44.0,10.0,76.8%,3,5.9,18,5,8,5,1,"10,93",6,6,3,1,2,F,bleu,lundi,936498,23 Sep 2024,14.05,0,Engagement en ligne très faible.
ETU-01871,2024-2025,Gestion,22,M,général ,passable,lycee_public,non,10.6,20.0,"99,3",56,103.2,106,2,11,8,6,,5,5,4,5,4,F,jaune,jeudi,629565,2024-09-26,17.59,0,
ETU-04818,2024-2025, Droit ,19,F,Generale,B,,Non,0.6,10.0,90.2,30,45.1,82,3,11,10,6,16.47,5,5,5,4,4,A,rouge,lundi,676464,2024-09-23,18.56,0,Travail sérieux et régulier.
ETU-00618,2024-2025,psychologie,20,F,TECHNO,Passable,lycee_public,N,33.8,8.0,"70,8",54,118.8,107,4,13,11,4,7.41,6,3,4,4,,F,rouge,mercredi,422924,2024-09-11,14.59,0,
ETU-03720,2024-2025,Informatique,20,femme,Général,P,autre,N,16.2 km,8.0,77.8,33,54.8,69,3,11,10,8,,7,5,3,,4,D,gris,vendredi,211467,20/09/2024,18.04,0,
ETU-03122,2024-2025,Mathematiques,20,Femme,techno,B,lycee_public,1,4.6,13.0,65.2,14,29.6,33,5,8,6,0,5.63,6,3,1,2,2,D,bleu,mardi,998603,10 Sep 2024,2.5,1,
ETU-02305,2024-2025,Lettres,20,Homme,general,AB,lycee_prive,0,"22,2",8.0,99.0,,50.1,76,2,13,12,7,15.93,7,6,4,5,4,A,rouge,mardi,489036,10 Sep 2024,18.61,0,"Très bon investissement, en réussite."
ETU-01430,2024-2025,DROIT,21,femme,Technologique,TB,lycee_public,oui,8.7,0.0,"74,0",30,65.5,77,3,8,7,2,10.88,6,3,3,4,3,B,gris,mardi,665635,2024-09-24,16.21,0,
ETU-01980,2024-2025,GESTION,21,femme,général ,B,lycee_public,Non,"1,1",8.0,"73,9",11,18.3,27,6,10,6,0,7.93,6,4,3,3,1,B,rouge,vendredi,963328,27 Sep 2024,3.04,1,Résultats fragiles aux partiels.
ETU-02159,2024-2025,Mathematiques,21,H,Generale,Passable,lycee_prive,Non,23.0 km,17.0,"64,7",12,9.5,36,7,13,9,0,9.06,7,4,2,,2,F,rouge,mardi,246259,2024-09-10,5.99,1,Semble peu engagé dans la formation.
ETU-05113,2024-2025,GESTION,20,M,GEN,Assez Bien,lycee_public,N,23.2 km,,76.3%,16,34.0,35,8,13,8,0,"12,94",6,5,1,2,3,A,jaune,jeudi,334451,26 Sep 2024,5.4,1,
ETU-03224,2024-2025,Droit,19,Homme,GEN,Assez Bien,lycee_public,Non,11.0,23.0,"65,4",30,57.9,50,6,13,10,1,12.6,5,1,3,5,3,C,bleu,vendredi,165685,2024-09-06,15.44,0,
ETU-02827,2024-2025, Informatique ,24,Femme,PRO,P,cfa,0,1.3,23.0,60.6,27,43.2,65,5,12,9,1,3.39,6,2,2,2,2,F,gris,lundi,677612,02 Sep 2024,0.49,1,En difficulté sur les évaluations.
ETU-03512,2024-2025,Psychologie,19,M,Professionnel,Assez Bien,lycee_public,non,9.0 km,23.0,77.5,17,31.0,37,4,10,7,2,"13,76",6,5,3,3,3,E,jaune,vendredi,197987,2024-09-13,8.64,1,Travail sérieux et régulier.
ETU-03038,2024-2025, STAPS ,19,f,techno,Bien,lycee_public,oui,"6,7",18.0,60.8,23,31.7,50,10,12,10,0,9.51,5,1,4,3,2,D,bleu,mardi,691456,24/09/2024,4.38,1,Plusieurs travaux remis hors délai.
ETU-02123,2024-2025,Droit,18,F,Generale,P,lycee_prive,0,1.6,0.0,76.4,28,41.4,59,4,13,8,1,8.12,6,3,3,,3,D,vert,jeudi,650000,12/09/2024,13.71,0,
ETU-04797,2024-2025,Informatique,20,F,GEN,passable,lycee_public,oui,61.7,0.0,89.3,42,75.0,93,6,8,7,2,"10,73",7,6,,1,3,H,vert,lundi,772918,09/09/2024,17.49,0,
ETU-03751,2024-2025,PSYCHOLOGIE,19,Femme,Technologique,Bien,lycee_public,0,1.3,,81.4,23,23.1,65,2,12,8,0,3.67,6,1,1,4,3,C,vert,mardi,424554,10 Sep 2024,3.15,1,
ETU-01579,2024-2025,Psychologie,17,femme,Général,Assez Bien,autre,Oui,"32,4",6.0,74.8,34,34.1,70,2,10,8,1,"12,36",5,2,2,1,4,H,bleu,vendredi,736919,2024-09-06,15.11,0,"Motivation en berne, à accompagner."
ETU-04638,2024-2025, STAPS ,17,f,techno,B,lycee_public,Non,24.9 km,0.0,83.3,44,60.2,68,0,9,9,5,9.44,5,4,5,4,3,F,rouge,mardi,296749,17 Sep 2024,15.95,0,Très actif sur la plateforme.
ETU-02581,2024-2025,psychologie,20,femme,TECHNO,Bien,lycee_prive,Oui,"10,8",13.0,97.2,67,110.4,169,0,9,9,4,15.45,6,6,5,4,5,G,bleu,mercredi,317456,18/09/2024,19.75,0,"Très bon investissement, en réussite."
ETU-02682,2024-2025,DROIT,19,F,general,passable,lycee_public,Non,3.4,18.0,86.0,32,51.9,74,2,13,12,4,10.65,5,3,4,4,1,D,bleu,mardi,478274,2024-09-03,15.17,0,RAS.
ETU-01971,2024-2025,Informatique,19,NR,Professionnel,B,lycee_public,non,15.7,,71.7%,21,29.1,59,6,10,6,0,12.9,5,3,1,2,1,D,jaune,jeudi,683428,05/09/2024,5.71,1,"Motivation en berne, à accompagner."
ETU-02547,2024-2025,STAPS,19,F,general,Très Bien,lycee_public,Non,"4,5",8.0,90.6,19,42.6,36,5,10,7,1,"10,91",5,4,3,2,3,H,vert,mardi,623446,24/09/2024,14.65,0,
ETU-01715,2024-2025,Gestion,18,h,techno,Bien,lycee_public,1,,14.0,"95,8",31,47.1,69,6,10,8,3,9.46,6,5,2,2,4,B,vert,lundi,998719,23/09/2024,15.51,0,"Motivation en berne, à accompagner."
ETU-00838,2024-2025,Psychologie,23,f,Professionnel,passable,lycee_public,non,11.7,13.0,81.7,12,11.6,28,4,12,10,3,9.06,5,4,3,4,3,G,vert,mardi,759436,24/09/2024,12.26,0,Profil dans la moyenne.
ETU-04277,2024-2025, Gestion ,21,femme,Technologique,tres bien,lycee_prive,O,1.3,8.0,83.8,53,94.3,121,5,9,7,8,"8,69",7,6,2,4,3,D,bleu,lundi,747130,02 Sep 2024,15.07,0,
ETU-01312,2024-2025,psychologie,21,f,GEN,tres bien,lycee_public,oui,23.4,13.0,79.1%,50,94.8,98,2,9,9,2,"16,21",7,6,4,3,3,F,vert,lundi,313884,09 Sep 2024,19.34,0,
ETU-01901,2024-2025, Psychologie ,18,F,GEN,ab,lycee_public,oui,0.9,0.0,89.7,21,37.4,32,4,10,8,4,10.46,5,3,2,2,5,H,rouge,vendredi,320118,27 Sep 2024,16.05,0,
ETU-03182,2024-2025,Droit,18,h,Generale,Passable,lycee_public,Non,14.9,17.0,"97,9",33,75.5,101,4,9,9,2,11.9,7,6,4,5,2,B,bleu,mercredi,900763,2024-09-11,16.96,0,
ETU-04907,2024-2025,Mathematiques,21,h,Technologique,Assez Bien,lycee_prive,1,19.1,14.0,76.9,31,75.9,81,4,8,6,1,,7,5,3,,3,E,vert,vendredi,622227,2024-09-06,15.18,0,Travail sérieux et régulier.
ETU-03432,2024-2025,STAPS,23,F,Général,AB,lycee_public,1,0.0,0.0,78.0,18,43.1,42,0,13,10,6,10.66,6,6,3,4,5,E,rouge,mercredi,702616,2024-09-04,17.04,0,
ETU-04535,2024-2025,Lettres,19,f,Generale,Très Bien,lycee_public,O,"25,9",,84.0,30,24.7,45,2,12,10,7,11.55,7,2,4,4,2,G,jaune,vendredi,950777,27 Sep 2024,17.23,0,
ETU-00857,2024-2025,STAPS,20,F,general,Bien,lycee_public,non,5.7,16.0,86.7,27,37.1,67,1,11,9,10,11.12,6,2,2,2,5,G,jaune,mardi,432449,17/09/2024,16.95,0,
ETU-03690,2024-2025,Gestion,23,M,Generale,passable,lycee_public,O,36.8,0.0,76.4,30,59.2,82,3,10,9,4,14.18,5,3,4,5,3,B,bleu,jeudi,461940,26 Sep 2024,18.65,0,
ETU-01520,2024-2025,Lettres,18,Homme,Generale,B,lycee_public,non,2.8,13.0,97.9%,71,130.9,133,0,10,10,7,"14,9",5,5,5,,4,H,rouge,mardi,404355,10 Sep 2024,19.4,0,
ETU-00474,2024-2025,gestion,20,M,GEN,P,lycee_public,O,"2,6",0.0,"65,0",4,5.9,11,7,12,7,0,"11,15",5,2,,2,1,C,gris,vendredi,298301,06 Sep 2024,4.52,1,
ETU-00316,2024-2025,Biologie,19,F,techno,tres bien,lycee_public,0,6.7 km,0.0,"86,5",39,48.3,87,2,13,10,5,11.56,5,2,5,3,2,G,vert,vendredi,853958,2024-09-06,16.65,0,
ETU-03738,2024-2025,Psychologie,23,femme,general,AB,lycee_public,Non,14.6,0.0,90.7,36,90.9,61,2,9,7,6,16.77,7,5,5,4,2,C,jaune,mercredi,935574,2024-09-25,19.33,0,Étudiant assidu et investi.
ETU-05062,2024-2025,INFORMATIQUE,21,h,general,Passable,lycee_prive,N,2.3,0.0,79.5,10,13.4,18,10,13,11,1,16.94,5,5,5,,4,G,bleu,mardi,632589,2024-09-24,17.65,0,Engagement en ligne très faible.
ETU-03425,2024-2025, Gestion ,26,F,Generale,passable,lycee_public,0,"4,6",0.0,93.6%,48,104.5,97,0,12,12,18,12.53,7,5,5,5,5,A,rouge,mercredi,522177,04 Sep 2024,19.63,0,Très actif sur la plateforme.
ETU-03029,2024-2025,Psychologie,18,Femme,PRO,P,lycee_public,Oui,8.9,10.0,91.7,32,40.3,57,5,8,5,4,"4,31",6,2,2,3,5,C,rouge,mercredi,104393,2024-09-04,3.27,1,Résultats fragiles aux partiels.
ETU-01514,2024-2025,Biologie,17,NB,TECHNO,P,lycee_public,N,3.6,11.0,88.6,41,78.8,89,0,10,10,11,12.36,6,6,5,5,5,A,jaune,lundi,693243,2024-09-09,18.64,0,Engagement en ligne remarquable.
ETU-01405,2024-2025,Informatique,18,M,techno,passable,lycee_prive,Non,3.8,0.0,64.2,19,18.2,32,6,8,8,2,8.89,7,6,4,4,2,G,rouge,mercredi,804893,2024-09-25,5.76,1,
ETU-02271,2024-2025,Droit,20,Homme,TECHNO,P,lycee_prive,N,9.3,0.0,"75,4",3,2.2,10,6,10,6,0,8.49,5,2,1,3,2,E,rouge,jeudi,880365,26 Sep 2024,4.09,1,Peu actif sur la plateforme.
ETU-02279,2024-2025,Gestion,18,M,Generale,P,lycee_public,N,0.9,0.0,91.3,49,39.5,81,2,12,10,12,14.13,5,5,5,4,3,E,rouge,vendredi,564685,13/09/2024,19.09,0,"Très bon investissement, en réussite."
ETU-02507,2024-2025,DROIT,23,Homme,GEN,P,lycee_public,Non,42.6,9.0,"89,6",47,68.0,100,0,13,12,2,"13,79",7,7,5,5,5,H,jaune,lundi,831959,02 Sep 2024,18.22,0,Étudiant assidu et investi.
ETU-04478,2024-2025,Gestion,18,Homme,GEN,B,lycee_public,N,,27.0,61.5,23,37.9,40,4,12,10,3,13.48,6,4,3,5,2,A,jaune,mardi,907470,17/09/2024,14.39,0,
ETU-01253,2024-2025,Biologie,18,H,général ,B,cfa,Non,59.8 km,0.0,78.2,21,26.4,45,3,11,7,7,10.47,6,4,5,3,2,E,rouge,mardi,224842,17/09/2024,13.63,0,
ETU-04490,2024-2025,STAPS,19,M,Général,Bien,lycee_public,1,5.9,23.0,92.9,58,35.8,149,1,11,11,12,"19,57",6,6,5,5,5,E,gris,mardi,728381,03 Sep 2024,19.76,0,Étudiant assidu et investi.
ETU-00394,2024-2025,informatique,21,F,Technologique,tres bien,lycee_public,Oui,15.9,,99.7%,,103.0,110,1,11,11,8,13.65,6,6,5,5,5,B,gris,lundi,290300,2024-09-02,18.09,0,Étudiant assidu et investi.
ETU-03321,2024-2025, Psychologie ,19,Femme,GEN,B,lycee_public,1,"0,5",23.0,99.1,55,97.8,145,0,12,12,10,"15,39",6,6,5,4,5,C,rouge,vendredi,930706,20/09/2024,19.41,0,
ETU-00207,2024-2025,BIOLOGIE,18,M,Général,ab,lycee_public,0,16.8,0.0,82.3,31,38.0,70,4,11,10,3,17.14,5,4,4,4,2,C,jaune,mardi,137843,2024-09-10,18.0,0,
ETU-01803,2024-2025,Biologie,19,Femme,general,B,lycee_prive,oui,0.2,24.0,"71,8",3,2.9,7,5,9,5,0,"11,02",6,4,2,2,3,C,jaune,jeudi,614046,2024-09-26,3.59,1,Engagement en ligne très faible.
ETU-03505,2024-2025,Gestion,20,Homme,Technologique,Passable,lycee_public,oui,21.1,12.0,95.2%,52,57.9,107,1,8,8,6,10.42,6,0,5,4,5,C,gris,jeudi,270229,05/09/2024,18.43,0,
ETU-02429,2024-2025,PSYCHOLOGIE,19,h,Général,P,,0,14.9,6.0,76.8,29,42.0,69,2,13,13,4,11.67,5,4,,4,1,B,gris,jeudi,984179,12/09/2024,16.08,0,
ETU-00447,2024-2025,Biologie,22,Homme,pro,Passable,lycee_public,N,"22,4",14.0,93.3,66,87.0,133,1,8,8,7,"9,71",5,2,5,4,3,C,bleu,mercredi,866777,18/09/2024,17.34,0,Très actif sur la plateforme.
ETU-01225,2024-2025,Informatique,17,Femme,Technologique,passable,lycee_prive,Oui,16.1,,96.1%,53,75.5,101,3,13,13,3,11.88,6,3,5,4,4,D,rouge,jeudi,661430,26 Sep 2024,18.26,0,
ETU-00659,2024-2025,Biologie,22,femme,Technologique,passable,lycee_public,non,24.2 km,15.0,93.0%,31,34.6,83,2,11,8,6,,6,3,2,2,2,D,gris,mercredi,902566,18/09/2024,13.56,0,Résultats fragiles aux partiels.
ETU-01320,2024-2025,Droit,22,H,GEN,AB,cfa,Oui,"57,5",0.0,89.0,20,28.9,52,0,11,10,7,"12,94",6,3,3,,2,F,jaune,jeudi,995682,2024-09-05,17.24,0,
ETU-02093,2024-2025,MATHEMATIQUES,20,M,Général,P,lycee_public,Non,3.3,0.0,53.9%,1,2.1,5,3,12,8,1,9.16,6,5,2,3,2,F,jaune,vendredi,833276,06 Sep 2024,3.51,1,"Absences répétées, situation préoccupante."
ETU-03461,2024-2025,Lettres,20,F,GEN,AB,lycee_public,0,1.4,23.0,77.0,20,23.5,38,2,11,7,1,14.15,7,6,3,3,3,C,jaune,jeudi,440324,12 Sep 2024,8.9,1,"Bon semestre, résultats solides."
ETU-03929,2024-2025,Lettres,17,M,Generale,Bien,lycee_public,N,"3,0",11.0,80.5,38,55.6,61,1,11,8,4,"13,74",6,6,4,3,4,C,bleu,lundi,236703,2024-09-16,18.28,0,
ETU-03118,2024-2025,Mathematiques,19,F,général ,ab,lycee_prive,O,29.9,27.0,68.1,42,49.4,101,4,12,10,6,"10,61",6,4,5,2,2,H,jaune,lundi,573642,16 Sep 2024,15.02,0,Profil dans la moyenne.
ETU-01606,2024-2025,INFORMATIQUE,23,femme,general,Passable,lycee_public,O,12.3,0.0,"76,5",14,24.4,44,7,9,7,0,12.07,5,5,2,2,1,D,rouge,lundi,938074,2024-09-23,15.04,0,"Motivation en berne, à accompagner."
ETU-04118,2024-2025,Biologie,22,Homme,TECHNO,tres bien,lycee_public,1,1.9,10.0,69.8%,46,45.7,89,3,12,10,4,12.79,5,5,5,4,,G,bleu,lundi,515349,23/09/2024,16.33,0,Suivi sans particularité.
ETU-02183,2024-2025,Psychologie,19,Homme,Generale,AB,lycee_public,non,"42,6",18.0,62.6%,14,12.5,35,4,11,9,0,10.09,5,5,3,1,3,C,vert,mardi,337369,24/09/2024,14.62,0,
ETU-02424,2024-2025,Psychologie,18,femme,GEN,Bien,autre,non,"8,2",0.0,82.0,18,15.9,63,7,12,9,1,11.35,7,2,2,2,2,G,vert,mercredi,518299,2024-09-04,13.7,0,
ETU-03630,2024-2025, Psychologie ,21,F,general,TB,lycee_public,1,20.5 km,23.0,61.4,3,3.9,14,6,10,6,0,13.99,5,5,3,1,1,G,rouge,lundi,502797,09/09/2024,15.12,0,
ETU-04434,2024-2025,psychologie,20,femme,Technologique,Passable,lycee_public,oui,2.8,15.0,"64,6",25,33.4,70,2,11,8,2,8.89,7,4,4,3,3,B,bleu,lundi,923504,2024-09-23,7.41,1,
ETU-00566,2024-2025, Informatique ,21,M,général ,P,lycee_public,Non,20.6,,82.9,19,26.0,42,3,11,8,2,9.72,6,3,1,3,2,H,bleu,lundi,596965,23/09/2024,4.71,1,
ETU-01376,2024-2025, Droit ,20,Femme,Général,Passable,lycee_public,1,11.7,0.0,"85,9",31,60.9,58,0,13,12,8,10.98,6,2,4,3,5,E,jaune,vendredi,308665,06 Sep 2024,17.09,0,Suivi sans particularité.
ETU-00468,2024-2025,Gestion,24,Femme,Generale,tres bien,lycee_prive,Non,"1,5",13.0,73.5,34,49.2,62,5,9,8,2,11.35,7,5,3,2,4,H,bleu,jeudi,229254,12 Sep 2024,14.58,0,
ETU-00906,2024-2025,Droit,24,M,général ,Passable,lycee_public,0,"1,3",11.0,52.1,13,20.4,33,6,10,6,0,,5,2,2,3,1,D,bleu,jeudi,285515,2024-09-05,3.24,1,"Absences répétées, situation préoccupante."
ETU-04142,2024-2025,Informatique,27,Femme,GEN,Bien,lycee_public,0,9.3 km,,87.4,17,27.1,18,5,9,7,4,7.22,6,4,3,3,1,F,bleu,lundi,884973,02 Sep 2024,4.84,1,
ETU-00737,2024-2025,GESTION,21,f,Technologique,Bien,lycee_public,O,47.1,7.0,"98,8",41,70.3,90,3,12,12,9,"10,8",7,4,4,4,3,G,bleu,mercredi,344216,25/09/2024,17.13,0,Engagement en ligne remarquable.
ETU-03497,2024-2025,Informatique,22,f,general,passable,lycee_public,Oui,26.2,0.0,70.6,40,52.0,109,0,11,10,8,8.72,6,4,3,5,3,C,vert,jeudi,551307,12/09/2024,14.82,0,Profil dans la moyenne.
ETU-01049,2024-2025, Informatique ,17,M,PRO,Passable,cfa,Non,2.2,24.0,76.7,39,71.9,101,2,10,8,5,7.22,7,4,5,5,4,F,gris,mercredi,150711,04/09/2024,13.55,0,
ETU-02238,2024-2025,Droit,19,f,GEN,P,lycee_prive,non,0.5,11.0,88.2,35,73.5,73,0,13,10,3,"15,05",7,5,4,1,3,H,bleu,mardi,634541,10/09/2024,17.66,0,
ETU-02311,2024-2025,Gestion,21,f,general,Passable,lycee_public,N,43.6,10.0,75.1,47,81.7,88,1,12,10,8,12.8,7,7,3,4,2,D,bleu,vendredi,421240,13/09/2024,16.77,0,
ETU-03487,2024-2025,Mathematiques,21,Autre,general,passable,lycee_public,non,10.4 km,6.0,"80,8",46,94.0,127,2,11,11,7,6.71,6,4,3,,4,B,vert,mercredi,471211,2024-09-04,14.04,0,Résultats fragiles aux partiels.
ETU-03866,2024-2025,Psychologie,19,F,techno,passable,lycee_prive,O,,11.0,87.5%,30,73.9,81,1,8,7,2,7.8,6,3,5,2,3,A,bleu,mercredi,809963,2024-09-18,13.45,0,
ETU-04061,2024-2025,mathematiques,20,f,Generale,Passable,lycee_prive,N,"5,7",15.0,90.1,31,24.1,88,4,13,12,9,10.43,7,3,3,3,3,C,rouge,jeudi,283845,12 Sep 2024,15.71,0,
ETU-04332,2024-2025,Psychologie,18,F,GEN,,lycee_public,0,26.0 km,,80.0,45,84.4,80,5,12,12,5,11.55,5,4,5,5,,C,bleu,vendredi,269181,20 Sep 2024,16.4,0,Engagement en ligne remarquable.
ETU-02520,2024-2025, Informatique ,18,F, pro,passable,lycee_public,non,,11.0,75.6,32,54.4,80,3,13,11,4,4.36,5,0,,4,,F,bleu,mercredi,457802,18/09/2024,5.8,1,
ETU-02947,2024-2025,LETTRES,23,F,techno,AB,lycee_public,1,28.8,7.0,81.5,29,19.4,62,1,11,11,3,7.56,6,2,4,5,2,C,gris,lundi,599150,2024-09-23,13.32,0,
ETU-01446,2024-2025,Psychologie,20,Femme,techno,ab,cfa,non,12.4 km,25.0,"86,1",45,49.0,86,0,11,10,5,15.17,6,6,4,5,4,F,gris,jeudi,567708,12/09/2024,18.0,0,
ETU-03686,2024-2025,LETTRES,20,Femme,TECHNO,B,lycee_public,non,"37,5",27.0,90.1,46,100.0,113,1,12,12,5,12.29,7,4,4,3,1,D,rouge,mercredi,976253,11/09/2024,17.75,0,Engagement en ligne remarquable.
ETU-03024,2024-2025, Informatique ,18,f,Général,passable,lycee_public,N,58.2,19.0,71.8,35,67.7,88,4,9,7,1,"7,76",6,3,4,2,2,A,bleu,vendredi,445522,20/09/2024,14.18,0,En difficulté sur les évaluations.
ETU-00125,2024-2025,INFORMATIQUE,21,f,GEN,tres bien,lycee_public,N,0.4 km,14.0,"81,1",36,67.5,64,6,11,7,6,14.43,5,5,2,3,3,F,bleu,mercredi,586570,2024-09-11,16.03,0,
ETU-00845,2024-2025,Gestion,20,M,Technologique,P,lycee_prive,Non,"29,4",27.0,67.9,,4.6,9,7,9,7,1,6.51,7,4,1,2,2,E,bleu,mardi,444081,24/09/2024,0.71,1,
ETU-01220,2024-2025, Psychologie ,23,f,général ,Très Bien,lycee_public,1,12.0,20.0,79.3,33,33.4,75,6,8,8,8,"12,31",6,5,4,3,5,C,vert,mercredi,283980,11/09/2024,15.05,0,Travail sérieux et régulier.
ETU-01945,2024-2025,Informatique,19,femme,général ,ab,lycee_public,1,7.9,,87.3%,34,64.8,86,3,9,7,7,10.67,6,3,4,3,,C,bleu,lundi,702980,2024-09-09,15.52,0,
ETU-04958,2024-2025,Droit,18,f,GEN,ab,lycee_public,0,9.0 km,17.0,76.3,35,73.9,64,1,8,7,3,14.14,5,5,4,5,3,G,rouge,mardi,699171,24/09/2024,17.68,0,
ETU-03027,2024-2025,Informatique,21,M,techno,Bien,lycee_public,0,52.6,0.0,"74,3",35,42.7,60,6,13,10,0,8.98,7,4,2,4,2,F,bleu,mardi,532337,17/09/2024,15.47,0,"Motivation en berne, à accompagner."
ETU-02363,2024-2025,Informatique,19,H,GEN,Bien,lycee_public,non,12.4,28.0,84.9,42,61.3,81,4,10,9,6,"5,43",6,2,4,4,4,G,jaune,jeudi,143735,12/09/2024,12.58,0,
ETU-03383,2024-2025,Mathematiques,24,F,Général,,lycee_prive,oui,,7.0,71.0,46,65.8,116,5,13,10,3,"13,1",6,4,2,4,2,F,vert,lundi,909812,2024-09-02,16.02,0,"Motivation en berne, à accompagner."
ETU-03495,2024-2025, Gestion ,23,Homme,techno,passable,autre,Oui,5.7,10.0,99.2,42,59.2,98,2,11,9,5,6.23,7,1,4,4,4,G,bleu,mardi,250348,2024-09-24,13.44,0,En difficulté sur les évaluations.
ETU-02383,2024-2025, STAPS ,17,f,techno,ab,cfa,Non,2.5,0.0,67.1,22,35.9,53,6,11,6,2,"6,22",7,2,1,4,3,F,vert,lundi,837802,23/09/2024,11.64,0,En difficulté sur les évaluations.
ETU-00983,2024-2025, Biologie ,20,H,général ,ab,lycee_public,non,70.4 km,,86.8,29,58.2,51,5,11,9,7,10.41,6,6,4,3,1,D,gris,lundi,516330,2024-09-02,15.0,0,Profil dans la moyenne.
ETU-03358,2024-2025,Biologie,18,H,Generale,B,cfa,O,"6,2",,70.0%,14,30.5,21,1,10,9,2,12.02,5,4,4,2,4,E,bleu,vendredi,388043,27 Sep 2024,16.04,0,
ETU-02810,2024-2025,Psychologie,20,Femme,general,Passable,lycee_public,0,"10,2",13.0,72.3,22,31.3,52,4,13,9,0,11.76,6,5,1,3,3,G,bleu,lundi,342302,2024-09-16,13.43,0,"Motivation en berne, à accompagner."
ETU-04587,2024-2025,Biologie,21,H,GEN,Passable,lycee_public,non,14.2,4.0,85.9%,22,33.7,30,6,12,9,1,16.45,6,5,5,4,4,D,jaune,jeudi,742706,2024-09-26,18.03,0,Travail sérieux et régulier.
ETU-00132,2024-2025,GESTION,18,F,techno,Bien,lycee_public,oui,"26,7",0.0,97.2,41,55.3,80,1,13,13,5,13.59,5,5,5,3,2,F,rouge,lundi,722481,02/09/2024,18.67,0,"Très bon investissement, en réussite."
ETU-01725,2024-2025,Informatique,22,Femme,général ,Passable,lycee_public,0,10.4 km,9.0,"82,7",44,84.6,72,1,12,12,7,"16,17",6,5,5,4,4,G,jaune,mardi,556543,2024-09-03,17.89,0,
ETU-04075,2024-2025,STAPS,18,H,techno,Passable,lycee_public,Oui,34.5 km,0.0,76.5,23,35.1,58,8,11,8,3,"7,54",6,4,1,3,1,H,rouge,jeudi,347675,19 Sep 2024,5.05,1,
ETU-04685,2024-2025,Mathematiques,18,femme,techno,P,lycee_public,non,14.5,17.0,77.2,31,28.0,82,3,11,10,4,7.82,6,1,5,4,2,F,vert,mardi,384776,24/09/2024,14.87,0,Résultats fragiles aux partiels.
ETU-00056,2024-2025,Psychologie,18,Femme,Technologique,P,lycee_public,1,22.8,15.0,78.1%,27,26.8,57,5,12,11,3,"11,04",6,5,4,5,3,B,vert,vendredi,133658,2024-09-06,15.79,0,
ETU-01793,2024-2025, Biologie ,20,h,GEN,Passable,lycee_public,N,4.0,14.0,66.3%,18,25.9,56,8,9,8,0,,6,3,2,4,4,G,rouge,lundi,246868,16 Sep 2024,3.78,1,"Rendus souvent en retard, à relancer."
ETU-03227,2024-2025, Lettres ,19,Homme,general,passable,lycee_prive,Non,0.8,,57.9,6,9.7,11,5,9,5,0,10.42,5,3,1,1,3,E,gris,mardi,175696,2024-09-10,4.53,1,
ETU-04966,2024-2025,Informatique,20,f,TECHNO,tres bien,lycee_public,1,13.4,28.0,62.9,13,12.0,19,7,13,7,0,9.91,7,5,2,4,1,D,rouge,mercredi,977763,18 Sep 2024,1.87,1,Semble peu engagé dans la formation.
ETU-03252,2024-2025,Biologie,19,Femme,général ,P,autre,0,"10,3",13.0,88.5,23,33.4,50,6,8,7,6,12.01,5,2,1,3,3,G,vert,jeudi,717016,2024-09-26,9.09,1,Semble peu engagé dans la formation.
ETU-04242,2024-2025,Informatique,18,f,GEN,AB,,O,1.9 km,16.0,84.1,15,18.8,35,4,8,5,3,11.13,7,4,3,4,2,G,rouge,lundi,837339,09 Sep 2024,7.63,1,RAS.
ETU-04912,2024-2025,psychologie,21,Homme,GEN,passable,lycee_public,non,"35,5",,99.4,47,71.2,78,1,10,10,2,"15,94",5,5,5,3,4,E,gris,vendredi,608752,27/09/2024,19.35,0,Étudiant assidu et investi.
ETU-01054,2024-2025,informatique,25,f,Technologique,AB,lycee_public,N,14.4 km,22.0,77.7,8,7.5,7,4,9,4,0,7.88,6,4,1,2,,G,rouge,lundi,264150,02/09/2024,1.96,1,
ETU-01362,2024-2025,INFORMATIQUE,22,M,pro,AB,lycee_public,1,11.0,,62.9,9,10.1,36,5,11,5,0,"6,44",6,2,1,2,2,B,jaune,vendredi,824753,2024-09-27,1.89,1,Résultats fragiles aux partiels.
ETU-00198,2024-2025,Psychologie,19,F,général ,passable,lycee_prive,0,"13,5",10.0,87.4,20,31.8,39,6,11,8,2,7.96,7,4,3,4,3,F,gris,mercredi,694738,18 Sep 2024,13.76,0,
ETU-01573,2024-2025,Droit,20,F,Generale,passable,lycee_public,O,"22,6",0.0,75.3%,3,3.0,7,7,12,7,0,11.86,6,3,3,2,2,H,gris,vendredi,853926,2024-09-06,6.1,1,Peu actif sur la plateforme.
ETU-02135,2024-2025, Biologie ,18,h,général ,AB,lycee_public,oui,29.0,0.0,70.1%,19,25.9,30,5,13,8,0,13.01,5,5,2,,2,D,jaune,vendredi,832543,20/09/2024,14.68,0,
ETU-03599,2024-2025,PSYCHOLOGIE,19,F,general,P,lycee_prive,1,"26,7",,98.3,46,70.8,95,2,8,7,5,14.57,7,7,5,,2,A,jaune,lundi,807845,23/09/2024,18.9,0,
ETU-01791,2024-2025,droit,18,Homme,Général,passable,lycee_public,non,"13,9",5.0,"80,0",20,26.8,47,7,8,7,8,10.81,5,4,3,3,,E,bleu,mercredi,149395,2024-09-25,14.53,0,Suivi sans particularité.
ETU-04482,2024-2025,Psychologie,19,Homme,général ,Très Bien,autre,O,"64,1",16.0,"72,7",8,3.7,18,3,8,5,2,13.88,5,5,5,2,1,F,gris,mardi,677815,17 Sep 2024,15.43,0,Peu actif sur la plateforme.
ETU-04365,2024-2025,Lettres,17,Femme,general,passable,lycee_public,Oui,6.4,13.0,95.9,46,58.7,117,2,8,8,7,13.96,5,5,4,5,5,E,vert,mercredi,712865,2024-09-25,18.91,0,
ETU-00407,2024-2025,Lettres,19,H,techno,Bien,,non,14.9,0.0,"91,2",55,112.8,140,0,13,12,5,14.45,5,5,5,4,4,C,vert,mercredi,186316,18 Sep 2024,18.67,0,
ETU-03927,2024-2025,INFORMATIQUE,21,Femme,pro,passable,lycee_public,non,12.1,14.0,91.0%,18,33.1,35,6,8,6,0,6.82,5,3,4,2,3,H,rouge,vendredi,832132,2024-09-06,11.11,0,Résultats fragiles aux partiels.
ETU-00881,2024-2025,Droit,20,Homme,general,Passable,lycee_public,O,"0,3",3.0,70.3,16,30.4,36,6,8,6,1,12.61,6,6,3,,3,D,jaune,mardi,132320,10/09/2024,15.34,0,
ETU-01764,2024-2025,Lettres,18,f, pro,Assez Bien,lycee_public,non,,16.0,"67,5",34,60.1,86,7,9,7,1,"8,94",6,4,2,2,2,H,gris,mardi,786593,24 Sep 2024,13.21,0,
ETU-00148,2024-2025,droit,19,Homme,general,passable,lycee_public,oui,"2,9",7.0,99.3,67,67.6,144,0,13,13,8,"16,65",6,3,5,,5,D,vert,vendredi,491550,27 Sep 2024,19.72,0,Étudiant assidu et investi.
ETU-01257,2024-2025,psychologie,21,Homme,Generale,passable,cfa,N,"2,4",0.0,82.0%,41,52.1,72,3,10,7,0,"8,58",6,5,5,4,5,C,rouge,lundi,228714,09/09/2024,13.58,0,
ETU-00330,2024-2025,Droit,18,F, pro,,lycee_public,N,20.8 km,7.0,59.6,4,2.4,25,6,10,6,0,"4,1",6,2,2,3,2,A,jaune,mercredi,448497,04 Sep 2024,2.49,1,En difficulté sur les évaluations.
ETU-00981,2024-2025,Informatique,21,F,GEN,AB,cfa,non,"12,5",0.0,84.4,39,36.5,92,1,11,10,4,,6,6,4,5,3,F,jaune,vendredi,531983,13/09/2024,16.76,0,"Bon semestre, résultats solides."
ETU-04873,2024-2025,lettres,18,h,général ,AB,lycee_prive,O,7.5,3.0,88.4%,34,47.8,78,4,8,8,4,13.94,6,3,3,2,4,F,jaune,mardi,659934,24 Sep 2024,17.73,0,
ETU-00879,2024-2025,Gestion,19,F,Generale,passable,lycee_public,N,6.4,5.0,68.9,25,44.3,56,6,9,6,0,7.15,6,3,4,2,5,G,rouge,lundi,927815,09/09/2024,12.85,0,En difficulté sur les évaluations.
ETU-03491,2024-2025,informatique,17,Femme,Generale,Bien,lycee_public,N,15.0,,67.0,18,23.0,47,5,8,5,0,8.73,7,5,1,2,2,D,gris,jeudi,397487,2024-09-05,4.83,1,Semble peu engagé dans la formation.
ETU-04703,2024-2025,informatique,17,F,techno,Bien,lycee_public,Oui,"10,9",0.0,75.2,28,48.3,61,5,8,6,0,14.47,6,4,4,4,4,B,vert,lundi,293289,09 Sep 2024,16.41,0,Travail sérieux et régulier.
ETU-02047,2024-2025,Lettres,21,H,Professionnel,Assez Bien,lycee_public,N,3.4 km,11.0,82.7,52,59.7,108,3,13,11,2,13.1,6,6,5,4,4,H,gris,vendredi,131474,27/09/2024,17.82,0,Engagement en ligne remarquable.
ETU-01588,2024-2025, Gestion ,22,M,TECHNO,passable,lycee_public,0,6.9 km,21.0,95.9,42,87.2,124,4,9,8,6,0.0,6,0,3,3,5,H,rouge,jeudi,634030,26 Sep 2024,2.39,1,
ETU-01859,2024-2025,Gestion,20,Femme,Général,P,lycee_public,0,"5,7",0.0,79.8,36,50.2,91,4,13,9,3,11.01,5,5,2,2,4,F,bleu,mardi,561190,10/09/2024,15.62,0,
ETU-05060,2024-2025,GESTION,20,H,techno,AB,lycee_public,non,0.7,18.0,77.6,34,58.8,94,4,8,8,4,"11,94",7,7,4,3,3,C,gris,jeudi,213387,2024-09-26,17.25,0,
ETU-02195,2024-2025,Gestion,20,Femme,GEN,Passable,lycee_public,Non,"26,2",0.0,59.4,11,17.7,18,7,9,7,2,7.67,6,4,1,2,2,A,vert,vendredi,628161,2024-09-06,2.62,1,
ETU-02260,2024-2025,droit,21,h,Generale,ab,lycee_public,O,15.9,0.0,52.0,21,24.3,38,4,12,8,1,"11,42",6,5,3,1,3,E,gris,jeudi,448251,26/09/2024,6.51,1,
ETU-05034,2024-2025,Mathematiques,19,Homme,général ,passable,autre,N,5.6,0.0,49.7%,0,0.0,0,8,13,8,0,,5,3,3,3,3,G,gris,mardi,411005,24/09/2024,8.56,1,Forte baisse d'assiduité ce semestre.
ETU-00108,2024-2025,Psychologie,19,h,pro,tres bien,lycee_prive,non,27.8,0.0,"88,8",40,57.6,74,5,8,7,4,12.16,7,6,4,1,3,A,bleu,mercredi,630356,2024-09-04,16.8,0,
ETU-02585,2024-2025,Droit,21,F,general,P,lycee_prive,1,0.9,,"71,1",7,13.0,9,2,11,7,3,11.87,5,2,5,5,3,E,bleu,mercredi,307421,04/09/2024,8.54,1,Peu actif sur la plateforme.
ETU-01932,2024-2025,Psychologie,19,f,général ,ab,lycee_public,Non,"10,9",0.0,71.8%,35,49.4,94,5,11,11,6,11.64,5,5,4,4,5,G,vert,vendredi,653590,2024-09-20,15.49,0,
ETU-05151,2024-2025,BIOLOGIE,23,Femme,Generale,ab,lycee_public,Non,1.4,19.0,63.6,32,25.1,49,7,9,8,8,"11,62",7,6,2,4,4,D,jaune,vendredi,954442,13/09/2024,14.89,0,"Motivation en berne, à accompagner."
ETU-03991,2024-2025,STAPS,20,h,Général,P,lycee_public,Non,0.9 km,0.0,68.0,29,39.4,70,7,10,7,0,"9,94",7,1,2,2,4,E,gris,jeudi,396998,26/09/2024,12.32,0,"Motivation en berne, à accompagner."
ETU-03388,2024-2025,gestion,18,M,techno,Assez Bien,lycee_prive,0,"2,9",26.0,50.5%,,0.0,0,6,11,6,0,8.42,5,2,2,1,1,D,jaune,vendredi,250188,2024-09-06,3.15,1,Forte baisse d'assiduité ce semestre.
ETU-04257,2024-2025,Biologie,17,f,Technologique,AB,lycee_public,0,26.2,26.0,77.6,26,45.7,57,5,10,7,5,8.76,6,3,3,2,3,B,gris,vendredi,117200,13 Sep 2024,11.66,0,
ETU-01845,2024-2025,Droit,17,Femme,Generale,AB,lycee_public,1,12.6,5.0,72.4,33,49.0,85,2,13,13,7,"16,74",5,5,4,4,5,D,gris,vendredi,368647,2024-09-06,19.44,0,
ETU-00304,2024-2025,Psychologie,19,f,general,Assez Bien,lycee_public,Non,9.6,0.0,81.5,27,52.4,47,5,11,10,5,"11,89",7,7,5,4,4,A,vert,vendredi,897846,13/09/2024,15.9,0,
ETU-02707,2024-2025,Droit,20,f,Général,Assez Bien,lycee_public,oui,1.1,11.0,"85,3",18,26.2,50,3,9,8,2,13.91,7,7,4,3,3,A,gris,jeudi,157685,12/09/2024,16.1,0,Travail sérieux et régulier.
ETU-03579,2024-2025,STAPS,21,femme, pro,TB,lycee_prive,Oui,26.3 km,8.0,49.1%,4,8.3,12,5,8,5,0,7.86,5,3,2,1,2,A,gris,mardi,663854,10/09/2024,1.78,1,
ETU-01585,2024-2025,psychologie,19,F,general,Très Bien,lycee_public,Oui,"2,0",0.0,63.5,16,18.3,20,5,13,8,0,13.68,5,4,3,1,2,F,gris,jeudi,331687,2024-09-12,8.14,1,Suivi sans particularité.
ETU-04537,2024-2025,Biologie,17,Femme,pro,passable,lycee_public,O,"22,5",10.0,65.6,15,21.6,34,6,12,7,0,6.12,7,4,1,2,,D,jaune,jeudi,665564,05/09/2024,1.67,1,
ETU-01498,2024-2025,Gestion,17,f,general,P,lycee_public,N,"4,9",12.0,74.3%,42,54.9,68,3,10,8,0,17.28,6,5,5,4,3,C,gris,vendredi,411476,06 Sep 2024,19.14,0,
ETU-03248,2024-2025,Biologie,19,M,general,Passable,lycee_public,non,36.0,,94.2,44,48.1,74,3,10,9,7,"17,88",7,6,5,3,4,A,bleu,mercredi,613781,2024-09-25,19.01,0,
ETU-01246,2024-2025,psychologie,20,H,GEN,B,,Oui,,12.0,91.2,60,95.9,110,0,10,10,6,"12,73",6,4,5,5,5,B,vert,mardi,971766,10/09/2024,18.81,0,Engagement en ligne remarquable.
ETU-04910,2024-2025,Droit,19,H,Général,Passable,lycee_public,1,6.7,,85.5,27,43.4,76,4,12,11,4,"14,02",5,3,2,4,4,H,vert,vendredi,133155,20 Sep 2024,17.59,0,"Motivation en berne, à accompagner."
ETU-01624,2024-2025,STAPS,22,M,général ,P,autre,O,,0.0,82.9%,42,72.9,112,4,11,10,7,"13,92",6,5,3,5,2,G,bleu,lundi,913006,09 Sep 2024,17.32,0,Très actif sur la plateforme.
ETU-00725,2024-2025,Lettres,19,F,général ,Passable,cfa,1,15.1,7.0,73.0,25,40.6,69,6,11,7,2,13.0,5,3,5,4,2,D,vert,mardi,987434,2024-09-17,8.8,1,
ETU-02113,2024-2025,Biologie,22,f,Technologique,ab,lycee_public,O,"20,4",10.0,61.2,15,15.4,28,5,8,5,2,13.05,5,5,2,2,3,B,bleu,jeudi,693826,2024-09-05,14.34,0,Semble peu engagé dans la formation.
ETU-00220,2024-2025,Gestion,18,M,TECHNO,Passable,lycee_prive,O,"20,8",11.0,86.1,38,56.6,80,6,10,8,1,7.44,6,2,2,3,3,E,gris,mardi,600518,03/09/2024,11.46,0,
ETU-04446,2024-2025,STAPS,17,f,techno,Assez Bien,lycee_public,Oui,22.4 km,15.0,81.7,26,51.2,33,2,8,5,2,9.92,6,1,2,3,,F,gris,mercredi,191966,11 Sep 2024,15.57,0,
ETU-01878,2024-2025, Psychologie ,24,Femme,TECHNO,passable,lycee_public,N,14.2,10.0,"92,2",35,40.0,82,3,10,10,9,9.78,6,5,4,5,4,E,rouge,vendredi,361544,13 Sep 2024,16.58,0,RAS.
ETU-00607,2024-2025,Droit,21,F,GEN,AB,cfa,0,4.8,22.0,72.7,35,55.8,96,2,11,9,1,14.99,6,6,2,3,2,B,jaune,vendredi,868107,2024-09-20,16.89,0,
ETU-02384,2024-2025,Psychologie,18,Femme,GEN,AB,lycee_prive,O,30.5,0.0,"84,9",24,25.5,37,3,11,9,5,"17,81",5,3,4,3,3,C,vert,vendredi,296385,20 Sep 2024,18.93,0,Travail sérieux et régulier.
ETU-00514,2024-2025,Gestion,19,femme,Général,P,lycee_public,N,15.2,0.0,77.4,19,25.5,35,4,10,8,7,15.96,6,6,4,4,4,C,gris,jeudi,450817,2024-09-05,17.89,0,
ETU-03009,2024-2025, Biologie ,19,h, pro,Très Bien,lycee_public,Oui,34.1,0.0,84.9,37,33.0,87,2,12,9,2,"15,04",7,6,4,5,2,G,gris,jeudi,855229,05 Sep 2024,17.79,0,
ETU-01360,2024-2025, Gestion ,19,Femme,GEN,,lycee_public,non,"5,6",20.0,"72,7",34,41.2,63,4,12,9,0,9.78,5,3,3,4,4,E,bleu,vendredi,947623,2024-09-13,6.37,1,
ETU-00882,2024-2025,STAPS,22,femme,Technologique,tres bien,lycee_public,non,1.9,0.0,82.7%,14,21.2,34,3,8,6,3,9.04,5,4,3,5,3,D,bleu,mercredi,281811,11/09/2024,15.5,0,
ETU-04086,2024-2025, Droit ,19,F,GEN,passable,,Non,22.5,16.0,86.7,37,25.7,68,0,12,11,5,"8,26",7,1,4,2,2,C,rouge,mercredi,793312,18/09/2024,16.27,0,
ETU-02314,2024-2025,STAPS,20,Homme,general,Bien,cfa,O,5.3,7.0,99.0,42,64.1,69,1,12,11,9,"13,21",7,5,5,5,5,C,jaune,lundi,880025,23 Sep 2024,17.12,0,
ETU-05042,2024-2025,Droit,18,H,TECHNO,B,lycee_public,O,6.4,27.0,"83,2",29,43.2,74,6,9,8,0,"10,4",7,5,3,5,3,B,rouge,vendredi,546731,27/09/2024,14.07,0,RAS.
ETU-00136,2024-2025,Gestion,17,Homme,général ,passable,cfa,1,8.9 km,0.0,89.0%,41,55.2,78,2,8,7,7,13.45,5,5,4,,5,H,vert,lundi,170060,2024-09-02,18.9,0,
ETU-02569,2024-2025,gestion,17,femme,Technologique,P,lycee_prive,Oui,3.4,14.0,86.5,37,65.9,81,3,9,8,2,12.03,6,4,3,3,2,H,vert,jeudi,720164,2024-09-26,16.72,0,Travail sérieux et régulier.
ETU-01073,2024-2025,Informatique,19,f,Général,Assez Bien,lycee_public,0,,15.0,78.9,22,44.7,56,4,12,9,2,11.72,6,6,4,3,2,G,bleu,vendredi,897203,2024-09-20,16.07,0,RAS.
ETU-04872,2024-2025,LETTRES,20,f,TECHNO,B,lycee_public,N,"14,6",0.0,91.4%,40,47.3,100,4,11,11,7,12.94,6,5,4,3,,C,gris,mercredi,219689,2024-09-25,17.38,0,Travail sérieux et régulier.
ETU-04473,2024-2025,STAPS,24,f,Général,P,lycee_public,oui,1.4,8.0,"92,7",32,62.2,60,3,11,9,4,13.27,5,3,4,4,3,C,rouge,lundi,492373,02 Sep 2024,17.37,0,
ETU-01063,2024-2025,biologie,18,f,Général,,lycee_public,non,8.7,0.0,84.8%,24,42.2,70,7,9,7,4,"7,46",6,3,2,4,3,G,vert,lundi,641327,16 Sep 2024,11.73,0,Résultats fragiles aux partiels.
ETU-05109,2024-2025, Droit ,19,Femme,Professionnel,Assez Bien,autre,O,26.2,0.0,97.4,36,30.4,97,1,10,8,2,10.58,6,2,4,3,5,E,vert,vendredi,226258,20 Sep 2024,16.8,0,Suivi sans particularité.
ETU-00798,2024-2025,PSYCHOLOGIE,22,H,general,Bien,lycee_public,Non,0.0,10.0,86.4,18,44.4,54,3,8,6,3,13.26,7,6,4,3,3,H,rouge,vendredi,798035,2024-09-27,16.94,0,"Bon semestre, résultats solides."
ETU-01772,2024-2025,BIOLOGIE,20,Femme, pro,Très Bien,lycee_public,N,3.4 km,5.0,98.0,,111.3,155,1,9,9,12,13.82,5,5,5,5,,C,rouge,mercredi,674141,2024-09-25,18.78,0,
ETU-02245,2024-2025,gestion,21,M,general,passable,lycee_prive,O,"1,8",0.0,79.4,19,34.1,39,6,10,8,3,8.45,5,1,5,3,2,H,rouge,lundi,443050,09/09/2024,13.66,0,
ETU-05139,2024-2025,STAPS,18,M,TECHNO,passable,lycee_prive,N,3.9,22.0,96.0,34,30.5,68,4,11,9,4,11.12,7,4,3,3,4,B,gris,lundi,979502,2024-09-16,16.35,0,RAS.
ETU-01884,2024-2025,Lettres,20,F,techno,AB,lycee_prive,non,56.9,6.0,94.1%,45,71.6,107,2,11,11,3,"12,29",6,5,5,,2,B,jaune,vendredi,172649,2024-09-06,17.56,0,
ETU-01399,2024-2025,lettres,21,femme,Technologique,TB,,non,15.3,13.0,71.5,21,28.1,59,6,12,11,2,"10,24",5,3,3,4,3,F,gris,lundi,899779,16 Sep 2024,15.52,0,RAS.
ETU-02066,2024-2025,Psychologie,19,femme,Technologique,B,autre,N,5.1,23.0,"81,3",24,25.0,41,6,10,8,3,"10,63",6,2,,5,4,A,jaune,jeudi,864250,2024-09-12,13.98,0,Profil dans la moyenne.
ETU-04381,2024-2025,Gestion,24,Femme,Technologique,ab,lycee_public,O,35.7,,"94,5",32,49.5,68,6,8,7,6,9.94,5,1,3,3,5,E,jaune,mercredi,454866,2024-09-18,15.7,0,RAS.
ETU-02497,2024-2025,PSYCHOLOGIE,19,Homme,general,B,cfa,0,1.1,19.0,72.8,22,42.8,66,6,9,6,3,12.04,6,4,3,3,3,A,gris,mercredi,774395,2024-09-18,5.34,1,
ETU-00802,2024-2025,INFORMATIQUE,18,f,Technologique,passable,,Oui,22.0,0.0,81.4,42,69.3,101,2,8,5,1,"8,85",5,3,3,2,4,B,gris,lundi,549392,2024-09-09,14.33,0,Très actif sur la plateforme.
ETU-01976,2024-2025,Gestion,21,femme,TECHNO,B,lycee_public,non,13.5,21.0,73.0,28,46.4,60,3,11,8,1,8.7,6,1,3,2,1,A,vert,lundi,365355,09/09/2024,13.48,0,RAS.
ETU-01755,2024-2025,GESTION,22,h,TECHNO,Assez Bien,lycee_public,Oui,2.3,0.0,85.2,32,45.0,78,3,13,11,7,"9,22",5,3,2,3,3,E,rouge,mardi,908067,2024-09-17,13.42,0,
ETU-01440,2024-2025,Lettres,22,femme,GEN,AB,lycee_public,1,38.7 km,8.0,"42,5",0,0.0,0,1,9,1,0,7.63,5,3,1,,1,A,jaune,mercredi,361116,18 Sep 2024,1.02,1,Forte baisse d'assiduité ce semestre.
ETU-03761,2024-2025,Mathematiques,18,Femme,general,Bien,cfa,0,"90,4",0.0,72.6,27,49.4,29,7,8,7,1,14.31,7,7,4,3,2,C,jaune,mardi,190929,03/09/2024,16.58,0,Suivi sans particularité.
ETU-03011,2024-2025,STAPS,25,h,general,Passable,lycee_public,non,"0,6",8.0,76.2%,38,33.8,71,2,11,6,0,13.03,5,4,3,4,3,C,jaune,mardi,142215,03 Sep 2024,9.31,1,
ETU-00131,2024-2025,Informatique,19,f,Generale,B,,N,9.3,21.0,85.4,43,91.2,121,2,11,11,5,19.1,6,5,5,,5,H,rouge,mardi,624471,17/09/2024,19.5,0,
ETU-03713,2024-2025, Mathematiques ,19,Homme,général ,AB,lycee_public,Non,5.5,3.0,87.3,43,56.4,97,2,12,12,4,12.46,5,5,5,4,5,F,gris,mercredi,784048,25/09/2024,18.27,0,Très actif sur la plateforme.
ETU-01629,2024-2025,Droit,20,Homme,Général,passable,autre,O,5.3,13.0,70.5,32,36.6,76,7,9,7,2,7.3,6,3,,,3,A,bleu,jeudi,386982,12/09/2024,6.25,1,Résultats fragiles aux partiels.
ETU-01543,2024-2025,Informatique,20,f,Professionnel,P,lycee_public,Non,2.2,8.0,"67,9",19,28.3,21,7,13,9,2,13.77,6,3,2,2,2,F,jaune,lundi,497676,2024-09-09,7.46,1,
ETU-05024,2024-2025, Lettres ,18,Femme,TECHNO,AB,lycee_prive,non,,0.0,98.9%,59,112.1,150,0,13,13,7,16.06,5,5,5,5,2,D,vert,jeudi,671344,05 Sep 2024,19.22,0,"Très bon investissement, en réussite."
ETU-01847,2024-2025,Mathematiques,20,f,Generale,passable,lycee_public,non,1.7,7.0,"60,7",17,32.1,33,6,13,7,0,11.12,6,1,2,1,4,G,bleu,lundi,393785,16/09/2024,7.43,1,"Motivation en berne, à accompagner."
ETU-01646,2024-2025,Psychologie,20,M,Général,AB,lycee_public,non,32.6,10.0,61.4%,24,39.1,72,2,8,6,1,15.09,5,4,3,2,,B,gris,lundi,376624,02 Sep 2024,16.38,0,
ETU-03922,2024-2025,Psychologie,19,femme,TECHNO,B,cfa,oui,3.6,7.0,"73,4",18,15.5,32,5,12,9,2,"9,16",5,2,1,1,3,E,vert,lundi,229616,2024-09-09,11.9,0,"Motivation en berne, à accompagner."
ETU-04015,2024-2025,staps,20,f,Technologique,passable,lycee_public,Non,3.4,8.0,81.6,41,42.6,72,3,10,9,4,8.83,6,4,3,4,4,D,vert,mardi,669970,10/09/2024,13.33,0,
ETU-00936,2024-2025,Informatique,21,h,général ,P,lycee_public,Oui,15.5,8.0,83.1,39,55.2,85,2,11,10,2,12.36,6,6,4,4,2,D,gris,jeudi,167471,05 Sep 2024,15.72,0,
ETU-05191,2024-2025, Psychologie ,20,f,GEN,Passable,lycee_public,N,25.6,17.0,76.6,45,69.5,74,3,10,9,6,16.13,6,3,3,4,3,H,jaune,jeudi,985913,12/09/2024,18.51,0,
ETU-03568,2024-2025,Droit,18,h, pro,Assez Bien,lycee_public,non,"0,7",11.0,74.9%,22,44.4,57,2,10,8,3,13.3,7,3,2,3,3,H,gris,mardi,730372,10/09/2024,17.38,0,
ETU-02472,2024-2025, Informatique ,19,f,Professionnel,P,lycee_prive,0,1.3,,68.4%,22,44.8,65,4,12,8,2,"10,06",6,4,2,4,3,F,rouge,lundi,467104,2024-09-23,13.64,0,"Motivation en berne, à accompagner."
ETU-01497,2024-2025,droit,20,M,general,passable,lycee_public,non,4.9 km,16.0,70.1,9,15.9,31,5,11,10,2,6.32,5,3,3,3,2,A,bleu,jeudi,157916,2024-09-19,3.0,1,
ETU-00111,2024-2025,Gestion,20,f,Général,Bien,lycee_public,N,"16,3",,84.7%,42,61.3,89,3,13,11,3,16.6,7,6,3,4,5,E,rouge,vendredi,495924,06 Sep 2024,19.26,0,
ETU-02665,2024-2025,Psychologie,19,M,TECHNO,Bien,lycee_public,0,"3,9",9.0,50.7,2,1.0,4,5,8,5,0,"9,21",7,4,2,3,1,G,jaune,lundi,209430,02/09/2024,3.32,1,"Absences répétées, situation préoccupante."
ETU-02297,2024-2025, Lettres ,25,h,GEN,Bien,lycee_public,O,5.5,,"83,4",22,19.8,37,4,13,11,4,"11,27",6,2,4,5,5,C,jaune,mercredi,550371,11 Sep 2024,14.43,0,
ETU-04175,2024-2025,staps,20,Femme,general,passable,lycee_public,Oui,12.8,0.0,"73,6",33,54.1,83,5,10,8,4,"10,31",7,7,,,3,F,bleu,mardi,338084,2024-09-10,15.67,0,Suivi sans particularité.
ETU-00682,2024-2025, Droit ,21,h,general,passable,cfa,non,0.8,0.0,"70,7",12,15.1,30,7,8,7,3,6.27,7,4,2,,1,D,rouge,mercredi,343021,11/09/2024,2.93,1,Résultats fragiles aux partiels.
ETU-01634,2024-2025,Biologie,19,Femme,GEN,ab,lycee_public,Non,,11.0,89.4%,53,116.9,134,3,9,7,9,10.89,7,7,4,4,3,G,gris,vendredi,696689,2024-09-20,17.26,0,
ETU-00319,2024-2025,STAPS,22,Femme,TECHNO,P,lycee_public,0,,13.0,84.8%,29,52.0,51,4,12,8,4,11.39,6,3,4,4,1,B,jaune,mercredi,839784,2024-09-04,14.42,0,
ETU-00826,2024-2025,PSYCHOLOGIE,20,M,general,,lycee_prive,1,28.8,8.0,"86,8",40,75.6,70,7,8,7,5,11.55,6,2,4,5,4,A,rouge,lundi,769362,09 Sep 2024,15.7,0,
ETU-03076,2024-2025,staps,18,F,general,Passable,lycee_public,1,,0.0,"87,8",29,34.8,77,1,9,7,6,13.68,6,5,4,3,5,F,bleu,vendredi,354453,2024-09-20,17.2,0,
ETU-03785,2024-2025, Informatique ,24,F,Generale,AB,lycee_public,non,4.4,9.0,73.9%,25,31.2,71,6,10,7,0,12.24,5,3,2,4,2,G,gris,lundi,409729,2024-09-09,14.55,0,"Motivation en berne, à accompagner."
ETU-03682,2024-2025,lettres,21,F,Technologique,Bien,lycee_public,oui,52.2 km,26.0,"98,5",61,83.9,91,4,11,10,5,13.75,6,3,5,3,5,H,rouge,vendredi,299712,2024-09-06,18.26,0,"Très bon investissement, en réussite."
ETU-03296,2024-2025, Biologie ,21,H,PRO,,lycee_public,non,1.0 km,,68.7%,15,28.9,3,5,8,5,1,"12,14",6,6,,3,3,D,gris,mardi,202060,24/09/2024,14.5,0,
ETU-01241,2024-2025, Gestion ,22,h,Général,B,lycee_public,N,51.3,,84.2,35,58.1,96,3,12,10,5,14.98,5,5,3,3,2,F,rouge,jeudi,227205,12/09/2024,18.31,0,
ETU-04903,2024-2025,informatique,20,F,Technologique,TB,cfa,Oui,2.9,0.0,61.8,17,34.9,49,5,11,5,0,11.73,6,1,2,4,3,G,rouge,mercredi,679422,18/09/2024,7.2,1,
ETU-00232,2024-2025,droit,18,f,Technologique,ab,lycee_prive,Non,17.3,17.0,90.5%,19,36.6,34,3,10,8,4,10.4,7,5,4,5,2,A,vert,mercredi,231584,18/09/2024,14.15,0,
ETU-04289,2024-2025,Gestion,19,femme,general,AB,lycee_public,non,4.8,15.0,"53,7",25,56.6,73,8,13,11,0,6.21,6,0,1,4,1,H,jaune,mercredi,512581,2024-09-04,1.95,1,"Absences répétées, situation préoccupante."
ETU-01414,2024-2025,STAPS,22,H,Général,ab,lycee_public,N,8.3,13.0,"99,5",39,35.2,93,0,11,11,10,14.39,6,4,4,4,,D,rouge,jeudi,926869,26/09/2024,18.59,0,
ETU-03598,2024-2025,INFORMATIQUE,18,femme,GEN,ab,lycee_public,oui,0.3,8.0,79.6%,31,41.7,62,1,11,11,2,15.16,6,5,5,5,3,B,jaune,jeudi,947962,05 Sep 2024,18.63,0,Travail sérieux et régulier.
ETU-00178,2024-2025,Droit,20,femme,general,B,lycee_public,non,60.3,0.0,90.5,,26.3,31,3,11,9,1,14.41,7,3,4,,,C,bleu,mercredi,633677,25 Sep 2024,16.42,0,"Bon semestre, résultats solides."
ETU-02016,2024-2025,Mathematiques,20,F,Generale,P,lycee_prive,Non,26.4,19.0,82.0,24,37.0,57,2,13,12,1,"13,16",6,2,2,3,3,B,gris,mercredi,376114,2024-09-25,15.28,0,Semble peu engagé dans la formation.
ETU-05087,2024-2025, Droit ,19,F,general,B,lycee_public,Non,"8,0",17.0,92.6,39,40.1,80,0,8,8,7,16.65,5,4,,4,3,B,rouge,vendredi,650192,27/09/2024,19.1,0,
ETU-00573,2024-2025,Mathematiques,20,Homme,Technologique,TB,lycee_public,N,7.7,12.0,82.3%,38,40.6,81,2,11,11,7,"12,99",7,5,5,4,4,H,jaune,mardi,179870,03 Sep 2024,17.43,0,
ETU-04844,2024-2025,Droit,20,M,Général,Assez Bien,autre,1,11.7,18.0,83.3,14,22.2,26,2,8,7,1,"11,7",7,5,3,3,2,A,rouge,mardi,102266,2024-09-17,8.04,1,Suivi sans particularité.
ETU-02831,2024-2025,PSYCHOLOGIE,19,h,général ,B,lycee_prive,Oui,0.5,0.0,"77,4",42,25.8,119,2,11,8,3,11.35,6,5,4,2,2,D,jaune,lundi,128403,02/09/2024,15.59,0,Engagement en ligne remarquable.
ETU-02940,2024-2025,Gestion,18,Homme,techno,passable,lycee_public,1,8.7,0.0,80.7%,31,33.7,70,1,9,7,2,"10,21",6,4,,4,1,D,vert,vendredi,152243,06 Sep 2024,14.05,0,
ETU-00918,2024-2025,Droit,21,femme,général ,Assez Bien,lycee_prive,Non,"14,1",,"80,7",33,81.1,82,6,12,10,0,11.68,5,4,4,3,2,C,gris,mercredi,365406,25 Sep 2024,16.4,0,RAS.
ETU-02351,2024-2025,Mathematiques,21,F,GEN,B,cfa,Non,15.3 km,0.0,84.2,30,60.4,56,2,10,8,0,12.59,5,4,4,3,2,B,gris,mardi,444582,2024-09-17,15.53,0,"Bon semestre, résultats solides."
ETU-02661,2024-2025,Informatique,17,Femme,GEN,P,lycee_prive,N,"34,3",11.0,98.9%,38,67.4,56,5,9,8,4,,7,5,4,2,3,C,gris,mardi,907138,2024-09-03,14.24,0,RAS.
ETU-02395,2024-2025,STAPS,18,f,TECHNO,ab,lycee_public,Non,9.6,10.0,81.2%,32,71.1,59,4,9,8,2,5.18,7,3,3,3,1,A,jaune,jeudi,844032,26 Sep 2024,12.33,0,Résultats fragiles aux partiels.
ETU-05144,2024-2025,Droit,22,F,GEN,passable,lycee_public,N,21.0,18.0,86.2%,43,79.4,116,0,8,8,6,13.31,6,6,3,2,4,H,vert,jeudi,480420,26 Sep 2024,17.48,0,
ETU-04103,2024-2025,mathematiques,18,f,Général,passable,lycee_public,Oui,,22.0,86.9,46,54.2,82,3,12,10,3,9.08,6,4,4,4,1,G,jaune,lundi,484734,16 Sep 2024,14.32,0,Engagement en ligne remarquable.
ETU-04643,2024-2025,Lettres,22,h,Technologique,passable,lycee_public,N,2.6,10.0,87.5,31,51.0,73,4,10,9,7,"9,71",6,5,3,4,3,F,gris,jeudi,489413,19/09/2024,14.86,0,
ETU-03222,2024-2025, Gestion ,20,H,TECHNO,AB,lycee_prive,0,,7.0,63.4,13,12.9,30,8,12,9,0,8.87,6,5,2,3,3,C,vert,mardi,211518,03 Sep 2024,3.81,1,
ETU-03532,2024-2025,Droit,19,M,general,P,lycee_prive,oui,22.9,,52.2,19,37.8,36,3,11,8,0,8.39,6,1,2,3,3,C,rouge,lundi,199394,2024-09-09,3.63,1,
ETU-03547,2024-2025,Droit,23,M,Technologique,Passable,lycee_public,oui,1.3,27.0,94.7%,34,79.4,74,3,13,11,3,15.19,6,4,5,4,5,A,bleu,lundi,170664,2024-09-02,18.29,0,
ETU-04084,2024-2025,Biologie,19,M,techno,Passable,cfa,oui,"8,6",22.0,77.3,47,45.6,125,1,12,11,2,10.91,7,2,3,4,3,G,bleu,mardi,258923,17 Sep 2024,14.6,0,
ETU-01345,2024-2025,Biologie,18,Homme,Général,P,,Non,5.5 km,7.0,99.9%,46,72.1,90,1,8,8,3,12.73,7,7,5,4,4,E,vert,jeudi,542208,26 Sep 2024,18.34,0,
ETU-00984,2024-2025,Gestion,21,femme,TECHNO,AB,lycee_public,oui,"9,8",27.0,"73,2",29,44.5,68,5,9,6,4,9.85,7,6,5,3,4,H,jaune,jeudi,487925,05 Sep 2024,7.1,1,
ETU-02554,2024-2025,biologie,19,Homme,techno,P,lycee_public,N,1.8,0.0,78.1%,22,27.4,51,2,10,8,3,11.45,7,5,3,,3,C,gris,lundi,173855,2024-09-09,16.39,0,
ETU-00248,2024-2025,STAPS,24,Femme,général ,AB,lycee_public,Non,34.0,9.0,64.8%,23,26.5,44,2,11,6,3,7.98,6,1,3,3,2,A,rouge,jeudi,468646,26/09/2024,10.31,0,Résultats fragiles aux partiels.
ETU-02619,2024-2025,Gestion,18,Femme,techno,ab,lycee_public,O,15.0,22.0,61.4,6,8.5,15,7,10,7,0,1.61,5,1,2,2,1,G,rouge,jeudi,963438,19 Sep 2024,0.25,1,En difficulté sur les évaluations.
ETU-03760,2024-2025,Lettres,17,femme,GEN,Passable,lycee_public,Non,"17,3",0.0,62.9%,27,31.5,49,4,11,9,2,7.26,5,1,2,1,1,F,bleu,mercredi,362208,11/09/2024,4.52,1,
ETU-03300,2024-2025, Lettres ,20,F,general,Bien,,O,12.9,,98.1%,20,45.9,42,3,9,8,4,"11,5",7,3,4,4,4,F,jaune,vendredi,299693,2024-09-20,15.68,0,
ETU-01942,2024-2025,Gestion,20,f,Generale,P,lycee_public,oui,,11.0,75.3,46,74.6,132,2,9,8,11,14.97,6,6,5,,,D,jaune,vendredi,499083,2024-09-27,19.43,0,
ETU-03822,2024-2025,droit,22,F,Général,AB,lycee_prive,0,29.6 km,23.0,69.2,3,4.1,1,4,8,5,1,11.88,7,6,2,3,1,E,rouge,mercredi,898275,2024-09-18,4.51,1,Peu actif sur la plateforme.
ETU-04825,2024-2025,STAPS,21,Homme,Général,Très Bien,lycee_public,Non,3.3,24.0,91.4,19,37.9,34,3,12,10,4,14.68,6,4,3,3,4,H,rouge,mardi,233444,10/09/2024,17.61,0,Travail sérieux et régulier.
ETU-02996,2024-2025,LETTRES,18,Femme,Général,Très Bien,lycee_public,0,"0,7",0.0,"72,1",33,60.3,82,3,9,6,4,8.46,6,5,3,,3,B,vert,lundi,859726,2024-09-09,12.39,0,RAS.
ETU-02361,2024-2025,Informatique,23,H,TECHNO,Passable,lycee_public,non,25.7,,63.6%,25,47.5,43,5,11,10,1,"9,83",5,1,3,3,2,C,gris,mardi,890690,24 Sep 2024,10.29,0,RAS.
ETU-01042,2024-2025,psychologie,22,f,general,,lycee_public,O,43.5 km,0.0,63.5,21,38.2,37,1,9,7,1,"11,21",5,5,4,3,3,B,jaune,jeudi,458184,2024-09-12,14.81,0,Profil dans la moyenne.
ETU-02206,2024-2025,gestion,19,Femme,PRO,Assez Bien,lycee_prive,O,"2,7",,98.1,30,65.5,95,5,10,8,2,9.57,5,2,,3,2,E,gris,vendredi,477996,27 Sep 2024,15.8,0,
ETU-02473,2024-2025,Mathematiques,20,M,général ,Passable,,O,"4,1",9.0,"92,9",36,42.2,54,0,13,13,11,13.64,5,4,4,4,3,H,vert,vendredi,493662,27/09/2024,18.49,0,"Très bon investissement, en réussite."
ETU-02442,2024-2025,INFORMATIQUE,21,h,Generale,Très Bien,lycee_public,O,"16,1",15.0,59.5%,18,23.0,47,6,10,7,1,11.95,6,5,1,3,3,C,jaune,vendredi,830649,27 Sep 2024,6.35,1,
ETU-02126,2024-2025,Droit,20,f,general,AB,lycee_public,0,17.1,,71.3%,16,26.9,55,5,10,5,4,7.37,5,0,3,3,1,D,jaune,vendredi,432690,13/09/2024,12.79,0,
ETU-01183,2024-2025,gestion,18,femme,general,Bien,lycee_public,N,16.4 km,0.0,54.1%,9,14.2,25,6,9,6,0,9.31,7,3,2,1,1,G,gris,jeudi,874344,2024-09-26,3.92,1,Forte baisse d'assiduité ce semestre.
ETU-03619,2024-2025, Gestion ,20,H,techno,Bien,lycee_public,non,0.2,11.0,"74,3",26,26.3,34,6,8,6,0,4.53,6,2,1,3,3,H,bleu,mardi,880399,2024-09-10,1.07,1,
ETU-00038,2024-2025,LETTRES,18,femme,techno,P,lycee_public,N,,13.0,70.3,28,53.9,49,3,9,6,0,"7,97",5,4,4,3,3,F,rouge,vendredi,179813,2024-09-27,13.6,0,
ETU-04116,2024-2025,Informatique,18,h,Technologique,Passable,lycee_public,N,1.6 km,23.0,84.6%,38,60.0,63,2,13,13,2,14.14,6,5,5,4,4,H,bleu,jeudi,790881,2024-09-12,17.28,0,
ETU-00534,2024-2025, STAPS ,21,h,pro,Bien,lycee_public,oui,"59,2",15.0,92.4%,26,65.9,52,5,11,10,3,8.65,7,3,4,3,2,F,bleu,mardi,769719,03/09/2024,13.77,0,Profil dans la moyenne.
ETU-00343,2024-2025,Informatique,20,Homme,Général,B,lycee_prive,non,0.8,0.0,77.8,42,60.0,107,5,13,11,3,15.76,6,6,5,5,2,E,bleu,jeudi,529174,12/09/2024,19.47,0,
ETU-04457,2024-2025,biologie,18,femme,TECHNO,B,autre,Non,0.6,,97.3,60,112.2,125,2,11,10,4,11.64,5,5,,5,5,C,bleu,mardi,928994,10 Sep 2024,16.51,0,
ETU-02819,2024-2025,STAPS,21,Femme,GEN,ab,lycee_public,0,22.6,,53.6%,34,71.5,85,4,12,9,1,9.88,5,3,4,3,1,B,jaune,jeudi,429556,19/09/2024,13.13,0,"Absences répétées, situation préoccupante."
ETU-02998,2024-2025,Gestion,25,Femme,GEN,B,lycee_public,0,8.2,8.0,60.7,42,55.8,109,2,8,6,1,"7,42",6,2,2,2,3,G,vert,vendredi,737612,2024-09-20,14.84,0,Résultats fragiles aux partiels.
ETU-01176,2024-2025,Droit,17,H,général ,,lycee_public,O,"7,0",,91.6,48,79.7,79,6,13,10,5,"12,78",5,5,4,3,3,C,jaune,vendredi,607920,27 Sep 2024,16.17,0,Engagement en ligne remarquable.
ETU-05165,2024-2025,biologie,20,H,pro,Assez Bien,lycee_public,non,"11,2",,85.8,32,28.5,71,5,10,9,1,8.74,5,1,3,,3,B,vert,lundi,996609,2024-09-02,13.86,0,
ETU-01465,2024-2025,Lettres,22,H,TECHNO,passable,lycee_public,Oui,38.0,16.0,78.4%,,31.3,43,2,11,7,2,8.88,5,2,4,4,2,C,jaune,mardi,296298,2024-09-10,13.69,0,
ETU-01012,2024-2025,Psychologie,23,femme,général ,Assez Bien,lycee_public,N,,18.0,90.0,45,47.6,137,1,9,8,11,"10,79",7,5,4,3,3,F,bleu,vendredi,386072,06 Sep 2024,16.83,0,Engagement en ligne remarquable.
ETU-01463,2024-2025,Mathematiques,18,H,Général,tres bien,cfa,1,29.3,19.0,70.3,25,28.3,47,2,11,8,2,"16,38",6,3,2,3,1,A,vert,mardi,199994,03 Sep 2024,15.98,0,"Motivation en berne, à accompagner."
ETU-00562,2024-2025,LETTRES,20,femme,Technologique,AB,lycee_public,O,10.2,23.0,88.6,20,32.6,30,3,9,8,8,12.41,7,3,4,4,4,E,jaune,mercredi,795596,11 Sep 2024,16.04,0,
ETU-00750,2024-2025,Psychologie,18,h,GEN,AB,lycee_prive,0,"58,1",24.0,76.3%,31,56.6,65,4,10,10,2,11.97,6,6,4,5,1,B,gris,lundi,491810,16/09/2024,17.04,0,
ETU-02119,2024-2025,DROIT,20,Femme,général ,ab,,Oui,20.6,13.0,69.7%,12,20.2,38,6,9,7,1,10.39,5,4,,3,3,D,vert,lundi,251643,02/09/2024,14.29,0,
ETU-00204,2024-2025, Gestion ,21,h,TECHNO,P,lycee_public,0,20.1,0.0,78.5,35,43.4,74,4,9,9,3,"9,04",7,2,4,5,2,A,vert,lundi,626373,23/09/2024,15.55,0,
ETU-01685,2024-2025,STAPS,18,Femme,Général,B,lycee_prive,Non,4.7,0.0,"97,2",33,51.8,48,3,9,7,2,15.65,6,3,5,3,2,H,jaune,mercredi,249681,18 Sep 2024,18.25,0,"Très bon investissement, en réussite."
ETU-01959,2024-2025,BIOLOGIE,19,F,TECHNO,B,lycee_prive,N,"0,6",7.0,69.2%,18,35.4,35,5,13,13,2,15.04,6,6,5,3,3,F,bleu,jeudi,459784,26/09/2024,17.94,0,
ETU-03539,2024-2025,Biologie,21,H,Generale,Passable,lycee_public,Non,"21,3",23.0,80.0,48,78.9,132,5,9,9,1,"11,57",6,3,3,,4,A,bleu,lundi,865203,09/09/2024,16.64,0,
ETU-00624,2024-2025,Psychologie,18,femme,general,Très Bien,lycee_public,non,9.6,0.0,80.6,40,48.3,71,1,11,9,3,10.48,5,3,4,3,4,B,vert,mardi,424431,2024-09-10,16.66,0,
ETU-02993,2024-2025, Gestion ,19,Homme,Generale,P,lycee_prive,0,"17,5",14.0,66.1,12,19.5,27,5,13,10,0,10.56,6,2,2,2,2,G,rouge,mardi,720845,2024-09-17,4.99,1,"Motivation en berne, à accompagner."
ETU-05149,2024-2025,staps,20,H,Generale,P,lycee_public,Non,1.3,5.0,61.2%,32,53.4,80,7,11,8,2,12.18,6,2,1,3,3,G,rouge,jeudi,830301,2024-09-12,13.66,0,Semble peu engagé dans la formation.
ETU-04187,2024-2025,gestion,20,F,Général,,cfa,Non,18.5,0.0,86.6,17,10.3,30,7,11,8,3,9.74,6,4,5,3,1,H,vert,mardi,332419,10/09/2024,6.52,1,
ETU-04568,2024-2025,Droit,20,f,général ,Passable,lycee_public,Oui,5.1 km,0.0,72.1,26,43.5,48,2,13,12,3,"8,26",6,5,2,3,3,B,bleu,lundi,255740,09/09/2024,13.75,0,"Motivation en berne, à accompagner."
ETU-02233,2024-2025,Biologie,17,Femme,Generale,Très Bien,lycee_public,0,10.4,13.0,66.1,14,24.2,39,6,11,10,2,5.88,6,3,2,4,1,A,bleu,lundi,513166,16/09/2024,10.77,0,
ETU-00959,2024-2025,Gestion,19,Femme,techno,ab,,oui,"22,8",14.0,83.9,56,117.7,94,0,12,10,6,"15,45",5,5,4,4,4,H,jaune,vendredi,530025,2024-09-20,19.37,0,Très actif sur la plateforme.
ETU-03246,2024-2025,Informatique,20,M,Professionnel,AB,lycee_prive,N,2.5,6.0,76.6%,43,62.6,117,3,12,10,2,"6,38",7,4,3,2,2,C,gris,vendredi,604370,2024-09-13,12.63,0,En difficulté sur les évaluations.
ETU-03267,2024-2025, STAPS ,20,femme,TECHNO,Assez Bien,lycee_prive,non,38.1,23.0,86.2,32,37.5,94,7,11,8,0,11.73,6,6,3,2,2,G,gris,jeudi,727198,2024-09-26,16.2,0,
ETU-05161,2024-2025,Gestion,19,Homme,général ,P,lycee_prive,N,,,72.1,43,82.0,80,0,12,9,4,"9,83",5,2,2,4,3,G,vert,mardi,970898,24 Sep 2024,15.37,0,Semble peu engagé dans la formation.
ETU-05140,2024-2025,INFORMATIQUE,21,F,Général,P,lycee_public,Non,18.5 km,,"96,7",24,27.7,62,2,8,8,7,13.35,7,5,5,4,4,H,bleu,lundi,829327,23/09/2024,16.71,0,
ETU-02307,2024-2025, STAPS ,24,h,Général,tres bien,lycee_public,Oui,24.7,15.0,88.8,48,77.9,87,2,11,11,2,12.58,5,2,4,5,3,C,bleu,vendredi,372673,06 Sep 2024,17.03,0,
ETU-01179,2024-2025,Gestion,20,M,general,Bien,lycee_public,O,15.4,0.0,63.1,3,8.5,3,5,11,5,0,11.95,5,3,2,2,1,C,gris,lundi,101779,2024-09-09,5.19,1,Engagement en ligne très faible.
ETU-01783,2024-2025, STAPS ,20,H,Technologique,passable,lycee_public,N,"4,0",8.0,86.9%,42,78.1,89,0,13,12,3,"11,17",5,4,4,5,5,D,gris,jeudi,527162,26/09/2024,17.92,0,Engagement en ligne remarquable.
ETU-02210,2024-2025,Informatique,19,F,techno,P,lycee_public,Non,,,"51,0",11,20.4,21,3,11,6,1,6.96,5,1,1,2,,E,bleu,mercredi,325250,04 Sep 2024,2.4,1,"Absences répétées, situation préoccupante."
ETU-03195,2024-2025,Psychologie,19,F,Generale,ab,lycee_public,oui,13.9,0.0,72.2,38,49.5,89,2,13,10,2,18.32,7,7,5,4,4,E,rouge,mardi,338177,03 Sep 2024,19.83,0,
ETU-04889,2024-2025,Mathematiques,19,M,TECHNO,Passable,lycee_prive,Oui,15.8,11.0,91.2,33,30.5,89,4,11,9,2,8.31,6,5,2,4,4,F,vert,lundi,674899,16/09/2024,13.73,0,
ETU-02564,2024-2025,Biologie,23,h,techno,passable,lycee_public,Non,23.1,18.0,87.7,26,47.9,67,3,10,9,0,4.06,5,2,2,3,1,A,bleu,lundi,324694,02/09/2024,4.61,1,
ETU-01044,2024-2025,Droit,20,h,Général,Assez Bien,autre,non,12.3,,"73,8",44,60.6,82,2,11,9,5,13.12,6,3,5,4,4,F,gris,lundi,914551,2024-09-09,15.7,0,
ETU-00471,2024-2025,Droit,20,M,TECHNO,ab,lycee_public,Non,2.0,18.0,"82,2",33,52.9,74,1,11,11,6,14.01,6,6,5,5,5,E,jaune,mardi,688962,24/09/2024,17.56,0,"Bon semestre, résultats solides."
ETU-04282,2024-2025, Droit ,19,femme,Général,AB,lycee_prive,N,10.4,0.0,55.7,16,21.2,29,8,13,8,0,11.76,5,2,4,1,1,H,bleu,lundi,876261,02 Sep 2024,3.97,1,Plusieurs travaux remis hors délai.
ETU-02576,2024-2025,Gestion,20,Femme,Général,B,lycee_public,Non,"11,7",7.0,69.9,14,22.1,27,7,13,7,2,,5,4,2,3,3,E,jaune,vendredi,299978,27 Sep 2024,3.89,1,"Motivation en berne, à accompagner."
ETU-01923,2024-2025,LETTRES,17,femme,GEN,passable,lycee_public,O,22.0,11.0,80.7,30,46.2,52,4,13,10,3,13.2,7,3,4,4,3,B,bleu,lundi,667872,23 Sep 2024,18.25,0,
ETU-00883,2024-2025,PSYCHOLOGIE,18,F,Général,passable,lycee_public,N,17.3,0.0,81.9,20,25.1,44,0,13,13,8,16.21,5,4,5,4,2,H,rouge,mardi,514383,24/09/2024,18.12,0,Travail sérieux et régulier.
ETU-04886,2024-2025,Biologie,19,f,Professionnel,AB,lycee_public,non,24.5,28.0,71.5,3,4.4,22,7,13,7,1,"5,43",6,3,2,3,2,A,gris,vendredi,233372,06/09/2024,2.35,1,Résultats fragiles aux partiels.
ETU-00821,2024-2025, Biologie ,18,Homme,Generale,ab,lycee_public,O,13.5,11.0,68.9%,31,57.0,80,2,13,9,3,12.21,7,5,3,4,4,C,bleu,vendredi,229682,06/09/2024,15.94,0,Suivi sans particularité.
ETU-03340,2024-2025,droit,18,F,général ,Passable,lycee_public,O,3.2,6.0,54.3%,21,33.8,19,5,13,10,4,"13,77",5,2,4,4,2,E,vert,mercredi,606983,2024-09-11,8.45,1,Forte baisse d'assiduité ce semestre.
ETU-04199,2024-2025,Mathematiques,18,femme,général ,Assez Bien,lycee_public,1,48.6 km,8.0,"58,9",18,39.9,37,5,8,5,1,,6,3,2,4,3,G,vert,lundi,844989,02/09/2024,4.86,1,
ETU-02300,2024-2025,Gestion,19,Femme,TECHNO,Bien,lycee_prive,Non,0.4,27.0,73.9,30,28.0,66,0,9,7,2,8.23,6,1,3,4,3,A,jaune,mercredi,667939,04 Sep 2024,12.83,0,
ETU-04613,2024-2025,Informatique,19,F,général ,passable,lycee_public,Non,63.2,14.0,"88,1",29,43.3,55,8,11,8,5,15.37,6,5,5,4,3,F,gris,jeudi,151373,05 Sep 2024,17.69,0,Plusieurs travaux remis hors délai.
ETU-03333,2024-2025,Droit,20,Femme,Generale,P,lycee_prive,1,"21,8",15.0,62.9,17,35.2,63,3,10,7,0,10.88,5,1,2,2,2,E,gris,mardi,459349,2024-09-24,6.5,1,Semble peu engagé dans la formation.
ETU-02638,2024-2025,Droit,19,Homme,techno,Passable,lycee_public,Non,,11.0,57.8%,3,1.9,5,3,11,5,0,4.61,6,1,,5,1,B,rouge,vendredi,390787,27 Sep 2024,0.44,1,En difficulté sur les évaluations.
ETU-04480,2024-2025,PSYCHOLOGIE,20,F,general,ab,,non,8.8,,48.1,,0.0,0,7,13,7,0,7.08,7,3,1,4,1,C,vert,mardi,524343,10 Sep 2024,1.46,1,"Absences répétées, situation préoccupante."
ETU-00923,2024-2025, Biologie ,20,H,Général,passable,cfa,non,4.0,25.0,"98,2",52,104.1,109,3,11,11,4,"7,45",5,2,4,5,4,H,vert,mercredi,698999,04/09/2024,15.56,0,
ETU-03830,2024-2025, Lettres ,17,Femme,pro,P,lycee_public,0,8.6,0.0,81.4%,27,29.0,55,6,11,9,2,6.61,7,4,3,3,4,E,jaune,vendredi,589526,06/09/2024,12.7,0,Résultats fragiles aux partiels.
ETU-04456,2024-2025, Mathematiques ,25,f,Generale,Passable,lycee_prive,O,1.3,0.0,"83,3",33,40.0,93,3,8,8,1,"14,42",6,3,5,,4,A,rouge,lundi,803464,02 Sep 2024,17.41,0,
ETU-01331,2024-2025,informatique,18,F,Generale,passable,lycee_prive,O,5.4,9.0,74.5,35,29.0,95,4,12,9,3,,7,5,4,4,1,F,bleu,jeudi,294191,2024-09-05,18.31,0,
ETU-00991,2024-2025,Gestion,22,f,Generale,P,lycee_public,N,1.8,18.0,74.2%,32,58.3,44,3,13,11,6,9.28,5,3,1,,4,B,bleu,mardi,249186,24/09/2024,15.15,0,Semble peu engagé dans la formation.
ETU-02496,2024-2025,PSYCHOLOGIE,25,H,PRO,ab,lycee_public,non,28.9 km,7.0,65.5%,23,43.2,48,5,8,7,3,11.54,6,5,3,5,4,H,rouge,jeudi,477284,26/09/2024,7.72,1,
ETU-02692,2024-2025,Psychologie,18,H,Professionnel,P,cfa,0,"12,0",,89.4%,40,82.8,97,3,9,9,4,11.63,5,3,3,4,4,H,bleu,jeudi,866314,05/09/2024,17.6,0,Profil dans la moyenne.
ETU-04824,2024-2025,Informatique,18,Femme,général ,Assez Bien,lycee_prive,0,1.7,9.0,62.0%,25,33.0,54,2,8,5,5,"11,02",6,2,3,3,1,A,rouge,mardi,707798,24/09/2024,13.51,0,Profil dans la moyenne.
ETU-00230,2024-2025,Informatique,19,h,TECHNO,Assez Bien,lycee_public,non,1.2,21.0,"65,1",13,18.1,26,8,12,8,1,8.25,5,2,3,2,,A,vert,mardi,884029,03 Sep 2024,2.6,1,
ETU-01104,2024-2025,informatique,21,F,Generale,B,lycee_prive,1,2.6,,"69,0",9,14.8,27,5,10,5,1,11.95,6,5,,2,4,G,bleu,jeudi,369947,2024-09-19,6.58,1,Peu actif sur la plateforme.
ETU-01269,2024-2025,Lettres,21,Homme,general,Assez Bien,lycee_public,0,20.0,0.0,"76,3",27,32.8,72,2,9,7,5,8.19,5,4,2,2,,F,rouge,vendredi,368930,20 Sep 2024,12.87,0,
ETU-04091,2024-2025,Mathematiques,25,M,GEN,P,lycee_public,oui,9.2,15.0,93.0,53,58.4,125,5,13,12,3,"12,17",6,4,5,4,4,G,jaune,mercredi,160320,2024-09-18,17.88,0,Très actif sur la plateforme.
ETU-04834,2024-2025,Droit,18,Femme,TECHNO,,lycee_public,N,24.6,6.0,96.9%,38,60.5,85,2,10,10,9,18.33,6,5,5,5,5,E,gris,vendredi,878380,20/09/2024,19.53,0,Étudiant assidu et investi.
ETU-00789,2024-2025, Gestion ,18,H,Generale,B,lycee_public,N,22.1,19.0,"45,8",0,0.0,0,3,9,3,0,10.42,6,1,1,2,1,C,gris,lundi,391270,2024-09-16,2.7,1,"Absences répétées, situation préoccupante."
ETU-02038,2024-2025,PSYCHOLOGIE,22,H,Technologique,tres bien,cfa,Non,"9,0",0.0,67.9,12,11.9,28,4,11,10,0,8.89,6,2,1,3,3,E,bleu,jeudi,371674,2024-09-19,13.44,0,
ETU-02426,2024-2025,Gestion,22,H,GEN,Assez Bien,lycee_public,Oui,0.2,0.0,58.2%,21,36.9,32,1,9,8,1,11.63,6,5,3,4,4,F,bleu,vendredi,225283,2024-09-06,15.07,0,RAS.
ETU-02340,2024-2025,PSYCHOLOGIE,21,Femme,GEN,B,lycee_prive,Non,"67,1",0.0,67.4%,4,7.0,21,5,9,7,1,12.26,6,6,4,3,1,A,bleu,mardi,499596,2024-09-10,14.75,0,Engagement en ligne très faible.
ETU-00851,2024-2025,PSYCHOLOGIE,19,Autre,GEN,P,lycee_public,N,3.7,7.0,"95,5",65,116.4,120,3,13,13,7,15.79,7,7,,3,4,H,jaune,jeudi,226441,2024-09-19,19.66,0,"Très bon investissement, en réussite."
ETU-04739,2024-2025, Mathematiques ,21,femme,général ,AB,lycee_public,oui,"0,8",13.0,88.1,30,55.4,87,0,12,10,7,11.64,5,3,5,4,2,B,gris,lundi,464345,2024-09-09,16.14,0,RAS.
ETU-05130,2024-2025,Droit,20,f,GEN,Assez Bien,lycee_public,0,48.7,,"84,1",34,41.1,84,2,13,10,2,10.81,6,5,3,2,1,G,rouge,mardi,263593,17 Sep 2024,15.39,0,RAS.
ETU-02523,2024-2025,STAPS,19,Femme,GEN,ab,lycee_prive,non,,0.0,76.8,56,71.8,138,3,13,13,4,7.94,7,5,5,4,5,G,rouge,vendredi,184728,27 Sep 2024,16.59,0,
ETU-00481,2024-2025,Psychologie,20,h,général ,AB,cfa,non,11.7,0.0,81.3,35,35.4,59,1,9,8,5,11.25,7,7,4,,5,B,vert,mercredi,599585,18 Sep 2024,16.8,0,
ETU-00672,2024-2025, Droit ,20,Homme,Generale,Assez Bien,lycee_public,Oui,4.7,0.0,71.2,12,19.6,19,5,10,8,1,9.62,5,4,3,2,2,A,jaune,jeudi,997180,2024-09-05,5.75,1,Suivi sans particularité.
ETU-02321,2024-2025,Informatique,20,Femme,general,passable,lycee_public,Oui,12.2 km,22.0,63.2%,13,19.4,41,5,10,8,2,11.26,6,4,3,5,3,H,jaune,jeudi,573160,12 Sep 2024,13.55,0,
ETU-04625,2024-2025,staps,24,Femme,pro,passable,lycee_public,non,14.4,17.0,"63,2",44,66.4,109,3,8,7,2,7.76,7,2,3,3,3,F,rouge,lundi,381641,09 Sep 2024,4.08,1,En difficulté sur les évaluations.
ETU-03419,2024-2025, Psychologie ,20,h,Generale,B,lycee_prive,O,0.8 km,12.0,69.3,18,30.1,56,4,13,10,3,11.46,6,6,3,5,4,B,bleu,jeudi,205599,26/09/2024,14.32,0,
ETU-02512,2024-2025, Informatique ,23,f,PRO,AB,lycee_public,non,7.7,,74.5%,20,31.1,54,4,12,11,1,5.47,6,0,3,1,2,H,gris,lundi,316713,09 Sep 2024,10.8,0,En difficulté sur les évaluations.
ETU-02975,2024-2025,STAPS,20,f,TECHNO,Assez Bien,lycee_public,0,3.1,14.0,74.8%,8,6.4,19,3,10,7,2,8.35,7,3,2,4,2,H,vert,mardi,839909,2024-09-10,3.36,1,Peu actif sur la plateforme.
ETU-04532,2024-2025,STAPS,20,h,techno,Bien,lycee_public,1,18.8 km,0.0,"66,8",18,34.6,33,2,12,10,8,"10,47",6,0,1,4,2,H,vert,jeudi,989317,2024-09-26,7.31,1,Semble peu engagé dans la formation.
ETU-02285,2024-2025,informatique,21,M,GEN,P,lycee_public,Oui,17.4,0.0,"77,6",22,34.0,69,6,9,6,3,13.07,6,4,1,2,4,E,jaune,mardi,422554,03/09/2024,8.03,1,
ETU-05070,2024-2025, Gestion ,22,M,Technologique,P,lycee_public,0,6.5,0.0,72.6,16,27.9,40,4,13,10,1,,7,4,3,2,3,G,vert,vendredi,359029,27 Sep 2024,5.38,1,Profil dans la moyenne.
ETU-02149,2024-2025,informatique,19,Femme,Général,Assez Bien,lycee_prive,0,19.3 km,26.0,79.3,27,35.6,74,4,11,10,1,12.15,5,5,4,5,2,A,gris,vendredi,868489,27/09/2024,16.84,0,Travail sérieux et régulier.
ETU-03197,2024-2025, Droit ,19,F,Generale,P,lycee_public,Non,"0,5",3.0,86.1,26,43.8,69,4,9,9,6,"13,58",5,4,4,3,3,D,vert,jeudi,785368,26 Sep 2024,17.22,0,Travail sérieux et régulier.
ETU-02713,2024-2025,Informatique,19,F,TECHNO,Bien,lycee_public,oui,3.1,,65.5%,30,55.0,75,2,11,10,4,11.55,6,6,5,3,2,B,rouge,jeudi,634935,19/09/2024,17.36,0,
ETU-01212,2024-2025,Droit,18,F,TECHNO,Bien,lycee_public,Oui,24.9,0.0,"96,5",27,39.4,73,3,9,9,4,16.95,6,5,5,5,3,C,jaune,vendredi,708287,20 Sep 2024,18.7,0,Travail sérieux et régulier.
ETU-01699,2024-2025, Gestion ,19,femme,TECHNO,Passable,lycee_public,Non,31.8,,69.5%,,37.8,86,4,9,7,2,6.19,6,3,5,2,,C,rouge,lundi,851814,16 Sep 2024,3.0,1,En difficulté sur les évaluations.
ETU-03699,2024-2025,droit,18,F,PRO,TB,,0,12.4,10.0,98.6,65,80.9,133,0,13,12,5,14.43,6,6,,5,4,D,bleu,mardi,491660,2024-09-10,19.25,0,Étudiant assidu et investi.
ETU-01622,2024-2025,INFORMATIQUE,20,H,general,ab,lycee_public,non,7.3,27.0,"74,9",25,38.1,76,5,8,6,0,"13,23",5,5,3,,2,H,vert,mardi,207412,2024-09-24,14.93,0,Suivi sans particularité.
ETU-00267,2024-2025,staps,20,h,TECHNO,tres bien,autre,O,,3.0,"57,7",11,24.2,44,1,11,9,1,"13,38",6,6,,2,2,E,gris,lundi,385436,2024-09-09,14.99,0,Peu actif sur la plateforme.
ETU-03752,2024-2025,Psychologie,18,H,techno,ab,lycee_public,0,32.3,6.0,79.3,29,32.4,68,2,8,6,1,7.6,6,2,4,3,2,C,gris,mardi,814560,24 Sep 2024,12.55,0,En difficulté sur les évaluations.
ETU-03326,2024-2025,Droit,20,Femme,general,AB,lycee_prive,N,22.5,8.0,67.2,26,44.7,71,6,12,10,0,"7,18",5,3,,,2,C,jaune,lundi,834707,02 Sep 2024,5.29,1,
ETU-03430,2024-2025,Psychologie,21,F,Professionnel,Très Bien,,1,2.9,0.0,56.1,18,36.4,15,5,8,6,0,11.49,6,3,2,1,3,G,jaune,jeudi,161209,12 Sep 2024,5.47,1,Semble peu engagé dans la formation.
ETU-03341,2024-2025,Psychologie,19,M,GEN,AB,lycee_public,Non,5.8,18.0,89.1%,24,22.4,48,1,8,7,7,11.25,5,5,4,3,4,E,vert,lundi,950170,2024-09-09,15.87,0,
ETU-03733,2024-2025, Psychologie ,26,NR,Général,tres bien,lycee_prive,O,5.7,13.0,94.6,26,47.9,54,4,12,10,8,11.34,5,2,3,2,3,C,vert,jeudi,606393,19/09/2024,15.12,0,RAS.
ETU-02764,2024-2025,Gestion,22,F,Général,ab,lycee_public,Oui,3.0,0.0,56.1,9,14.5,13,5,8,5,2,"12,21",6,1,3,,2,A,gris,vendredi,224351,06/09/2024,5.78,1,Peu actif sur la plateforme.
ETU-02192,2024-2025,staps,17,h,général ,ab,lycee_public,O,16.5,13.0,95.9,36,45.3,79,3,9,8,5,15.52,5,5,5,,3,H,jaune,mardi,330867,2024-09-03,18.17,0,
ETU-04460,2024-2025,STAPS,20,Femme,techno,P,lycee_prive,O,3.2,3.0,84.6,,18.0,30,3,11,9,2,"8,46",6,4,3,3,2,F,vert,mercredi,951616,04 Sep 2024,4.98,1,Profil dans la moyenne.
ETU-01924,2024-2025,DROIT,22,Homme,Technologique,AB,lycee_public,O,,0.0,63.4,25,59.1,66,5,9,5,2,"6,03",7,1,1,1,2,B,bleu,jeudi,901948,2024-09-12,2.12,1,En difficulté sur les évaluations.
ETU-04857,2024-2025,LETTRES,19,Homme,Generale,Assez Bien,lycee_prive,0,"10,3",0.0,54.7,2,3.4,1,4,8,4,0,"5,1",6,3,1,1,2,E,vert,vendredi,307073,27/09/2024,1.16,1,
ETU-01166,2024-2025,Gestion,18,f,général ,passable,lycee_public,1,"11,2",0.0,85.9%,51,94.4,131,0,13,12,5,11.48,6,4,4,5,3,A,jaune,vendredi,502554,2024-09-27,17.02,0,
ETU-01730,2024-2025,Informatique,20,f,général ,Passable,lycee_public,1,"0,8",,96.5,36,63.7,85,2,9,9,3,14.29,6,5,4,4,5,F,gris,mercredi,876677,04/09/2024,16.94,0,"Très bon investissement, en réussite."
ETU-02190,2024-2025,Informatique,21,Homme,Generale,ab,lycee_public,N,8.1,5.0,74.8%,25,31.6,54,3,10,7,0,7.51,6,0,2,3,2,G,jaune,mardi,832389,03 Sep 2024,4.02,1,
ETU-00357,2024-2025, Informatique ,20,F,techno,AB,lycee_prive,Non,13.9,,83.3,35,82.2,43,3,9,8,5,17.1,7,5,4,,5,C,gris,mardi,499315,03/09/2024,18.82,0,"Bon semestre, résultats solides."
ETU-02674,2024-2025,STAPS,21,f,général ,B,lycee_public,1,5.4,14.0,93.9,32,37.1,66,1,10,9,3,8.97,7,6,4,3,,H,vert,lundi,989516,2024-09-16,14.73,0,Profil dans la moyenne.
ETU-04728,2024-2025,GESTION,17,h,Technologique,,autre,N,,0.0,82.9,43,76.1,81,3,13,13,2,7.9,6,3,5,4,3,F,rouge,vendredi,443767,06 Sep 2024,13.59,0,
ETU-04876,2024-2025,Psychologie,18,h,GEN,AB,autre,oui,"8,1",27.0,92.6%,51,81.0,134,2,8,8,7,"14,68",6,5,3,4,3,A,jaune,lundi,510655,16/09/2024,19.13,0,Étudiant assidu et investi.
ETU-01332,2024-2025,mathematiques,19,Homme,général ,B,lycee_public,oui,"0,8",3.0,97.8%,45,65.4,70,0,8,7,2,12.29,6,4,2,3,3,A,bleu,mercredi,402474,2024-09-11,17.95,0,
ETU-02003,2024-2025,informatique,20,femme,general,,lycee_public,oui,6.9,0.0,69.8,31,21.7,60,2,8,5,7,14.7,5,3,,2,2,G,rouge,lundi,816651,23 Sep 2024,16.75,0,
ETU-03330,2024-2025,droit,19,F,Generale,passable,lycee_prive,non,8.7,0.0,"74,9",43,70.7,84,0,9,8,2,11.26,5,5,5,3,1,A,rouge,jeudi,184275,26 Sep 2024,15.61,0,
ETU-00924,2024-2025,Mathematiques,18,Homme,Technologique,Bien,,N,"20,8",10.0,72.1,38,60.6,72,3,10,8,4,7.63,6,4,3,3,4,F,gris,mercredi,173228,25/09/2024,13.37,0,Résultats fragiles aux partiels.
ETU-00018,2024-2025,Gestion,18,H,GEN,B,lycee_prive,O,0.7,9.0,"84,1",36,59.2,65,7,10,7,2,11.8,6,4,2,3,3,E,rouge,mardi,680008,03 Sep 2024,14.97,0,Semble peu engagé dans la formation.
ETU-04874,2024-2025,Gestion,18,M, pro,Bien,lycee_prive,0,29.3,,95.6,15,25.1,25,6,13,12,3,"13,88",6,5,4,4,3,C,vert,lundi,941897,09 Sep 2024,16.18,0,Travail sérieux et régulier.
ETU-05105,2024-2025,Informatique,20,h,general,tres bien,lycee_public,0,1.5 km,11.0,95.3,51,99.2,136,1,8,8,9,14.41,7,7,5,3,,D,bleu,vendredi,638292,13/09/2024,19.3,0,Étudiant assidu et investi.
ETU-04083,2024-2025,Psychologie,20,femme,général ,ab,lycee_public,1,"16,1",19.0,87.5,39,62.0,82,4,12,11,7,8.96,7,5,4,3,2,G,rouge,lundi,120554,09/09/2024,15.78,0,
ETU-01429,2024-2025,Psychologie,21,Homme,pro,Passable,lycee_public,1,31.4,24.0,"74,8",26,43.5,41,1,9,6,4,"11,43",5,1,4,4,5,H,vert,jeudi,119291,19/09/2024,14.45,0,
ETU-01720,2024-2025,staps,20,M,Technologique,Bien,lycee_public,0,23.4,0.0,64.6,9,10.5,29,6,9,6,0,4.53,6,2,1,1,1,B,jaune,lundi,570121,16 Sep 2024,1.9,1,
ETU-01534,2024-2025, Lettres ,20,f,général ,passable,lycee_public,non,40.8 km,18.0,"69,9",10,17.1,22,5,8,5,0,7.96,5,4,1,1,2,G,vert,vendredi,314398,2024-09-06,6.4,1,En difficulté sur les évaluations.
ETU-00926,2024-2025,Psychologie,24,M,techno,passable,lycee_prive,O,"10,0",27.0,84.3,61,99.2,163,1,13,13,4,"14,62",6,6,5,4,4,H,jaune,mercredi,376385,11/09/2024,18.71,0,Très actif sur la plateforme.
ETU-05184,2024-2025,Lettres,26,F,general,Passable,,N,"3,2",0.0,62.1,22,31.7,41,4,12,10,4,9.22,6,4,4,4,3,B,bleu,lundi,254924,09 Sep 2024,14.16,0,
ETU-04578,2024-2025,Gestion,17,M,Technologique,ab,cfa,non,12.0 km,10.0,84.7%,,46.8,125,2,8,7,4,9.45,6,3,3,4,4,E,jaune,vendredi,151617,13/09/2024,17.25,0,Très actif sur la plateforme.
ETU-00593,2024-2025, Gestion ,24,Homme,Generale,,lycee_public,1,,0.0,"90,3",35,56.7,70,8,12,10,2,"11,98",6,6,2,5,,C,gris,mardi,286521,03/09/2024,16.29,0,Plusieurs travaux remis hors délai.
ETU-05157,2024-2025,informatique,18,f,général ,P,,oui,"28,2",20.0,"63,8",19,31.1,38,8,13,8,0,11.59,5,2,1,,3,D,vert,vendredi,233166,06 Sep 2024,5.55,1,Plusieurs travaux remis hors délai.
ETU-01811,2024-2025,GESTION,18,Homme,général ,Bien,lycee_public,non,2.5,0.0,69.5%,38,55.2,88,3,13,13,1,9.91,5,1,5,4,3,B,jaune,jeudi,613576,2024-09-05,14.79,0,Profil dans la moyenne.
ETU-03646,2024-2025,STAPS,20,h,TECHNO,ab,lycee_prive,Oui,,,"58,7",4,3.9,10,6,13,12,0,11.85,6,3,3,3,2,E,bleu,vendredi,295571,20/09/2024,3.07,1,
ETU-04664,2024-2025,Lettres,18,f,général ,Passable,lycee_public,0,5.4,8.0,67.8,28,46.3,58,5,12,7,0,7.82,6,2,3,3,1,D,vert,mercredi,489262,2024-09-25,3.69,1,
ETU-03647,2024-2025, Informatique ,23,F,général ,TB,lycee_public,non,"5,2",0.0,96.7,44,50.7,104,7,12,11,4,"9,49",6,3,5,,5,H,gris,vendredi,593813,27/09/2024,16.83,0,Très actif sur la plateforme.
ETU-02103,2024-2025,Psychologie,18,Femme,GEN,Assez Bien,lycee_public,oui,"8,9",17.0,"84,0",20,39.8,58,7,9,7,5,"11,24",6,4,4,4,,F,rouge,lundi,951256,2024-09-09,16.05,0,RAS.
ETU-01103,2024-2025,gestion,21,femme,pro,,lycee_public,non,16.6,0.0,53.1,0,0.0,0,6,10,6,0,,7,4,1,4,1,E,bleu,mardi,276947,10/09/2024,2.92,1,"Absences répétées, situation préoccupante."
ETU-03143,2024-2025,Mathematiques,19,F, pro,ab,lycee_public,0,"26,2",,73.4%,22,35.6,28,5,10,9,1,10.67,6,4,3,4,2,G,bleu,mercredi,381197,2024-09-11,6.64,1,
ETU-01368,2024-2025,Gestion,23,h,général ,Assez Bien,autre,Non,8.7,,95.9%,33,48.6,57,5,10,10,7,"15,98",6,6,5,4,3,G,vert,jeudi,511193,05 Sep 2024,18.19,0,
ETU-02519,2024-2025,Informatique,21,M,TECHNO,AB,lycee_public,Non,39.1,8.0,81.2,26,36.2,45,2,10,9,6,"5,93",7,4,4,,4,F,jaune,mercredi,129096,25 Sep 2024,11.99,0,En difficulté sur les évaluations.
ETU-04997,2024-2025,STAPS,19,Femme,TECHNO,Assez Bien,cfa,non,3.2,11.0,86.0,46,43.4,107,3,11,10,5,"15,02",6,6,5,5,2,A,gris,lundi,963662,2024-09-23,17.3,0,
ETU-02572,2024-2025,mathematiques,21,M,général ,passable,,N,11.6,18.0,61.7,,8.2,14,5,10,6,0,5.29,6,3,2,1,3,E,gris,vendredi,309137,20 Sep 2024,3.8,1,
ETU-04495,2024-2025,Psychologie,20,H,Général,tres bien,lycee_public,oui,0.1,11.0,83.7,9,18.4,32,3,10,8,2,16.39,7,7,4,4,2,E,gris,lundi,219958,09 Sep 2024,18.51,0,
ETU-03589,2024-2025,STAPS,18,f,GEN,Assez Bien,lycee_public,oui,16.2,13.0,71.7,,36.0,73,4,8,8,3,11.82,6,6,5,3,3,B,bleu,mardi,176302,17 Sep 2024,17.11,0,
ETU-02723,2024-2025,Mathematiques,17,M,général ,Passable,lycee_prive,oui,4.9,11.0,70.6,30,51.7,51,4,11,8,3,12.86,6,4,3,,5,B,bleu,mardi,649018,03 Sep 2024,17.17,0,
ETU-01611,2024-2025,GESTION,20,Homme,general,Bien,lycee_public,0,11.5 km,9.0,59.4,18,30.9,34,4,9,6,1,8.36,6,3,2,1,2,H,jaune,mercredi,975480,2024-09-04,3.65,1,
ETU-00746,2024-2025, Informatique ,22,M,general,passable,,N,1.6 km,10.0,86.2,23,32.8,51,4,11,9,4,11.32,6,4,2,3,3,B,gris,mercredi,203921,11 Sep 2024,17.05,0,"Motivation en berne, à accompagner."
ETU-02006,2024-2025,Psychologie,22,Femme,GEN,AB,lycee_public,0,,25.0,44.6,14,11.2,28,4,8,4,0,10.46,6,1,2,3,2,A,gris,mercredi,833012,04/09/2024,3.7,1,"Absences répétées, situation préoccupante."
ETU-04546,2024-2025,mathematiques,20,Femme,Generale,Bien,lycee_public,O,28.7 km,0.0,81.6,38,50.2,58,3,13,12,1,13.06,6,6,4,2,2,A,rouge,mardi,637950,2024-09-03,16.6,0,Travail sérieux et régulier.
ETU-02411,2024-2025,Gestion,18,femme,GEN,Passable,lycee_public,N,3.4,,70.4,28,42.9,85,6,11,9,1,"9,12",6,5,2,,4,H,gris,jeudi,549617,12/09/2024,13.07,0,
ETU-00303,2024-2025,Mathematiques,21,h,général ,TB,autre,Non,"10,5",13.0,72.2,12,20.3,24,3,8,3,0,9.35,5,4,3,,3,A,rouge,mercredi,277572,04/09/2024,4.85,1,
ETU-04073,2024-2025,Informatique,19,Homme,Général,Passable,lycee_public,0,13.9,9.0,73.6,33,60.7,72,7,12,10,2,10.64,6,5,4,5,4,A,bleu,mercredi,714159,25 Sep 2024,15.75,0,
ETU-04746,2024-2025,STAPS,20,Femme,general,Bien,lycee_public,N,"0,1",7.0,79.2%,28,44.3,76,4,10,9,6,11.0,7,5,4,4,4,E,bleu,jeudi,606527,2024-09-12,16.63,0,
ETU-01233,2024-2025,Biologie,18,femme,Generale,Assez Bien,lycee_public,Non,17.0,13.0,99.6,51,83.7,123,1,10,8,8,11.06,6,4,5,3,4,C,rouge,lundi,119997,2024-09-02,18.39,0,Très actif sur la plateforme.
ETU-01288,2024-2025,Biologie,19,f,PRO,Très Bien,lycee_public,0,3.9,25.0,97.0,56,97.8,146,2,8,8,7,11.75,6,4,5,4,4,C,rouge,lundi,657492,02/09/2024,18.93,0,
ETU-00123,2024-2025,Gestion,20,Femme,TECHNO,passable,lycee_public,Non,"2,4",5.0,90.2,,47.0,113,3,12,10,6,13.0,6,5,4,4,5,E,vert,lundi,240849,02 Sep 2024,17.71,0,
ETU-00854,2024-2025,Mathematiques,20,f,general,Assez Bien,autre,oui,57.0,18.0,77.3,37,78.5,87,1,8,7,4,17.07,5,5,,5,2,E,gris,jeudi,503282,12 Sep 2024,18.56,0,Travail sérieux et régulier.
ETU-02488,2024-2025,Psychologie,21,Homme,pro,P,lycee_public,O,,14.0,86.4,49,76.1,93,1,8,7,6,5.9,7,0,3,3,5,H,rouge,vendredi,310919,2024-09-13,13.68,0,
ETU-04837,2024-2025,GESTION,20,H,général ,B,,0,0.2 km,0.0,91.8,35,47.1,72,5,12,9,4,"10,07",7,6,4,2,5,A,gris,mercredi,230623,25/09/2024,15.42,0,
ETU-02883,2024-2025,PSYCHOLOGIE,21,Femme,général ,AB,lycee_public,N,"32,9",8.0,65.7,17,19.8,25,5,9,5,0,9.02,6,3,2,2,,F,rouge,jeudi,888226,26 Sep 2024,4.14,1,"Motivation en berne, à accompagner."
ETU-02653,2024-2025,Biologie,22,M,GEN,AB,lycee_public,non,"11,2",0.0,"86,9",56,97.7,131,2,8,7,9,11.23,5,2,4,4,4,G,rouge,lundi,256583,09 Sep 2024,17.1,0,Très actif sur la plateforme.
ETU-04680,2024-2025,psychologie,20,femme,general,passable,lycee_public,0,"15,6",18.0,78.7%,43,50.2,107,8,13,11,5,"10,62",5,2,3,,4,G,jaune,vendredi,867833,13 Sep 2024,15.32,0,"Rendus souvent en retard, à relancer."
ETU-00008,2024-2025,GESTION,19,F,général ,Passable,lycee_public,O,"37,3",12.0,56.3,3,3.8,1,3,8,4,0,"10,1",7,5,2,1,1,B,vert,jeudi,106697,19/09/2024,5.45,1,
ETU-03325,2024-2025,Mathematiques,22,M,general,Assez Bien,cfa,Non,"32,0",3.0,"77,6",36,49.8,83,4,8,8,5,15.09,5,5,3,4,1,G,gris,vendredi,929113,2024-09-20,17.76,0,
ETU-04695,2024-2025,STAPS,19,Homme,general,Très Bien,lycee_public,Non,"33,0",,71.4,35,36.8,78,4,13,12,3,"16,65",5,4,3,3,1,D,vert,mardi,140523,2024-09-24,18.48,0,
ETU-02062,2024-2025,Informatique,23,F,général ,P,lycee_public,non,0.6,19.0,70.7,32,33.6,44,4,12,8,2,"9,42",6,1,4,3,3,E,rouge,lundi,462437,16/09/2024,14.03,0,
ETU-02708,2024-2025,Psychologie,18,M,TECHNO,AB,lycee_public,1,7.1,6.0,85.3%,30,54.4,69,5,12,12,1,6.07,6,3,2,2,3,D,jaune,vendredi,283728,2024-09-06,12.58,0,En difficulté sur les évaluations.
ETU-00538,2024-2025,INFORMATIQUE,22,H,Generale,Très Bien,lycee_public,non,,10.0,81.8%,20,19.2,45,6,8,6,2,"9,79",6,5,4,3,4,B,vert,mercredi,422299,2024-09-04,13.25,0,
ETU-01181,2024-2025,informatique,19,Femme,general,Passable,lycee_public,Oui,11.5,0.0,57.3,12,21.5,21,7,13,10,1,10.13,7,3,2,4,2,E,rouge,mardi,847363,24 Sep 2024,12.4,0,"Motivation en berne, à accompagner."
ETU-00590,2024-2025,Biologie,23,Femme,Technologique,Passable,lycee_public,N,9.1,25.0,71.3%,35,51.0,77,6,11,8,2,13.94,6,6,3,3,3,E,rouge,mercredi,717950,25/09/2024,16.3,0,Suivi sans particularité.
ETU-03670,2024-2025,Droit,20,Femme,pro,ab,lycee_public,1,"25,0",,61.0,15,21.3,20,7,10,7,0,7.31,5,3,,,1,G,gris,vendredi,234186,13 Sep 2024,3.44,1,
ETU-01760,2024-2025,Droit,20,Homme,Technologique,Très Bien,lycee_prive,Non,32.3,,73.9,25,23.6,55,2,13,10,4,16.66,5,5,4,,4,G,rouge,lundi,722291,2024-09-23,18.04,0,Profil dans la moyenne.
ETU-01462,2024-2025,Informatique,18,Femme,général ,Passable,lycee_public,N,"61,7",25.0,89.5,23,32.7,59,2,11,10,4,"14,35",5,4,5,5,3,C,jaune,jeudi,355602,2024-09-19,17.59,0,
ETU-00934,2024-2025,Lettres,23,Femme,Professionnel,Assez Bien,lycee_public,N,10.7,14.0,95.7%,33,53.2,71,0,13,13,7,"10,72",6,4,4,4,3,F,gris,jeudi,664988,2024-09-12,17.56,0,Suivi sans particularité.
ETU-03288,2024-2025,Gestion,22,M,Technologique,AB,lycee_public,non,"10,3",0.0,72.4,33,32.2,67,7,11,9,2,15.4,5,5,2,4,1,E,jaune,lundi,354134,2024-09-16,16.17,0,
ETU-02504,2024-2025,Biologie,21,M,général ,P,lycee_prive,N,"6,1",0.0,83.0,45,64.9,66,7,10,10,2,15.26,6,1,3,4,,G,gris,mercredi,695007,2024-09-11,18.5,0,Engagement en ligne remarquable.
ETU-03457,2024-2025,PSYCHOLOGIE,20,femme,GEN,AB,lycee_public,0,7.6,0.0,70.6,25,30.4,56,7,12,10,1,11.53,5,3,3,3,2,G,gris,mercredi,250152,25 Sep 2024,6.87,1,Profil dans la moyenne.
ETU-02270,2024-2025,STAPS,18,Homme,Général,P,lycee_public,non,11.3,3.0,91.6,37,50.5,58,6,12,10,3,11.86,5,2,3,4,1,A,bleu,vendredi,212261,2024-09-13,15.98,0,Suivi sans particularité.
ETU-03792,2024-2025,Gestion,23,Femme,Generale,passable,lycee_public,O,28.6,,95.8,35,60.6,90,5,10,9,5,"8,53",5,4,3,2,2,G,bleu,vendredi,772748,06/09/2024,13.73,0,Profil dans la moyenne.
ETU-04405,2024-2025,DROIT,19,Homme,GEN,Passable,lycee_prive,Oui,,0.0,64.3,20,13.7,40,6,10,7,2,9.11,6,3,2,4,,F,rouge,mercredi,228190,18 Sep 2024,4.47,1,
ETU-03372,2024-2025,BIOLOGIE,17,femme,Général,Assez Bien,autre,oui,11.1,10.0,87.3,40,68.2,77,2,13,13,1,8.3,5,2,3,4,1,A,gris,jeudi,440870,12/09/2024,16.66,0,Profil dans la moyenne.
ETU-02669,2024-2025,Gestion,19,M,general,Bien,lycee_public,N,10.6,11.0,75.5,33,38.5,83,1,8,8,6,12.88,6,6,4,5,4,F,bleu,mardi,607372,24 Sep 2024,15.99,0,Travail sérieux et régulier.
ETU-01648,2024-2025,gestion,22,f,Generale,Bien,,Non,34.0,22.0,97.6,47,71.4,92,3,12,12,3,"14,41",7,7,5,4,2,E,jaune,mardi,441484,10/09/2024,18.38,0,Étudiant assidu et investi.
ETU-04378,2024-2025,staps,19,M,Général,passable,lycee_public,O,29.5,21.0,64.6,24,46.5,41,2,8,5,0,12.75,6,4,3,2,3,H,bleu,mercredi,857907,04/09/2024,8.78,1,
ETU-02551,2024-2025,Mathematiques,20,femme,TECHNO,passable,lycee_public,0,0.0 km,28.0,83.4,30,43.5,81,4,9,9,3,"9,9",5,3,4,4,3,F,jaune,lundi,686429,09/09/2024,15.63,0,
ETU-04591,2024-2025,Informatique,21,Femme,Generale,ab,lycee_public,non,20.6,,49.0%,0,0.0,0,6,13,6,0,9.14,6,3,1,1,,H,bleu,jeudi,630409,05 Sep 2024,2.06,1,"Absences répétées, situation préoccupante."
ETU-00317,2024-2025,Droit,20,h,TECHNO,ab,lycee_public,0,"5,0",4.0,"74,0",32,59.7,78,2,10,9,3,"7,59",6,4,1,3,4,A,rouge,jeudi,319862,2024-09-19,11.8,0,En difficulté sur les évaluations.
ETU-03379,2024-2025,biologie,20,femme,general,Assez Bien,lycee_prive,0,18.7,,96.1,52,31.9,105,3,11,9,8,12.74,7,7,5,5,5,E,gris,mercredi,146450,18/09/2024,17.59,0,
ETU-04803,2024-2025,Psychologie,19,H,général ,P,lycee_public,Non,2.7,20.0,"76,4",,47.5,69,2,13,11,5,12.45,5,4,5,5,3,B,jaune,mardi,684391,2024-09-03,16.91,0,Travail sérieux et régulier.
ETU-03571,2024-2025,Informatique,21,Femme,general,passable,lycee_public,O,4.3 km,9.0,82.8%,25,37.7,74,5,12,10,6,"12,7",7,5,5,3,4,E,vert,jeudi,234316,12 Sep 2024,17.23,0,"Bon semestre, résultats solides."
ETU-00146,2024-2025,STAPS,19,h,Generale,passable,,O,56.0 km,4.0,68.0,13,21.9,43,7,12,7,0,"9,0",7,3,1,3,2,E,rouge,mardi,725792,03 Sep 2024,2.78,1,Semble peu engagé dans la formation.
ETU-01099,2024-2025,Informatique,22,Homme,TECHNO,Bien,,oui,27.5,7.0,68.1,58,71.4,137,9,10,9,1,10.25,6,1,,4,2,B,bleu,mardi,162055,10/09/2024,17.01,0,
ETU-04325,2024-2025,Mathematiques,20,femme,général ,AB,lycee_public,1,0.4,15.0,"90,9",37,72.3,87,0,12,12,2,11.51,6,4,,5,2,A,vert,jeudi,878668,19 Sep 2024,17.43,0,
ETU-03816,2024-2025,Biologie,18,femme,Général,passable,autre,0,"0,3",7.0,62.8%,10,9.1,45,6,10,7,0,10.29,7,6,3,5,4,B,gris,jeudi,617243,2024-09-05,14.25,0,Engagement en ligne très faible.
ETU-04724,2024-2025,psychologie,19,H,GEN,Bien,lycee_public,N,"21,4",5.0,98.7,39,70.1,100,4,8,6,3,,6,3,3,4,2,C,jaune,jeudi,965076,19/09/2024,12.97,0,
ETU-00450,2024-2025,gestion,20,f,Generale,B,lycee_public,0,44.5,10.0,67.7,47,90.7,116,0,11,11,6,"13,11",7,3,4,4,3,G,gris,vendredi,678790,20/09/2024,18.2,0,
ETU-05114,2024-2025,Psychologie,21,M,general,Bien,lycee_public,non,,13.0,"59,7",37,65.6,99,5,11,9,1,13.47,6,3,3,2,3,C,rouge,vendredi,478611,27 Sep 2024,17.34,0,
ETU-04779,2024-2025,Biologie,19,M,Général,Très Bien,lycee_public,non,3.5,,75.4,25,63.5,40,4,12,11,1,11.27,6,5,4,2,3,D,gris,mardi,181446,17 Sep 2024,13.76,0,
ETU-03184,2024-2025,STAPS,21,h,Professionnel,passable,lycee_public,1,"17,3",0.0,65.6,21,23.7,56,4,11,7,2,2.95,7,2,2,2,3,D,bleu,lundi,141028,2024-09-02,2.14,1,Résultats fragiles aux partiels.
ETU-02986,2024-2025,STAPS,18,Homme,Generale,ab,lycee_public,1,35.7,0.0,"80,7",27,22.8,64,3,12,8,5,12.74,6,5,4,3,2,E,rouge,jeudi,968865,19/09/2024,15.92,0,
ETU-01221,2024-2025,Lettres,19,M,Professionnel,B,lycee_public,N,6.8,,"94,3",36,68.5,74,5,10,9,1,"12,21",6,5,5,3,4,D,bleu,vendredi,625602,13/09/2024,15.51,0,"Bon semestre, résultats solides."
ETU-02544,2024-2025,PSYCHOLOGIE,21,H,GEN,Passable,lycee_public,O,11.9,,87.3,35,54.2,74,2,8,8,5,15.76,5,5,4,5,4,C,bleu,mercredi,467816,11/09/2024,18.34,0,"Très bon investissement, en réussite."
ETU-02352,2024-2025,Psychologie,21,femme,techno,Assez Bien,lycee_public,O,5.6,0.0,"51,1",1,0.3,7,7,12,7,1,7.54,5,3,1,3,3,E,bleu,vendredi,155722,2024-09-27,1.23,1,
ETU-01757,2024-2025,Droit,23,Homme, pro,Passable,lycee_public,Non,,0.0,60.4%,26,46.3,76,4,10,7,1,"5,69",5,3,2,2,3,H,rouge,jeudi,589655,19 Sep 2024,11.68,0,
ETU-03240,2024-2025,Biologie,17,f,TECHNO,Assez Bien,cfa,0,,11.0,"71,7",15,32.1,35,5,8,6,0,6.84,5,3,3,2,3,B,rouge,mercredi,941621,11/09/2024,3.01,1,En difficulté sur les évaluations.
ETU-01583,2024-2025,psychologie,21,Homme,GEN,TB,lycee_public,Oui,40.6,11.0,73.4,7,12.1,34,6,12,7,1,"9,72",5,1,1,4,1,F,gris,mardi,408819,17/09/2024,5.57,1,
ETU-04253,2024-2025, STAPS ,21,H,Generale,Passable,lycee_public,non,2.1,0.0,85.5%,31,46.7,51,2,12,10,3,,6,6,,5,4,F,vert,jeudi,318611,12/09/2024,16.72,0,
ETU-04521,2024-2025,Mathematiques,20,h, pro,passable,lycee_public,oui,11.9,18.0,"91,1",37,64.1,75,2,10,9,5,"7,13",6,3,3,4,2,C,bleu,vendredi,365054,2024-09-20,13.89,0,Résultats fragiles aux partiels.
ETU-00203,2024-2025,Informatique,20,f,Generale,ab,lycee_prive,non,9.6,0.0,56.9,3,1.9,11,8,11,8,0,7.56,7,3,1,3,1,E,gris,lundi,957057,09 Sep 2024,3.07,1,
ETU-01746,2024-2025,Gestion,18,M,techno,TB,lycee_public,Non,9.6,15.0,"64,4",3,5.8,9,4,10,4,0,"12,44",5,4,1,3,2,F,bleu,vendredi,743372,2024-09-27,7.59,1,
ETU-03558,2024-2025,Psychologie,20,M,GEN,Bien,lycee_public,non,0.5,,71.8,,58.2,102,2,12,11,8,13.06,7,3,5,2,4,E,gris,mercredi,740902,2024-09-11,16.67,0,RAS.
ETU-01433,2024-2025,Biologie,18,h,général ,Bien,,N,9.7 km,,71.0%,3,0.6,3,6,13,6,0,4.57,6,1,1,2,1,C,jaune,vendredi,304741,27/09/2024,1.21,1,Résultats fragiles aux partiels.
ETU-02559,2024-2025,staps,23,H,TECHNO,P,lycee_public,non,0.4,4.0,86.8,39,46.8,90,2,8,8,7,"7,08",7,4,4,3,3,E,gris,mardi,273316,03/09/2024,13.93,0,En difficulté sur les évaluations.
ETU-04209,2024-2025,gestion,22,femme,TECHNO,passable,cfa,non,"16,4",0.0,98.9%,33,27.8,79,3,13,12,6,8.86,5,4,,4,3,H,bleu,mercredi,200458,2024-09-11,16.19,0,
ETU-02549,2024-2025, STAPS ,19,femme,Général,P,lycee_public,1,4.4,0.0,81.0,42,68.8,82,4,11,10,5,"15,72",6,4,4,4,3,A,vert,mercredi,879104,18 Sep 2024,18.7,0,
ETU-04689,2024-2025,STAPS,19,femme,techno,Très Bien,lycee_public,oui,3.4,3.0,82.0,23,49.0,28,4,8,7,1,14.48,6,5,3,5,2,E,rouge,jeudi,298057,12/09/2024,17.26,0,
ETU-00583,2024-2025,Biologie,19,Homme,Général,AB,,Oui,11.3,0.0,59.6,13,18.6,52,7,13,11,0,"9,41",6,5,3,2,2,C,gris,jeudi,270567,26/09/2024,6.8,1,
ETU-00709,2024-2025,DROIT,19,f,techno,Bien,lycee_public,N,3.7,11.0,96.6,44,93.6,96,7,12,12,2,14.55,6,1,,,5,B,bleu,mardi,248325,10/09/2024,18.86,0,
ETU-03187,2024-2025,Droit,18,F,Generale,P,lycee_public,0,7.0,26.0,"66,9",9,6.5,11,4,9,6,0,7.75,6,2,1,3,1,A,vert,mardi,666566,10/09/2024,3.89,1,
ETU-04029,2024-2025,DROIT,19,H,TECHNO,Bien,lycee_public,1,,0.0,83.9%,51,44.9,113,1,12,11,3,15.06,5,4,5,,4,B,vert,vendredi,677840,20 Sep 2024,18.85,0,Très actif sur la plateforme.
ETU-02197,2024-2025,STAPS,19,f,GEN,tres bien,lycee_public,non,5.6,0.0,81.9%,26,32.9,42,3,11,6,3,9.74,6,3,3,,3,B,bleu,mercredi,524098,11 Sep 2024,13.33,0,
ETU-01917,2024-2025,Gestion,18,f,techno,Très Bien,lycee_public,oui,34.1,0.0,84.4%,38,64.9,97,0,9,8,6,"11,06",7,6,3,4,3,D,vert,jeudi,303370,2024-09-12,16.88,0,
ETU-03979,2024-2025,mathematiques,21,H, pro,passable,,O,,4.0,86.9,15,31.2,43,2,9,9,3,7.35,5,3,3,3,2,H,jaune,vendredi,991532,2024-09-20,13.39,0,
ETU-00333,2024-2025,GESTION,18,M,techno,B,cfa,1,"5,2",10.0,94.9,66,114.0,156,3,10,10,2,"12,21",6,6,5,3,3,A,gris,jeudi,978649,26/09/2024,17.49,0,Engagement en ligne remarquable.
ETU-02389,2024-2025,Psychologie,22,femme,PRO,P,lycee_public,N,,17.0,68.4,11,16.9,41,4,11,7,0,5.63,6,2,2,1,2,B,jaune,lundi,881079,02 Sep 2024,1.93,1,
ETU-04288,2024-2025,Mathematiques,18,Homme,TECHNO,passable,lycee_public,0,23.8,12.0,59.6,6,13.7,10,7,12,8,0,7.87,6,1,2,2,1,D,jaune,mercredi,328370,2024-09-25,1.83,1,En difficulté sur les évaluations.
ETU-01833,2024-2025,Gestion,19,H,GEN,Bien,lycee_prive,Oui,9.1 km,10.0,78.1%,38,53.8,79,5,10,7,3,"9,22",7,4,3,2,3,C,bleu,mardi,345698,2024-09-10,13.59,0,RAS.
ETU-01670,2024-2025,STAPS,18,Homme,general,ab,lycee_public,Non,16.6,7.0,62.0,7,7.5,21,5,11,5,0,7.94,5,4,1,3,3,H,gris,vendredi,109650,2024-09-20,3.27,1,
ETU-00858,2024-2025,Psychologie,20,H,GEN,Passable,lycee_public,N,30.1,0.0,"82,8",34,44.6,80,1,9,7,5,"11,45",6,5,2,3,3,F,jaune,lundi,367641,23/09/2024,15.65,0,"Motivation en berne, à accompagner."
ETU-02686,2024-2025,staps,20,H,Technologique,Bien,lycee_public,Oui,3.6,18.0,73.4,6,8.6,15,3,12,9,1,11.35,7,6,4,4,4,B,gris,mardi,302434,03/09/2024,5.8,1,
ETU-04363,2024-2025,Mathematiques,19,h,techno,P,lycee_prive,Oui,1.6,24.0,63.4%,14,26.5,22,2,12,7,1,8.51,6,2,1,3,2,A,jaune,lundi,306012,2024-09-02,4.28,1,Semble peu engagé dans la formation.
ETU-02051,2024-2025, Mathematiques ,21,femme,Général,Passable,lycee_public,Oui,35.0,3.0,"84,7",16,20.1,39,2,9,8,3,13.92,5,4,3,2,,C,vert,jeudi,888662,05/09/2024,17.37,0,
ETU-04163,2024-2025,Informatique,21,F,général ,ab,lycee_public,Oui,11.9 km,15.0,76.1,14,27.5,23,7,13,8,2,"12,79",6,3,3,4,2,B,jaune,mercredi,659015,2024-09-11,7.37,1,Travail sérieux et régulier.
ETU-01628,2024-2025,Droit,23,f,techno,AB,lycee_public,Non,"17,7",10.0,82.0%,42,88.1,109,5,13,13,3,10.46,7,4,3,4,3,F,gris,mercredi,422968,18 Sep 2024,15.99,0,Très actif sur la plateforme.
ETU-00479,2024-2025,BIOLOGIE,20,M,Professionnel,B,lycee_public,0,"17,9",27.0,"86,7",8,8.2,29,6,11,10,4,8.0,6,3,3,,2,G,gris,mercredi,953616,2024-09-11,6.28,1,
ETU-00036,2024-2025,Gestion,22,M,général ,passable,lycee_public,0,"8,9",11.0,97.3%,61,106.8,154,1,9,8,10,15.28,7,4,5,4,5,C,bleu,mardi,172346,2024-09-10,19.26,0,
ETU-00747,2024-2025,STAPS,24,F,GEN,B,cfa,Non,1.9,,80.9%,21,21.3,47,5,10,8,4,15.34,5,5,4,3,3,B,vert,mardi,886019,2024-09-24,18.46,0,
ETU-02156,2024-2025,STAPS,21,f,pro,AB,,Non,21.1,15.0,83.2,51,67.5,106,5,13,13,7,"7,76",6,3,3,4,3,H,bleu,mardi,817182,24 Sep 2024,14.83,0,En difficulté sur les évaluations.
ETU-04934,2024-2025,Lettres,21,f,Général,P,lycee_public,0,1.7 km,3.0,87.4%,20,37.3,56,4,8,6,3,6.29,6,3,1,,2,E,gris,vendredi,144635,2024-09-27,12.11,0,Résultats fragiles aux partiels.
ETU-02133,2024-2025,Mathematiques,19,M,techno,AB,lycee_public,0,0.1,21.0,"85,0",28,53.3,43,3,8,6,5,"11,64",5,4,5,5,4,H,gris,mardi,291152,17 Sep 2024,15.57,0,Suivi sans particularité.
ETU-03559,2024-2025,biologie,21,Femme,Général,P,lycee_prive,N,13.4,15.0,65.1%,17,28.5,33,6,10,6,2,13.84,6,6,3,3,,A,vert,lundi,153012,09/09/2024,14.07,0,
ETU-03144,2024-2025,STAPS,20,F,TECHNO,Passable,lycee_public,0,5.8,0.0,"66,1",15,26.2,40,6,11,6,1,9.36,5,2,4,3,2,B,vert,lundi,476746,02 Sep 2024,6.12,1,RAS.
ETU-01736,2024-2025,Droit,22,F,Generale,B,lycee_prive,oui,16.3 km,10.0,77.7%,47,40.9,102,4,11,8,2,"14,29",5,5,2,1,4,E,gris,lundi,496834,16/09/2024,16.94,0,
ETU-05011,2024-2025,DROIT,21,h,general,AB,lycee_public,N,,0.0,88.5%,,38.9,42,5,13,13,4,"11,55",7,5,4,5,4,G,vert,mardi,918922,03/09/2024,16.38,0,Suivi sans particularité.
ETU-04077,2024-2025,Informatique,19,h,Technologique,AB,lycee_public,O,0.5,,"51,5",10,18.3,16,5,8,5,0,"7,98",7,2,2,3,2,G,gris,vendredi,504130,06 Sep 2024,1.38,1,
ETU-04468,2024-2025,Mathematiques,19,f,général ,AB,cfa,0,20.7,13.0,78.5,39,29.9,101,6,11,9,3,11.05,5,3,3,3,2,D,vert,lundi,983190,2024-09-23,13.63,0,
ETU-02212,2024-2025,Droit,22,femme,général ,Passable,lycee_prive,1,48.2 km,8.0,"94,7",35,43.9,95,0,8,6,5,13.6,5,4,3,,2,F,vert,jeudi,825263,2024-09-12,18.88,0,"Très bon investissement, en réussite."
ETU-00956,2024-2025, STAPS ,23,Homme,Technologique,P,lycee_public,Oui,"7,1",13.0,61.8%,20,36.8,43,6,10,8,2,6.92,5,3,3,3,5,B,bleu,vendredi,884515,27 Sep 2024,4.54,1,
ETU-00104,2024-2025, Lettres ,21,h,Technologique,ab,lycee_prive,oui,"3,8",,72.5,20,18.1,34,5,11,8,1,2.6,7,2,1,2,4,C,rouge,mercredi,820029,11 Sep 2024,3.31,1,
ETU-04057,2024-2025,MATHEMATIQUES,21,f,Generale,ab,lycee_prive,N,"34,8",18.0,"62,8",3,0.3,1,6,12,8,0,"9,24",6,5,1,3,1,A,vert,vendredi,441747,2024-09-27,3.58,1,
ETU-03936,2024-2025,Droit,20,NR,TECHNO,Assez Bien,lycee_public,1,26.4,6.0,66.7,13,14.2,30,7,13,11,2,13.58,6,5,2,4,1,D,gris,lundi,753482,23 Sep 2024,7.89,1,"Motivation en berne, à accompagner."
ETU-03703,2024-2025, Informatique ,18,Homme,GEN,Assez Bien,lycee_prive,non,,8.0,79.9,8,16.5,5,6,9,6,1,10.98,5,5,3,4,2,E,jaune,mardi,914412,2024-09-03,14.78,0,
ETU-03429,2024-2025,Biologie,24,h,TECHNO,ab,cfa,0,"0,3",0.0,"75,9",25,42.3,42,5,12,10,0,12.32,5,3,4,3,1,H,rouge,mercredi,236578,11 Sep 2024,7.03,1,"Bon semestre, résultats solides."
ETU-04957,2024-2025,Gestion,20,M,Général,B,cfa,non,6.0,12.0,50.9%,2,6.0,11,7,13,8,1,10.39,6,5,1,4,2,B,vert,mardi,640667,03/09/2024,5.92,1,Forte baisse d'assiduité ce semestre.
ETU-01265,2024-2025,Informatique,19,f,GEN,Bien,lycee_public,1,9.1,6.0,47.3,7,8.6,30,4,9,5,0,12.07,6,4,3,1,1,H,rouge,mercredi,443674,2024-09-11,5.12,1,"Absences répétées, situation préoccupante."
ETU-05169,2024-2025,Droit,22,Femme,techno,B,lycee_public,Non,16.2,24.0,75.2,19,28.2,38,3,12,9,2,9.07,5,4,3,3,4,C,gris,jeudi,388885,2024-09-12,5.0,1,Suivi sans particularité.
ETU-01582,2024-2025,Informatique,19,Homme,Technologique,P,lycee_public,non,8.7,11.0,77.4,38,48.1,86,3,11,7,0,"11,95",7,5,2,4,3,A,bleu,vendredi,686433,13 Sep 2024,14.28,0,"Motivation en berne, à accompagner."
ETU-00014,2024-2025,GESTION,22,H,Général,Passable,lycee_public,non,2.2,6.0,75.7%,36,60.0,96,5,13,11,3,9.71,6,5,3,5,3,D,bleu,lundi,355287,2024-09-02,14.04,0,Profil dans la moyenne.
ETU-02942,2024-2025,Informatique,22,h,général ,passable,lycee_public,1,7.4 km,5.0,85.9,34,36.0,54,7,11,7,5,10.12,6,6,3,4,3,B,rouge,lundi,696299,09/09/2024,14.78,0,RAS.
ETU-01738,2024-2025,STAPS,19,f,general,Très Bien,autre,O,37.7,0.0,85.5,10,19.0,8,7,10,9,3,9.7,7,3,3,2,2,H,vert,mercredi,736050,18/09/2024,12.51,0,Engagement en ligne très faible.
ETU-01450,2024-2025, Mathematiques ,18,femme,Général,passable,lycee_public,non,1.9,0.0,"56,8",20,31.6,41,2,11,8,6,"8,03",5,2,4,1,2,E,jaune,mardi,286026,2024-09-17,5.96,1,
ETU-02854,2024-2025,Droit,20,Femme,Technologique,,lycee_public,non,21.6,19.0,48.1,8,12.3,24,8,12,9,1,6.83,6,1,2,2,2,H,jaune,lundi,260449,23 Sep 2024,1.7,1,
ETU-04301,2024-2025,Psychologie,18,M,Technologique,,lycee_public,Oui,"24,0",5.0,69.2,13,18.0,21,4,11,7,1,12.75,6,5,2,3,1,C,jaune,lundi,410881,23/09/2024,8.01,1,
ETU-01354,2024-2025,Informatique,20,Femme,GEN,B,lycee_public,N,"5,4",25.0,"89,5",37,34.6,59,4,10,7,3,11.17,6,2,3,2,,H,bleu,vendredi,886676,20 Sep 2024,15.71,0,RAS.
ETU-00559,2024-2025,DROIT,17,h,Technologique,,lycee_public,non,20.2,,75.4,,29.9,94,3,12,12,3,7.32,6,2,2,4,,B,jaune,jeudi,481365,12 Sep 2024,13.53,0,
ETU-04222,2024-2025,biologie,21,M,général ,ab,autre,non,9.4 km,,70.5,3,0.3,3,4,9,7,0,13.04,7,4,2,1,1,H,rouge,lundi,411994,2024-09-09,7.47,1,
ETU-01330,2024-2025,Psychologie,21,femme,Generale,Assez Bien,lycee_prive,oui,17.2 km,27.0,"92,3",45,63.9,99,2,12,11,4,14.82,5,5,5,2,3,F,vert,mardi,675028,10/09/2024,18.88,0,Étudiant assidu et investi.
ETU-02623,2024-2025,Mathematiques,23,femme,general,Bien,lycee_public,oui,0.4 km,0.0,90.9,39,35.9,92,2,10,10,3,"12,78",5,3,5,4,4,G,rouge,vendredi,743712,06/09/2024,18.09,0,
ETU-04228,2024-2025,droit,24,H,Generale,Assez Bien,autre,Non,44.3,8.0,79.6%,18,17.2,44,3,8,6,7,9.22,6,3,3,4,3,G,rouge,jeudi,228892,2024-09-19,13.63,0,Suivi sans particularité.
ETU-04102,2024-2025,Psychologie,20,femme,techno,TB,lycee_public,Oui,1.0 km,22.0,86.2%,37,70.3,94,1,11,11,5,10.95,5,2,3,,3,B,gris,lundi,593591,2024-09-09,17.09,0,
ETU-00671,2024-2025,Biologie,21,Femme,GEN,Passable,cfa,Non,6.1,12.0,96.6,50,30.9,120,0,13,13,6,"8,82",6,3,5,4,,G,rouge,jeudi,812290,05 Sep 2024,15.43,0,Engagement en ligne remarquable.
ETU-03865,2024-2025,Informatique,17,M,GEN,AB,lycee_public,Oui,31.0 km,0.0,71.6%,38,82.8,67,3,13,13,2,5.79,7,3,4,4,3,H,jaune,vendredi,928073,2024-09-13,11.56,0,En difficulté sur les évaluations.
ETU-02670,2024-2025,staps,18,Femme,Generale,,lycee_public,1,41.0,9.0,94.0,,128.0,151,1,8,8,11,"20,0",6,6,5,4,4,G,rouge,mardi,580988,10 Sep 2024,19.89,0,
ETU-00475,2024-2025,Informatique,21,Femme,Professionnel,passable,lycee_public,0,24.0,16.0,79.4,38,49.8,67,3,11,8,3,"11,42",5,1,3,2,4,F,rouge,mardi,428535,24 Sep 2024,15.73,0,
ETU-04649,2024-2025,Mathematiques,20,F,techno,ab,lycee_public,1,6.6,23.0,"81,8",20,55.3,53,2,9,7,3,4.21,6,2,3,2,3,H,bleu,jeudi,288324,05/09/2024,3.99,1,
ETU-02118,2024-2025, STAPS ,20,M,Général,Bien,lycee_public,non,,24.0,96.7,52,62.7,126,3,10,9,9,"11,62",7,5,4,2,4,B,vert,mardi,757844,2024-09-24,17.58,0,
ETU-02716,2024-2025,Biologie,20,Femme,general,Très Bien,lycee_public,N,6.5,24.0,75.2,,31.7,81,5,8,5,3,13.96,6,5,5,2,2,G,gris,mardi,245806,03/09/2024,15.11,0,Travail sérieux et régulier.
ETU-01931,2024-2025,Lettres,18,F,techno,Bien,lycee_prive,non,"4,6",0.0,75.5,38,56.9,84,7,8,8,2,10.94,7,0,4,2,2,D,gris,jeudi,296989,19 Sep 2024,16.55,0,
ETU-00384,2024-2025,Informatique,18,femme,Technologique,Bien,autre,Oui,"49,2",9.0,68.7%,22,34.5,45,6,9,6,4,7.08,6,4,2,3,2,A,jaune,lundi,290105,23 Sep 2024,2.47,1,
ETU-01718,2024-2025,BIOLOGIE,18,F,Generale,AB,cfa,0,"6,9",0.0,81.2,38,53.4,66,3,12,10,2,"13,64",5,4,3,4,4,B,gris,mercredi,767374,04 Sep 2024,16.66,0,
ETU-04281,2024-2025,Droit,23,H,Technologique,Assez Bien,lycee_prive,0,3.0,20.0,"75,4",27,28.3,38,3,11,8,5,,6,3,3,3,5,A,jaune,mardi,873851,24/09/2024,12.89,0,RAS.
ETU-03556,2024-2025,Informatique,19,H,Generale,ab,lycee_public,Oui,5.5,10.0,76.0%,37,70.4,92,7,12,10,4,"8,37",6,3,3,5,2,F,bleu,mercredi,293809,2024-09-18,13.28,0,
ETU-03427,2024-2025,STAPS,20,F,techno,B,lycee_public,Non,15.5,4.0,99.3,60,96.6,114,1,9,9,6,13.31,7,6,5,4,5,G,vert,jeudi,265541,2024-09-19,19.08,0,"Très bon investissement, en réussite."
ETU-03322,2024-2025,Informatique,19,M,TECHNO,,lycee_public,0,22.0 km,7.0,66.1,8,7.7,17,5,8,5,0,10.61,7,1,1,1,1,E,rouge,mardi,191398,24/09/2024,4.57,1,Engagement en ligne très faible.
ETU-00613,2024-2025, Mathematiques ,19,f,Professionnel,,lycee_prive,non,"8,3",0.0,88.2,37,78.4,119,6,11,11,1,8.57,6,4,5,4,2,C,jaune,jeudi,137425,05 Sep 2024,14.31,0,Suivi sans particularité.
ETU-04312,2024-2025,STAPS,20,M,Generale,ab,lycee_public,Oui,"12,7",9.0,86.2,18,16.9,32,5,9,7,4,7.51,6,4,4,3,4,D,rouge,lundi,820226,2024-09-02,12.33,0,En difficulté sur les évaluations.
ETU-02901,2024-2025, Lettres ,18,femme,GEN,P,lycee_public,N,7.0,9.0,"85,3",29,40.8,70,0,13,13,2,12.46,6,4,3,4,3,D,rouge,mercredi,327011,18/09/2024,17.73,0,Travail sérieux et régulier.
ETU-03272,2024-2025,staps,19,H,Général,ab,lycee_public,Oui,,11.0,83.0,36,56.9,73,1,9,9,1,15.07,6,2,4,5,3,A,vert,mercredi,221951,2024-09-11,18.56,0,
ETU-00985,2024-2025,DROIT,20,H,GEN,,lycee_public,non,2.7 km,4.0,86.8,54,73.6,117,0,10,10,7,"9,86",6,5,5,4,4,B,gris,mercredi,787150,2024-09-25,17.86,0,
ETU-02565,2024-2025,GESTION,22,H,Technologique,B,lycee_prive,Non,7.6,0.0,"62,3",14,7.3,41,6,12,6,0,"10,04",6,3,2,3,2,A,rouge,mardi,970790,2024-09-24,6.41,1,
ETU-01245,2024-2025,Mathematiques,22,M,general,Assez Bien,lycee_prive,0,12.9,0.0,53.2%,0,0.0,0,5,10,5,0,9.91,6,2,1,1,1,H,gris,vendredi,398248,20/09/2024,4.27,1,
ETU-00722,2024-2025, Droit ,22,f,general,AB,lycee_public,Oui,1.5,0.0,"81,0",19,30.0,41,5,9,8,3,"12,22",5,5,3,2,2,G,vert,mardi,108363,2024-09-17,15.26,0,Travail sérieux et régulier.
ETU-03683,2024-2025, Gestion ,20,F,pro,passable,lycee_prive,N,22.9,6.0,70.5%,3,5.9,1,3,11,7,0,3.4,6,0,1,4,2,A,bleu,mercredi,328285,18 Sep 2024,3.19,1,Résultats fragiles aux partiels.
ETU-00713,2024-2025,Droit,18,Femme,TECHNO,Bien,lycee_public,1,51.5,16.0,84.2,43,112.9,92,5,10,10,9,12.61,6,1,3,5,3,H,bleu,jeudi,691593,12/09/2024,17.19,0,
ETU-01198,2024-2025,Mathematiques,18,F,Generale,B,lycee_public,1,"29,0",0.0,88.7,66,86.2,110,1,12,12,4,15.36,6,6,5,3,3,F,gris,vendredi,777834,13 Sep 2024,19.18,0,"Très bon investissement, en réussite."
ETU-00523,2024-2025,informatique,23,f,général ,Passable,lycee_public,non,5.5 km,0.0,"62,5",27,36.1,73,6,9,7,3,"12,93",6,3,5,4,3,F,vert,vendredi,404382,2024-09-20,15.99,0,Suivi sans particularité.
ETU-04407,2024-2025,Lettres,18,f,GEN,AB,lycee_public,N,"37,5",0.0,69.0,29,35.4,52,7,11,7,0,6.41,7,4,2,3,1,D,vert,jeudi,255293,26 Sep 2024,3.49,1,Résultats fragiles aux partiels.
ETU-02563,2024-2025,mathematiques,23,femme,general,B,lycee_public,Oui,"45,0",7.0,79.7,9,16.2,4,3,11,8,1,,5,4,2,3,2,F,vert,lundi,911439,09 Sep 2024,15.14,0,
ETU-02691,2024-2025,INFORMATIQUE,17,femme,GEN,Assez Bien,lycee_public,oui,4.4 km,16.0,76.2%,33,47.5,73,3,8,6,4,10.48,5,5,1,3,3,B,vert,jeudi,131341,26 Sep 2024,15.66,0,"Motivation en berne, à accompagner."
ETU-01361,2024-2025,Psychologie,19,femme,général ,,lycee_prive,0,12.3,0.0,70.8,30,42.3,63,4,12,10,3,"12,19",6,2,3,3,4,E,bleu,lundi,759615,2024-09-23,17.41,0,
ETU-03421,2024-2025,LETTRES,20,Femme,Technologique,B,lycee_prive,0,2.9,0.0,87.5,22,31.1,43,3,10,7,6,8.82,6,4,3,5,5,H,jaune,mercredi,603236,2024-09-11,13.24,0,RAS.
ETU-01531,2024-2025,Psychologie,21,Femme,general,ab,lycee_public,O,,,78.0,38,50.6,74,3,10,8,1,"8,22",6,0,3,1,3,E,bleu,mardi,382920,2024-09-24,13.79,0,Suivi sans particularité.
ETU-05006,2024-2025,Mathematiques,17,f,PRO,B,lycee_prive,Non,16.9,0.0,78.5,41,65.3,91,3,10,10,2,14.32,7,7,3,,4,B,jaune,lundi,927332,09 Sep 2024,17.59,0,Engagement en ligne remarquable.
ETU-01134,2024-2025,Informatique,23,Femme,GEN,passable,lycee_public,Oui,"3,9",22.0,65.1,26,46.9,70,4,12,10,2,11.02,7,5,3,2,3,C,vert,lundi,195787,02/09/2024,4.69,1,
ETU-03684,2024-2025,droit,18,M,GEN,Assez Bien,lycee_prive,N,"0,2",28.0,63.9,9,16.6,13,3,12,9,4,12.14,6,5,3,4,3,D,vert,lundi,443589,16 Sep 2024,8.0,1,Engagement en ligne très faible.
ETU-02598,2024-2025,Gestion,20,Homme,général ,Bien,lycee_public,N,61.3,,97.1,45,85.8,72,6,12,9,7,14.29,6,5,5,5,2,G,gris,mardi,794448,2024-09-17,19.18,0,
ETU-04321,2024-2025,droit,18,f,général ,ab,lycee_public,1,24.6,0.0,97.0,39,79.3,82,2,12,12,11,11.57,6,1,4,4,5,B,rouge,mercredi,885753,2024-09-11,17.6,0,Profil dans la moyenne.
ETU-03069,2024-2025, Gestion ,24,M,Generale,tres bien,lycee_public,0,"2,7",0.0,"66,5",37,79.1,69,1,8,5,3,"14,78",6,6,3,2,4,E,vert,jeudi,680130,2024-09-12,18.42,0,
ETU-03014,2024-2025,STAPS,20,F,GEN,P,lycee_public,Oui,21.3 km,0.0,61.9,,12.2,22,3,9,6,0,"1,92",7,0,1,1,1,B,bleu,mardi,649775,2024-09-24,0.59,1,Résultats fragiles aux partiels.
ETU-04432,2024-2025,Droit,18,Homme,Général,P,lycee_public,0,"12,2",0.0,80.1%,28,27.9,51,3,11,10,6,"7,48",6,2,1,3,3,A,vert,mercredi,993964,2024-09-11,12.94,0,Résultats fragiles aux partiels.
ETU-02033,2024-2025,STAPS,21,F,general,B,lycee_public,non,1.9,,73.1,24,32.0,41,3,9,6,1,13.43,6,3,3,5,1,A,gris,vendredi,263365,27 Sep 2024,14.98,0,Profil dans la moyenne.
ETU-01753,2024-2025,Lettres,18,Autre,TECHNO,Assez Bien,lycee_public,N,10.0,8.0,"66,9",13,21.5,25,4,12,7,1,9.85,5,1,2,4,3,E,vert,mercredi,999080,11 Sep 2024,4.46,1,
ETU-04279,2024-2025,informatique,19,Femme,Général,P,lycee_public,1,"14,1",13.0,48.1,0,0.0,0,5,13,8,0,10.69,6,1,2,3,4,B,rouge,jeudi,528160,05 Sep 2024,4.29,1,
ETU-02354,2024-2025,Mathematiques,20,Homme,techno,,autre,O,15.3 km,,79.2,32,63.5,78,1,12,12,4,13.55,6,6,5,4,2,A,bleu,vendredi,303121,2024-09-06,16.28,0,
ETU-03351,2024-2025,Informatique,20,H,général ,passable,lycee_public,O,8.0,,91.3,25,43.9,44,1,13,12,4,10.38,5,4,3,4,3,H,gris,mercredi,333281,2024-09-11,16.11,0,
ETU-02087,2024-2025,Informatique,19,Homme,GEN,,lycee_public,0,12.1,13.0,64.8,25,24.5,59,4,10,8,2,6.81,6,2,1,5,3,E,rouge,vendredi,499560,13/09/2024,12.1,0,Résultats fragiles aux partiels.
ETU-02640,2024-2025,Psychologie,18,Femme,general,P,lycee_prive,oui,2.3,9.0,"79,6",15,19.9,18,7,10,7,1,5.95,6,1,3,5,1,A,rouge,mercredi,185119,18 Sep 2024,3.5,1,Résultats fragiles aux partiels.
ETU-00496,2024-2025,biologie,22,M,GEN,Passable,lycee_public,O,35.4,8.0,65.7,12,17.4,26,9,12,9,0,12.74,5,2,3,1,1,H,vert,jeudi,558899,2024-09-26,3.51,1,"Rendus souvent en retard, à relancer."
ETU-01826,2024-2025,Droit,21,h,techno,Passable,lycee_public,1,29.0,,"86,1",53,84.2,118,3,12,12,4,"11,33",7,6,5,5,3,G,rouge,mardi,391597,24/09/2024,16.85,0,
ETU-03468,2024-2025,STAPS,18,f,général ,AB,lycee_public,Non,"12,3",0.0,90.2,26,54.1,46,3,9,9,5,8.14,6,4,2,,4,G,gris,mercredi,904219,11 Sep 2024,14.81,0,
ETU-03412,2024-2025,DROIT,18,F,techno,B,autre,N,"20,6",20.0,64.4,24,28.9,64,6,13,10,1,11.87,5,4,3,,3,B,jaune,mercredi,269473,18/09/2024,7.08,1,Profil dans la moyenne.
ETU-02926,2024-2025,Informatique,22,f,GEN,AB,lycee_prive,non,,0.0,73.4%,18,29.6,25,3,8,6,4,"8,3",5,3,2,3,,G,gris,mercredi,175656,25/09/2024,4.71,1,Semble peu engagé dans la formation.
ETU-01124,2024-2025,Lettres,19,h,GEN,Passable,lycee_public,O,0.2,14.0,"95,6",34,47.3,81,2,8,6,6,"9,91",7,1,4,3,5,A,bleu,jeudi,508723,2024-09-26,14.69,0,
ETU-03554,2024-2025,Biologie,18,Femme,général ,AB,,O,14.6,14.0,"83,0",18,20.3,43,6,13,10,0,10.15,6,5,,3,3,B,rouge,mercredi,534086,2024-09-04,13.66,0,
ETU-03712,2024-2025,Psychologie,21,H,Professionnel,ab,lycee_public,non,1.2 km,9.0,98.6,,86.1,139,2,13,13,9,16.78,5,5,5,,5,H,jaune,mardi,699110,17 Sep 2024,19.55,0,Étudiant assidu et investi.
ETU-00268,2024-2025,Informatique,20,M,Général,Passable,lycee_public,non,"3,5",,67.1,16,13.9,26,2,10,6,1,9.94,5,3,2,1,2,A,gris,mardi,539210,24/09/2024,6.54,1,
ETU-03636,2024-2025, Biologie ,17,f,general,B,lycee_public,non,,11.0,69.9,32,37.8,67,6,9,7,2,13.37,6,5,3,5,3,A,rouge,vendredi,120098,06 Sep 2024,16.15,0,
ETU-02372,2024-2025,Mathematiques,19,f,GEN,passable,lycee_public,Non,5.8,8.0,"90,9",34,54.5,89,3,10,8,9,"10,38",6,4,4,5,2,H,gris,vendredi,202120,2024-09-06,14.81,0,Suivi sans particularité.
ETU-02528,2024-2025,Gestion,19,H,général ,AB,lycee_public,Non,"27,4",20.0,63.0%,24,50.9,52,2,13,11,2,13.79,7,5,,5,1,D,vert,vendredi,707683,06/09/2024,14.56,0,RAS.
ETU-01697,2024-2025,STAPS,18,h,Generale,ab,lycee_public,0,"3,5",,82.7,31,33.0,75,1,12,9,2,10.11,7,4,4,3,1,A,rouge,mardi,814096,10/09/2024,15.58,0,
ETU-00326,2024-2025,Droit,21,h,general,AB,lycee_prive,non,3.1,14.0,77.3,22,32.6,61,6,13,11,4,7.76,6,4,3,3,5,H,jaune,jeudi,657625,2024-09-12,13.13,0,
ETU-02341,2024-2025,Droit,23,f,PRO,B,,0,1.2,24.0,"70,8",19,26.6,42,3,12,12,3,"5,21",5,2,4,3,4,H,gris,lundi,356969,02 Sep 2024,10.9,0,
ETU-04409,2024-2025,Gestion,19,F,GEN,Passable,lycee_public,0,4.0,,"76,8",25,43.1,61,4,10,6,2,15.3,5,2,3,4,3,G,bleu,mercredi,721413,2024-09-18,16.23,0,
ETU-02109,2024-2025,Lettres,18,Femme,général ,passable,lycee_prive,Non,"2,8",0.0,64.0,3,12.7,5,4,13,9,0,12.08,5,4,2,3,2,A,vert,lundi,611315,02/09/2024,7.96,1,Engagement en ligne très faible.
ETU-00520,2024-2025,Mathematiques,23,Femme,general,Passable,cfa,O,2.3,0.0,87.2%,48,61.9,122,2,12,11,4,"11,05",6,0,2,4,3,E,vert,mardi,183358,2024-09-10,16.75,0,
ETU-03035,2024-2025, Droit ,22,femme,techno,Passable,lycee_public,Non,29.5 km,0.0,80.2,47,69.8,69,6,13,11,4,"4,57",5,1,4,3,,D,rouge,mercredi,870018,2024-09-04,12.48,0,Résultats fragiles aux partiels.
ETU-01880,2024-2025,Informatique,17,h,pro,passable,lycee_public,0,6.3,,89.9,29,55.2,90,0,9,9,3,11.9,7,4,5,4,3,A,bleu,vendredi,960926,06 Sep 2024,16.42,0,Suivi sans particularité.
ETU-04058,2024-2025,PSYCHOLOGIE,21,femme,Général,P,lycee_public,Oui,6.5,14.0,84.4,42,68.7,116,8,9,8,6,11.58,5,4,3,2,4,A,rouge,mercredi,700192,25 Sep 2024,16.93,0,
ETU-00427,2024-2025,Psychologie,21,f,Professionnel,P,lycee_public,0,18.2,0.0,"96,1",43,46.5,57,0,12,11,4,"15,33",7,4,5,4,5,E,jaune,mercredi,380932,25/09/2024,19.05,0,Étudiant assidu et investi.
ETU-01873,2024-2025,informatique,18,H,general,TB,lycee_prive,Oui,56.3,0.0,"77,4",25,24.9,46,4,10,9,4,17.28,7,6,4,4,3,H,bleu,lundi,620658,2024-09-09,19.51,0,
ETU-05103,2024-2025,Biologie,22,M,Technologique,Bien,lycee_prive,non,"7,5",25.0,79.9,17,21.9,35,4,10,8,7,"11,06",6,5,3,2,2,E,rouge,jeudi,532549,12 Sep 2024,7.51,1,
ETU-03534,2024-2025,Psychologie,20,F,GEN,TB,lycee_prive,1,37.2 km,5.0,75.1,24,31.0,68,4,10,9,3,"14,9",6,4,5,4,4,A,jaune,lundi,187416,09/09/2024,18.39,0,"Bon semestre, résultats solides."
ETU-02922,2024-2025,Mathematiques,20,F,PRO,,lycee_prive,non,0.7,8.0,71.8%,51,53.8,142,2,13,10,6,7.1,7,1,2,4,3,A,gris,mardi,569880,2024-09-24,12.99,0,
ETU-00728,2024-2025, Droit ,21,h,GEN,Passable,lycee_public,N,0.2,17.0,"69,4",29,34.5,72,3,8,8,2,9.7,7,6,,2,,H,gris,mardi,100783,24/09/2024,14.24,0,
ETU-04785,2024-2025,Psychologie,20,femme,Generale,passable,lycee_prive,O,13.7,24.0,76.0,12,9.7,18,5,11,10,2,10.46,6,6,3,5,5,A,jaune,mardi,960274,03 Sep 2024,14.52,0,Suivi sans particularité.
ETU-00675,2024-2025,Droit,21,H,Général,AB,lycee_public,1,13.4 km,,"84,9",32,50.7,90,1,8,6,8,13.24,6,5,5,3,3,C,jaune,mardi,496907,03 Sep 2024,16.25,0,
ETU-02913,2024-2025,STAPS,19,Femme,Generale,B,lycee_public,oui,1.7,12.0,88.0,33,63.7,75,5,13,11,2,11.14,7,6,3,3,4,F,jaune,vendredi,409891,2024-09-27,16.82,0,
ETU-02083,2024-2025,STAPS,19,Homme, pro,B,lycee_public,non,5.1,0.0,76.9,36,56.9,94,2,12,9,3,"6,62",6,3,4,3,3,B,gris,mercredi,546185,18 Sep 2024,14.75,0,
ETU-00225,2024-2025,Informatique,20,Femme,general,B,lycee_prive,0,12.6,19.0,81.1,21,32.5,28,4,9,6,5,10.83,6,6,5,4,5,F,gris,mercredi,223093,11/09/2024,14.84,0,
ETU-03592,2024-2025, Gestion ,23,f,TECHNO,ab,lycee_public,oui,11.7,,"72,2",12,12.4,23,4,9,6,0,8.42,6,1,1,4,3,E,bleu,lundi,540442,23/09/2024,4.49,1,
ETU-03620,2024-2025,PSYCHOLOGIE,19,M,general,ab,lycee_public,0,1.3,7.0,43.9,20,37.6,44,3,8,3,0,,7,2,3,3,2,F,rouge,mercredi,465196,25/09/2024,3.42,1,Forte baisse d'assiduité ce semestre.
ETU-02058,2024-2025,STAPS,17,Homme,general,P,lycee_public,O,"28,9",11.0,69.3,14,20.7,38,7,10,7,0,12.93,6,3,2,1,3,D,rouge,vendredi,532967,06 Sep 2024,6.02,1,Semble peu engagé dans la formation.
ETU-03010,2024-2025,Biologie,21,f,général ,tres bien,lycee_public,0,120.7,10.0,"87,4",32,47.6,73,3,13,10,5,9.3,6,1,5,4,2,H,jaune,mercredi,966504,18/09/2024,15.24,0,
ETU-02791,2024-2025,psychologie,23,h,Generale,Bien,lycee_public,non,21.1,15.0,67.3,33,43.2,69,5,12,12,2,14.27,6,6,4,4,1,H,jaune,mardi,779318,2024-09-10,18.26,0,
ETU-00066,2024-2025,Psychologie,21,M,général ,ab,lycee_prive,non,21.4,7.0,99.2,46,82.3,83,4,10,8,6,"11,58",5,3,5,4,3,B,rouge,vendredi,519503,13 Sep 2024,17.0,0,
ETU-00545,2024-2025,DROIT,19,femme,general,,autre,Non,11.5,27.0,"80,0",40,88.8,80,1,8,7,0,13.59,7,7,3,5,3,E,gris,vendredi,158988,2024-09-27,17.14,0,Travail sérieux et régulier.
ETU-03360,2024-2025,psychologie,20,F,general,Bien,lycee_public,0,9.3,23.0,61.0,16,7.4,26,5,13,11,4,10.11,6,0,5,4,3,E,bleu,lundi,892580,16 Sep 2024,13.86,0,
ETU-01695,2024-2025,INFORMATIQUE,17,Homme,techno,ab,lycee_prive,non,"8,0",0.0,94.6,38,43.2,61,1,12,11,4,"10,44",5,1,4,3,4,E,rouge,mercredi,295198,2024-09-04,15.36,0,
ETU-04580,2024-2025,STAPS,21,H,général ,Assez Bien,lycee_prive,N,"10,3",0.0,68.9%,13,24.8,24,7,12,9,0,9.25,7,3,2,3,1,C,bleu,vendredi,566477,20/09/2024,4.31,1,"Motivation en berne, à accompagner."
ETU-00313,2024-2025,psychologie,24,Homme,Technologique,P,lycee_public,Non,"2,3",15.0,80.8%,25,36.3,53,2,10,7,1,11.21,7,2,4,4,3,H,rouge,jeudi,702744,19 Sep 2024,14.81,0,
ETU-03208,2024-2025,Psychologie,20,femme,Generale,ab,cfa,Oui,10.9,0.0,84.4,28,24.5,58,4,12,10,3,"7,33",5,1,2,4,2,E,gris,mardi,937702,17 Sep 2024,13.38,0,En difficulté sur les évaluations.
ETU-02721,2024-2025,Biologie,20,f,Professionnel,P,lycee_public,non,"6,9",14.0,91.2,44,62.0,75,5,10,9,4,11.53,6,3,4,3,3,F,jaune,jeudi,123107,19/09/2024,16.89,0,Engagement en ligne remarquable.
ETU-03217,2024-2025,Gestion,19,f,GEN,P,cfa,O,5.3 km,5.0,98.1,52,82.9,121,1,9,9,7,11.12,7,7,5,5,5,B,bleu,lundi,818432,09 Sep 2024,18.35,0,
ETU-00040,2024-2025,staps,21,Homme,Technologique,passable,cfa,O,14.4 km,0.0,80.6,42,58.3,100,5,10,10,2,"14,5",7,7,4,4,4,F,bleu,jeudi,280496,12 Sep 2024,17.96,0,Engagement en ligne remarquable.
ETU-04773,2024-2025,informatique,19,Homme,Generale,Bien,lycee_public,Oui,18.6,13.0,74.3,39,49.7,85,2,10,10,10,14.81,6,6,4,4,5,A,jaune,lundi,131059,23 Sep 2024,18.65,0,
ETU-00784,2024-2025,GESTION,22,f,general,Assez Bien,lycee_public,0,45.0,0.0,70.5%,26,23.9,65,7,12,7,0,9.0,6,4,2,3,,E,jaune,vendredi,745919,20 Sep 2024,13.27,0,
ETU-00515,2024-2025,Mathematiques,21,Femme,techno,Très Bien,lycee_prive,0,5.6,7.0,84.9,38,31.2,111,1,11,11,6,"9,82",6,4,3,4,3,G,gris,jeudi,463295,19/09/2024,15.76,0,Suivi sans particularité.
ETU-04408,2024-2025, Psychologie ,20,Autre,TECHNO,Bien,lycee_prive,O,8.3 km,20.0,"87,3",16,27.5,44,1,9,9,6,9.46,6,5,5,4,4,F,gris,mardi,182522,2024-09-24,16.01,0,RAS.
ETU-01574,2024-2025, Informatique ,19,Homme,Technologique,P,autre,non,16.8,,71.1,12,26.0,39,6,8,6,3,6.26,7,4,1,3,2,A,gris,vendredi,556175,20/09/2024,2.02,1,En difficulté sur les évaluations.
ETU-00446,2024-2025,Biologie,19,Homme,Général,Bien,lycee_prive,N,5.5 km,10.0,"77,4",15,16.3,31,5,13,10,1,14.37,7,4,2,3,2,C,bleu,jeudi,426701,12/09/2024,8.13,1,Semble peu engagé dans la formation.
ETU-04465,2024-2025,Biologie,22,M,Technologique,AB,lycee_public,O,3.1,0.0,73.9,21,31.7,43,4,10,8,0,7.04,6,1,2,3,3,C,gris,lundi,646658,16/09/2024,14.34,0,
ETU-01097,2024-2025,Droit,23,femme,general,Très Bien,lycee_public,0,7.1,,56.9,3,5.3,1,3,9,3,0,12.6,6,6,3,2,1,B,vert,mercredi,835257,11/09/2024,12.69,0,
ETU-00510,2024-2025,gestion,21,Femme,techno,Très Bien,cfa,Non,"5,1",8.0,67.8%,25,38.9,83,4,9,7,3,"10,43",5,3,3,3,,G,jaune,mardi,658031,2024-09-24,14.44,0,
ETU-01587,2024-2025,STAPS,20,Homme,Generale,passable,,O,17.7 km,13.0,87.8,41,74.2,87,2,9,8,3,11.42,5,4,3,5,5,H,rouge,jeudi,244553,12 Sep 2024,17.42,0,Très actif sur la plateforme.
ETU-05127,2024-2025,Mathematiques,21,H,TECHNO,B,lycee_public,0,"18,4",6.0,66.4,18,21.5,39,3,10,7,2,"11,38",5,4,2,3,1,B,rouge,mercredi,741629,2024-09-18,5.72,1,Semble peu engagé dans la formation.
ETU-04111,2024-2025,Droit,21,h,techno,B,lycee_public,Oui,3.3,8.0,77.9,28,59.5,78,8,13,11,0,"6,8",6,3,1,4,1,C,gris,jeudi,302611,26/09/2024,4.58,1,
ETU-02808,2024-2025,psychologie,17,H,général ,P,autre,Oui,4.3,15.0,57.5,18,27.5,36,7,12,7,0,10.11,6,3,2,1,,A,rouge,lundi,445701,2024-09-16,5.35,1,
ETU-01551,2024-2025,Droit,18,f,Professionnel,AB,lycee_public,non,"7,0",15.0,78.9,23,31.7,41,5,8,7,0,8.07,6,4,,4,3,C,gris,vendredi,236070,06/09/2024,13.33,0,
ETU-03551,2024-2025, Informatique ,18,femme,Général,Passable,lycee_prive,non,16.7,17.0,61.8,11,23.7,26,5,13,13,0,9.15,6,5,3,3,1,C,gris,mardi,864172,03/09/2024,4.29,1,Engagement en ligne très faible.
ETU-03934,2024-2025, Informatique ,22,femme,general,Passable,lycee_public,0,"8,1",26.0,67.9,31,75.6,46,8,11,8,2,13.58,7,5,4,4,,G,jaune,mardi,112774,10/09/2024,6.64,1,
ETU-05086,2024-2025,Informatique,23,f,général ,AB,lycee_public,Oui,25.1,8.0,74.3,21,35.2,54,5,10,8,2,11.48,6,6,4,3,3,C,bleu,vendredi,536237,2024-09-20,13.98,0,
ETU-04742,2024-2025,Droit,19,F,Général,Bien,lycee_public,1,6.5,26.0,80.5,9,10.1,29,5,11,9,0,12.92,6,3,2,1,2,A,rouge,lundi,565602,09/09/2024,6.74,1,Peu actif sur la plateforme.
ETU-01684,2024-2025,mathematiques,22,F,GEN,TB,lycee_prive,0,37.6,0.0,"93,6",36,46.9,58,1,13,10,6,12.8,6,6,4,4,,B,vert,mercredi,842153,04 Sep 2024,17.01,0,Travail sérieux et régulier.
ETU-03531,2024-2025,psychologie,23,f,Generale,passable,lycee_public,Oui,2.1,28.0,53.9,13,26.7,35,6,11,7,0,"4,36",6,1,1,1,5,E,bleu,mercredi,278591,2024-09-04,0.46,1,
ETU-01262,2024-2025,lettres,20,Femme,techno,Passable,lycee_public,0,"53,8",0.0,65.1,15,31.0,23,6,13,11,0,"9,36",7,2,1,1,1,E,jaune,mercredi,392421,04/09/2024,4.95,1,Semble peu engagé dans la formation.
ETU-03377,2024-2025, Psychologie ,21,f,techno,AB,lycee_public,non,"8,6",0.0,61.5,22,19.1,51,5,11,8,0,10.18,6,5,3,3,3,F,bleu,lundi,367064,2024-09-09,6.44,1,
ETU-01342,2024-2025, Psychologie ,20,Homme,Général,Passable,lycee_public,O,15.9 km,24.0,"89,7",41,72.5,84,1,10,9,5,"9,3",6,3,5,4,4,C,gris,mardi,487078,24/09/2024,16.12,0,Très actif sur la plateforme.
ETU-00612,2024-2025,Gestion,20,Femme,Technologique,Passable,lycee_prive,N,5.4,8.0,"72,1",23,38.6,64,4,11,10,2,"10,65",5,4,2,3,3,C,gris,mercredi,980083,2024-09-11,14.87,0,
ETU-03697,2024-2025,Droit,18,Autre,général ,Bien,lycee_public,non,7.3,0.0,81.0%,39,71.0,74,4,10,9,3,15.17,6,6,4,2,3,F,rouge,lundi,300557,09/09/2024,17.53,0,"Bon semestre, résultats solides."
ETU-02824,2024-2025,Droit,20,h,général ,passable,lycee_prive,Non,4.8,0.0,81.5%,35,48.8,80,1,11,9,3,14.86,6,5,5,4,4,G,rouge,vendredi,146378,13/09/2024,17.74,0,"Bon semestre, résultats solides."
ETU-02028,2024-2025,PSYCHOLOGIE,17,Homme,TECHNO,tres bien,lycee_public,Oui,10.4,0.0,84.1,27,24.7,51,4,8,8,7,9.58,6,3,4,3,1,B,rouge,mardi,336468,2024-09-17,14.73,0,Suivi sans particularité.
ETU-02803,2024-2025, Droit ,22,h,Generale,P,lycee_prive,non,18.5,27.0,71.3,14,21.9,34,8,11,8,0,10.66,6,2,2,3,1,H,gris,vendredi,621296,13 Sep 2024,4.41,1,Plusieurs travaux remis hors délai.
ETU-04505,2024-2025,droit,18,f,general,Assez Bien,lycee_public,N,18.3 km,17.0,84.2,52,153.1,105,1,10,10,3,13.53,6,3,,3,5,D,rouge,mardi,184077,2024-09-10,19.03,0,
ETU-01398,2024-2025, Informatique ,19,F,techno,ab,lycee_public,oui,"18,6",0.0,79.7,52,87.5,140,3,13,10,4,11.87,5,3,3,4,3,G,jaune,lundi,629532,2024-09-16,18.24,0,Très actif sur la plateforme.
ETU-00218,2024-2025,Biologie,23,Homme,Generale,passable,cfa,1,"13,5",11.0,77.8,18,30.4,24,5,13,10,0,10.52,5,5,4,4,3,B,bleu,mercredi,619249,18 Sep 2024,14.27,0,Suivi sans particularité.
ETU-01970,2024-2025,DROIT,21,H,TECHNO,AB,cfa,0,6.9,21.0,73.7%,35,29.1,71,1,13,11,6,10.3,5,3,4,3,4,A,bleu,jeudi,481255,26/09/2024,15.16,0,Suivi sans particularité.
ETU-04362,2024-2025,Informatique,20,H,Generale,tres bien,autre,oui,17.1,8.0,74.4,21,36.6,68,4,11,9,6,18.8,6,6,4,5,2,D,gris,jeudi,998404,2024-09-19,18.96,0,RAS.
ETU-03074,2024-2025,Biologie,21,NB,Generale,tres bien,lycee_public,N,"17,4",13.0,98.7,38,71.5,98,0,8,7,6,16.09,7,7,5,5,2,A,rouge,lundi,233610,09/09/2024,19.53,0,Étudiant assidu et investi.
ETU-03583,2024-2025, Lettres ,20,h,général ,Passable,lycee_public,Non,11.5,0.0,85.5,51,75.4,111,0,10,9,10,,6,6,5,5,4,D,gris,mardi,944715,24 Sep 2024,18.68,0,Étudiant assidu et investi.
ETU-01387,2024-2025,Lettres,22,H,TECHNO,B,lycee_prive,O,"1,3",0.0,"70,6",4,4.7,21,3,8,6,0,"14,15",7,4,3,4,3,D,gris,vendredi,403326,13/09/2024,9.27,1,Peu actif sur la plateforme.
ETU-02390,2024-2025,psychologie,19,Femme,general,P,lycee_public,oui,1.4,0.0,77.3,29,54.0,62,6,13,12,4,11.12,7,4,3,4,4,F,jaune,jeudi,191239,12/09/2024,15.93,0,RAS.
ETU-03809,2024-2025,MATHEMATIQUES,19,h,GEN,Bien,lycee_public,N,59.0,14.0,68.0,12,12.8,29,3,13,9,2,"7,96",5,1,1,,2,E,vert,vendredi,345534,2024-09-20,4.4,1,Résultats fragiles aux partiels.
ETU-02431,2024-2025,Gestion,20,Homme,GEN,P,lycee_prive,non,6.2,0.0,61.2,3,4.1,1,2,9,5,1,9.87,6,2,1,2,1,C,rouge,mercredi,918742,2024-09-11,4.53,1,Engagement en ligne très faible.
ETU-04683,2024-2025,Lettres,18,h,TECHNO,Assez Bien,lycee_public,oui,2.5,0.0,53.1,0,0.0,0,6,11,7,0,10.19,6,2,1,2,1,D,bleu,lundi,273155,09/09/2024,3.43,1,"Absences répétées, situation préoccupante."
ETU-02243,2024-2025,Gestion,17,H,GEN,Assez Bien,,Oui,10.8,21.0,81.4,24,26.8,65,1,13,12,2,10.67,7,3,2,5,3,D,rouge,jeudi,691522,05 Sep 2024,16.36,0,Semble peu engagé dans la formation.
ETU-04028,2024-2025,Gestion,21,f,général ,passable,autre,Non,28.2,25.0,"77,5",24,31.7,57,3,12,10,3,"7,82",6,4,2,2,1,G,vert,jeudi,206027,26 Sep 2024,12.87,0,Résultats fragiles aux partiels.
ETU-02757,2024-2025,Mathematiques,21,Homme,Generale,passable,lycee_public,0,7.5,8.0,66.8,35,42.8,101,8,9,8,3,12.68,6,3,2,5,2,H,bleu,lundi,769415,2024-09-23,14.91,0,
ETU-04450,2024-2025,Gestion,20,Homme,general,AB,autre,Non,"3,3",3.0,"62,5",3,3.8,14,5,10,8,0,10.61,5,4,2,3,5,C,bleu,jeudi,288388,19/09/2024,5.44,1,Engagement en ligne très faible.
ETU-02146,2024-2025,Biologie,18,femme,général ,Bien,autre,oui,7.0,8.0,"86,7",4,2.2,14,5,12,7,1,11.01,5,2,3,5,3,B,jaune,mardi,543828,10 Sep 2024,13.37,0,
ETU-03422,2024-2025,Gestion,19,Homme,Technologique,Assez Bien,lycee_public,Oui,4.8,5.0,75.8,27,36.7,72,2,9,7,2,5.75,6,3,1,1,3,E,jaune,lundi,398644,23/09/2024,10.79,0,Résultats fragiles aux partiels.
ETU-03447,2024-2025,STAPS,19,M,général ,Bien,lycee_public,Non,"18,3",9.0,99.9,42,42.2,99,0,12,10,9,12.73,6,5,5,3,3,B,rouge,mardi,490350,10/09/2024,16.25,0,Très actif sur la plateforme.
ETU-02700,2024-2025,Gestion,18,F,général ,Assez Bien,autre,Non,2.0,,"69,6",22,47.5,43,2,13,11,1,8.79,5,3,3,3,3,A,jaune,vendredi,594177,2024-09-20,13.87,0,
ETU-04973,2024-2025,Biologie,22,F,général ,ab,autre,oui,26.1,12.0,"85,1",17,26.8,28,7,13,13,2,9.93,6,5,,4,3,E,jaune,lundi,348229,23/09/2024,14.22,0,
ETU-00859,2024-2025,Droit,17,H,general,B,lycee_public,Oui,37.4,9.0,74.0,22,44.5,31,7,8,7,2,"12,6",7,5,2,2,,B,gris,jeudi,670852,26 Sep 2024,15.81,0,"Motivation en berne, à accompagner."
ETU-00090,2024-2025,informatique,21,M,général ,passable,lycee_public,1,14.8,,"61,9",20,34.7,41,8,10,8,3,8.34,6,5,3,3,3,G,gris,jeudi,109441,26 Sep 2024,5.48,1,Plusieurs travaux remis hors délai.
ETU-04152,2024-2025,Droit,23,F,Général,TB,lycee_public,0,0.8,0.0,99.2,50,66.6,82,1,11,11,5,"12,66",5,1,4,5,5,F,vert,mardi,650717,17/09/2024,17.4,0,Engagement en ligne remarquable.
ETU-01252,2024-2025,Gestion,23,femme,general,P,lycee_prive,Oui,"26,6",9.0,50.2,0,0.0,0,3,12,5,0,"7,24",6,4,1,,1,H,vert,mardi,555467,24/09/2024,1.61,1,
ETU-00561,2024-2025,BIOLOGIE,19,f,pro,AB,lycee_public,O,11.1 km,0.0,"67,4",33,42.1,69,3,10,8,0,11.71,6,6,3,3,2,E,rouge,lundi,285477,2024-09-09,14.56,0,
ETU-04136,2024-2025,STAPS,18,H,TECHNO,P,lycee_public,Oui,2.6,,70.3,12,13.3,37,5,8,5,1,"7,85",7,1,2,3,2,H,rouge,mercredi,987279,2024-09-11,3.64,1,En difficulté sur les évaluations.
ETU-00650,2024-2025,gestion,19,H,GEN,AB,lycee_public,oui,0.9,0.0,81.1,28,43.4,54,8,10,9,5,11.45,5,5,2,4,,D,vert,vendredi,898829,06 Sep 2024,15.15,0,
ETU-03754,2024-2025,Mathematiques,21,f,Technologique,Passable,lycee_public,non,"19,3",,78.2,24,31.5,66,4,8,7,2,9.32,6,5,2,2,3,C,gris,vendredi,898039,27 Sep 2024,14.75,0,"Motivation en berne, à accompagner."
ETU-01306,2024-2025, Droit ,19,Homme,GEN,B,lycee_public,oui,"10,2",10.0,91.9,18,18.2,36,1,9,8,5,8.47,5,3,2,4,,C,bleu,jeudi,191593,12 Sep 2024,12.47,0,"Motivation en berne, à accompagner."
ETU-03724,2024-2025,Biologie,22,NB,Generale,tres bien,lycee_public,N,15.7,7.0,77.2,22,47.0,51,2,8,7,4,11.55,6,5,4,2,,H,bleu,jeudi,780363,2024-09-19,14.48,0,
ETU-02677,2024-2025,Droit,23,Homme,Général,Assez Bien,lycee_public,Oui,,0.0,"64,3",22,32.1,60,10,12,11,0,"8,37",7,2,1,2,1,D,gris,vendredi,462573,2024-09-06,5.05,1,"Rendus souvent en retard, à relancer."
ETU-04879,2024-2025,Droit,21,femme,Technologique,Bien,lycee_public,1,29.6,0.0,60.2%,5,13.6,1,4,9,6,0,9.41,6,5,1,1,1,E,bleu,mercredi,389530,2024-09-04,3.11,1,Engagement en ligne très faible.
ETU-01528,2024-2025,STAPS,19,h,Général,tres bien,lycee_public,0,18.5 km,20.0,47.8%,0,0.0,0,3,10,3,0,9.63,5,3,2,1,1,B,rouge,mardi,690436,24/09/2024,2.53,1,
ETU-01663,2024-2025,staps,19,Femme,Général,AB,lycee_prive,0,25.5,11.0,"77,3",,8.2,33,7,10,10,6,17.38,6,5,3,4,2,C,vert,lundi,262542,16/09/2024,9.8,1,"Bon semestre, résultats solides."
ETU-00767,2024-2025,Biologie,20,Femme,Général,passable,lycee_public,Non,5.6,15.0,62.7,15,30.3,43,3,11,9,1,12.45,5,4,1,2,3,G,bleu,jeudi,616039,26 Sep 2024,15.01,0,Semble peu engagé dans la formation.
ETU-04752,2024-2025, Psychologie ,20,H,Generale,TB,lycee_public,Oui,22.9,0.0,68.8,34,76.0,83,4,13,7,1,12.78,6,3,3,3,2,F,rouge,mardi,593088,2024-09-17,16.69,0,
ETU-04932,2024-2025,Biologie,19,h,techno,B,lycee_public,Non,21.6 km,0.0,"60,1",43,77.8,98,4,9,5,0,6.62,5,2,2,2,,H,jaune,mercredi,869015,04 Sep 2024,11.68,0,Résultats fragiles aux partiels.
ETU-01311,2024-2025, Biologie ,17,femme,TECHNO,B,lycee_public,Non,0.8,6.0,68.6,21,35.1,46,3,8,8,2,8.28,6,3,5,4,4,D,rouge,jeudi,182717,19/09/2024,13.68,0,Suivi sans particularité.
ETU-04755,2024-2025,Informatique,24,M,PRO,Assez Bien,lycee_prive,non,1.1,0.0,73.1,42,53.5,106,2,9,7,3,9.69,5,1,3,4,5,H,jaune,mercredi,922396,2024-09-04,15.45,0,
ETU-01112,2024-2025, Gestion ,19,Femme,techno,AB,autre,Non,6.1 km,7.0,73.0%,27,32.2,76,2,12,11,1,"8,04",6,3,1,4,3,H,bleu,lundi,323326,09/09/2024,12.06,0,
ETU-04165,2024-2025,Mathematiques,19,Homme,Technologique,Passable,lycee_public,N,2.6,6.0,67.6,28,27.5,43,7,10,10,3,12.89,6,4,3,1,3,F,bleu,mardi,562789,03/09/2024,15.02,0,
ETU-00009,2024-2025,Informatique,19,f,techno,ab,autre,1,11.1,15.0,"70,7",34,60.0,66,1,9,7,0,11.23,6,3,2,3,3,D,vert,vendredi,103499,20 Sep 2024,7.35,1,"Motivation en berne, à accompagner."
ETU-04960,2024-2025, Droit ,17,Femme,Generale,P,lycee_public,oui,4.3,0.0,77.7,17,22.6,46,3,10,10,2,7.84,6,2,4,3,4,E,jaune,lundi,422691,2024-09-02,12.78,0,Résultats fragiles aux partiels.
ETU-02319,2024-2025, Droit ,25,h,GEN,Passable,lycee_public,O,55.0,14.0,97.0,48,19.6,132,4,11,11,6,13.87,5,3,5,4,2,E,vert,mercredi,403629,2024-09-11,18.05,0,Étudiant assidu et investi.
ETU-03261,2024-2025,Gestion,20,f,Technologique,ab,lycee_prive,N,"1,7",0.0,"85,9",23,28.4,48,1,10,7,2,6.0,7,2,2,4,4,H,gris,mardi,281104,2024-09-17,11.39,0,Résultats fragiles aux partiels.
ETU-03730,2024-2025,gestion,20,h,Professionnel,Assez Bien,lycee_public,1,"7,3",8.0,96.4,36,31.2,81,1,12,12,8,14.2,6,5,5,5,4,E,rouge,jeudi,315243,19/09/2024,17.39,0,"Très bon investissement, en réussite."
ETU-01071,2024-2025, Biologie ,19,H,général ,AB,lycee_public,0,28.0,0.0,"74,4",27,41.4,65,4,11,10,2,,7,2,5,,2,F,rouge,mercredi,385611,04/09/2024,15.09,0,
ETU-02825,2024-2025, Psychologie ,20,Femme,Technologique,ab,lycee_public,oui,64.7,18.0,80.7%,32,61.1,78,5,9,6,7,4.59,7,1,3,1,,E,rouge,mercredi,481705,25/09/2024,1.94,1,
ETU-01850,2024-2025,INFORMATIQUE,21,femme,GEN,,lycee_public,Non,8.5,15.0,74.8,38,42.2,72,6,8,6,2,11.86,5,4,4,2,,A,rouge,vendredi,481097,2024-09-06,8.95,1,Profil dans la moyenne.
ETU-00810,2024-2025,Droit,20,femme,GEN,Passable,,O,2.6,18.0,99.5,24,32.5,67,3,13,9,3,12.54,5,3,5,5,3,F,bleu,mardi,866715,10 Sep 2024,17.05,0,
ETU-05138,2024-2025, STAPS ,21,f,Professionnel,passable,lycee_public,Non,8.7,,61.1,8,14.9,18,3,13,9,2,"5,7",6,0,4,2,3,F,rouge,mercredi,283583,2024-09-04,3.3,1,En difficulté sur les évaluations.
ETU-00337,2024-2025,psychologie,18,femme,TECHNO,P,lycee_public,non,9.8,13.0,71.9,32,35.4,89,4,8,5,3,10.21,7,3,4,5,3,H,rouge,mardi,856327,10 Sep 2024,15.74,0,
ETU-02308,2024-2025,informatique,20,M,Général,Passable,lycee_public,Oui,22.2,,"70,4",31,34.1,57,4,9,7,0,9.96,5,1,2,3,2,H,rouge,jeudi,316799,05 Sep 2024,14.13,0,
ETU-04609,2024-2025,STAPS,19,f,général ,Passable,lycee_public,Oui,6.9 km,8.0,"76,0",33,44.7,52,5,10,6,0,10.6,7,6,5,3,2,F,jaune,mardi,237854,17/09/2024,15.57,0,Suivi sans particularité.
ETU-00734,2024-2025, Mathematiques ,19,h,Général,Bien,lycee_public,oui,0.8 km,10.0,71.0,5,6.9,18,4,12,6,0,"11,37",5,1,2,4,2,C,gris,mardi,844688,24 Sep 2024,3.83,1,
ETU-03848,2024-2025,Mathematiques,26,F,pro,B,lycee_public,0,"2,2",12.0,"75,2",60,100.5,146,1,13,13,8,,5,4,5,4,5,A,rouge,mardi,195931,03 Sep 2024,15.9,0,Engagement en ligne remarquable.
ETU-04298,2024-2025,GESTION,18,Homme,général ,passable,lycee_prive,Non,24.3,0.0,"75,4",38,77.4,90,7,9,7,4,8.89,6,2,4,4,5,D,gris,mardi,882462,24/09/2024,15.01,0,
ETU-01170,2024-2025,psychologie,19,H,GEN,Passable,lycee_public,1,9.3,15.0,87.5,14,28.0,23,1,10,8,5,13.01,6,4,3,2,4,B,gris,vendredi,451269,13 Sep 2024,16.03,0,Travail sérieux et régulier.
ETU-01956,2024-2025,Gestion,18,M,techno,TB,lycee_public,N,11.0,18.0,75.4,41,35.6,97,4,11,8,7,14.25,6,6,4,4,1,G,gris,mardi,193860,2024-09-03,17.63,0,Engagement en ligne remarquable.
ETU-00898,2024-2025,Informatique,18,h,TECHNO,AB,lycee_public,0,10.3,12.0,76.7,5,12.3,15,2,11,10,1,"9,9",6,5,1,3,3,G,rouge,mardi,992430,03/09/2024,4.73,1,Engagement en ligne très faible.
ETU-03618,2024-2025,droit,18,femme,Technologique,Passable,lycee_public,N,"12,1",10.0,"53,6",9,18.6,20,6,11,7,0,12.68,6,6,1,2,2,D,jaune,lundi,805969,02 Sep 2024,13.16,0,
ETU-04044,2024-2025,DROIT,19,h,GEN,Bien,lycee_public,Oui,24.5,7.0,90.2,28,46.7,40,0,10,10,4,"12,6",6,6,3,,3,D,bleu,mardi,301022,17 Sep 2024,17.45,0,Travail sérieux et régulier.
ETU-01147,2024-2025,STAPS,21,M,TECHNO,ab,lycee_public,non,32.7 km,14.0,89.1,30,37.9,60,3,11,9,4,9.98,6,5,3,3,2,H,bleu,vendredi,918772,2024-09-20,15.85,0,
ETU-00777,2024-2025,droit,19,Femme,Professionnel,P,lycee_public,Oui,,24.0,59.5%,4,5.6,18,3,10,6,0,"10,18",7,4,1,2,3,E,jaune,jeudi,378330,05/09/2024,4.95,1,
ETU-05045,2024-2025,DROIT,19,Autre,Général,Bien,lycee_public,oui,34.2 km,3.0,76.3%,40,62.2,55,8,12,8,4,"15,97",6,6,4,5,1,E,jaune,mercredi,818886,25/09/2024,17.48,0,Plusieurs travaux remis hors délai.
ETU-03861,2024-2025, Lettres ,17,NR,TECHNO,AB,lycee_public,O,5.1,4.0,78.0,18,35.3,30,2,9,7,2,5.34,6,1,4,3,2,H,gris,lundi,717598,23/09/2024,12.67,0,Résultats fragiles aux partiels.
ETU-00011,2024-2025,Gestion,22,h,Général,B,lycee_public,Oui,"9,5",0.0,87.6,29,48.5,65,5,9,8,1,"13,74",6,6,5,4,2,B,vert,mardi,924485,17 Sep 2024,17.7,0,
ETU-04497,2024-2025,droit,18,Homme, pro,B,lycee_public,1,,0.0,86.4,51,86.7,134,3,9,8,6,"6,48",7,4,5,3,,E,vert,lundi,721172,09/09/2024,14.44,0,
ETU-02316,2024-2025,PSYCHOLOGIE,20,F,général ,Passable,lycee_public,O,9.4,,82.7,35,55.7,44,3,8,8,5,"11,5",5,4,2,4,3,E,vert,mardi,835177,03 Sep 2024,17.28,0,"Motivation en berne, à accompagner."
ETU-02842,2024-2025,Informatique,22,h,général ,AB,lycee_public,N,"0,9",24.0,91.0,16,25.6,22,7,13,9,4,11.69,5,5,2,1,3,D,rouge,mardi,910663,24/09/2024,12.35,0,"Motivation en berne, à accompagner."
ETU-00809,2024-2025,gestion,19,f,general,B,lycee_public,N,0.5,0.0,"89,4",30,29.8,62,4,8,8,5,"12,76",7,5,4,3,3,D,rouge,mercredi,193625,25/09/2024,17.4,0,
ETU-04567,2024-2025,BIOLOGIE,18,Femme,Technologique,ab,lycee_public,O,6.7,,58.8,19,20.5,27,2,9,6,1,"10,77",7,5,1,2,2,F,gris,mercredi,178060,25 Sep 2024,6.67,1,
ETU-03483,2024-2025,Droit,22,h,PRO,B,lycee_public,non,4.7,8.0,74.6,19,29.3,31,5,13,12,6,11.27,6,6,4,3,3,H,jaune,vendredi,899774,06/09/2024,14.41,0,Suivi sans particularité.
ETU-02843,2024-2025,Biologie,21,H,Generale,passable,lycee_public,non,8.9,6.0,74.6,20,35.2,57,5,8,6,2,"7,26",7,3,4,4,3,C,jaune,lundi,630208,23/09/2024,11.32,0,
ETU-01201,2024-2025, Mathematiques ,17,NB,général ,tres bien,lycee_public,N,15.1,0.0,83.4%,36,58.9,110,6,11,10,5,13.98,6,5,4,4,2,D,jaune,jeudi,872784,05/09/2024,16.57,0,"Bon semestre, résultats solides."
ETU-00055,2024-2025,Droit,18,M,general,Passable,lycee_public,1,1.0,0.0,61.5,3,2.0,5,2,12,8,0,5.22,7,3,1,3,1,A,jaune,mardi,276158,24 Sep 2024,1.84,1,En difficulté sur les évaluations.
ETU-03455,2024-2025,Mathematiques,23,f,pro,Passable,lycee_prive,0,1.7,,71.8,15,9.7,30,6,10,6,0,"7,6",6,4,2,4,3,G,gris,mardi,832950,17/09/2024,3.02,1,Résultats fragiles aux partiels.
ETU-00498,2024-2025,Biologie,19,h,pro,AB,lycee_prive,non,"3,6",17.0,68.7%,24,25.4,40,7,12,9,1,"5,14",6,3,4,4,4,B,rouge,vendredi,478340,2024-09-20,1.8,1,
ETU-03345,2024-2025,Informatique,18,Homme, pro,AB,cfa,N,1.4,12.0,"67,0",11,16.9,15,8,10,10,1,9.34,5,4,4,2,3,G,jaune,lundi,111941,02/09/2024,7.39,1,Peu actif sur la plateforme.
ETU-04036,2024-2025,Gestion,20,f,general,Bien,lycee_public,Non,13.4,0.0,"86,1",29,38.8,51,6,12,10,1,"9,82",5,4,5,3,2,C,vert,vendredi,750307,13/09/2024,14.46,0,
ETU-00834,2024-2025,Informatique,19,Femme,Generale,Passable,lycee_public,N,0.3,8.0,69.5,30,43.0,77,5,9,5,1,12.67,6,6,3,5,3,G,gris,vendredi,439218,13 Sep 2024,14.51,0,
ETU-00792,2024-2025,PSYCHOLOGIE,17,f,general,ab,lycee_public,0,2.8,0.0,91.9%,32,32.4,70,6,9,7,6,11.14,6,3,3,2,4,A,gris,vendredi,873639,2024-09-13,17.08,0,Suivi sans particularité.
ETU-05065,2024-2025,droit,19,femme,TECHNO,P,lycee_public,0,14.3,8.0,64.0,,0.3,2,10,13,10,1,"4,18",5,2,1,3,1,B,jaune,vendredi,127780,06/09/2024,1.33,1,Résultats fragiles aux partiels.
ETU-00835,2024-2025,DROIT,18,H,général ,P,lycee_public,O,9.6,18.0,84.1,48,78.9,114,2,13,12,1,12.67,6,4,5,3,4,G,vert,lundi,528408,2024-09-02,17.2,0,Très actif sur la plateforme.
ETU-03115,2024-2025,staps,20,f,GEN,Assez Bien,lycee_public,0,9.8,,96.6,45,83.1,72,2,11,11,6,"11,67",7,6,5,5,5,C,vert,lundi,944108,09 Sep 2024,18.04,0,Engagement en ligne remarquable.
ETU-03331,2024-2025,biologie,20,F,général ,ab,lycee_public,Non,22.0 km,12.0,74.7,17,38.7,30,4,10,8,1,7.57,7,2,1,4,2,H,gris,jeudi,478384,12 Sep 2024,3.66,1,En difficulté sur les évaluations.
ETU-01975,2024-2025,Gestion,20,Homme,Generale,AB,lycee_public,Non,4.5,0.0,"77,0",21,43.1,52,7,13,9,2,10.93,5,4,4,2,,C,vert,lundi,842146,09 Sep 2024,6.98,1,
ETU-03700,2024-2025,Lettres,19,h,GEN,Assez Bien,lycee_public,0,1.8,7.0,94.5,50,110.7,139,1,11,9,7,16.77,6,6,4,2,2,H,vert,jeudi,669012,05 Sep 2024,19.68,0,
ETU-04248,2024-2025,biologie,21,femme,general,B,lycee_public,Non,"36,9",0.0,44.3,10,18.0,29,6,10,6,0,7.46,6,1,1,3,3,B,jaune,mercredi,810335,25/09/2024,1.73,1,Forte baisse d'assiduité ce semestre.
ETU-04854,2024-2025, Gestion ,18,Femme,GEN,Passable,lycee_public,1,0.1,9.0,77.1,27,39.0,37,3,11,11,5,12.2,6,4,3,3,2,H,jaune,vendredi,971316,20 Sep 2024,18.02,0,Travail sérieux et régulier.
ETU-00755,2024-2025,Mathematiques,24,h,Generale,P,lycee_public,N,9.3,8.0,70.8,24,37.5,69,4,8,6,0,10.63,5,4,4,3,2,F,jaune,lundi,530392,02 Sep 2024,6.59,1,
ETU-04364,2024-2025,Lettres,18,Femme,Technologique,AB,lycee_public,non,19.2,0.0,68.6,44,79.1,120,6,9,6,2,10.86,5,3,1,1,,D,jaune,jeudi,302632,2024-09-26,13.48,0,
ETU-01439,2024-2025,Gestion,19,H,Generale,,lycee_public,O,4.8,8.0,84.7,22,32.9,45,5,13,13,2,15.59,5,5,4,5,4,E,rouge,jeudi,117782,12/09/2024,17.7,0,"Bon semestre, résultats solides."
ETU-04648,2024-2025,Mathematiques,18,NB,GEN,passable,lycee_prive,Non,6.0 km,0.0,91.9,47,104.3,79,4,12,10,4,"17,24",6,6,5,4,5,G,bleu,mercredi,810847,18/09/2024,18.96,0,
ETU-03097,2024-2025,lettres,23,H,Général,ab,lycee_prive,N,17.2 km,0.0,86.0%,6,0.3,1,5,9,6,4,"9,68",7,4,2,3,3,G,bleu,jeudi,844094,19 Sep 2024,5.42,1,
ETU-04427,2024-2025, Biologie ,20,H,TECHNO,passable,lycee_public,Non,10.2,5.0,77.5,24,52.3,26,5,11,10,0,"7,54",5,2,5,3,3,G,bleu,vendredi,468180,2024-09-06,11.19,0,En difficulté sur les évaluations.
ETU-04087,2024-2025,STAPS,18,f,general,tres bien,lycee_public,N,5.6,28.0,"80,1",28,26.7,87,3,11,9,4,12.94,5,1,3,2,3,G,vert,mardi,714999,17/09/2024,9.23,1,"Bon semestre, résultats solides."
ETU-00064,2024-2025,Lettres,21,femme,Général,Assez Bien,lycee_public,non,6.5,0.0,73.5,29,33.3,62,5,11,8,6,"9,77",7,5,5,3,3,F,vert,lundi,623609,16/09/2024,13.35,0,
ETU-04758,2024-2025,Psychologie,21,F,PRO,P,,N,9.5,26.0,81.8%,14,25.3,32,3,12,12,2,12.14,6,4,4,3,3,G,gris,jeudi,143113,2024-09-19,8.52,1,
ETU-02868,2024-2025,Gestion,23,F,techno,AB,,Non,"17,9",20.0,87.9,44,107.8,87,0,8,8,5,"15,54",7,7,5,4,3,B,rouge,lundi,393771,23 Sep 2024,19.52,0,
ETU-02131,2024-2025,droit,20,Femme,général ,passable,lycee_public,non,1.8,0.0,96.9,44,55.1,101,0,9,9,8,16.81,5,5,5,5,5,F,rouge,lundi,242381,09/09/2024,19.8,0,
ETU-00533,2024-2025,Gestion,18,Femme,GEN,passable,lycee_public,oui,"13,6",24.0,"67,0",,28.4,51,7,11,10,0,"7,75",6,4,3,1,3,A,rouge,jeudi,724234,2024-09-19,4.21,1,En difficulté sur les évaluations.
ETU-01539,2024-2025,droit,17,Femme,techno,ab,lycee_prive,Oui,1.3 km,8.0,80.4,34,51.0,89,2,9,8,4,14.08,6,5,5,4,2,A,gris,lundi,422988,23 Sep 2024,18.69,0,
ETU-01282,2024-2025,staps,18,h,Général,Bien,lycee_public,0,"22,6",11.0,"88,3",38,43.8,49,1,11,10,1,13.11,6,5,4,3,3,H,gris,mercredi,879545,11/09/2024,16.71,0,Étudiant assidu et investi.
ETU-02927,2024-2025,Gestion,21,f,techno,Bien,cfa,N,9.2,3.0,"84,6",39,38.1,96,7,11,10,7,"7,18",6,4,3,3,4,G,vert,mardi,705065,10/09/2024,12.95,0,En difficulté sur les évaluations.
ETU-00575,2024-2025, Droit ,20,F,Général,Assez Bien,lycee_public,Non,65.3,0.0,"87,0",37,23.4,70,7,10,8,3,14.92,6,4,2,5,2,E,rouge,jeudi,323845,2024-09-05,17.57,0,"Motivation en berne, à accompagner."
ETU-03980,2024-2025,Lettres,21,f,techno,passable,lycee_public,Non,0.8,15.0,87.0%,21,30.2,40,9,11,9,4,9.28,6,5,,5,3,F,rouge,mercredi,750527,18/09/2024,13.53,0,"Rendus souvent en retard, à relancer."
ETU-01596,2024-2025,STAPS,21,Homme,GEN,passable,lycee_public,0,11.2 km,0.0,86.4,26,47.2,47,3,12,11,1,8.78,5,2,3,5,5,F,gris,vendredi,962694,06 Sep 2024,14.49,0,
ETU-03971,2024-2025,Biologie,17,F,techno,Passable,lycee_public,O,0.6,24.0,96.2,40,47.8,61,0,11,10,5,10.98,5,5,5,4,5,D,vert,jeudi,561679,19/09/2024,18.02,0,
ETU-01675,2024-2025,Mathematiques,19,Homme,Technologique,Passable,lycee_public,O,36.5,10.0,68.1,29,35.2,78,5,9,7,1,"5,53",5,0,2,3,2,E,vert,lundi,158848,16 Sep 2024,11.91,0,
ETU-01041,2024-2025,biologie,17,femme,Général,tres bien,lycee_public,Non,15.9,15.0,96.8,37,51.6,86,5,8,8,12,16.06,6,5,5,4,3,B,gris,vendredi,976588,06/09/2024,19.4,0,"Très bon investissement, en réussite."
ETU-00464,2024-2025,Gestion,18,H,general,TB,lycee_public,O,13.4 km,4.0,71.6,30,64.4,73,4,10,9,2,11.29,6,4,4,3,3,B,gris,lundi,429998,09/09/2024,15.58,0,RAS.
ETU-04730,2024-2025,Lettres,19,H,GEN,Passable,cfa,1,32.6,9.0,73.7,51,80.7,97,3,12,11,1,"12,63",7,3,5,5,4,G,rouge,jeudi,754619,2024-09-12,16.84,0,Suivi sans particularité.
ETU-03755,2024-2025,informatique,19,F,général ,ab,lycee_prive,Oui,6.1,12.0,"66,2",21,41.0,54,1,10,8,3,11.88,7,6,5,4,2,B,bleu,mardi,858829,17 Sep 2024,15.3,0,
ETU-04063,2024-2025,Mathematiques,18,M,Generale,B,lycee_public,oui,32.2,7.0,52.2%,13,18.7,34,5,11,7,0,,6,2,2,3,1,B,rouge,lundi,116742,16 Sep 2024,4.26,1,
ETU-04675,2024-2025, Gestion ,20,femme,Général,Assez Bien,lycee_public,oui,10.2,14.0,75.7%,27,48.1,50,1,13,9,1,9.93,7,5,3,3,2,E,bleu,jeudi,386878,2024-09-19,14.55,0,Suivi sans particularité.
ETU-04070,2024-2025,Mathematiques,17,M,Général,B,lycee_public,non,"12,9",,96.4%,56,88.6,112,0,13,13,6,19.85,7,7,4,5,5,C,vert,mercredi,343457,18/09/2024,19.79,0,
ETU-03209,2024-2025,Droit,22,M,Technologique,B,lycee_prive,N,9.1,0.0,75.8%,14,20.6,41,5,9,8,1,"9,12",6,3,3,2,2,E,jaune,lundi,193877,09 Sep 2024,13.61,0,Suivi sans particularité.
ETU-01522,2024-2025,MATHEMATIQUES,17,Femme,general,passable,lycee_public,non,14.9,8.0,94.1%,27,31.7,58,1,12,12,7,"12,66",6,5,5,4,5,G,vert,jeudi,235559,12/09/2024,17.7,0,Travail sérieux et régulier.
ETU-04134,2024-2025,INFORMATIQUE,19,M,general,Bien,lycee_public,Non,8.5,,71.6,34,55.2,72,7,10,9,2,12.2,5,4,,3,1,B,rouge,mardi,513163,24 Sep 2024,14.37,0,
ETU-02911,2024-2025,Biologie,18,Femme,général ,Bien,lycee_public,0,4.5,0.0,76.2,26,30.5,50,4,12,10,5,15.08,6,6,,4,2,E,rouge,vendredi,198239,06 Sep 2024,17.77,0,Travail sérieux et régulier.
ETU-03708,2024-2025,PSYCHOLOGIE,21,F,TECHNO,AB,lycee_prive,Non,9.5,,83.0,35,59.2,99,3,13,13,2,14.53,5,5,4,4,3,F,gris,lundi,227525,2024-09-16,19.1,0,
ETU-04115,2024-2025,GESTION,18,f,PRO,passable,lycee_public,Non,6.3,10.0,86.4,32,59.0,96,3,11,11,7,9.34,5,3,2,5,2,F,vert,mardi,113214,10/09/2024,16.26,0,
ETU-05004,2024-2025, Droit ,20,F,général ,tres bien,,N,3.6,27.0,59.6,5,4.9,29,5,8,5,0,13.2,6,4,2,2,,A,jaune,mercredi,988187,2024-09-04,6.21,1,Peu actif sur la plateforme.
ETU-03967,2024-2025,gestion,17,M,TECHNO,Très Bien,lycee_prive,1,0.3,,64.1%,18,30.3,44,5,10,8,1,12.62,6,5,3,3,3,E,bleu,mardi,807780,17/09/2024,16.36,0,Suivi sans particularité.
ETU-03395,2024-2025,psychologie,21,femme,PRO,Passable,lycee_public,0,"21,3",14.0,77.0%,35,67.6,71,4,9,8,1,4.5,6,2,1,2,2,E,rouge,lundi,837342,02/09/2024,10.09,0,
ETU-00605,2024-2025,Informatique,18,femme,Technologique,passable,lycee_public,non,23.4,3.0,80.7,47,83.2,112,8,11,8,3,"8,77",5,3,4,4,1,C,gris,jeudi,832426,26/09/2024,12.5,0,
ETU-04293,2024-2025, Gestion ,18,f,pro,passable,cfa,0,"84,3",23.0,"82,9",47,95.9,124,1,11,11,4,"12,62",6,5,5,3,2,E,jaune,vendredi,658569,27 Sep 2024,16.4,0,Très actif sur la plateforme.
ETU-01728,2024-2025,STAPS,18,Femme,TECHNO,Très Bien,lycee_prive,O,,,"66,8",23,30.0,65,1,12,12,6,11.94,5,4,5,,5,F,rouge,vendredi,804730,20/09/2024,15.92,0,
ETU-01893,2024-2025,PSYCHOLOGIE,19,Homme,GEN,P,lycee_prive,non,28.2,26.0,99.9,56,100.4,116,1,10,10,8,"14,38",6,4,5,3,,D,vert,jeudi,596639,2024-09-26,19.47,0,Étudiant assidu et investi.
ETU-05030,2024-2025, Gestion ,17,f,Technologique,AB,lycee_public,0,12.5,11.0,87.1,37,40.1,73,2,13,12,7,"6,21",6,3,5,4,3,G,rouge,vendredi,472669,2024-09-27,13.49,0,
ETU-01064,2024-2025,Informatique,22,Homme,general,B,lycee_public,non,10.5,0.0,81.8,24,21.2,60,3,10,9,1,"15,32",5,4,5,2,4,H,jaune,mercredi,545277,18 Sep 2024,16.66,0,
ETU-02130,2024-2025,Psychologie,22,H,GEN,B,cfa,N,10.5,15.0,76.9,34,34.3,58,5,13,9,6,11.74,7,7,,2,4,B,gris,vendredi,653695,2024-09-20,14.04,0,Suivi sans particularité.
ETU-01743,2024-2025,Droit,21,Homme,général ,P,lycee_public,O,5.0,6.0,52.3,11,15.8,22,5,13,11,2,"8,58",7,5,3,3,3,F,vert,lundi,558465,09/09/2024,4.14,1,
ETU-03588,2024-2025,Gestion,20,H,Général,Bien,lycee_public,oui,2.8,28.0,82.2,7,16.2,11,5,8,5,3,"15,72",5,5,5,3,2,F,vert,mercredi,560463,04 Sep 2024,16.66,0,
ETU-00707,2024-2025,Biologie,17,f,Professionnel,passable,lycee_prive,Non,36.3 km,15.0,66.7,25,51.3,46,7,10,7,1,3.13,7,0,2,3,1,C,gris,mercredi,742184,2024-09-11,2.74,1,Résultats fragiles aux partiels.
ETU-03294,2024-2025,Mathematiques,21,Femme,general,P,lycee_public,Non,7.3,7.0,67.8,6,12.3,7,3,12,10,0,14.56,5,4,3,4,5,C,gris,lundi,169047,09 Sep 2024,8.41,1,Engagement en ligne très faible.
ETU-03334,2024-2025,Lettres,19,M,général ,passable,lycee_prive,Non,6.5 km,0.0,81.8,49,61.3,137,2,13,11,0,9.04,5,4,4,5,4,H,gris,lundi,604789,09/09/2024,15.03,0,Engagement en ligne remarquable.
ETU-02255,2024-2025,Droit,22,F,TECHNO,P,lycee_prive,1,1.5,12.0,"92,4",39,76.5,102,6,9,7,3,10.86,5,4,4,4,3,H,jaune,vendredi,501653,06 Sep 2024,17.29,0,
ETU-03243,2024-2025, Droit ,20,Femme,général ,AB,lycee_public,Oui,9.8,14.0,"80,3",25,52.4,34,5,12,8,3,"12,39",7,4,3,3,3,G,gris,mardi,397491,24/09/2024,6.31,1,
ETU-01553,2024-2025,DROIT,18,F,Professionnel,passable,,0,"107,2",18.0,86.1,33,54.0,56,3,8,5,6,"7,75",6,4,2,4,1,C,bleu,jeudi,763405,2024-09-05,10.33,0,
ETU-02475,2024-2025,droit,17,Femme,GEN,P,lycee_public,Non,25.8 km,17.0,67.4,24,26.5,57,8,11,8,2,10.42,6,1,3,2,3,D,vert,mercredi,880015,2024-09-04,4.97,1,Plusieurs travaux remis hors délai.
ETU-01168,2024-2025,DROIT,24,H,Général,P,lycee_public,O,,0.0,78.1%,24,29.9,54,1,8,6,5,"7,91",5,0,1,4,3,G,rouge,mercredi,173182,11/09/2024,13.44,0,
ETU-03937,2024-2025,Gestion,22,F,Generale,Bien,lycee_prive,Non,3.7,,85.9,,40.7,77,2,9,5,4,,6,4,5,5,3,F,gris,mercredi,987771,2024-09-25,17.12,0,"Bon semestre, résultats solides."
ETU-03898,2024-2025, Droit ,24,Femme,général ,B,lycee_prive,oui,,0.0,"52,9",2,2.8,1,6,11,8,0,7.69,6,4,3,3,3,H,gris,mercredi,938515,11/09/2024,3.42,1,Forte baisse d'assiduité ce semestre.
ETU-02620,2024-2025,Droit,23,Homme,Général,Bien,lycee_public,1,10.4,0.0,61.2,33,48.8,63,8,12,9,0,11.91,5,2,,1,1,B,rouge,jeudi,311958,2024-09-12,7.13,1,
ETU-00180,2024-2025, Lettres ,20,h,Général,Bien,lycee_prive,1,,,91.2,42,29.7,81,2,10,9,6,"14,44",6,6,3,4,4,B,vert,mardi,217254,24/09/2024,18.17,0,
ETU-03401,2024-2025,DROIT,20,M,Général,Bien,lycee_public,O,24.7,8.0,"85,4",32,39.1,66,5,10,10,5,12.33,7,5,4,2,,D,rouge,mercredi,568487,04 Sep 2024,14.96,0,Travail sérieux et régulier.
ETU-03403,2024-2025,PSYCHOLOGIE,18,Femme,Generale,Passable,,1,0.2,10.0,62.0%,28,57.1,80,4,11,9,4,"16,26",6,5,4,3,4,B,vert,mercredi,705470,2024-09-18,16.97,0,RAS.
ETU-00493,2024-2025,Mathematiques,19,Femme,GEN,Assez Bien,lycee_prive,oui,,6.0,85.6%,45,63.8,98,1,12,11,5,"13,42",6,5,5,4,3,A,rouge,lundi,673961,23 Sep 2024,17.07,0,Étudiant assidu et investi.
ETU-03889,2024-2025,LETTRES,19,f,TECHNO,Passable,lycee_prive,N,,15.0,66.6,35,58.8,71,0,9,7,1,6.33,7,2,3,3,2,H,jaune,jeudi,206892,26/09/2024,11.59,0,
ETU-03482,2024-2025,Lettres,22,f,Technologique,P,lycee_public,N,7.7,26.0,86.6,40,58.9,88,4,8,8,3,8.8,6,2,1,5,2,E,jaune,jeudi,711907,26/09/2024,15.34,0,"Motivation en berne, à accompagner."
ETU-02227,2024-2025,biologie,20,h,Général,B,lycee_prive,Oui,9.6,19.0,91.5%,,62.0,68,1,11,10,6,"12,27",7,4,5,4,5,E,jaune,mercredi,800354,25/09/2024,16.33,0,
ETU-03262,2024-2025,GESTION,17,F,GEN,P,,Oui,3.2,9.0,88.9,12,14.8,33,5,13,13,5,"12,64",5,5,4,,3,F,rouge,mercredi,349632,2024-09-25,14.92,0,
ETU-03189,2024-2025,Mathematiques,19,M,général ,B,lycee_public,non,"22,0",17.0,57.1,3,3.7,3,6,8,6,1,9.88,6,5,1,,3,F,vert,vendredi,521939,13/09/2024,4.4,1,Engagement en ligne très faible.
ETU-03952,2024-2025, Gestion ,25,Homme,Général,ab,cfa,N,1.9 km,0.0,88.8,46,73.2,87,1,13,13,8,16.66,5,5,5,4,5,B,gris,vendredi,723898,2024-09-27,19.6,0,Étudiant assidu et investi.
ETU-01027,2024-2025,Droit,18,h,techno,ab,lycee_public,0,"10,4",14.0,90.6%,40,68.0,75,2,8,8,9,14.89,6,4,4,5,3,A,vert,lundi,790534,2024-09-23,19.42,0,Étudiant assidu et investi.
ETU-01279,2024-2025,BIOLOGIE,20,f,Technologique,tres bien,lycee_prive,0,"68,5",0.0,89.6%,39,85.2,77,1,10,10,1,14.31,7,7,5,,4,F,vert,jeudi,828480,05 Sep 2024,19.04,0,Étudiant assidu et investi.
ETU-02412,2024-2025,Lettres,23,M,general,passable,lycee_public,oui,1.5,0.0,"71,2",4,4.0,1,5,10,5,0,10.53,5,3,1,3,2,C,bleu,mercredi,668242,18/09/2024,3.94,1,Peu actif sur la plateforme.
ETU-02380,2024-2025,Psychologie,19,f,général ,Passable,lycee_public,N,14.2,9.0,63.5,13,18.8,20,6,9,6,0,13.07,5,4,2,4,,B,vert,lundi,693417,2024-09-23,6.99,1,"Motivation en berne, à accompagner."
ETU-05088,2024-2025,Gestion,18,f,GEN,Passable,lycee_public,O,7.5,11.0,"48,8",0,0.0,0,5,11,5,0,5.85,7,4,1,2,1,D,gris,jeudi,685322,19/09/2024,1.77,1,
ETU-02329,2024-2025,BIOLOGIE,20,Femme,Generale,passable,lycee_public,Non,,13.0,"73,9",14,34.1,41,8,12,10,0,"13,59",5,4,3,3,1,H,gris,mercredi,991813,11/09/2024,7.96,1,
ETU-00888,2024-2025,Gestion,19,femme,TECHNO,passable,lycee_public,1,,0.0,74.0,6,9.6,15,9,11,9,1,,6,5,2,3,3,H,jaune,mardi,532101,03 Sep 2024,6.97,1,
ETU-03503,2024-2025, Biologie ,21,H,techno,Passable,lycee_public,0,6.0,13.0,81.1%,31,53.4,55,7,9,7,2,6.49,6,4,3,2,4,H,vert,mardi,316139,2024-09-17,4.08,1,
ETU-01283,2024-2025,Gestion,18,f,général ,ab,cfa,1,,0.0,"62,8",44,36.5,98,3,10,8,6,16.62,6,5,4,5,4,D,jaune,mercredi,130479,04/09/2024,18.96,0,RAS.
ETU-04906,2024-2025,STAPS,22,f,TECHNO,passable,lycee_public,oui,0.2 km,8.0,"91,4",28,33.3,68,3,8,8,7,14.47,5,1,5,,,D,rouge,mercredi,762554,2024-09-11,19.18,0,Travail sérieux et régulier.
ETU-01899,2024-2025,Psychologie,18,Femme,Generale,ab,lycee_public,O,6.9,22.0,89.0,60,107.6,157,1,10,10,6,12.8,6,5,4,5,3,H,bleu,vendredi,434864,27 Sep 2024,18.48,0,Engagement en ligne remarquable.
ETU-03784,2024-2025, Mathematiques ,23,Homme,Général,Passable,cfa,Non,24.9,19.0,93.0,49,106.4,103,2,13,12,7,10.65,6,3,5,4,3,D,gris,mardi,512575,24/09/2024,17.55,0,Très actif sur la plateforme.
ETU-04604,2024-2025,Gestion,21,Homme,Generale,B,lycee_public,0,15.6,,"95,2",34,53.9,72,1,12,12,9,12.93,6,6,4,4,5,F,gris,lundi,430568,23 Sep 2024,17.92,0,"Bon semestre, résultats solides."
ETU-04066,2024-2025,INFORMATIQUE,20,M, pro,Passable,lycee_public,1,5.1 km,13.0,70.2%,34,59.4,88,2,8,7,2,8.23,6,1,2,4,4,G,jaune,jeudi,395433,2024-09-26,14.88,0,
ETU-04558,2024-2025, STAPS ,21,M,général ,Assez Bien,lycee_public,Non,49.0,0.0,95.2%,55,81.6,170,2,9,9,7,17.12,6,6,5,5,,D,gris,jeudi,865272,19 Sep 2024,19.73,0,
ETU-00768,2024-2025,Droit,18,H,Generale,ab,lycee_public,oui,8.4,14.0,85.5,24,38.3,69,5,9,7,0,"11,13",6,6,3,4,3,H,jaune,jeudi,120315,19 Sep 2024,15.16,0,
ETU-04022,2024-2025,STAPS,20,femme,Général,Assez Bien,lycee_public,N,41.0,5.0,91.8,26,16.8,36,2,11,11,3,17.9,7,7,4,,3,C,bleu,lundi,580649,16 Sep 2024,18.26,0,"Bon semestre, résultats solides."
ETU-03926,2024-2025,STAPS,22,Femme,Technologique,AB,lycee_prive,1,34.7 km,0.0,45.9,11,18.1,27,6,8,6,0,8.57,5,1,1,2,1,C,vert,mardi,996946,2024-09-03,3.04,1,"Absences répétées, situation préoccupante."
ETU-04048,2024-2025,Gestion,18,M,général ,ab,lycee_public,1,4.1,28.0,78.2,20,17.7,57,7,10,8,1,7.61,7,5,3,4,4,C,rouge,mardi,971972,10 Sep 2024,3.78,1,
ETU-01392,2024-2025,mathematiques,23,h,Technologique,ab,lycee_public,Oui,1.4,23.0,87.6,30,51.0,66,3,11,10,7,"14,14",6,6,5,3,3,G,gris,mercredi,622505,2024-09-25,15.39,0,
ETU-03071,2024-2025,droit,21,f,general,tres bien,lycee_public,0,0.4,19.0,"88,7",52,119.1,133,5,8,8,8,17.64,6,6,5,5,5,B,bleu,mercredi,473708,04/09/2024,19.68,0,
ETU-03983,2024-2025,STAPS,19,h,general,Bien,lycee_public,0,"0,8",,53.1,24,54.6,58,4,9,6,0,"11,37",7,4,3,3,3,H,vert,mardi,264763,10 Sep 2024,6.11,1,
ETU-02209,2024-2025,Biologie,21,F,TECHNO,tres bien,lycee_public,O,35.2,10.0,"61,9",33,76.1,78,3,10,8,4,15.55,6,4,4,2,2,D,rouge,mercredi,949460,18 Sep 2024,17.3,0,
ETU-00783,2024-2025,Psychologie,24,Femme,Technologique,P,lycee_public,oui,"1,2",28.0,91.1,28,52.7,62,0,12,11,4,"11,74",5,0,3,3,3,D,vert,vendredi,891552,13/09/2024,15.73,0,
ETU-00648,2024-2025,Informatique,20,Femme,Technologique,B,lycee_public,1,4.8,,92.1,39,66.8,76,3,8,7,2,11.58,6,5,5,5,2,G,bleu,mardi,681290,2024-09-17,16.37,0,
ETU-03045,2024-2025, STAPS ,20,femme,Technologique,Bien,lycee_public,0,30.8,0.0,57.1,16,21.7,32,4,9,7,1,6.15,6,3,2,2,2,B,vert,mercredi,109128,2024-09-18,4.39,1,
ETU-05168,2024-2025,Informatique,17,M,general,,lycee_public,1,13.3 km,0.0,87.0,57,142.2,134,2,9,8,8,13.61,6,6,4,4,4,H,bleu,jeudi,566273,2024-09-05,17.84,0,"Très bon investissement, en réussite."
ETU-01768,2024-2025, Gestion ,21,H,Général,B,lycee_public,1,"15,5",23.0,90.4,47,88.7,83,0,12,12,5,16.2,7,7,5,2,4,F,vert,mardi,407037,2024-09-24,18.98,0,"Très bon investissement, en réussite."
ETU-01485,2024-2025,Biologie,21,Homme,general,B,,non,25.7,19.0,59.9,17,25.6,38,3,9,7,1,"10,24",6,2,4,3,3,E,vert,jeudi,401506,05/09/2024,5.02,1,
ETU-03779,2024-2025,Psychologie,19,Homme,GEN,tres bien,lycee_public,O,1.2,0.0,96.5%,56,75.3,85,0,12,12,9,"17,16",6,6,5,4,4,E,bleu,jeudi,661585,05/09/2024,19.69,0,
ETU-02057,2024-2025,Biologie,18,f,Général,B,cfa,Oui,30.7,0.0,83.9,36,32.7,66,1,13,10,6,"15,79",5,5,5,4,1,D,gris,vendredi,245007,27 Sep 2024,19.38,0,
ETU-02474,2024-2025,Droit,21,Femme,Technologique,Bien,lycee_public,Non,17.9,18.0,69.3,20,25.8,34,4,9,6,0,7.93,6,3,3,3,3,C,gris,mardi,861249,10/09/2024,2.38,1,Résultats fragiles aux partiels.
ETU-01058,2024-2025, Lettres ,20,h,Generale,passable,cfa,Oui,18.0,28.0,76.8%,32,79.1,68,1,9,8,2,"8,05",5,1,3,3,2,E,jaune,mardi,983942,2024-09-24,12.91,0,
ETU-00799,2024-2025, Biologie ,22,Femme,techno,Passable,,1,27.2 km,9.0,79.1%,24,20.2,31,0,9,9,7,14.45,6,6,5,3,3,C,bleu,lundi,759194,16 Sep 2024,17.13,0,
ETU-03485,2024-2025,Mathematiques,22,Homme,techno,tres bien,lycee_public,Oui,11.2,0.0,70.4,33,49.4,67,3,13,11,4,8.9,6,2,3,4,4,C,bleu,mercredi,933707,2024-09-04,14.64,0,
ETU-03625,2024-2025,Droit,19,Femme,techno,Bien,lycee_public,1,17.5,18.0,72.3,18,37.5,7,5,13,13,2,12.25,5,1,3,,2,B,rouge,jeudi,333407,05 Sep 2024,9.4,1,RAS.
ETU-01111,2024-2025,BIOLOGIE,23,F,général ,AB,lycee_public,Non,11.3,10.0,74.4,16,22.9,52,3,13,10,2,"11,54",7,7,3,3,4,B,jaune,lundi,743186,09/09/2024,14.57,0,
ETU-03402,2024-2025, STAPS ,21,Autre,general,passable,lycee_public,0,2.5,18.0,71.4,18,25.2,54,5,8,6,5,11.62,7,6,5,2,4,H,vert,mercredi,869462,25 Sep 2024,16.53,0,
ETU-05048,2024-2025,LETTRES,18,femme,Generale,Bien,lycee_public,0,45.8,,"94,6",18,38.0,28,6,9,8,0,"11,8",5,2,2,4,3,F,rouge,mardi,838389,2024-09-17,16.52,0,Semble peu engagé dans la formation.
ETU-03199,2024-2025,Biologie,22,f,techno,passable,lycee_public,O,"14,3",17.0,58.2,23,44.2,67,7,10,7,2,8.6,5,4,1,4,5,A,gris,mardi,635242,03/09/2024,3.1,1,Semble peu engagé dans la formation.
ETU-00257,2024-2025,gestion,20,femme,TECHNO,Passable,lycee_prive,non,12.2,0.0,74.4,40,53.5,103,2,13,10,0,10.17,5,0,4,4,2,A,bleu,mardi,181910,10 Sep 2024,16.33,0,Suivi sans particularité.
ETU-03902,2024-2025,Mathematiques,21,NR,général ,Assez Bien,lycee_public,0,"38,8",13.0,"66,7",10,15.4,8,7,11,7,0,6.07,6,3,2,2,2,B,bleu,mardi,965063,2024-09-10,4.5,1,
ETU-01693,2024-2025,Gestion,19,f,general,Bien,lycee_public,0,11.7,0.0,81.8,32,10.2,62,7,13,12,2,9.24,5,2,5,3,3,D,jaune,mercredi,502116,18/09/2024,5.62,1,
ETU-05091,2024-2025,MATHEMATIQUES,20,H,TECHNO,TB,lycee_public,Oui,2.8,24.0,96.5,41,85.4,68,3,11,9,6,"12,4",5,2,4,4,3,F,bleu,lundi,842992,09 Sep 2024,16.75,0,
ETU-00697,2024-2025,Droit,18,H,Technologique,Bien,lycee_public,Non,3.6,7.0,66.7,16,22.8,37,4,13,11,1,6.47,5,1,2,3,2,G,jaune,vendredi,766107,2024-09-06,4.54,1,En difficulté sur les évaluations.
ETU-00967,2024-2025, Gestion ,19,H,GEN,B,lycee_prive,O,"10,4",13.0,"81,0",33,47.1,67,5,11,9,3,"14,03",7,6,2,4,4,E,rouge,mercredi,244920,04 Sep 2024,17.62,0,
ETU-00133,2024-2025,psychologie,21,Homme,TECHNO,P,lycee_prive,N,"4,6",10.0,85.6,43,73.7,101,1,8,8,5,7.16,5,2,2,4,,A,bleu,jeudi,198730,26/09/2024,14.56,0,
ETU-00214,2024-2025,Biologie,18,femme,Technologique,Bien,lycee_public,N,2.8,0.0,76.6%,37,44.8,107,5,11,10,3,"11,88",6,5,4,4,4,A,rouge,mardi,459239,2024-09-17,14.47,0,
ETU-02446,2024-2025,Gestion,25,Femme,GEN,B,lycee_public,non,12.9,5.0,72.3,17,21.0,18,4,8,5,4,10.29,5,4,3,3,2,C,vert,lundi,157778,02 Sep 2024,6.38,1,
ETU-00201,2024-2025,Informatique,20,Homme,Professionnel,B,lycee_public,oui,15.8,22.0,74.5,22,22.3,36,5,12,9,3,"4,54",6,1,2,1,1,C,bleu,mercredi,134678,25 Sep 2024,1.06,1,En difficulté sur les évaluations.
ETU-01289,2024-2025,Gestion,24,F,Professionnel,ab,lycee_public,1,"6,5",17.0,"81,9",,14.8,10,4,8,5,3,"7,32",5,3,3,3,4,H,gris,lundi,470647,02/09/2024,4.19,1,En difficulté sur les évaluations.
ETU-00060,2024-2025, STAPS ,22,Femme,Général,ab,lycee_public,Non,7.6,0.0,76.5,,58.2,93,0,9,9,5,"14,74",6,6,4,3,3,G,bleu,mercredi,990970,18 Sep 2024,17.9,0,"Bon semestre, résultats solides."
ETU-01302,2024-2025,Informatique,20,Homme,general,Bien,lycee_prive,0,10.2,11.0,75.4,12,23.1,33,5,8,6,0,15.68,5,4,3,2,4,G,rouge,lundi,996162,02/09/2024,16.97,0,Travail sérieux et régulier.
ETU-02884,2024-2025,Informatique,22,H,Général,TB,lycee_public,Non,,15.0,"67,2",20,28.0,40,4,11,9,1,"12,69",6,5,3,3,1,A,bleu,vendredi,239947,2024-09-13,7.82,1,
ETU-04240,2024-2025,STAPS,21,h,GEN,passable,lycee_public,1,3.2,24.0,66.4,24,31.4,76,6,12,7,1,"10,56",5,2,4,3,2,B,jaune,mardi,435495,03/09/2024,11.58,0,
ETU-02873,2024-2025,STAPS,17,f,Général,passable,lycee_prive,Non,4.3 km,25.0,81.9,42,111.2,64,2,10,10,4,10.22,5,5,5,4,2,C,bleu,mardi,475383,24/09/2024,15.94,0,
ETU-01316,2024-2025,Gestion,24,F,PRO,AB,autre,Non,,6.0,99.6,37,46.2,84,3,8,8,7,11.29,6,3,5,3,5,B,gris,mercredi,789060,11 Sep 2024,17.49,0,
ETU-02208,2024-2025,informatique,21,femme,Général,Passable,lycee_public,1,26.1,17.0,63.9,23,36.4,66,5,11,7,1,9.76,7,4,2,2,4,D,jaune,mercredi,425182,25/09/2024,4.33,1,
ETU-00430,2024-2025,Gestion,20,Femme,pro,Assez Bien,lycee_public,N,1.9,0.0,74.0%,32,39.6,75,4,13,10,4,"7,83",6,2,2,1,4,C,vert,jeudi,270185,2024-09-12,12.48,0,En difficulté sur les évaluations.
ETU-04731,2024-2025,Biologie,19,Femme,Generale,AB,lycee_public,Oui,"20,0",0.0,72.7,27,16.6,58,2,10,8,3,8.48,7,2,2,5,3,F,vert,jeudi,615439,2024-09-05,14.06,0,"Motivation en berne, à accompagner."
ETU-01142,2024-2025,Droit,18,Femme,TECHNO,Passable,lycee_public,oui,5.1,7.0,"80,8",24,34.8,49,3,13,10,1,8.29,7,3,1,4,2,D,vert,mardi,339715,10 Sep 2024,14.77,0,
ETU-00556,2024-2025,Psychologie,19,F,Technologique,TB,lycee_public,Oui,0.1,,"73,9",,8.8,45,4,9,6,4,7.96,6,4,3,4,4,C,jaune,mercredi,647759,04 Sep 2024,3.38,1,
ETU-00627,2024-2025,Psychologie,19,Femme,Général,ab,lycee_prive,O,16.0 km,0.0,73.3,26,36.4,53,3,8,7,0,,6,5,1,4,2,B,bleu,mercredi,671153,18/09/2024,16.39,0,Semble peu engagé dans la formation.
ETU-01669,2024-2025,Gestion,20,f,Generale,Passable,lycee_prive,1,3.3,23.0,74.6,22,37.2,32,4,12,10,4,"12,01",6,6,4,5,4,D,bleu,mardi,514860,24 Sep 2024,15.81,0,
ETU-00763,2024-2025,Droit,21,f,PRO,TB,lycee_public,oui,1.2,8.0,87.6%,21,30.2,29,2,8,7,1,7.36,6,2,,4,3,C,gris,vendredi,892310,13/09/2024,13.55,0,
ETU-03445,2024-2025,Informatique,22,Femme,Technologique,ab,lycee_public,oui,66.3,0.0,72.6,26,21.7,29,6,9,6,2,10.79,5,3,4,2,2,G,rouge,mercredi,411145,04 Sep 2024,7.97,1,Profil dans la moyenne.
ETU-01248,2024-2025,Gestion,17,h,Général,Bien,lycee_public,Oui,6.0,17.0,"58,1",13,17.0,38,4,8,5,0,,5,2,3,3,1,A,gris,jeudi,811137,19 Sep 2024,5.33,1,
ETU-00617,2024-2025,Psychologie,21,M,général ,Assez Bien,lycee_public,Non,20.5,17.0,86.3,,37.6,57,6,9,8,5,"12,81",6,6,4,3,4,A,gris,mardi,768889,24/09/2024,16.37,0,"Bon semestre, résultats solides."
ETU-03676,2024-2025,psychologie,24,Homme,général ,Assez Bien,,non,7.9,0.0,96.1,30,69.1,82,1,10,9,6,11.22,6,6,3,5,4,E,gris,mercredi,717769,2024-09-04,16.65,0,
ETU-03146,2024-2025,INFORMATIQUE,20,Femme,TECHNO,AB,lycee_public,N,10.6,24.0,70.3%,17,23.0,40,5,11,9,3,"10,96",7,7,5,4,1,D,vert,mardi,332720,03/09/2024,14.4,0,
ETU-04870,2024-2025,Informatique,20,F,general,Assez Bien,lycee_public,oui,42.9,21.0,"95,0",62,105.7,144,2,12,12,9,16.17,5,5,5,5,4,H,rouge,mercredi,179809,2024-09-18,19.82,0,"Très bon investissement, en réussite."
ETU-01499,2024-2025,Biologie,21,f,Generale,P,lycee_public,N,4.3,0.0,93.6,16,18.6,33,6,10,9,1,10.75,5,5,4,4,,H,vert,lundi,204347,09/09/2024,14.89,0,
ETU-01274,2024-2025,Informatique,20,Femme,general,P,,0,75.7,12.0,"60,5",6,9.1,14,6,9,6,0,10.86,5,3,4,4,1,C,jaune,mardi,499347,17 Sep 2024,6.73,1,
ETU-03230,2024-2025, Gestion ,18,H,général ,Assez Bien,lycee_prive,Non,40.8,9.0,"78,7",50,67.5,109,2,10,8,1,9.68,5,3,4,3,5,C,gris,mercredi,509878,2024-09-18,14.57,0,
ETU-00795,2024-2025, Informatique ,19,F,Generale,AB,lycee_public,N,15.8,9.0,86.6%,20,6.3,47,4,13,11,2,"11,46",7,7,4,2,2,F,bleu,vendredi,778731,2024-09-06,14.36,0,
ETU-03638,2024-2025, Mathematiques ,23,h,Technologique,Assez Bien,lycee_public,Non,44.9 km,14.0,88.2,40,80.6,78,6,12,9,2,"12,81",6,4,5,2,3,E,gris,lundi,555628,2024-09-16,15.96,0,Travail sérieux et régulier.
ETU-04632,2024-2025, Gestion ,17,H,Generale,,lycee_prive,oui,"23,3",24.0,85.6%,31,39.6,55,6,10,6,2,9.34,5,3,2,2,2,G,bleu,jeudi,524521,2024-09-19,5.35,1,Semble peu engagé dans la formation.
ETU-00434,2024-2025,staps,17,F,Generale,Bien,cfa,Non,25.4,,63.2,3,7.1,4,5,8,5,1,10.84,5,2,1,3,2,C,jaune,vendredi,771308,06 Sep 2024,4.41,1,
ETU-04232,2024-2025, Gestion ,21,Femme,Général,P,lycee_public,non,"6,0",19.0,77.2,31,50.7,66,4,12,10,4,10.48,5,3,4,2,4,E,gris,mercredi,924541,2024-09-04,14.68,0,
ETU-02728,2024-2025,informatique,19,M,Generale,Assez Bien,lycee_public,1,"10,5",14.0,80.4%,39,78.1,72,2,12,9,4,10.18,5,4,3,3,3,C,rouge,mardi,806511,2024-09-03,13.56,0,
ETU-00636,2024-2025,Lettres,19,femme,Général,Passable,lycee_public,N,3.9,9.0,91.1%,49,61.1,82,1,10,9,7,"6,4",6,3,2,4,5,E,gris,mercredi,581418,2024-09-18,13.99,0,En difficulté sur les évaluations.
ETU-00949,2024-2025,Lettres,20,f,GEN,Passable,lycee_prive,oui,,7.0,71.8,37,55.3,62,4,11,8,1,,6,3,2,3,1,E,gris,vendredi,676499,2024-09-20,12.93,0,Semble peu engagé dans la formation.
ETU-03436,2024-2025,MATHEMATIQUES,21,M, pro,ab,lycee_prive,Oui,24.0,28.0,92.2,46,77.5,85,1,12,11,10,"9,27",6,3,4,3,4,E,jaune,mercredi,928277,2024-09-25,17.07,0,
ETU-04660,2024-2025,Mathematiques,17,h, pro,AB,lycee_public,0,17.1,14.0,80.8%,25,39.5,61,3,10,7,2,11.45,6,4,5,4,4,D,jaune,lundi,856299,23/09/2024,15.48,0,
ETU-01935,2024-2025,droit,19,f,Général,Passable,lycee_public,0,13.6,0.0,98.6,30,40.8,70,5,10,8,0,8.16,5,4,3,3,2,F,bleu,mardi,940590,03/09/2024,13.96,0,
ETU-05066,2024-2025,Gestion,20,H,général ,AB,lycee_public,O,,15.0,58.0,29,20.9,64,6,8,6,1,11.19,6,4,4,3,1,B,bleu,lundi,652994,2024-09-09,14.3,0,
ETU-01818,2024-2025,STAPS,22,Homme,Général,Passable,lycee_prive,O,"18,8",,"83,3",51,42.5,144,2,12,11,7,12.62,5,3,4,3,5,B,jaune,jeudi,789716,26 Sep 2024,19.12,0,
ETU-02184,2024-2025,MATHEMATIQUES,17,Homme,Generale,B,lycee_public,Non,,3.0,69.6%,3,8.1,1,6,12,11,2,13.08,5,2,3,3,3,B,bleu,mardi,932042,03 Sep 2024,8.33,1,
ETU-02137,2024-2025,GESTION,20,h,Général,Bien,lycee_public,non,"3,1",6.0,"67,9",27,75.2,54,6,10,6,1,9.82,6,4,3,2,2,H,vert,mercredi,755428,18/09/2024,14.13,0,
ETU-00948,2024-2025,INFORMATIQUE,19,h,général ,passable,lycee_prive,0,1.7,15.0,"96,8",73,141.2,137,0,12,11,4,12.69,5,4,5,5,4,E,jaune,mercredi,518352,2024-09-11,19.06,0,
ETU-04522,2024-2025,Biologie,20,h,general,passable,lycee_public,1,5.5,0.0,"59,5",26,42.2,68,4,9,6,1,11.85,7,7,3,3,,E,vert,vendredi,798757,20 Sep 2024,14.96,0,
ETU-02502,2024-2025,DROIT,20,h,Generale,passable,lycee_public,non,12.2,18.0,85.0%,22,32.0,40,2,13,10,3,11.77,7,3,4,,3,A,rouge,mardi,958124,10/09/2024,14.91,0,
ETU-02636,2024-2025,Psychologie,22,f,Général,Assez Bien,cfa,N,4.0,9.0,"61,6",6,15.7,24,5,10,9,0,8.93,5,4,2,2,4,A,vert,lundi,663798,2024-09-16,5.65,1,Engagement en ligne très faible.
ETU-03404,2024-2025, Droit ,22,F,Technologique,P,lycee_prive,non,31.7,0.0,56.3,11,13.4,39,6,8,6,0,9.66,6,5,2,2,1,C,jaune,lundi,267380,23 Sep 2024,4.56,1,
ETU-02560,2024-2025,PSYCHOLOGIE,23,f,Général,Bien,lycee_public,N,"10,2",16.0,87.2,34,52.1,95,4,13,13,3,,7,4,,3,3,B,bleu,mardi,427702,10 Sep 2024,15.42,0,Suivi sans particularité.
ETU-04323,2024-2025,LETTRES,17,F,Général,passable,lycee_public,oui,11.1,21.0,"89,8",54,109.6,134,2,12,10,6,13.57,6,6,5,5,4,B,bleu,vendredi,254467,2024-09-13,19.29,0,
ETU-04629,2024-2025,Informatique,18,femme,Général,P,lycee_public,Non,9.3,8.0,69.1%,3,4.3,1,1,9,5,2,12.17,5,2,3,2,3,H,rouge,vendredi,885280,2024-09-06,15.01,0,Engagement en ligne très faible.
ETU-00654,2024-2025,STAPS,17,F,Professionnel,passable,autre,oui,"29,6",0.0,66.7%,,26.5,43,3,12,8,2,7.38,6,2,1,5,2,D,gris,mardi,257476,2024-09-03,11.78,0,En difficulté sur les évaluations.
ETU-03582,2024-2025,Psychologie,24,femme,TECHNO,P,lycee_public,Oui,15.4,10.0,78.7%,34,61.8,96,4,10,10,3,11.45,5,5,4,4,2,H,rouge,mardi,430023,24 Sep 2024,16.96,0,
ETU-00769,2024-2025,Mathematiques,17,Homme,général ,Assez Bien,lycee_public,Oui,27.5 km,4.0,60.3,3,6.9,11,6,11,7,0,8.82,6,4,1,4,1,H,vert,lundi,655828,23/09/2024,5.16,1,
ETU-05076,2024-2025, STAPS ,20,M,GEN,Passable,lycee_public,N,13.4,0.0,81.3,33,45.6,80,2,9,7,8,9.83,5,4,5,5,5,A,vert,jeudi,405916,05/09/2024,15.21,0,RAS.
ETU-02277,2024-2025,Droit,17,Autre,techno,B,lycee_public,1,14.2,14.0,36.0%,,0.0,0,7,11,7,0,5.94,7,0,1,1,1,C,vert,vendredi,671132,06/09/2024,1.04,1,
ETU-01040,2024-2025,gestion,21,h,général ,Très Bien,lycee_public,N,"0,3",15.0,"73,3",15,10.5,56,5,13,7,0,15.16,6,6,1,2,1,C,bleu,lundi,622789,2024-09-09,15.52,0,Semble peu engagé dans la formation.
ETU-05117,2024-2025, STAPS ,21,Femme,general,P,autre,N,13.6,18.0,91.0%,,25.7,62,3,10,8,6,14.47,5,2,4,2,3,E,vert,mardi,403451,2024-09-24,16.84,0,"Très bon investissement, en réussite."
ETU-05188,2024-2025,Biologie,19,femme,GEN,AB,lycee_prive,1,"36,3",8.0,91.9,21,29.1,44,2,9,9,2,,6,1,4,2,2,D,rouge,mardi,569935,10/09/2024,16.98,0,
ETU-01155,2024-2025,MATHEMATIQUES,21,Femme,Général,AB,cfa,O,27.0 km,0.0,81.5,25,15.1,51,8,12,8,3,11.68,5,2,2,1,1,D,vert,mardi,150307,03/09/2024,6.81,1,"Rendus souvent en retard, à relancer."
ETU-04668,2024-2025,Lettres,21,Femme,GEN,P,autre,non,13.7,,83.7%,22,41.5,46,0,13,12,7,,7,6,4,5,3,B,rouge,mardi,661397,17/09/2024,17.95,0,
ETU-02248,2024-2025,Lettres,18,F,TECHNO,P,lycee_prive,Oui,36.2,0.0,59.6,3,4.3,1,5,11,5,0,6.66,5,1,1,1,,A,vert,lundi,258480,02 Sep 2024,2.64,1,
ETU-04129,2024-2025,Mathematiques,19,H,GEN,B,lycee_public,N,0.7,0.0,69.8,25,24.3,42,2,8,8,3,10.6,6,4,4,1,4,G,gris,jeudi,212209,19/09/2024,15.51,0,
ETU-00406,2024-2025,Gestion,19,f,general,P,lycee_public,O,16.9,5.0,"65,6",11,7.2,34,3,13,11,0,"11,92",5,3,4,3,3,A,vert,mercredi,959063,11/09/2024,13.61,0,
ETU-03200,2024-2025,INFORMATIQUE,19,Femme,Technologique,Passable,cfa,1,52.5,,98.6,48,53.9,121,3,13,13,6,"10,43",6,6,5,4,2,G,vert,jeudi,979170,19/09/2024,17.74,0,
ETU-00661,2024-2025,LETTRES,17,F,Général,passable,lycee_public,N,1.6,,85.3,29,56.4,58,4,12,11,0,"11,59",7,3,3,4,3,G,gris,mercredi,228314,04/09/2024,16.78,0,Profil dans la moyenne.
ETU-04302,2024-2025,informatique,22,F,TECHNO,Passable,lycee_public,N,30.0,,66.2%,17,18.6,45,4,9,7,0,12.55,5,3,2,4,3,H,vert,lundi,638766,2024-09-16,7.68,1,"Motivation en berne, à accompagner."
ETU-05167,2024-2025,Droit,18,femme,Generale,,lycee_public,O,2.2,10.0,78.5,39,59.4,102,4,11,8,4,10.29,6,5,3,4,3,D,vert,jeudi,127291,19 Sep 2024,15.02,0,
ETU-00261,2024-2025,Psychologie,19,h,TECHNO,P,lycee_public,non,"4,7",,"98,0",48,58.9,95,1,8,8,5,"13,18",5,5,5,4,4,C,bleu,vendredi,241944,20/09/2024,18.45,0,"Très bon investissement, en réussite."
ETU-01158,2024-2025,PSYCHOLOGIE,23,h,Technologique,AB,lycee_public,1,"13,6",0.0,67.0,21,23.1,40,4,9,6,2,8.96,6,2,3,2,3,B,vert,mardi,623695,03 Sep 2024,4.37,1,
ETU-00626,2024-2025,STAPS,18,f,general,P,lycee_public,0,29.3,0.0,62.9,9,15.9,13,6,9,8,0,10.82,6,4,2,4,2,F,bleu,lundi,780019,23 Sep 2024,13.41,0,Peu actif sur la plateforme.
ETU-03999,2024-2025,staps,18,h,techno,P,lycee_public,Non,9.3,7.0,72.8%,54,111.5,117,3,10,9,5,"14,55",6,6,4,3,,F,vert,jeudi,906375,19/09/2024,17.93,0,Profil dans la moyenne.
ETU-02896,2024-2025,Informatique,19,f,Général,passable,lycee_public,non,11.3,8.0,"84,8",40,46.9,120,2,10,10,5,"13,97",5,5,4,3,,B,gris,mardi,471983,2024-09-24,16.72,0,
ETU-04833,2024-2025,Mathematiques,20,Homme,général ,Bien,lycee_public,1,,0.0,71.2,42,39.6,61,2,12,11,2,"16,47",6,6,3,4,4,B,rouge,mardi,919223,10/09/2024,17.84,0,RAS.
ETU-01906,2024-2025,GESTION,18,f,général ,Assez Bien,lycee_public,1,9.9,0.0,93.6,38,59.3,60,0,12,10,7,7.7,7,5,5,3,3,A,rouge,mercredi,474262,25 Sep 2024,14.1,0,En difficulté sur les évaluations.
ETU-00098,2024-2025, Droit ,17,h,PRO,AB,lycee_public,N,0.8 km,5.0,69.6,22,18.1,54,3,10,10,3,7.38,6,4,1,3,3,B,vert,jeudi,518913,26/09/2024,5.17,1,
ETU-00177,2024-2025, Informatique ,23,f,GEN,Passable,lycee_prive,N,"0,5",7.0,"76,3",41,59.5,108,3,13,13,5,13.56,7,6,4,,,D,vert,jeudi,992593,12 Sep 2024,18.67,0,Très actif sur la plateforme.
ETU-00876,2024-2025,Droit,20,F,Technologique,passable,lycee_public,0,6.1,0.0,95.6,65,66.0,153,0,11,11,8,10.62,5,5,5,5,5,D,vert,lundi,913397,16 Sep 2024,17.28,0,Engagement en ligne remarquable.
ETU-04941,2024-2025,droit,20,F,GEN,B,lycee_public,Oui,9.1 km,25.0,83.2%,35,76.5,58,2,12,12,6,12.22,6,5,5,,5,E,vert,jeudi,886295,2024-09-26,17.84,0,Travail sérieux et régulier.
ETU-00420,2024-2025,Lettres,23,h,pro,AB,lycee_public,1,1.0,13.0,"56,0",21,17.3,55,5,11,6,0,6.88,6,1,3,4,,E,bleu,lundi,473324,2024-09-23,2.51,1,En difficulté sur les évaluations.
ETU-02433,2024-2025,Psychologie,17,Femme,Generale,B,lycee_public,Non,"27,5",0.0,94.6%,17,31.3,37,5,8,8,3,11.27,6,4,5,4,3,G,jaune,vendredi,809391,27/09/2024,15.74,0,
ETU-04361,2024-2025,MATHEMATIQUES,20,Femme,techno,ab,lycee_public,N,29.1,,87.2,36,52.7,65,2,8,7,4,14.53,7,4,3,4,4,B,rouge,mercredi,160368,2024-09-04,18.05,0,"Très bon investissement, en réussite."
ETU-02907,2024-2025,Gestion,22,F,Général,Bien,lycee_public,0,12.8,9.0,50.8,13,29.8,16,6,10,7,0,10.24,6,1,4,3,1,G,vert,mardi,732037,17 Sep 2024,4.73,1,
ETU-04435,2024-2025,mathematiques,24,Femme,Général,B,lycee_public,Non,"25,9",12.0,82.3,32,63.6,74,4,13,9,1,12.32,6,4,3,2,2,E,jaune,jeudi,466943,26 Sep 2024,15.61,0,
ETU-01194,2024-2025,Mathematiques,21,Femme,general,passable,lycee_public,oui,"6,9",,50.8,21,25.1,28,4,9,8,2,11.18,6,5,4,2,2,G,gris,vendredi,138973,2024-09-13,7.29,1,"Absences répétées, situation préoccupante."
ETU-00114,2024-2025,Psychologie,18,H,Général,Très Bien,,0,19.2,0.0,78.2,10,21.5,26,3,10,9,0,12.93,6,6,5,2,1,H,bleu,mardi,609680,2024-09-17,15.73,0,Peu actif sur la plateforme.
ETU-02617,2024-2025, STAPS ,19,Femme,GEN,B,lycee_public,non,"1,9",17.0,72.2,11,22.9,22,5,12,10,0,"10,91",7,4,2,2,3,G,rouge,jeudi,500300,12 Sep 2024,6.37,1,
ETU-02100,2024-2025,Biologie,23,H,pro,Assez Bien,lycee_public,non,"1,7",26.0,66.1,18,40.3,32,6,9,6,0,9.91,6,2,3,2,1,A,vert,jeudi,478930,2024-09-19,5.47,1,RAS.
ETU-03545,2024-2025,psychologie,19,H,TECHNO,Passable,lycee_public,Oui,8.7,6.0,88.3,46,80.8,121,6,8,6,4,8.87,7,2,5,3,5,A,gris,mardi,776674,24 Sep 2024,14.19,0,Engagement en ligne remarquable.
ETU-04377,2024-2025, Biologie ,17,Femme,Général,tres bien,lycee_public,Non,4.6,6.0,"74,0",39,73.8,83,5,12,11,2,"20,0",5,5,5,2,3,D,rouge,vendredi,288680,27/09/2024,19.61,0,RAS.
ETU-00595,2024-2025,STAPS,18,femme,techno,passable,lycee_prive,1,7.9,,87.2%,42,83.2,112,2,13,12,5,,5,4,4,4,4,F,jaune,lundi,361252,23/09/2024,18.79,0,
ETU-02074,2024-2025,STAPS,19,NB,Technologique,Passable,lycee_public,Non,20.0,0.0,65.4,25,34.5,49,8,11,9,1,7.68,7,2,3,,3,B,rouge,vendredi,998317,27 Sep 2024,11.1,0,En difficulté sur les évaluations.
ETU-02961,2024-2025,LETTRES,20,f,techno,P,lycee_public,0,14.3,,97.9%,43,94.2,67,0,13,13,6,12.59,6,5,5,5,,C,bleu,mardi,167584,2024-09-03,18.28,0,Très actif sur la plateforme.
ETU-01736,2024-2025,Droit,22,F,Generale,B,lycee_prive,oui,16.3 km,10.0,77.7%,47,40.9,102,4,11,8,2,"14,29",5,5,2,1,4,E,gris,lundi,496834,16/09/2024,16.94,0,
ETU-00550,2024-2025, Gestion ,21,F,pro,P,,Non,"14,8",0.0,82.8,34,55.4,68,0,12,12,1,11.76,6,3,3,5,5,C,gris,mercredi,823198,04 Sep 2024,15.78,0,
ETU-00694,2024-2025,Psychologie,18,h,general,Assez Bien,lycee_public,O,26.6,11.0,77.1,24,38.3,53,0,8,7,5,"17,47",6,4,4,4,4,E,gris,vendredi,348743,27/09/2024,18.32,0,
ETU-00188,2024-2025, Lettres ,19,F,Generale,Passable,lycee_public,non,26.7 km,11.0,90.4%,23,46.8,56,2,10,7,2,"10,61",5,4,2,5,4,B,bleu,mercredi,989025,11 Sep 2024,15.91,0,Semble peu engagé dans la formation.
ETU-03062,2024-2025,MATHEMATIQUES,20,M,Generale,ab,lycee_public,oui,5.6,21.0,85.7%,19,30.9,33,3,9,6,6,8.26,6,3,3,3,1,H,vert,vendredi,132566,13/09/2024,15.0,0,RAS.
ETU-01830,2024-2025,lettres,19,Homme,Generale,passable,lycee_public,non,19.3,27.0,"82,4",,33.0,53,5,11,9,6,10.81,5,4,5,4,3,E,gris,vendredi,795698,13 Sep 2024,15.7,0,Profil dans la moyenne.
ETU-04732,2024-2025, Lettres ,19,f,techno,B,lycee_public,Non,0.6,11.0,91.0,51,76.7,143,0,13,13,6,"12,34",6,4,5,5,5,H,bleu,mardi,514957,24/09/2024,17.51,0,Engagement en ligne remarquable.
ETU-04064,2024-2025,biologie,18,Femme,TECHNO,Bien,cfa,0,"30,3",8.0,75.9%,3,0.9,2,4,9,4,1,8.1,5,1,1,2,2,D,bleu,mardi,889423,2024-09-10,3.84,1,Peu actif sur la plateforme.
ETU-00563,2024-2025, Psychologie ,20,Femme,général ,AB,lycee_public,0,8.2 km,17.0,"88,1",36,75.6,54,1,8,8,6,14.76,6,4,5,5,5,B,bleu,mardi,144212,2024-09-24,19.01,0,Étudiant assidu et investi.
ETU-01581,2024-2025,Lettres,22,Homme,Technologique,Bien,lycee_public,1,10.5 km,10.0,77.1,,14.6,54,4,13,12,3,"12,53",5,5,5,5,4,G,gris,vendredi,148584,2024-09-13,14.58,0,"Bon semestre, résultats solides."
ETU-00914,2024-2025,Mathematiques,18,Homme,techno,Passable,lycee_public,N,23.0,14.0,83.2,31,39.7,76,6,11,9,5,"5,98",6,3,4,5,2,G,rouge,jeudi,782994,2024-09-19,11.5,0,En difficulté sur les évaluations.
ETU-02048,2024-2025,STAPS,21,F,TECHNO,Assez Bien,lycee_public,1,3.0 km,,"55,4",14,33.0,45,6,10,6,1,"4,84",5,2,3,2,2,C,rouge,jeudi,233889,2024-09-12,1.27,1,Résultats fragiles aux partiels.
ETU-04368,2024-2025,Informatique,19,H,Général,ab,lycee_public,non,4.2 km,0.0,83.9,9,14.3,28,7,11,8,0,"16,53",6,4,3,3,4,G,gris,vendredi,270328,13 Sep 2024,18.79,0,
ETU-04027,2024-2025,Psychologie,18,Femme,général ,B,lycee_public,Oui,22.5,19.0,"81,6",39,66.4,91,1,13,11,3,10.26,5,5,4,4,1,E,rouge,lundi,870864,23 Sep 2024,16.7,0,RAS.
ETU-00663,2024-2025,Droit,19,femme,Generale,Passable,lycee_public,0,"16,0",15.0,"93,2",45,49.7,71,0,10,10,7,"10,3",7,7,5,5,2,C,jaune,vendredi,356452,13/09/2024,16.35,0,Très actif sur la plateforme.
ETU-04082,2024-2025, Droit ,21,f,Général,Passable,cfa,0,11.4,11.0,87.2,16,17.3,34,4,11,9,0,"9,62",6,1,3,3,2,B,rouge,lundi,537108,02/09/2024,13.54,0,
ETU-01832,2024-2025,Informatique,20,M,PRO,B,lycee_public,Non,1.7,14.0,74.9,26,32.9,65,7,10,8,0,14.0,6,5,3,3,2,H,rouge,lundi,367878,16/09/2024,8.25,1,
ETU-02999,2024-2025,Informatique,21,Homme,Général,Bien,lycee_prive,Non,16.4,0.0,71.8,22,41.8,36,4,11,10,2,15.64,6,6,3,2,2,G,bleu,mercredi,135939,2024-09-11,16.52,0,
ETU-03544,2024-2025,Biologie,20,Femme,Technologique,Assez Bien,lycee_public,Non,"1,0",0.0,74.1,5,4.3,16,3,10,7,0,4.06,6,2,2,1,1,B,gris,mercredi,843480,04 Sep 2024,1.78,1,
ETU-03756,2024-2025, Lettres ,18,f,général ,B,lycee_prive,Non,1.5,11.0,72.2,25,32.9,73,7,10,9,1,10.79,5,2,3,4,2,H,vert,vendredi,984712,2024-09-27,6.05,1,
ETU-01837,2024-2025,Droit,20,Femme,general,Bien,lycee_prive,1,,,86.6%,40,75.5,69,4,8,7,6,"17,01",6,6,5,3,3,E,gris,mardi,497114,2024-09-03,19.2,0,Étudiant assidu et investi.
ETU-01992,2024-2025, Gestion ,21,Homme,Général,ab,lycee_public,O,"19,0",17.0,90.7,36,51.6,70,4,13,13,5,"12,32",5,3,4,,3,E,bleu,mercredi,843475,25 Sep 2024,16.9,0,
ETU-04985,2024-2025,droit,17,femme,général ,,lycee_public,oui,5.3 km,13.0,78.4,8,11.0,14,6,13,10,0,9.21,5,2,,4,3,D,gris,mardi,779943,10 Sep 2024,13.12,0,
ETU-04605,2024-2025,STAPS,19,F,GEN,B,lycee_public,non,,20.0,87.5,27,23.5,65,2,9,9,6,"10,84",6,6,4,5,,D,gris,mardi,604799,10/09/2024,14.02,0,Suivi sans particularité.
ETU-04110,2024-2025,PSYCHOLOGIE,20,Homme,general,B,lycee_prive,N,"19,5",14.0,85.4%,35,52.1,94,3,13,11,0,11.17,5,5,4,4,3,C,jaune,jeudi,775791,2024-09-26,14.91,0,
ETU-03666,2024-2025,mathematiques,17,h,Generale,passable,lycee_public,non,"81,1",,67.2,15,40.3,37,9,11,10,0,7.8,6,2,2,2,1,D,bleu,mercredi,351289,04/09/2024,3.2,1,
ETU-04556,2024-2025,Informatique,23,F,Général,passable,lycee_public,non,1.2,,68.4,17,17.1,26,5,12,7,0,12.11,5,2,1,2,1,A,rouge,lundi,500923,02/09/2024,6.72,1,
ETU-00455,2024-2025,MATHEMATIQUES,20,femme,Generale,TB,lycee_public,O,16.4,24.0,"69,9",22,28.2,56,4,8,6,1,17.19,6,6,3,3,2,B,rouge,jeudi,547289,19 Sep 2024,17.5,0,Suivi sans particularité.
ETU-03177,2024-2025,Biologie,21,M,général ,Passable,lycee_public,0,12.7,28.0,80.7,29,43.9,69,5,11,7,4,9.22,6,4,3,2,2,A,gris,mercredi,649076,25/09/2024,14.96,0,
ETU-02548,2024-2025, Psychologie ,24,F,GEN,Passable,lycee_public,1,7.1,15.0,89.8,49,59.3,133,3,9,7,4,"8,82",6,4,4,3,4,F,vert,mercredi,794542,18/09/2024,13.96,0,
ETU-02971,2024-2025,Gestion,22,f,Général,B,lycee_prive,non,3.8,25.0,99.6,41,68.8,76,1,11,10,3,11.66,6,6,5,5,4,G,jaune,lundi,596136,2024-09-23,17.71,0,Engagement en ligne remarquable.
ETU-03105,2024-2025,Gestion,19,H,GEN,AB,lycee_public,N,7.0,,76.5,19,35.9,59,8,13,8,3,9.35,6,3,3,3,2,E,jaune,mercredi,539632,11/09/2024,6.26,1,
ETU-00531,2024-2025,Biologie,19,h,techno,Passable,lycee_public,oui,5.6,0.0,55.1,10,13.4,14,7,13,9,0,11.39,6,4,1,2,3,B,gris,lundi,233846,09 Sep 2024,5.1,1,
ETU-03921,2024-2025, Biologie ,20,h,général ,ab,lycee_public,Non,"28,1",22.0,"78,3",15,18.4,43,4,13,12,1,18.15,6,6,4,3,2,A,bleu,vendredi,726490,13/09/2024,18.86,0,"Bon semestre, résultats solides."
ETU-01965,2024-2025,Psychologie,18,Femme,Generale,Passable,lycee_public,0,3.7,,78.1%,14,16.6,26,2,13,10,0,"6,75",5,3,3,2,1,E,bleu,mercredi,331533,25/09/2024,2.95,1,
ETU-04557,2024-2025,Lettres,20,f,Generale,AB,lycee_public,non,1.9,0.0,"77,7",3,8.8,11,7,10,7,1,12.92,6,6,3,2,,C,rouge,lundi,596647,16 Sep 2024,14.73,0,Engagement en ligne très faible.
ETU-01476,2024-2025,STAPS,19,femme,Generale,Bien,lycee_public,N,56.2,0.0,74.3,35,34.9,82,3,10,9,7,"13,38",7,2,3,4,2,G,vert,jeudi,961335,19/09/2024,17.41,0,RAS.
ETU-01908,2024-2025, Psychologie ,20,F,général ,Passable,lycee_public,N,"5,4",0.0,"97,7",21,28.5,56,6,13,7,3,12.66,6,4,4,3,1,C,vert,lundi,911503,23 Sep 2024,15.8,0,"Bon semestre, résultats solides."
ETU-03819,2024-2025, Informatique ,23,M,Général,Assez Bien,lycee_public,Non,2.4,26.0,81.0,28,60.6,62,6,13,8,2,10.62,7,7,3,4,2,E,bleu,mardi,869743,03 Sep 2024,14.43,0,Suivi sans particularité.
ETU-03803,2024-2025,INFORMATIQUE,19,h,Generale,AB,lycee_public,O,2.4,14.0,69.7,3,1.4,19,3,11,6,0,9.14,5,2,2,3,1,D,rouge,mardi,623143,10/09/2024,11.54,0,Engagement en ligne très faible.
ETU-01765,2024-2025,biologie,17,f,Generale,B,lycee_public,1,68.7,12.0,79.3,41,60.0,95,3,13,10,2,11.78,6,4,4,4,2,A,bleu,jeudi,794154,26 Sep 2024,14.91,0,
ETU-01851,2024-2025,Psychologie,18,F,GEN,AB,lycee_public,Non,5.8,0.0,84.2,10,8.7,21,4,10,7,1,9.89,7,5,3,3,3,F,gris,mercredi,499429,2024-09-25,13.97,0,Peu actif sur la plateforme.
ETU-02566,2024-2025,STAPS,17,F,general,ab,autre,Oui,13.2,9.0,93.9,32,81.1,69,4,9,8,4,15.27,7,6,3,5,4,E,vert,mardi,868508,24 Sep 2024,18.32,0,Étudiant assidu et investi.
ETU-01493,2024-2025,Gestion,18,femme,PRO,B,lycee_public,non,4.9,15.0,78.1%,37,39.6,98,3,9,7,4,,7,4,3,,4,D,bleu,jeudi,491613,12/09/2024,14.23,0,
ETU-01313,2024-2025,Psychologie,18,H, pro,passable,lycee_public,non,21.8,0.0,96.3,41,55.3,78,2,9,8,7,"7,67",6,3,3,3,2,A,rouge,mercredi,528927,2024-09-04,12.93,0,Résultats fragiles aux partiels.
ETU-02783,2024-2025,Droit,21,h,Général,P,lycee_public,non,"6,2",,86.0%,60,90.7,122,6,12,10,4,11.32,6,3,3,3,2,H,jaune,vendredi,520896,20 Sep 2024,16.09,0,Engagement en ligne remarquable.
ETU-02853,2024-2025,psychologie,23,H,Technologique,passable,lycee_public,Oui,"55,8",0.0,67.1%,3,0.3,22,6,11,9,1,"10,31",5,3,2,4,1,F,bleu,mercredi,908164,25/09/2024,4.89,1,
ETU-04128,2024-2025, Biologie ,19,h,Général,Passable,lycee_public,non,"9,1",0.0,99.9,27,54.9,36,5,9,9,2,11.86,6,3,4,4,3,H,bleu,mardi,619293,2024-09-24,17.78,0,RAS.
ETU-01482,2024-2025,biologie,21,F,general,B,lycee_prive,1,21.7 km,0.0,79.3%,46,91.3,108,0,9,7,4,14.39,7,7,5,4,5,C,rouge,mercredi,501204,11 Sep 2024,19.01,0,Engagement en ligne remarquable.
ETU-02694,2024-2025,Gestion,19,F,général ,B,lycee_public,0,3.4,,72.4%,26,36.0,38,6,9,6,0,7.22,5,2,2,2,1,C,gris,mercredi,248867,25 Sep 2024,4.51,1,Résultats fragiles aux partiels.
ETU-02138,2024-2025,INFORMATIQUE,21,f,GEN,passable,lycee_prive,Oui,0.7,16.0,"66,9",30,40.3,88,1,8,6,0,12.83,6,6,5,1,4,A,gris,jeudi,726925,2024-09-12,17.33,0,
ETU-04967,2024-2025,informatique,19,H,general,passable,lycee_public,Non,15.3 km,11.0,73.0%,8,10.9,34,2,11,9,4,"7,32",6,2,4,5,2,B,gris,mercredi,733477,04 Sep 2024,13.25,0,
ETU-03251,2024-2025,Biologie,22,f,Général,Passable,lycee_public,Non,0.9,15.0,90.7,42,57.2,106,4,12,12,8,"10,45",6,6,5,4,2,D,vert,mercredi,278468,04/09/2024,17.43,0,
ETU-01509,2024-2025,STAPS,24,Homme,GEN,B,lycee_public,O,1.2,0.0,81.0,22,22.0,41,4,11,9,3,"19,65",5,5,5,3,1,F,bleu,mardi,145856,10 Sep 2024,19.83,0,
ETU-01128,2024-2025,Gestion,19,Femme,Generale,passable,lycee_public,non,0.5,9.0,85.4,15,29.5,27,5,8,6,0,,6,4,4,2,1,D,gris,mercredi,959944,25 Sep 2024,6.62,1,
ETU-03791,2024-2025,GESTION,18,Homme,général ,Passable,lycee_public,N,11.6,,77.0,47,113.5,118,8,13,11,2,11.16,5,4,4,,2,A,vert,lundi,698758,02/09/2024,16.49,0,Plusieurs travaux remis hors délai.
ETU-00102,2024-2025,staps,22,M,général ,Assez Bien,lycee_prive,1,"6,4",28.0,73.8%,3,6.7,5,5,10,7,1,14.17,6,6,4,3,2,E,rouge,jeudi,175041,26/09/2024,14.39,0,Peu actif sur la plateforme.
ETU-00569,2024-2025,Psychologie,21,h,Général,Assez Bien,lycee_public,Oui,11.9,,85.9,17,23.6,40,4,9,6,1,"13,06",6,2,,3,4,G,rouge,mardi,397287,17/09/2024,16.8,0,
ETU-03099,2024-2025,GESTION,24,H,Professionnel,Assez Bien,lycee_public,0,6.3,,95.7,33,42.1,64,3,12,12,3,,6,4,4,3,,F,vert,lundi,662073,23/09/2024,12.67,0,
ETU-03804,2024-2025,LETTRES,20,Femme,pro,AB,lycee_public,0,,17.0,76.0,28,52.6,60,5,11,8,4,11.61,5,3,4,4,3,D,bleu,mercredi,628481,25/09/2024,13.26,0,
ETU-02550,2024-2025,droit,21,Femme,Generale,P,lycee_public,Non,1.2,21.0,87.5,20,21.2,45,4,10,9,5,"11,46",6,6,2,3,4,C,vert,mardi,567334,24/09/2024,14.58,0,
ETU-02600,2024-2025,Droit,22,H,pro,P,lycee_prive,O,3.3,6.0,88.2,43,58.0,106,2,9,8,9,12.59,5,3,3,3,5,E,bleu,mercredi,346605,25 Sep 2024,17.69,0,
ETU-00841,2024-2025, Psychologie ,24,Homme,pro,ab,lycee_prive,0,2.8,6.0,"65,6",27,29.1,65,3,13,12,11,"12,91",6,5,4,4,4,E,gris,vendredi,896198,27/09/2024,15.25,0,Profil dans la moyenne.
ETU-03777,2024-2025,Gestion,17,f,Technologique,P,lycee_prive,0,1.4,23.0,"97,6",56,93.6,145,0,8,8,11,11.83,6,3,5,5,4,H,jaune,vendredi,140057,2024-09-20,16.27,0,
ETU-03820,2024-2025, Psychologie ,19,femme,general,P,lycee_public,non,7.4,6.0,82.0,30,55.6,82,6,8,6,7,11.31,6,3,3,2,3,F,jaune,mercredi,518668,2024-09-18,16.0,0,Suivi sans particularité.
ETU-04210,2024-2025,Gestion,19,Homme,Technologique,Bien,lycee_prive,O,36.2 km,11.0,57.0,7,2.7,13,6,9,6,0,9.0,6,3,1,2,1,G,bleu,mercredi,968238,18/09/2024,3.47,1,
ETU-00819,2024-2025, Droit ,20,M,GEN,Bien,lycee_prive,O,"6,5",0.0,85.1%,56,114.8,137,2,8,7,8,"11,64",6,1,3,5,4,F,gris,vendredi,393845,2024-09-13,16.53,0,Engagement en ligne remarquable.
ETU-02011,2024-2025,Gestion,17,Homme,pro,tres bien,lycee_public,N,10.1,25.0,63.3,22,39.1,37,3,10,9,7,8.97,5,1,4,5,3,E,jaune,mardi,953706,17/09/2024,11.82,0,Profil dans la moyenne.
ETU-02706,2024-2025,Psychologie,19,h,general,ab,lycee_prive,N,34.7 km,0.0,76.1,32,58.3,62,2,10,9,4,11.3,6,6,4,1,3,C,vert,vendredi,279628,06/09/2024,16.69,0,
ETU-02809,2024-2025,STAPS,20,M,Général,B,cfa,non,56.6,0.0,"79,8",20,34.1,42,8,13,10,5,11.34,5,4,,3,2,H,jaune,lundi,175856,09 Sep 2024,8.68,1,Plusieurs travaux remis hors délai.
ETU-00860,2024-2025,Psychologie,21,f,GEN,Très Bien,lycee_public,1,18.1,,78.0,37,68.0,100,0,11,9,7,11.42,7,7,3,3,2,B,bleu,mercredi,312040,25/09/2024,15.9,0,
ETU-01292,2024-2025,Biologie,18,f,techno,B,lycee_prive,oui,"0,4",20.0,88.3,38,39.5,68,2,9,9,7,10.91,6,6,4,5,2,C,bleu,mardi,796356,17 Sep 2024,14.9,0,
ETU-03740,2024-2025,Gestion,18,f,Technologique,P,lycee_public,1,2.8,10.0,82.0,16,29.2,34,5,8,7,3,10.96,6,4,4,3,2,D,gris,vendredi,779323,2024-09-06,15.22,0,
ETU-00171,2024-2025,STAPS,18,f,Général,Bien,lycee_public,N,"19,8",,78.7,17,30.8,29,7,13,8,1,10.0,7,5,2,1,2,B,bleu,mercredi,226686,18 Sep 2024,12.25,0,Semble peu engagé dans la formation.
ETU-01838,2024-2025,Lettres,19,Homme,Général,B,lycee_public,O,11.8,6.0,"89,2",41,88.8,107,1,13,13,4,"14,08",7,5,,3,5,D,gris,mardi,400066,2024-09-24,18.48,0,"Très bon investissement, en réussite."
ETU-02134,2024-2025,STAPS,20,F,PRO,Passable,lycee_public,Non,"19,1",12.0,79.5,27,34.3,52,5,12,10,3,"9,43",6,4,2,3,1,H,rouge,mercredi,188141,04 Sep 2024,6.09,1,"Motivation en berne, à accompagner."
ETU-04230,2024-2025,Lettres,22,Femme,pro,Bien,lycee_public,Oui,20.8 km,0.0,65.2,20,30.1,42,3,13,10,4,10.49,6,3,4,5,,A,vert,lundi,551201,2024-09-23,13.83,0,RAS.
ETU-04074,2024-2025,Informatique,23,M,GEN,Assez Bien,lycee_public,Non,3.2 km,12.0,98.2%,19,39.0,20,2,8,8,2,"14,22",6,4,4,4,3,A,bleu,mardi,455710,03 Sep 2024,17.34,0,"Bon semestre, résultats solides."
ETU-03332,2024-2025, Psychologie ,19,femme,PRO,Assez Bien,cfa,N,"39,6",0.0,93.8%,35,45.1,56,3,9,7,3,11.48,6,4,4,5,3,A,jaune,lundi,412794,2024-09-09,15.23,0,
ETU-02353,2024-2025, Droit ,19,h,general,AB,lycee_public,Oui,10.4,,"63,3",3,2.4,6,9,13,9,0,"7,33",5,2,1,2,3,G,bleu,vendredi,929644,13/09/2024,2.01,1,Résultats fragiles aux partiels.
ETU-02578,2024-2025,Psychologie,19,H,GEN,,lycee_public,N,30.9,13.0,65.6,45,107.0,101,6,10,6,1,6.82,7,2,3,2,1,B,bleu,mercredi,760218,25 Sep 2024,1.69,1,
ETU-03125,2024-2025,Psychologie,20,M,Général,P,lycee_prive,non,4.5 km,7.0,70.9%,29,27.1,78,5,13,11,2,"9,2",6,5,3,2,2,A,bleu,vendredi,271680,2024-09-27,5.37,1,
ETU-00870,2024-2025,STAPS,19,Femme,Technologique,ab,lycee_public,Non,14.6,23.0,56.5,19,30.0,54,5,8,5,1,,6,0,4,5,4,G,jaune,mardi,270880,10/09/2024,3.63,1,
ETU-01717,2024-2025, Gestion ,18,F,general,passable,lycee_prive,0,1.3,,79.1,21,25.6,38,6,10,7,1,11.18,6,5,2,2,,A,gris,mercredi,180144,25 Sep 2024,6.89,1,
ETU-05154,2024-2025,GESTION,23,F,techno,AB,lycee_public,non,"20,2",10.0,"75,5",43,65.6,100,5,12,11,3,10.74,6,3,3,4,1,E,bleu,jeudi,279366,26 Sep 2024,16.13,0,
ETU-03375,2024-2025,Droit,19,F,Général,passable,lycee_public,oui,"5,3",0.0,"74,0",37,60.1,104,3,9,8,3,9.61,6,3,5,2,,A,bleu,lundi,796761,16 Sep 2024,15.2,0,
ETU-04572,2024-2025,Mathematiques,23,Homme,techno,passable,lycee_public,Non,8.5,10.0,73.0,15,21.9,27,7,12,7,3,"7,52",6,4,2,2,1,B,gris,lundi,506779,2024-09-16,1.66,1,
ETU-01076,2024-2025,Droit,20,Femme,TECHNO,Assez Bien,lycee_public,non,32.6,9.0,70.1,16,26.2,20,7,9,8,0,"9,71",5,3,2,4,1,A,bleu,mardi,180106,10 Sep 2024,4.19,1,"Motivation en berne, à accompagner."
ETU-03434,2024-2025,Gestion,20,f,techno,P,lycee_public,Oui,"6,7",24.0,"52,9",16,15.8,47,7,13,7,0,11.48,6,3,2,2,2,A,vert,mercredi,989049,04 Sep 2024,3.34,1,"Absences répétées, situation préoccupante."
ETU-03198,2024-2025,STAPS,19,M,TECHNO,B,cfa,N,1.6,9.0,88.4,38,39.5,82,3,9,9,7,"7,8",5,4,5,4,3,E,jaune,jeudi,276224,05 Sep 2024,13.97,0,
ETU-03933,2024-2025,psychologie,20,H,general,passable,,Non,"39,9",,55.6,13,29.5,26,5,8,5,0,10.66,6,2,3,2,2,F,vert,vendredi,664099,2024-09-27,4.22,1,
ETU-04905,2024-2025,Droit,24,Femme,techno,TB,lycee_prive,Oui,2.0,20.0,75.4,51,81.0,133,0,12,12,8,10.99,5,4,4,3,4,G,rouge,lundi,458823,09/09/2024,16.99,0,
ETU-04229,2024-2025,Gestion,18,femme,Technologique,TB,lycee_public,N,14.5,0.0,"87,4",31,73.4,77,6,8,6,1,8.8,7,2,2,4,4,D,vert,mardi,301287,2024-09-10,13.5,0,"Motivation en berne, à accompagner."
ETU-00424,2024-2025,Droit,19,h,général ,Passable,lycee_public,N,"6,7",0.0,96.9,73,105.1,189,0,8,8,11,"15,67",6,2,5,5,4,A,vert,lundi,322739,2024-09-09,19.86,0,"Très bon investissement, en réussite."
ETU-04975,2024-2025,Biologie,18,NR,général ,ab,lycee_public,N,"0,4",25.0,"97,5",48,87.0,95,1,12,11,4,12.93,5,5,5,,5,E,vert,vendredi,355408,2024-09-20,18.54,0,
ETU-01343,2024-2025,Mathematiques,21,f,techno,passable,autre,Non,2.1,13.0,72.2%,17,17.8,21,2,9,9,2,9.09,7,6,4,3,4,B,jaune,lundi,219465,09 Sep 2024,13.08,0,Suivi sans particularité.
ETU-03874,2024-2025, Biologie ,17,Femme,Generale,Assez Bien,lycee_public,non,26.1,0.0,"89,4",64,99.2,90,1,9,8,6,14.12,6,3,4,2,5,G,jaune,mercredi,122036,04 Sep 2024,19.39,0,Étudiant assidu et investi.
ETU-03977,2024-2025,psychologie,20,f,Professionnel,AB,lycee_prive,0,"5,4",,84.0,29,37.6,42,1,11,8,3,"12,74",6,6,4,4,3,H,bleu,vendredi,730198,2024-09-06,15.95,0,Travail sérieux et régulier.
ETU-01659,2024-2025,LETTRES,21,H,TECHNO,B,lycee_public,oui,,19.0,70.2,40,56.7,114,4,11,11,7,"10,04",6,5,5,2,3,C,gris,mercredi,172862,2024-09-25,15.04,0,Profil dans la moyenne.
ETU-01530,2024-2025,Droit,21,femme,Professionnel,Assez Bien,lycee_public,0,"12,3",,80.5,40,68.6,103,6,9,7,1,10.95,6,5,4,2,3,A,rouge,vendredi,393336,2024-09-20,15.6,0,
ETU-01174,2024-2025,Mathematiques,19,femme,TECHNO,TB,lycee_public,1,2.8,0.0,70.8,38,44.1,96,4,12,9,0,"7,98",7,5,3,,3,H,rouge,mardi,281835,17 Sep 2024,13.18,0,En difficulté sur les évaluations.
ETU-04657,2024-2025,Lettres,18,f,techno,B,lycee_public,N,6.2,10.0,94.8,51,53.8,93,4,9,8,5,11.72,6,5,5,3,4,F,gris,vendredi,518152,2024-09-13,17.9,0,Très actif sur la plateforme.
ETU-00844,2024-2025, Informatique ,19,Femme,TECHNO,B,lycee_public,Oui,3.7,10.0,79.0,25,26.6,54,7,12,11,4,,6,3,4,4,2,E,bleu,mercredi,531269,2024-09-25,14.79,0,
ETU-01386,2024-2025,Biologie,20,f,Professionnel,Assez Bien,lycee_public,oui,1.0,0.0,"98,0",47,65.0,110,0,12,10,7,"10,27",5,3,,5,4,E,vert,mercredi,448803,04 Sep 2024,18.01,0,Très actif sur la plateforme.
ETU-02658,2024-2025,Biologie,18,H,général ,P,,Non,"0,8",6.0,72.8,21,36.7,55,5,8,5,0,13.75,6,3,4,2,2,A,rouge,vendredi,939488,27/09/2024,16.78,0,
ETU-01968,2024-2025,Psychologie,19,Homme,général ,TB,lycee_public,non,31.8,19.0,95.0%,24,45.5,56,4,10,6,4,"10,05",7,4,4,4,3,E,jaune,mercredi,248622,25/09/2024,14.12,0,Profil dans la moyenne.
ETU-00301,2024-2025,Biologie,23,h,TECHNO,tres bien,lycee_public,N,30.6,11.0,94.9,30,47.5,93,3,12,10,7,10.32,5,4,3,3,3,H,jaune,jeudi,781894,19/09/2024,16.94,0,
ETU-03786,2024-2025,Informatique,18,NR,général ,Passable,lycee_public,O,8.2,0.0,62.6,9,11.3,7,4,10,8,1,"11,23",6,3,1,3,,F,jaune,mercredi,102237,11 Sep 2024,5.52,1,
ETU-00459,2024-2025,Gestion,20,H,Generale,P,lycee_public,0,6.7,0.0,65.2%,21,27.9,58,6,11,10,0,7.38,7,0,1,3,,B,jaune,jeudi,269784,2024-09-26,4.21,1,
ETU-01812,2024-2025,Informatique,19,Femme,GEN,Assez Bien,lycee_public,N,4.4,,98.5,51,75.8,79,5,10,10,2,12.41,6,5,5,3,5,G,rouge,mercredi,826723,25 Sep 2024,18.62,0,Engagement en ligne remarquable.
ETU-00518,2024-2025, STAPS ,18,femme,techno,B,lycee_prive,0,2.7,8.0,85.5,28,57.5,63,4,10,7,1,9.32,6,3,1,3,2,E,bleu,vendredi,828083,2024-09-20,13.61,0,
ETU-03900,2024-2025, Biologie ,20,Femme,Generale,passable,lycee_prive,O,"9,8",0.0,75.3,31,19.7,74,5,9,7,5,"10,27",5,4,3,3,,C,jaune,mercredi,430516,04 Sep 2024,15.06,0,
ETU-04869,2024-2025,Lettres,24,femme,general,tres bien,lycee_public,N,43.8,15.0,"70,0",3,3.6,15,8,13,8,3,11.63,6,2,2,2,4,A,gris,lundi,858429,16 Sep 2024,4.52,1,
ETU-04968,2024-2025,mathematiques,19,Homme,PRO,Passable,lycee_prive,Oui,18.6,19.0,"66,9",41,92.8,77,2,13,10,3,8.31,5,4,4,4,1,F,rouge,vendredi,757438,2024-09-13,13.29,0,
ETU-05085,2024-2025,Psychologie,21,Femme,GEN,P,lycee_public,1,22.8 km,4.0,78.9%,37,59.4,87,5,8,7,4,13.69,6,5,4,3,3,E,vert,lundi,988923,16 Sep 2024,16.56,0,Travail sérieux et régulier.
ETU-04126,2024-2025,BIOLOGIE,19,Homme,general,Assez Bien,,0,"37,0",11.0,66.5%,,32.9,28,1,10,7,0,"10,51",7,6,2,3,1,A,jaune,mercredi,743398,04/09/2024,15.37,0,
ETU-02964,2024-2025,STAPS,18,femme,général ,,lycee_public,oui,27.3,8.0,91.5%,28,32.8,87,1,8,8,6,"11,24",5,3,3,3,3,B,vert,jeudi,231552,05/09/2024,16.93,0,Profil dans la moyenne.
ETU-02671,2024-2025,Mathematiques,21,Femme,Generale,B,lycee_public,N,18.4,10.0,80.6,32,39.9,84,6,12,8,0,13.7,6,6,4,3,1,H,bleu,lundi,847092,23 Sep 2024,15.13,0,
ETU-03413,2024-2025,informatique,20,f,général ,Bien,lycee_public,N,34.3,13.0,75.3,24,38.3,53,1,12,10,4,"14,11",6,6,4,,3,H,bleu,mardi,112145,2024-09-10,16.76,0,"Bon semestre, résultats solides."
ETU-01691,2024-2025,Lettres,18,Homme,GEN,ab,lycee_public,O,"1,6",0.0,98.1,62,88.9,134,0,8,8,13,13.57,7,5,5,5,5,E,jaune,lundi,994485,23 Sep 2024,19.1,0,"Très bon investissement, en réussite."
ETU-03327,2024-2025,psychologie,21,Homme,Generale,Passable,lycee_public,Oui,9.1,0.0,85.0,55,77.1,119,0,8,8,10,12.82,6,4,4,5,5,E,jaune,vendredi,459716,20 Sep 2024,18.62,0,
ETU-00463,2024-2025,Gestion,17,M, pro,Bien,cfa,O,8.3,14.0,81.7,35,50.4,96,2,11,8,0,8.63,5,2,3,2,4,C,bleu,mardi,524546,10 Sep 2024,12.12,0,Suivi sans particularité.
ETU-04763,2024-2025,STAPS,20,Homme,général ,passable,lycee_prive,Oui,"24,6",13.0,69.5,30,45.0,58,5,8,5,0,6.65,5,3,2,1,3,F,rouge,mardi,200708,2024-09-03,5.6,1,En difficulté sur les évaluations.
ETU-02368,2024-2025,Psychologie,19,Femme,general,P,lycee_public,1,65.3 km,14.0,67.5%,3,4.0,1,5,12,9,2,13.12,6,6,3,5,2,H,rouge,jeudi,944939,2024-09-19,15.15,0,Engagement en ligne très faible.
ETU-01200,2024-2025,Psychologie,20,F,general,Bien,lycee_public,N,"4,9",0.0,83.3%,43,73.2,105,3,13,12,5,"18,37",6,6,4,3,1,F,rouge,vendredi,892884,2024-09-20,19.67,0,Engagement en ligne remarquable.
ETU-04300,2024-2025,INFORMATIQUE,19,h,general,B,,1,6.9,0.0,"59,8",21,16.9,36,6,12,9,2,11.64,7,3,3,1,2,B,vert,jeudi,549968,19 Sep 2024,6.38,1,
ETU-01709,2024-2025,Gestion,22,F,GEN,Passable,lycee_prive,0,13.3,,94.1,11,11.5,9,4,12,9,3,8.16,6,0,5,4,2,D,jaune,jeudi,500210,26 Sep 2024,13.41,0,Engagement en ligne très faible.
ETU-02356,2024-2025,mathematiques,18,NR,Generale,B,lycee_public,0,0.7,0.0,61.6,31,35.1,62,2,11,10,5,15.78,5,4,3,4,,E,bleu,mercredi,702630,18 Sep 2024,18.77,0,
ETU-03526,2024-2025,STAPS,23,f,Generale,AB,,1,20.4,26.0,63.4,3,7.3,1,3,11,7,1,"7,9",6,3,1,4,3,B,gris,jeudi,818471,2024-09-05,3.71,1,Résultats fragiles aux partiels.
ETU-00536,2024-2025,Lettres,21,H,Général,passable,lycee_public,0,19.3,11.0,85.4,20,30.6,53,2,9,6,3,9.46,7,6,3,4,3,B,vert,lundi,633663,02 Sep 2024,14.23,0,
ETU-01875,2024-2025,Mathematiques,17,H,Generale,AB,lycee_public,Non,13.0,26.0,58.1%,3,2.9,5,3,12,9,0,7.05,7,2,1,4,2,B,jaune,mardi,362562,17 Sep 2024,3.62,1,Résultats fragiles aux partiels.
ETU-05142,2024-2025,BIOLOGIE,17,f,Technologique,P,lycee_prive,0,17.1 km,3.0,"65,5",8,3.4,13,5,9,5,0,6.97,6,2,2,1,1,A,jaune,vendredi,243328,2024-09-20,1.51,1,Résultats fragiles aux partiels.
ETU-00571,2024-2025, Informatique ,17,H,TECHNO,Assez Bien,lycee_public,non,,,93.4%,33,49.9,87,0,9,9,4,8.88,5,3,5,4,,D,bleu,mardi,702010,24/09/2024,14.03,0,
ETU-02420,2024-2025,Droit,18,H,general,B,lycee_public,N,4.7,0.0,90.4,47,58.4,118,3,11,9,6,8.42,6,5,,5,4,A,bleu,mercredi,765204,2024-09-11,15.87,0,Engagement en ligne remarquable.
ETU-02392,2024-2025, Informatique ,21,Femme,Général,passable,lycee_public,N,"4,5",0.0,61.9,21,19.7,34,4,8,5,0,9.34,6,3,3,,2,C,bleu,mardi,178125,2024-09-24,3.84,1,RAS.
ETU-00511,2024-2025,PSYCHOLOGIE,18,F,PRO,P,lycee_public,oui,8.7,6.0,"96,7",41,51.3,81,1,13,12,8,9.15,6,5,4,5,5,H,rouge,vendredi,329420,13/09/2024,16.12,0,Très actif sur la plateforme.
ETU-03993,2024-2025,droit,19,femme,GEN,Bien,lycee_public,0,10.5,10.0,76.7,16,16.5,40,2,13,10,4,13.26,6,4,3,5,2,B,bleu,lundi,970946,2024-09-16,17.02,0,
ETU-02249,2024-2025,STAPS,19,Femme,general,Bien,,N,31.4 km,23.0,96.7,35,58.2,66,0,9,7,4,13.73,7,7,5,4,2,A,gris,mercredi,996205,04 Sep 2024,17.05,0,"Très bon investissement, en réussite."
ETU-00873,2024-2025,Informatique,21,Femme,Technologique,Passable,lycee_public,Oui,2.6,0.0,77.0,19,25.1,37,6,10,10,4,"12,33",6,5,5,3,5,C,gris,vendredi,254094,2024-09-20,17.22,0,"Bon semestre, résultats solides."
ETU-00240,2024-2025, Lettres ,18,h,Technologique,Passable,,non,8.5,7.0,"98,5",39,55.8,106,0,11,11,10,16.71,7,7,5,4,3,D,jaune,vendredi,452152,06/09/2024,18.94,0,
ETU-00094,2024-2025,Gestion,19,F,PRO,passable,lycee_public,N,31.9,22.0,96.3,61,80.2,103,0,10,10,13,8.81,7,5,5,4,5,B,bleu,mardi,142679,24/09/2024,17.55,0,Engagement en ligne remarquable.
ETU-02215,2024-2025,gestion,18,f,Technologique,Bien,lycee_public,N,4.3,25.0,"57,2",13,10.1,22,4,13,7,0,"11,97",6,5,2,3,1,B,bleu,mercredi,911315,11 Sep 2024,5.98,1,"Motivation en berne, à accompagner."
ETU-01272,2024-2025,PSYCHOLOGIE,23,Femme,general,Très Bien,lycee_public,Oui,3.3 km,18.0,"95,5",41,64.9,94,6,10,9,7,13.91,6,4,3,3,4,C,gris,mardi,783707,03/09/2024,19.41,0,
ETU-04986,2024-2025, STAPS ,20,Femme,general,Bien,lycee_public,O,14.0,3.0,92.6,32,52.0,60,4,12,12,4,"14,69",6,5,5,4,2,E,vert,vendredi,661247,20 Sep 2024,17.49,0,
ETU-02877,2024-2025,Biologie,17,NB,général ,,lycee_prive,non,7.6 km,7.0,94.2,64,101.0,147,0,10,10,4,"15,56",7,7,4,5,4,C,jaune,vendredi,901421,2024-09-06,19.61,0,
ETU-04442,2024-2025,lettres,18,f,TECHNO,passable,lycee_public,Oui,"14,2",,71.0,30,70.4,71,3,12,10,3,"13,55",6,6,3,3,3,G,jaune,lundi,420608,09/09/2024,16.85,0,RAS.
ETU-02398,2024-2025,Psychologie,19,f,général ,ab,lycee_prive,non,4.6,9.0,73.1,26,32.3,61,1,11,7,4,10.66,6,5,4,3,5,E,rouge,mardi,593118,10 Sep 2024,14.18,0,RAS.
ETU-03832,2024-2025,Informatique,24,f,général ,P,lycee_public,Oui,23.6,0.0,80.8%,41,95.2,79,3,8,7,7,8.94,6,5,5,4,2,E,gris,lundi,612681,02/09/2024,15.29,0,
ETU-02186,2024-2025,Mathematiques,20,H,Technologique,B,lycee_public,Non,15.2,28.0,96.3,35,38.1,80,2,9,9,4,14.26,5,5,5,4,5,C,bleu,vendredi,830657,27 Sep 2024,16.9,0,"Très bon investissement, en réussite."
ETU-01782,2024-2025, Informatique ,20,M,Generale,Assez Bien,lycee_prive,Non,"10,5",23.0,81.3%,42,74.7,73,3,9,9,1,"11,12",7,7,4,3,3,H,gris,mardi,819883,2024-09-10,16.47,0,Très actif sur la plateforme.
ETU-01969,2024-2025,Droit,19,femme,Technologique,AB,,oui,2.5,,69.3,45,95.2,118,5,11,10,4,,5,3,2,5,4,G,gris,mardi,531960,2024-09-24,14.5,0,"Motivation en berne, à accompagner."
ETU-00342,2024-2025, Gestion ,20,F,GEN,passable,lycee_prive,oui,8.1,13.0,99.2,59,57.6,144,0,13,13,9,,7,5,5,5,3,G,jaune,vendredi,761679,2024-09-13,18.07,0,
ETU-03596,2024-2025,STAPS,25,Femme,GEN,P,cfa,Non,59.6,19.0,80.3,32,69.9,80,2,13,11,2,"16,07",7,7,5,3,2,E,rouge,mardi,705162,10 Sep 2024,17.82,0,"Bon semestre, résultats solides."
ETU-00062,2024-2025,Psychologie,19,femme,general,TB,lycee_public,Oui,13.0,0.0,89.9,30,45.6,65,6,10,8,3,"13,6",6,6,3,5,3,B,gris,vendredi,584625,13 Sep 2024,16.7,0,Travail sérieux et régulier.
ETU-03520,2024-2025, Gestion ,21,Homme,TECHNO,AB,lycee_public,O,"7,3",12.0,73.5,17,18.8,50,3,9,7,1,13.21,7,2,4,,2,C,jaune,jeudi,948841,26 Sep 2024,17.45,0,RAS.
ETU-02385,2024-2025,PSYCHOLOGIE,21,h,general,B,lycee_public,non,10.3 km,9.0,80.2%,32,36.2,78,1,8,5,2,13.39,6,6,5,3,3,H,vert,lundi,805844,23 Sep 2024,16.66,0,"Bon semestre, résultats solides."
ETU-04650,2024-2025, Mathematiques ,19,Homme,général ,AB,lycee_prive,Non,3.1,0.0,75.2,26,29.3,55,6,13,13,4,"11,55",5,1,2,1,4,F,rouge,mercredi,994630,04 Sep 2024,14.87,0,Semble peu engagé dans la formation.
ETU-04622,2024-2025,Informatique,19,H,Professionnel,AB,lycee_public,non,"2,3",9.0,78.8%,28,44.1,61,2,11,10,7,8.82,6,3,5,4,4,C,vert,mardi,375192,2024-09-03,14.41,0,
ETU-03928,2024-2025,Informatique,17,Homme,Général,Assez Bien,lycee_public,0,11.9 km,7.0,71.6%,40,61.1,106,7,11,9,2,11.1,7,4,2,4,3,F,gris,vendredi,705182,27/09/2024,15.4,0,Semble peu engagé dans la formation.
ETU-03525,2024-2025,BIOLOGIE,17,M,Generale,P,lycee_public,Oui,8.5,8.0,"74,6",46,72.6,94,3,10,10,3,"16,26",6,3,5,3,5,F,bleu,mardi,830723,17 Sep 2024,18.94,0,
ETU-02649,2024-2025,Droit,20,f,Generale,ab,lycee_public,Oui,"8,1",15.0,62.3,8,11.6,22,6,13,8,0,5.68,5,0,1,2,4,C,rouge,lundi,545680,2024-09-23,3.31,1,
ETU-00703,2024-2025,Droit,18,F,TECHNO,Passable,lycee_public,1,"18,7",17.0,"66,5",40,83.3,105,3,12,11,6,9.36,6,1,3,3,4,F,bleu,lundi,553317,16/09/2024,15.97,0,
ETU-03079,2024-2025,gestion,18,Homme,général ,Passable,lycee_public,N,3.9 km,14.0,66.8,51,57.3,127,3,13,9,5,13.32,6,6,5,4,4,H,rouge,mercredi,356402,2024-09-04,17.04,0,Suivi sans particularité.
ETU-01752,2024-2025, Psychologie ,18,f,Professionnel,,,non,10.9,5.0,81.3%,19,27.7,54,3,13,10,1,,6,2,3,5,4,H,bleu,jeudi,103941,2024-09-26,15.2,0,
ETU-03112,2024-2025,Gestion,22,f,général ,P,lycee_public,non,8.7,0.0,65.2,12,17.0,29,3,12,6,0,"11,18",6,5,1,1,,G,jaune,vendredi,849910,2024-09-13,4.38,1,
ETU-04856,2024-2025,Biologie,22,M,général ,P,lycee_public,oui,0.7,17.0,"71,9",3,4.1,1,5,12,9,1,8.08,6,1,2,2,3,B,gris,mercredi,931622,18 Sep 2024,4.06,1,
ETU-05175,2024-2025,staps,24,H,GEN,Passable,lycee_public,0,"35,4",8.0,85.6,24,28.7,43,2,12,9,3,10.51,6,4,,5,2,D,rouge,jeudi,830853,19/09/2024,15.79,0,Semble peu engagé dans la formation.
ETU-04007,2024-2025,Mathematiques,19,f,general,P,lycee_prive,Non,7.0,3.0,53.9,7,13.5,2,5,10,6,0,11.02,5,4,1,1,2,D,vert,mercredi,839747,2024-09-25,4.62,1,Forte baisse d'assiduité ce semestre.
ETU-02232,2024-2025,INFORMATIQUE,17,femme,GEN,Assez Bien,lycee_prive,Non,85.5 km,20.0,83.1,52,73.5,106,3,13,12,5,"9,79",7,2,4,5,2,H,vert,mardi,806652,03/09/2024,14.83,0,
ETU-03616,2024-2025,STAPS,21,femme,Général,AB,,non,,11.0,85.2,32,29.9,93,5,11,10,5,"14,17",7,7,4,3,,H,rouge,vendredi,108710,06 Sep 2024,17.87,0,Étudiant assidu et investi.
ETU-04218,2024-2025,Biologie,21,F,techno,passable,lycee_public,oui,26.3,0.0,"64,3",26,30.4,51,5,9,5,0,6.29,6,3,1,1,1,H,jaune,mardi,282302,2024-09-17,2.61,1,En difficulté sur les évaluations.
ETU-00166,2024-2025,staps,18,F,TECHNO,passable,autre,1,0.0 km,20.0,64.2%,14,24.0,17,5,9,7,0,"8,32",5,4,,3,,D,bleu,jeudi,431115,05/09/2024,3.48,1,Profil dans la moyenne.
ETU-00915,2024-2025, Informatique ,22,Homme,Technologique,ab,lycee_prive,oui,9.5 km,0.0,78.5,18,17.2,43,3,9,9,6,10.67,6,3,2,3,2,A,jaune,lundi,187351,02/09/2024,15.11,0,
ETU-01894,2024-2025,GESTION,17,femme,TECHNO,tres bien,lycee_public,1,12.6,21.0,68.2,3,3.7,9,5,8,5,0,14.3,6,2,2,2,1,E,vert,vendredi,832625,2024-09-20,8.58,1,
ETU-04444,2024-2025,Mathematiques,19,Homme,Technologique,AB,lycee_public,Non,0.6,7.0,88.6%,31,29.8,86,1,9,9,7,"12,2",5,4,5,5,4,C,bleu,jeudi,481427,19 Sep 2024,17.77,0,
ETU-00093,2024-2025,psychologie,19,h,TECHNO,Assez Bien,lycee_public,oui,6.8,25.0,"73,7",18,37.9,56,2,10,7,3,10.89,5,5,3,,5,A,vert,mercredi,691987,2024-09-04,14.08,0,Suivi sans particularité.
ETU-02602,2024-2025,Droit,23,f,TECHNO,Assez Bien,lycee_public,Oui,"28,1",,64.4,17,28.0,48,4,11,6,0,12.81,6,4,2,4,4,A,rouge,mardi,824228,2024-09-24,8.12,1,Semble peu engagé dans la formation.
ETU-03675,2024-2025,Informatique,19,h,général ,AB,lycee_public,0,30.1,8.0,95.3,36,49.2,91,2,13,13,7,14.92,7,7,5,2,3,G,bleu,lundi,201475,23 Sep 2024,18.46,0,Étudiant assidu et investi.
ETU-00081,2024-2025, Lettres ,21,Homme,Generale,B,cfa,Non,,4.0,80.9,30,43.8,81,7,8,7,0,11.86,6,5,4,3,3,G,vert,vendredi,614788,2024-09-27,15.32,0,Suivi sans particularité.
ETU-00633,2024-2025,PSYCHOLOGIE,19,Femme,techno,Passable,,0,9.3,13.0,98.1,17,19.1,34,3,11,10,3,12.97,5,4,3,2,2,D,gris,vendredi,983145,06 Sep 2024,16.33,0,
ETU-01862,2024-2025,Lettres,17,f,général ,Bien,lycee_public,non,"4,6",0.0,75.4,31,53.6,53,3,10,9,3,11.49,7,5,,3,2,H,gris,jeudi,878589,2024-09-05,15.54,0,
ETU-04390,2024-2025,Informatique,23,f,Generale,Assez Bien,lycee_public,Oui,"2,8",7.0,83.7,52,50.7,110,1,11,11,9,"11,32",6,4,4,5,4,C,jaune,mercredi,706666,18/09/2024,18.06,0,Engagement en ligne remarquable.
ETU-02816,2024-2025,staps,18,F,général ,Assez Bien,,oui,35.4 km,13.0,"67,7",19,25.1,36,7,9,7,0,"11,42",6,5,2,4,2,G,vert,lundi,955133,2024-09-23,6.19,1,
ETU-04160,2024-2025, Lettres ,21,Homme,général ,P,lycee_public,1,12.5,10.0,62.6,3,3.4,1,3,11,7,0,9.9,6,3,3,2,1,B,gris,lundi,574163,23/09/2024,4.15,1,Peu actif sur la plateforme.
ETU-04125,2024-2025, Gestion ,21,Femme,Technologique,AB,lycee_public,1,,6.0,74.3,16,35.0,35,7,11,8,3,14.67,6,5,4,2,3,H,jaune,jeudi,459608,05/09/2024,7.66,1,
ETU-04046,2024-2025,Biologie,19,Homme,Professionnel,P,lycee_prive,non,3.1,10.0,65.5,7,11.0,19,7,12,7,0,"15,1",7,7,2,2,2,C,rouge,mardi,503520,24 Sep 2024,14.64,0,
ETU-04601,2024-2025,psychologie,21,Homme,général ,B,lycee_prive,0,"7,5",23.0,"71,0",21,17.3,58,7,10,10,1,12.78,6,3,4,3,5,C,gris,lundi,581174,09/09/2024,14.53,0,
ETU-03080,2024-2025, Biologie ,22,H,Generale,ab,cfa,N,17.8,17.0,"67,7",24,32.4,56,2,11,9,3,9.53,5,4,5,3,1,C,gris,jeudi,198503,2024-09-26,13.01,0,Suivi sans particularité.
ETU-04263,2024-2025,Psychologie,18,F, pro,Assez Bien,lycee_public,oui,"1,3",22.0,89.2,36,40.4,72,5,12,11,2,4.82,6,0,3,3,4,D,vert,mercredi,318899,04 Sep 2024,11.13,0,En difficulté sur les évaluations.
ETU-03837,2024-2025,Psychologie,21,M,GEN,Bien,lycee_public,1,9.4,12.0,68.1%,25,33.4,63,1,13,13,3,15.35,6,4,4,3,4,E,gris,jeudi,273783,05/09/2024,17.92,0,
ETU-02079,2024-2025,Biologie,18,Femme,Général,B,autre,0,"4,6",12.0,79.8,3,5.2,10,7,10,8,0,"12,0",6,3,1,2,4,C,bleu,mardi,940720,2024-09-24,7.18,1,
ETU-02272,2024-2025,PSYCHOLOGIE,18,femme,Technologique,AB,lycee_prive,Non,42.8,10.0,65.3,,52.2,42,4,13,11,0,4.76,5,2,4,1,3,G,jaune,mardi,830667,24 Sep 2024,1.74,1,Résultats fragiles aux partiels.
ETU-04355,2024-2025, Droit ,17,F,techno,Passable,lycee_prive,Oui,18.2,6.0,76.0%,30,46.6,68,3,8,7,0,6.25,6,1,3,2,1,F,vert,jeudi,750172,05/09/2024,4.24,1,
ETU-02094,2024-2025,Psychologie,21,femme,general,AB,lycee_public,1,"71,0",0.0,70.8,37,42.3,84,2,13,11,4,17.52,5,5,5,3,1,F,rouge,jeudi,193061,26/09/2024,17.22,0,
ETU-01214,2024-2025,mathematiques,18,f,general,B,autre,Oui,"12,3",8.0,74.7,18,30.9,57,6,12,10,5,13.71,6,5,5,4,5,E,jaune,mardi,621281,03/09/2024,16.58,0,
ETU-01777,2024-2025,Biologie,17,Femme,general,,lycee_public,Non,0.7 km,,80.4,28,42.4,73,0,11,10,2,13.31,6,5,4,4,3,A,rouge,mercredi,818966,04/09/2024,18.31,0,Travail sérieux et régulier.
ETU-03764,2024-2025,biologie,21,F,Général,P,lycee_public,1,9.1,18.0,99.5%,42,65.7,52,1,10,10,4,16.45,6,6,5,,4,H,bleu,lundi,753775,23 Sep 2024,19.56,0,
ETU-00391,2024-2025,psychologie,18,f,Professionnel,AB,lycee_public,oui,45.2,0.0,77.0,36,38.6,78,6,8,6,2,6.0,6,3,,3,1,F,gris,mardi,907521,24/09/2024,11.09,0,
ETU-04858,2024-2025,droit,18,femme,PRO,passable,lycee_prive,0,12.8,12.0,94.2,22,23.1,42,2,13,10,3,10.03,6,3,4,4,3,A,jaune,lundi,998356,09/09/2024,11.41,0,
ETU-03746,2024-2025,droit,19,femme,PRO,P,lycee_public,O,69.5,25.0,60.1,4,4.5,27,3,13,7,0,"7,32",6,2,1,3,1,G,bleu,jeudi,822130,26 Sep 2024,0.99,1,Résultats fragiles aux partiels.
ETU-00829,2024-2025,Biologie,22,f,général ,TB,lycee_public,0,8.6,,73.7,39,44.0,69,7,10,7,3,"11,52",7,3,3,2,3,B,rouge,jeudi,938428,2024-09-26,17.26,0,RAS.
ETU-01491,2024-2025,STAPS,18,femme,général ,ab,lycee_public,O,24.1,10.0,99.4,61,112.4,106,1,13,13,10,14.15,6,6,5,4,5,B,bleu,lundi,971174,02 Sep 2024,19.24,0,"Très bon investissement, en réussite."
ETU-02030,2024-2025,Mathematiques,18,Femme,PRO,ab,lycee_public,N,"1,2",0.0,77.2,31,42.0,71,6,13,11,2,"8,78",7,6,4,3,1,A,gris,jeudi,583061,05/09/2024,12.06,0,
ETU-04351,2024-2025,Informatique,19,femme,Technologique,TB,lycee_prive,1,6.9,7.0,80.5%,31,46.1,84,3,13,13,5,11.42,6,6,2,5,,G,rouge,vendredi,668564,06/09/2024,17.2,0,Semble peu engagé dans la formation.
ETU-03940,2024-2025,Biologie,23,femme,Technologique,passable,lycee_public,Non,138.0,0.0,73.7,25,41.1,65,5,10,7,0,"10,74",6,3,3,3,1,H,gris,mardi,622403,2024-09-17,11.79,0,
ETU-03034,2024-2025,Lettres,20,h,techno,passable,lycee_prive,0,10.5,6.0,85.3,35,53.4,56,4,11,10,3,"12,94",5,4,3,3,4,B,rouge,mercredi,130447,04/09/2024,16.65,0,
ETU-03387,2024-2025,Droit,19,F,général ,Passable,lycee_public,1,24.0,23.0,70.4%,20,10.9,29,2,13,9,2,,7,7,2,3,,B,gris,jeudi,336674,19/09/2024,14.15,0,"Motivation en berne, à accompagner."
ETU-01940,2024-2025,Droit,18,H,Technologique,passable,autre,N,"18,3",9.0,97.6,,42.9,93,2,10,9,3,"8,58",6,3,4,,3,G,rouge,mardi,336413,2024-09-10,14.4,0,Profil dans la moyenne.
ETU-01907,2024-2025,Droit,20,F,TECHNO,B,lycee_public,1,7.2,11.0,90.4%,38,64.0,69,4,13,13,9,12.1,5,4,3,3,3,H,gris,lundi,696649,2024-09-16,16.55,0,Travail sérieux et régulier.
ETU-01979,2024-2025, Lettres ,23,Femme,PRO,Passable,lycee_prive,1,18.6,13.0,71.0%,6,4.8,16,7,8,8,1,7.28,5,2,2,2,1,A,vert,lundi,800322,2024-09-02,3.16,1,
ETU-00855,2024-2025, Mathematiques ,20,femme,général ,passable,lycee_public,Non,12.9,0.0,54.2,3,0.3,7,8,11,8,0,12.79,6,4,4,2,2,F,vert,lundi,676146,02 Sep 2024,7.95,1,Forte baisse d'assiduité ce semestre.
ETU-02499,2024-2025, Gestion ,18,Femme,general,Bien,lycee_public,N,"0,5",0.0,83.3%,17,31.4,37,2,8,8,5,15.77,7,7,4,4,5,E,gris,mardi,895961,24/09/2024,18.51,0,Travail sérieux et régulier.
ETU-03473,2024-2025, Lettres ,22,Homme,Generale,ab,lycee_public,N,0.7,12.0,72.3%,19,23.4,55,5,11,9,3,"12,35",6,2,2,1,4,F,rouge,jeudi,987526,2024-09-26,8.63,1,
ETU-03256,2024-2025,Gestion,20,h,Generale,Assez Bien,lycee_public,1,1.4,8.0,97.7%,37,66.6,58,3,8,8,6,"9,47",7,3,5,,3,B,vert,mardi,190612,10/09/2024,17.38,0,Suivi sans particularité.
ETU-00683,2024-2025,BIOLOGIE,22,h,techno,passable,lycee_prive,1,2.5 km,0.0,57.8%,15,26.7,47,5,8,5,1,9.68,6,4,3,3,2,C,rouge,lundi,807717,23/09/2024,5.72,1,
ETU-02798,2024-2025,psychologie,19,H,techno,Très Bien,lycee_public,N,,27.0,99.1,49,75.3,77,0,8,7,9,"15,81",6,6,5,,5,C,gris,jeudi,233003,19/09/2024,18.99,0,
ETU-00947,2024-2025,gestion,20,F,Général,B,lycee_public,1,6.2,15.0,81.9,,63.3,68,4,13,11,3,15.83,6,6,4,2,3,D,jaune,jeudi,774404,26 Sep 2024,17.64,0,
ETU-02621,2024-2025,Psychologie,18,F,GEN,Passable,lycee_public,O,0.7 km,19.0,"77,4",15,16.8,35,6,13,9,2,"11,16",7,4,3,3,4,G,gris,vendredi,726738,2024-09-06,14.1,0,RAS.
ETU-00600,2024-2025,Informatique,17,h,Professionnel,Passable,lycee_public,Oui,16.0,14.0,77.4,23,39.6,66,6,8,6,3,4.13,5,0,2,2,3,D,gris,lundi,317623,2024-09-09,1.52,1,
ETU-01094,2024-2025,Biologie,20,H,Général,Bien,lycee_public,O,,0.0,72.3%,3,9.0,1,6,10,8,0,9.26,6,4,3,,2,H,vert,mercredi,263789,18 Sep 2024,4.38,1,Peu actif sur la plateforme.
ETU-00314,2024-2025,Biologie,21,f,general,Assez Bien,lycee_prive,0,48.1,6.0,60.0%,12,15.6,26,7,12,7,0,12.34,7,4,3,3,1,H,rouge,mercredi,188257,25 Sep 2024,5.91,1,
ETU-01881,2024-2025,psychologie,21,Femme,techno,ab,lycee_public,Non,5.2,10.0,64.5,3,10.0,1,7,10,7,0,10.45,5,1,2,1,2,G,gris,mardi,590833,2024-09-10,5.13,1,Peu actif sur la plateforme.
ETU-01722,2024-2025,Biologie,17,Femme,Général,passable,lycee_public,1,2.0,0.0,94.2,39,53.9,103,3,13,13,3,12.51,5,2,5,,4,A,jaune,jeudi,399336,05 Sep 2024,18.36,0,
ETU-00565,2024-2025,droit,22,f,general,AB,lycee_prive,Oui,"23,5",8.0,79.5%,21,29.1,36,5,12,9,4,9.19,5,4,2,,4,E,bleu,jeudi,958808,19 Sep 2024,13.71,0,
ETU-04608,2024-2025,Informatique,22,femme,techno,ab,lycee_public,non,4.6 km,7.0,60.6,13,18.4,30,8,11,8,0,6.51,5,2,2,3,1,H,bleu,mardi,932434,17/09/2024,2.86,1,En difficulté sur les évaluations.
ETU-01177,2024-2025, Biologie ,18,F,techno,passable,lycee_public,0,"27,6",6.0,60.7,14,27.6,29,6,8,6,1,"10,32",6,3,2,3,4,E,jaune,mercredi,423226,25 Sep 2024,7.29,1,
ETU-04372,2024-2025,biologie,18,Femme,Generale,B,autre,non,19.6,13.0,88.0%,33,46.2,46,3,11,10,5,,6,1,3,3,2,G,gris,jeudi,606013,19/09/2024,12.94,0,Profil dans la moyenne.
ETU-03121,2024-2025, Gestion ,20,Femme,techno,AB,lycee_public,N,32.2,,84.5,30,41.1,45,3,8,7,1,10.95,6,5,2,3,3,B,rouge,vendredi,412738,2024-09-27,17.14,0,
ETU-02538,2024-2025,Gestion,18,Femme,Generale,ab,lycee_public,0,"2,8",23.0,59.0,4,6.5,18,8,13,8,0,8.99,6,0,1,1,2,H,vert,mardi,966473,17/09/2024,4.17,1,Peu actif sur la plateforme.
ETU-00973,2024-2025,STAPS,20,H,pro,P,lycee_public,oui,24.7,,"62,6",3,5.3,1,6,9,6,1,8.49,6,0,2,4,,H,vert,vendredi,629499,20/09/2024,1.45,1,
ETU-04841,2024-2025,Psychologie,20,M, pro,Passable,lycee_public,0,0.2,,99.2,59,114.8,161,4,11,11,3,9.02,5,3,,3,3,H,vert,mercredi,760248,04 Sep 2024,15.84,0,Très actif sur la plateforme.
ETU-01572,2024-2025,Mathematiques,19,M,Generale,Assez Bien,autre,0,1.4,0.0,71.6,44,76.8,112,3,8,8,7,13.65,6,5,5,5,5,A,jaune,mercredi,679123,04/09/2024,19.36,0,
ETU-03273,2024-2025, Psychologie ,19,H,GEN,Assez Bien,lycee_prive,oui,71.5,0.0,93.7%,28,56.4,36,5,8,7,5,"14,19",6,6,5,5,2,B,vert,mercredi,553037,25 Sep 2024,16.16,0,"Bon semestre, résultats solides."
ETU-03211,2024-2025,Gestion,20,f,TECHNO,ab,cfa,Non,5.9,0.0,"77,6",26,38.8,51,3,10,7,1,7.71,7,5,1,2,2,C,vert,lundi,218674,02 Sep 2024,6.63,1,
ETU-00269,2024-2025,mathematiques,20,F,pro,AB,lycee_prive,non,1.8,7.0,71.3,21,42.1,32,3,10,8,2,11.93,5,4,4,3,3,C,jaune,jeudi,297311,2024-09-26,14.0,0,
ETU-04544,2024-2025,staps,17,F,general,P,lycee_public,non,17.7,10.0,79.1,16,18.3,24,4,11,8,1,7.36,6,1,2,3,2,A,rouge,jeudi,221793,2024-09-26,12.1,0,Résultats fragiles aux partiels.
ETU-03814,2024-2025, Mathematiques ,19,femme,general,P,lycee_public,Non,15.1,5.0,"71,7",41,65.9,92,4,13,12,1,8.55,5,3,1,4,1,G,gris,mardi,824582,10/09/2024,13.4,0,Semble peu engagé dans la formation.
ETU-00138,2024-2025, Informatique ,21,femme,PRO,ab,cfa,non,32.0,10.0,56.2,34,44.4,75,1,11,9,0,4.6,6,1,1,,3,C,rouge,vendredi,245385,2024-09-13,2.3,1,En difficulté sur les évaluations.
ETU-05163,2024-2025,Psychologie,23,F,general,P,lycee_prive,non,21.9,0.0,66.3%,5,12.8,9,8,13,10,0,"8,33",5,4,,3,3,C,rouge,jeudi,423405,2024-09-19,2.89,1,
ETU-04447,2024-2025,Biologie,20,Homme,techno,,,N,26.8,6.0,70.1,29,50.7,79,5,11,9,0,"14,02",7,4,1,2,1,H,jaune,vendredi,426452,13 Sep 2024,16.52,0,Semble peu engagé dans la formation.
ETU-03002,2024-2025,Droit,21,Homme,Technologique,Assez Bien,,Oui,7.9,20.0,94.6,34,45.7,69,1,12,11,4,,6,2,5,4,,C,jaune,mercredi,240016,18/09/2024,15.47,0,
ETU-04268,2024-2025, Biologie ,20,Homme, pro,ab,lycee_public,Non,4.3,17.0,89.5,44,69.7,104,5,10,10,8,10.54,5,4,3,4,3,D,bleu,lundi,359361,2024-09-16,15.07,0,Engagement en ligne remarquable.
ETU-04972,2024-2025,STAPS,18,M,techno,P,lycee_prive,non,,11.0,97.5,37,36.6,87,2,12,12,4,15.47,6,6,4,,3,B,jaune,mercredi,105018,18 Sep 2024,19.26,0,
ETU-03721,2024-2025,STAPS,20,femme,général ,AB,lycee_public,1,18.4,18.0,92.6,42,73.0,93,5,13,13,2,13.94,5,3,3,5,1,G,bleu,mardi,209692,03/09/2024,17.71,0,Étudiant assidu et investi.
ETU-04794,2024-2025,droit,19,Femme,general,tres bien,lycee_public,N,5.5,10.0,98.7%,41,53.9,90,1,11,11,6,16.26,7,7,5,4,3,B,rouge,vendredi,932319,20/09/2024,19.62,0,Étudiant assidu et investi.
ETU-04839,2024-2025,Lettres,22,f,pro,tres bien,lycee_public,non,4.3,0.0,76.7%,,28.1,41,6,8,6,2,4.89,5,1,1,1,1,A,rouge,mercredi,522408,11/09/2024,10.75,0,Résultats fragiles aux partiels.
ETU-05197,2024-2025, Informatique ,20,M,général ,Passable,lycee_public,Non,10.5,0.0,80.0,22,26.2,67,3,12,9,2,10.44,7,2,1,2,2,H,gris,lundi,318116,23/09/2024,14.47,0,Semble peu engagé dans la formation.
ETU-03440,2024-2025,Droit,24,Femme,techno,AB,lycee_public,non,"28,2",0.0,66.6%,8,17.2,32,7,9,7,0,"9,1",6,5,1,1,2,D,rouge,vendredi,717909,2024-09-06,3.97,1,Peu actif sur la plateforme.
ETU-02510,2024-2025,psychologie,19,Homme,général ,ab,lycee_public,oui,"0,8",0.0,75.1,8,17.4,32,2,10,7,3,,6,6,2,4,2,H,jaune,mardi,397303,10/09/2024,13.19,0,Peu actif sur la plateforme.
ETU-03311,2024-2025,Informatique,18,Femme,Technologique,ab,lycee_public,non,7.5,8.0,52.4,0,0.0,0,4,8,4,0,"11,68",7,6,3,2,,D,bleu,jeudi,465350,19 Sep 2024,4.67,1,
ETU-00325,2024-2025,GESTION,24,F,GEN,Bien,lycee_public,O,3.8,12.0,77.1%,16,19.6,52,1,12,10,2,12.45,6,6,3,,2,C,vert,vendredi,974979,06/09/2024,15.19,0,"Bon semestre, résultats solides."
ETU-04194,2024-2025,INFORMATIQUE,17,F,Général,passable,lycee_public,Non,"5,5",8.0,85.1%,32,61.1,74,1,9,9,7,13.85,7,7,5,4,3,A,gris,mardi,328700,10/09/2024,19.06,0,
ETU-00773,2024-2025,STAPS,20,f,Technologique,B,lycee_public,non,,10.0,91.0,40,71.7,89,2,9,9,6,"14,17",6,6,5,3,5,D,jaune,mardi,711805,03/09/2024,19.24,0,Étudiant assidu et investi.
ETU-01045,2024-2025,LETTRES,18,Homme,général ,P,lycee_public,non,2.6,,85.6,43,101.1,83,2,12,11,4,14.83,6,3,4,3,5,G,jaune,mercredi,830485,11/09/2024,18.47,0,
ETU-01260,2024-2025,informatique,18,femme,Technologique,AB,lycee_public,1,30.6,17.0,"75,2",21,20.9,33,4,8,4,2,13.5,6,3,3,2,2,B,vert,jeudi,648554,19/09/2024,6.49,1,"Bon semestre, résultats solides."
ETU-02414,2024-2025,informatique,18,f,techno,AB,autre,O,4.1,0.0,94.2,42,63.9,108,8,12,11,7,12.52,6,6,5,3,2,E,rouge,lundi,591667,02/09/2024,17.46,0,"Rendus souvent en retard, à relancer."
ETU-05010,2024-2025,STAPS,20,Femme,techno,Passable,lycee_public,oui,20.3 km,10.0,97.8,41,73.6,102,1,13,12,4,"16,66",5,5,5,5,3,H,vert,jeudi,180674,19 Sep 2024,19.28,0,Étudiant assidu et investi.
ETU-00938,2024-2025,Informatique,19,Femme,techno,passable,lycee_prive,Non,,14.0,74.0,34,85.2,71,4,8,7,3,"9,5",6,3,3,2,3,C,bleu,mercredi,407004,2024-09-11,15.28,0,
ETU-02114,2024-2025,psychologie,20,femme,general,ab,lycee_prive,N,0.1,3.0,99.1%,52,64.1,99,0,12,12,9,11.09,6,3,5,5,5,F,jaune,mercredi,499616,2024-09-18,17.49,0,
ETU-02295,2024-2025,Droit,22,h,général ,,lycee_prive,0,,,78.5,13,24.1,34,1,10,8,4,"9,54",7,6,4,4,2,C,vert,mardi,211223,03/09/2024,15.05,0,Profil dans la moyenne.
ETU-03828,2024-2025,Informatique,20,f,général ,ab,lycee_prive,oui,"6,6",,88.0,39,50.0,81,1,11,11,3,14.16,5,4,4,5,5,B,vert,vendredi,283284,06/09/2024,17.81,0,
ETU-02344,2024-2025, Informatique ,19,M,Général,tres bien,lycee_public,non,0.3,0.0,76.3,29,30.1,57,6,9,7,0,11.83,6,1,3,4,3,E,vert,jeudi,515201,26 Sep 2024,15.88,0,Suivi sans particularité.
ETU-01636,2024-2025,droit,22,Femme,general,Très Bien,lycee_public,O,5.9,15.0,"90,6",44,42.3,96,4,11,9,9,14.86,5,2,5,5,3,E,rouge,jeudi,684491,12/09/2024,17.9,0,
ETU-02903,2024-2025,lettres,22,Femme,général ,Passable,autre,N,10.6 km,12.0,78.6,34,58.9,97,1,13,12,6,"7,1",6,3,3,4,5,C,gris,mercredi,385048,11/09/2024,14.42,0,En difficulté sur les évaluations.
ETU-02934,2024-2025,INFORMATIQUE,22,H,GEN,P,,O,9.5,0.0,73.7%,28,48.6,58,3,9,7,0,14.22,5,4,4,3,3,G,jaune,lundi,825583,2024-09-02,16.88,0,
ETU-01458,2024-2025,STAPS,20,Homme,Generale,,lycee_public,non,7.1,0.0,74.2,36,84.7,51,8,11,11,2,10.33,5,5,4,3,3,C,gris,jeudi,556976,05/09/2024,16.59,0,Plusieurs travaux remis hors délai.
ETU-00638,2024-2025,Informatique,17,Femme,Generale,Bien,lycee_prive,non,0.1,15.0,71.8,,47.8,53,4,12,8,2,"10,18",5,4,4,4,3,D,gris,mercredi,613634,18/09/2024,15.17,0,
ETU-01701,2024-2025,Gestion,17,femme,Generale,TB,lycee_public,non,23.0,,91.5,48,81.1,110,3,11,8,8,12.18,6,5,4,4,3,E,jaune,mardi,870118,03 Sep 2024,16.73,0,Très actif sur la plateforme.
ETU-02978,2024-2025,Psychologie,19,Femme,general,TB,lycee_prive,Non,0.3,6.0,75.8,34,46.0,82,3,11,10,1,"14,17",5,4,5,4,2,F,rouge,mardi,158583,17/09/2024,16.37,0,
ETU-00893,2024-2025, Informatique ,19,H,GEN,B,lycee_public,Oui,9.5,8.0,66.6,7,4.6,12,8,12,9,0,11.16,6,3,2,1,3,H,rouge,mercredi,578598,11 Sep 2024,5.37,1,
ETU-04256,2024-2025,Informatique,22,H,Général,passable,lycee_public,N,1.4 km,18.0,"80,7",12,12.5,28,2,9,7,4,15.4,5,3,3,5,4,C,jaune,vendredi,678776,06 Sep 2024,16.81,0,"Bon semestre, résultats solides."
ETU-02326,2024-2025,Droit,21,Homme,Technologique,TB,lycee_public,non,16.7,0.0,62.3,17,26.1,22,7,8,7,0,10.03,6,5,2,1,4,A,gris,mardi,152302,2024-09-24,6.43,1,
ETU-03349,2024-2025, STAPS ,21,femme,Professionnel,TB,lycee_prive,0,"0,0",13.0,59.9,17,37.4,43,3,9,7,1,13.48,6,5,1,3,3,G,gris,jeudi,308428,19/09/2024,6.8,1,
ETU-00758,2024-2025,Psychologie,21,H,GEN,Assez Bien,cfa,0,23.9,3.0,"71,6",23,23.5,40,5,13,10,4,"13,4",5,4,3,,3,C,gris,mardi,290386,10 Sep 2024,15.46,0,
ETU-00966,2024-2025, Biologie ,17,Homme,general,P,lycee_public,N,"51,6",27.0,"80,1",19,31.5,39,7,12,8,1,7.68,6,2,2,,1,A,jaune,mercredi,955817,25 Sep 2024,4.5,1,En difficulté sur les évaluations.
ETU-01989,2024-2025,Psychologie,18,h,TECHNO,ab,lycee_prive,oui,"43,6",16.0,68.6,28,45.1,58,2,12,9,1,7.14,6,2,1,5,4,B,gris,vendredi,250464,2024-09-27,11.63,0,
ETU-02526,2024-2025,Psychologie,21,Femme,Generale,passable,cfa,1,7.6,12.0,"80,0",23,33.6,37,3,8,5,4,6.65,6,4,,3,4,H,jaune,vendredi,482182,13/09/2024,12.7,0,En difficulté sur les évaluations.
ETU-00127,2024-2025,Droit,23,H,général ,,lycee_public,0,10.1,28.0,"76,4",27,56.3,62,0,11,9,0,9.79,5,3,4,,3,A,bleu,jeudi,789965,26 Sep 2024,12.42,0,
ETU-03110,2024-2025,staps,18,M,TECHNO,P,lycee_prive,N,2.6,0.0,98.9,57,33.8,156,0,9,9,6,13.36,7,3,4,4,4,G,jaune,vendredi,833259,20 Sep 2024,18.77,0,
ETU-02508,2024-2025,Mathematiques,20,F,général ,B,lycee_public,1,"14,1",25.0,68.4,,108.9,92,2,10,10,7,14.17,5,5,4,4,,E,jaune,lundi,226230,2024-09-02,19.21,0,Profil dans la moyenne.
ETU-04018,2024-2025,BIOLOGIE,22,h,GEN,Passable,cfa,Non,"4,7",13.0,96.7,38,66.0,96,2,12,12,4,"13,15",6,6,,3,5,B,bleu,lundi,595729,23 Sep 2024,17.65,0,
ETU-02847,2024-2025, Droit ,18,h,Général,,cfa,0,14.7,0.0,74.2%,29,40.7,74,6,9,6,2,12.78,6,3,3,4,4,D,gris,mercredi,784739,18/09/2024,9.16,1,
ETU-00416,2024-2025,Droit,20,H,techno,AB,lycee_prive,Oui,,27.0,83.7,23,21.4,59,5,9,7,1,"6,93",6,2,3,4,2,F,gris,vendredi,856389,06 Sep 2024,3.1,1,En difficulté sur les évaluations.
ETU-00305,2024-2025,droit,19,F,Général,ab,lycee_public,0,"7,2",8.0,84.1,54,51.5,134,4,13,13,3,18.47,5,5,5,5,4,E,jaune,vendredi,513188,27/09/2024,19.51,0,Engagement en ligne remarquable.
ETU-01704,2024-2025,Biologie,19,M,Technologique,Assez Bien,lycee_public,0,22.4 km,23.0,60.5,24,42.8,42,8,12,8,0,"8,15",6,3,1,4,1,C,gris,mardi,287984,2024-09-03,4.75,1,Plusieurs travaux remis hors délai.
ETU-04652,2024-2025,Gestion,22,M,GEN,B,lycee_public,oui,,27.0,"77,9",47,98.0,119,0,13,10,7,10.26,7,2,2,3,2,G,gris,jeudi,995178,19/09/2024,16.36,0,
ETU-02273,2024-2025,psychologie,21,M,Général,Assez Bien,lycee_public,N,6.0,19.0,77.3,28,32.6,87,4,10,7,2,"12,48",5,4,4,4,3,G,gris,mercredi,330005,25/09/2024,14.93,0,
ETU-03054,2024-2025,Gestion,19,F,TECHNO,Passable,lycee_prive,Non,40.0,11.0,66.6,14,25.5,33,4,9,6,0,8.71,6,4,3,2,1,G,jaune,lundi,858402,09 Sep 2024,3.73,1,
ETU-02732,2024-2025, Gestion ,18,h,général ,B,lycee_public,Oui,"6,1",7.0,97.3,48,79.9,112,4,8,8,6,"14,47",6,5,5,2,3,H,jaune,mercredi,116962,11 Sep 2024,18.01,0,
ETU-02631,2024-2025,MATHEMATIQUES,20,Homme,Technologique,passable,lycee_public,oui,9.6,11.0,91.8,44,84.7,81,2,12,12,8,"11,52",5,4,5,4,3,A,bleu,lundi,242209,16/09/2024,17.62,0,Très actif sur la plateforme.
ETU-04287,2024-2025,Mathematiques,18,h,GEN,B,lycee_public,1,13.1 km,15.0,90.1,14,15.3,27,1,11,9,6,10.85,6,3,2,2,5,G,jaune,mardi,711057,17 Sep 2024,14.61,0,
ETU-04536,2024-2025,Informatique,20,Femme,general,B,lycee_public,non,1.6,0.0,86.8,48,40.3,116,1,10,10,4,17.43,7,7,5,4,3,H,jaune,mercredi,264577,25/09/2024,19.44,0,
ETU-04217,2024-2025,DROIT,22,Homme,general,AB,autre,non,13.8,0.0,79.0,35,65.6,62,4,9,7,6,8.06,5,1,4,,3,D,rouge,mardi,447632,2024-09-17,14.47,0,
ETU-00442,2024-2025,STAPS,20,f,Generale,Assez Bien,lycee_public,Non,30.6 km,11.0,"81,7",24,49.2,43,3,8,6,4,"12,74",7,2,,,3,E,bleu,mardi,702650,2024-09-24,15.13,0,"Bon semestre, résultats solides."
ETU-03909,2024-2025,informatique,18,h,Technologique,Passable,lycee_public,Non,"17,8",14.0,76.7%,31,31.8,79,5,10,8,1,9.68,5,4,3,2,4,D,bleu,mardi,676159,10 Sep 2024,13.69,0,
ETU-02330,2024-2025, Gestion ,22,f,Professionnel,passable,lycee_prive,N,"14,2",0.0,"67,4",33,42.7,64,5,9,7,6,8.27,5,4,3,,3,E,rouge,jeudi,256543,12/09/2024,13.7,0,Suivi sans particularité.
ETU-00266,2024-2025,INFORMATIQUE,22,F,PRO,passable,lycee_public,O,8.3,23.0,73.0,38,55.9,76,2,12,12,5,13.24,7,7,3,4,5,E,rouge,mercredi,802750,04 Sep 2024,17.51,0,RAS.
ETU-03887,2024-2025,Lettres,17,F,general,Bien,lycee_public,N,14.4,10.0,98.4,50,90.6,95,1,10,10,7,16.47,7,7,5,,4,E,jaune,mercredi,292047,2024-09-25,19.46,0,Étudiant assidu et investi.
ETU-04916,2024-2025,gestion,20,femme,Generale,Bien,cfa,O,12.1,0.0,"60,9",10,19.1,28,5,10,7,0,6.52,6,3,1,2,1,A,jaune,mercredi,382985,18 Sep 2024,3.08,1,
ETU-04661,2024-2025, Lettres ,18,h,Generale,Très Bien,lycee_prive,O,4.2,10.0,84.8,49,83.3,91,2,9,9,6,16.51,5,4,5,4,4,E,jaune,vendredi,335179,20 Sep 2024,18.87,0,Engagement en ligne remarquable.
ETU-02635,2024-2025, Gestion ,22,H,GEN,Passable,lycee_public,N,9.2,16.0,75.3%,7,10.9,14,6,12,8,0,5.2,5,0,1,1,2,B,rouge,mercredi,713037,18/09/2024,1.12,1,En difficulté sur les évaluations.
ETU-04775,2024-2025,Biologie,19,f, pro,Passable,lycee_public,oui,1.5 km,6.0,76.9%,32,37.1,97,4,11,8,2,"5,64",7,1,1,3,3,H,bleu,jeudi,422662,05 Sep 2024,11.35,0,
ETU-02878,2024-2025,Gestion,18,femme,general,passable,lycee_prive,0,"44,5",19.0,88.8%,41,55.8,73,5,10,10,5,10.48,7,6,4,4,1,B,bleu,mardi,232142,17/09/2024,16.39,0,
ETU-03129,2024-2025,Psychologie,18,h,Generale,Assez Bien,cfa,non,4.1,9.0,67.0,25,38.0,62,4,10,7,1,13.21,6,5,5,2,2,E,jaune,lundi,195419,23/09/2024,15.92,0,
ETU-01843,2024-2025,Biologie,22,f,Generale,Assez Bien,lycee_public,oui,8.1,4.0,79.3,47,94.5,112,2,10,8,3,13.79,6,6,4,4,3,C,bleu,mercredi,840281,11 Sep 2024,17.3,0,Très actif sur la plateforme.
ETU-02401,2024-2025,Droit,18,femme,général ,ab,cfa,N,"8,1",0.0,72.9,21,19.3,61,5,12,10,1,13.52,5,4,3,,2,B,rouge,vendredi,814780,27/09/2024,14.97,0,Profil dans la moyenne.
ETU-05039,2024-2025,LETTRES,19,Homme,Professionnel,Bien,lycee_public,non,3.6,0.0,95.1,27,34.1,37,3,11,11,6,"11,35",6,1,5,3,3,B,jaune,mardi,769953,17/09/2024,15.61,0,
ETU-04072,2024-2025,STAPS,19,M,général ,AB,lycee_public,N,,12.0,75.9,19,21.5,26,4,13,11,1,12.67,5,5,2,3,3,F,rouge,mercredi,172239,2024-09-18,14.25,0,"Motivation en berne, à accompagner."
ETU-05071,2024-2025,Droit,18,Femme,general,P,lycee_public,0,4.3,0.0,87.4,54,72.6,153,3,11,11,8,12.12,6,6,5,3,4,D,gris,mardi,519155,2024-09-03,18.3,0,
ETU-00837,2024-2025, STAPS ,19,h,Generale,Passable,lycee_prive,oui,20.5 km,14.0,77.2%,13,18.0,29,4,13,10,2,13.32,6,4,2,4,1,H,jaune,vendredi,124675,13 Sep 2024,7.06,1,"Motivation en berne, à accompagner."
ETU-02073,2024-2025,Psychologie,17,femme,GEN,,lycee_public,oui,33.0 km,,60.7%,7,13.2,20,4,12,9,0,8.69,5,0,1,4,2,E,rouge,mercredi,330997,18/09/2024,3.14,1,Peu actif sur la plateforme.
ETU-01808,2024-2025,Droit,19,f,Technologique,passable,lycee_public,Non,3.9,,59.5,4,4.0,1,5,8,5,0,"7,85",6,3,1,3,1,D,rouge,jeudi,144298,2024-09-26,3.95,1,
ETU-03722,2024-2025,Mathematiques,21,femme,general,Passable,lycee_public,non,3.9,13.0,97.2,44,85.0,79,3,8,8,8,10.07,7,5,5,5,5,B,rouge,mardi,358733,2024-09-24,16.11,0,Très actif sur la plateforme.
ETU-03308,2024-2025, Gestion ,21,Femme,general,Assez Bien,lycee_public,0,"9,2",11.0,82.8,,41.6,62,0,12,12,5,"15,52",6,6,5,2,3,E,bleu,lundi,726606,09/09/2024,17.83,0,
ETU-01018,2024-2025,Mathematiques,19,h,général ,B,lycee_prive,Non,"55,7",16.0,92.3,11,16.5,27,3,11,8,2,"14,95",6,6,3,4,1,F,bleu,lundi,806432,02/09/2024,16.1,0,Engagement en ligne très faible.
ETU-04441,2024-2025, Gestion ,20,femme,Technologique,B,lycee_public,oui,3.6 km,11.0,98.5,36,56.7,84,3,10,8,5,"11,8",6,3,,4,2,H,gris,lundi,356533,2024-09-02,15.94,0,RAS.
ETU-00861,2024-2025,Biologie,19,h,Général,Passable,lycee_public,O,"28,7",9.0,"98,0",43,57.1,91,0,8,8,7,12.71,6,6,5,5,2,D,jaune,vendredi,735158,2024-09-06,18.03,0,
ETU-01053,2024-2025,DROIT,20,M,GEN,,lycee_public,non,11.4,25.0,72.2%,34,59.3,61,0,12,12,4,9.91,5,5,3,5,4,B,vert,jeudi,951067,26/09/2024,16.42,0,
ETU-04637,2024-2025,STAPS,19,femme,GEN,passable,lycee_public,Non,"12,3",,70.1,8,17.4,6,6,13,10,0,9.05,7,2,2,1,2,E,bleu,vendredi,642192,2024-09-20,4.23,1,
ETU-02909,2024-2025,mathematiques,17,Homme,techno,Passable,lycee_public,Non,"6,2",0.0,"82,1",18,35.0,35,3,10,7,2,7.86,6,4,3,3,2,F,vert,vendredi,228942,27 Sep 2024,11.67,0,Résultats fragiles aux partiels.
ETU-03137,2024-2025,Informatique,22,H,Generale,passable,lycee_public,oui,29.4 km,8.0,"88,3",41,78.4,65,2,8,7,3,11.98,6,5,4,3,2,E,gris,mercredi,549023,04 Sep 2024,17.55,0,Engagement en ligne remarquable.
ETU-03862,2024-2025,Psychologie,21,h,GEN,passable,lycee_public,0,2.4,,97.0,43,45.3,87,2,13,13,5,14.11,7,7,3,4,5,G,gris,mercredi,157547,04/09/2024,18.75,0,Étudiant assidu et investi.
ETU-04964,2024-2025,STAPS,18,femme,Général,Assez Bien,lycee_public,0,9.4 km,10.0,89.2,36,40.5,92,5,12,10,3,16.66,6,6,5,2,,D,jaune,vendredi,988233,2024-09-06,19.45,0,"Très bon investissement, en réussite."
ETU-02726,2024-2025,Informatique,19,Femme,techno,P,lycee_public,N,0.4,13.0,49.5,3,2.6,1,5,13,9,0,6.2,5,0,1,,3,D,jaune,jeudi,904626,2024-09-05,1.92,1,Forte baisse d'assiduité ce semestre.
ETU-03953,2024-2025,Droit,19,F,Technologique,ab,lycee_prive,0,"13,2",0.0,"74,0",36,56.2,70,2,10,7,1,9.99,5,3,1,3,3,D,vert,mardi,920958,03 Sep 2024,14.49,0,
ETU-00298,2024-2025,Biologie,19,M,Generale,tres bien,lycee_public,0,"1,1",,50.2,24,39.3,66,5,8,5,1,11.43,7,7,1,3,3,C,vert,lundi,890935,23 Sep 2024,13.58,0,
ETU-00429,2024-2025,GESTION,17,Homme,TECHNO,ab,lycee_public,1,"8,5",,78.1,34,46.1,86,2,9,8,4,,6,4,,4,4,E,vert,jeudi,531691,12/09/2024,12.93,0,En difficulté sur les évaluations.
ETU-00315,2024-2025,Mathematiques,21,Homme,techno,Passable,lycee_public,1,35.4,11.0,70.5,36,44.1,114,6,13,9,3,12.83,7,1,4,2,,D,jaune,mardi,931546,10 Sep 2024,15.51,0,RAS.
ETU-02743,2024-2025,Biologie,18,femme,Général,P,,O,4.7,3.0,"74,8",18,33.7,37,7,11,10,3,10.74,6,3,3,2,1,A,rouge,mardi,340632,10 Sep 2024,7.2,1,Profil dans la moyenne.
ETU-03310,2024-2025,GESTION,18,f,TECHNO,Très Bien,lycee_public,Non,,27.0,75.9,23,43.4,56,3,11,11,6,16.32,5,2,5,,3,G,bleu,mercredi,609267,04/09/2024,17.71,0,
ETU-01242,2024-2025,Informatique,17,Homme,Generale,P,,1,"15,1",14.0,85.7,25,21.2,50,4,8,7,2,10.28,7,4,3,4,1,B,vert,lundi,228957,2024-09-16,14.2,0,
ETU-04714,2024-2025,Lettres,18,Femme,techno,passable,lycee_public,0,43.6,10.0,94.7,57,65.0,151,1,8,8,7,13.15,5,3,5,5,3,H,bleu,vendredi,964427,27/09/2024,17.11,0,
ETU-04062,2024-2025, Biologie ,22,H,techno,P,lycee_public,1,"10,3",23.0,"84,9",23,27.2,52,1,9,8,6,"8,3",5,3,4,1,4,A,jaune,lundi,596341,02 Sep 2024,14.63,0,RAS.
ETU-02167,2024-2025,Biologie,26,NR,general,Assez Bien,lycee_public,non,9.2,0.0,90.6,3,4.2,12,3,12,9,2,,5,3,2,3,3,E,gris,mardi,658402,2024-09-10,11.57,0,En difficulté sur les évaluations.
ETU-05196,2024-2025,Droit,22,M,TECHNO,Assez Bien,,Oui,"3,2",0.0,67.7,27,31.5,68,3,12,9,1,13.62,6,5,5,3,4,A,bleu,lundi,883288,2024-09-23,7.4,1,
ETU-04930,2024-2025,Droit,22,Homme,GEN,AB,lycee_public,non,48.5,15.0,67.9,30,56.8,55,3,12,11,3,10.74,5,4,4,2,3,E,jaune,lundi,592816,09/09/2024,14.8,0,RAS.
ETU-04026,2024-2025,Gestion,20,h,général ,passable,lycee_prive,Non,5.9,,"87,2",43,55.0,103,4,9,8,6,12.64,5,5,5,2,4,C,gris,vendredi,817192,27 Sep 2024,17.98,0,Engagement en ligne remarquable.
ETU-03806,2024-2025,Gestion,20,f,GEN,P,lycee_public,Oui,23.9,11.0,63.5%,9,13.3,11,8,13,8,0,7.54,5,2,2,4,2,E,gris,mercredi,149957,25 Sep 2024,2.94,1,En difficulté sur les évaluations.
ETU-03650,2024-2025,Mathematiques,20,Femme,Général,ab,cfa,N,1.6,23.0,"58,9",29,63.6,55,6,13,12,6,14.53,6,6,3,3,5,A,jaune,vendredi,340091,27/09/2024,16.56,0,
ETU-03992,2024-2025,Informatique,18,h,general,,lycee_public,O,4.8 km,,80.0,46,55.9,117,0,9,9,7,18.53,6,6,5,5,4,G,rouge,vendredi,139411,20 Sep 2024,19.78,0,
ETU-00253,2024-2025,INFORMATIQUE,23,M,Général,Bien,lycee_prive,Oui,25.2,19.0,"88,3",31,54.1,69,0,9,7,3,"9,79",5,3,5,5,2,H,rouge,vendredi,520581,2024-09-20,16.63,0,Profil dans la moyenne.
ETU-03433,2024-2025,staps,19,f,GEN,Bien,cfa,non,0.4,0.0,75.7%,32,58.5,68,4,9,8,3,11.2,7,4,2,3,3,C,jaune,mercredi,686441,04 Sep 2024,14.71,0,Semble peu engagé dans la formation.
ETU-04717,2024-2025,Gestion,21,femme,Technologique,Bien,lycee_prive,Non,10.3,11.0,79.7%,,46.1,82,2,10,5,1,"9,68",6,3,3,4,2,B,jaune,lundi,105529,16/09/2024,14.99,0,
ETU-02590,2024-2025,Informatique,21,Homme,general,P,lycee_public,non,39.0,17.0,62.3%,8,16.8,20,7,9,7,0,"8,26",6,2,1,4,2,B,jaune,lundi,541839,2024-09-09,2.21,1,
ETU-02846,2024-2025,GESTION,17,Homme,général ,Bien,,0,8.9 km,7.0,70.6,11,8.6,11,3,8,6,5,11.23,5,3,5,,2,D,rouge,jeudi,234264,19/09/2024,14.66,0,
ETU-03196,2024-2025, Gestion ,22,Homme,Generale,TB,lycee_public,0,5.7 km,10.0,68.9%,31,35.0,58,7,8,7,0,14.89,6,3,,4,,C,bleu,vendredi,229754,06 Sep 2024,16.73,0,Suivi sans particularité.
ETU-03780,2024-2025,Biologie,18,h, pro,tres bien,lycee_public,O,21.1 km,0.0,"64,5",15,15.1,35,7,13,7,1,8.12,6,4,,3,2,F,bleu,mardi,134278,24 Sep 2024,4.58,1,Suivi sans particularité.
ETU-02859,2024-2025, STAPS ,19,f,Général,tres bien,lycee_public,Oui,1.6,0.0,86.5,42,80.3,94,4,10,7,2,19.3,6,6,5,2,2,D,bleu,jeudi,748549,2024-09-12,19.57,0,Étudiant assidu et investi.
ETU-01785,2024-2025,Mathematiques,21,Femme,general,P,lycee_public,non,5.8,0.0,"59,5",7,8.1,21,5,12,9,1,"10,41",5,5,3,4,1,G,vert,lundi,535439,2024-09-16,12.16,0,
ETU-03854,2024-2025,informatique,19,H,Professionnel,P,lycee_public,0,0.3,23.0,67.2,13,16.1,28,6,8,6,0,9.37,6,0,1,2,3,D,bleu,lundi,750384,23/09/2024,2.81,1,
ETU-00260,2024-2025,Psychologie,17,M,PRO,passable,lycee_public,non,23.0,8.0,77.0%,28,59.0,57,5,13,11,5,9.52,6,3,3,,3,F,vert,mardi,283938,17 Sep 2024,13.88,0,
ETU-04223,2024-2025,Droit,27,Homme,Général,Passable,lycee_public,non,,0.0,67.2,14,18.6,42,7,11,7,0,10.19,7,3,2,4,3,F,bleu,vendredi,221474,20 Sep 2024,5.81,1,
ETU-03774,2024-2025,Lettres,21,h,general,,lycee_public,0,13.3,10.0,54.0%,16,27.6,26,7,12,7,0,,6,4,2,3,1,C,vert,mardi,923119,24/09/2024,2.07,1,"Absences répétées, situation préoccupante."
ETU-00987,2024-2025,Informatique,20,H,Professionnel,Assez Bien,lycee_prive,1,"19,2",11.0,78.2,20,30.6,46,7,10,9,7,11.09,6,4,3,3,4,D,vert,mercredi,685289,2024-09-18,8.35,1,RAS.
ETU-03154,2024-2025,staps,19,femme,GEN,AB,lycee_public,Non,19.6,0.0,"86,2",21,18.5,54,2,12,10,5,"13,39",5,3,3,5,3,B,jaune,mardi,983884,2024-09-24,15.76,0,
ETU-03655,2024-2025, Biologie ,21,Homme,GEN,B,lycee_public,oui,28.6,10.0,82.7%,36,39.7,67,5,9,8,3,15.37,6,6,4,4,3,H,bleu,mardi,190841,24 Sep 2024,17.44,0,
ETU-03323,2024-2025,Informatique,20,femme,GEN,P,,Oui,"2,1",13.0,96.8,43,54.5,80,0,10,8,4,"12,9",5,5,5,,4,H,vert,mercredi,278270,2024-09-25,17.93,0,
ETU-04398,2024-2025, Gestion ,18,femme,Général,Très Bien,lycee_public,Oui,31.0,0.0,74.4,32,68.8,54,2,11,7,0,"11,34",6,6,4,2,3,G,rouge,mercredi,646167,2024-09-11,14.51,0,Profil dans la moyenne.
ETU-04830,2024-2025,INFORMATIQUE,17,F,GEN,passable,lycee_public,Oui,22.4,0.0,80.5,35,63.0,91,4,10,7,3,11.87,6,5,4,4,4,A,gris,jeudi,908786,19 Sep 2024,18.06,0,
ETU-01353,2024-2025,Gestion,17,h,Generale,B,lycee_prive,1,4.6,7.0,97.1%,31,42.6,80,0,9,9,5,12.97,5,4,5,3,5,B,rouge,jeudi,988053,19/09/2024,18.27,0,Travail sérieux et régulier.
ETU-03000,2024-2025, Biologie ,19,Homme,Général,P,cfa,N,17.9,0.0,72.8,21,31.1,52,7,10,8,4,13.89,6,4,5,2,1,F,vert,lundi,730398,2024-09-16,14.59,0,Profil dans la moyenne.
ETU-00925,2024-2025,Psychologie,19,F,Generale,Très Bien,lycee_public,N,9.6,0.0,91.3,55,70.7,134,0,12,12,3,16.18,6,4,5,4,5,A,vert,mardi,703156,2024-09-10,19.76,0,"Très bon investissement, en réussite."
ETU-00955,2024-2025,PSYCHOLOGIE,18,femme,techno,Passable,cfa,oui,42.3,,74.6%,36,30.3,79,2,12,11,7,11.73,5,4,3,,3,C,gris,mercredi,726618,2024-09-25,16.85,0,Suivi sans particularité.
ETU-03039,2024-2025, Gestion ,18,femme,general,P,lycee_public,O,9.7,25.0,80.5,25,47.6,31,2,11,10,5,"10,13",5,3,4,3,3,B,rouge,vendredi,276646,06/09/2024,14.86,0,RAS.
ETU-02008,2024-2025,STAPS,20,femme,Général,B,lycee_public,O,11.7,8.0,56.3,10,11.4,22,7,11,7,0,"11,19",6,4,2,3,2,F,rouge,mardi,324001,10 Sep 2024,3.81,1,Engagement en ligne très faible.
ETU-00803,2024-2025, Gestion ,20,f,general,P,lycee_public,1,24.4,18.0,73.7%,29,33.2,48,4,11,10,0,12.59,6,4,3,2,1,H,jaune,jeudi,219187,2024-09-19,15.69,0,
ETU-00501,2024-2025,lettres,23,Femme,techno,,lycee_public,non,36.8,,55.6,14,14.6,38,9,11,9,2,"10,96",5,2,2,4,1,A,vert,lundi,317905,23/09/2024,5.1,1,
ETU-04699,2024-2025,BIOLOGIE,22,Autre,GEN,P,lycee_public,Non,4.4,13.0,82.5,52,66.0,112,4,12,12,5,8.65,6,5,3,3,4,D,vert,mercredi,186563,25/09/2024,15.83,0,Engagement en ligne remarquable.
ETU-03382,2024-2025,Gestion,20,f,Général,ab,lycee_public,non,6.8 km,0.0,72.5,5,14.7,6,2,12,9,0,"5,75",5,3,3,2,1,F,bleu,jeudi,407314,19/09/2024,3.68,1,
ETU-03153,2024-2025,Gestion,20,F,GEN,P,lycee_prive,0,19.7,8.0,86.3%,24,36.1,40,4,9,7,7,9.9,5,1,4,3,3,B,vert,lundi,189338,2024-09-02,14.35,0,Profil dans la moyenne.
ETU-04122,2024-2025,Lettres,21,F,général ,B,lycee_public,N,7.4,24.0,"65,5",3,2.8,1,7,13,7,0,7.43,5,3,1,2,2,B,vert,jeudi,213653,2024-09-12,2.52,1,Résultats fragiles aux partiels.
ETU-00229,2024-2025,Biologie,18,Femme,Generale,Passable,lycee_prive,non,6.4,18.0,"83,6",39,77.1,95,6,8,6,3,,6,1,3,4,5,D,jaune,jeudi,602120,26 Sep 2024,12.28,0,
ETU-00381,2024-2025,Droit,20,femme,Generale,Passable,,non,18.8,18.0,"79,6",39,41.6,73,1,11,9,5,"10,4",6,3,3,4,2,D,jaune,mercredi,277857,2024-09-25,15.13,0,RAS.
ETU-04780,2024-2025,Psychologie,20,M,Général,Bien,lycee_public,N,53.4,0.0,75.3,19,21.8,39,3,9,8,3,7.81,5,2,2,,1,C,gris,vendredi,277224,2024-09-13,13.8,0,
ETU-04294,2024-2025,STAPS,22,h,GEN,Assez Bien,lycee_public,N,32.1,0.0,"85,5",28,36.7,79,5,12,11,3,8.59,6,4,4,3,2,H,rouge,mercredi,403547,25/09/2024,14.15,0,
ETU-03973,2024-2025,Gestion,20,H,Général,P,lycee_public,1,29.2,23.0,87.8,23,31.4,53,2,13,13,4,10.65,5,2,4,1,2,E,bleu,jeudi,171359,12 Sep 2024,15.04,0,Profil dans la moyenne.
ETU-00417,2024-2025,Gestion,22,H, pro,passable,lycee_public,non,3.7,0.0,76.0,,51.5,96,2,10,9,3,"8,93",6,5,3,3,1,C,bleu,mercredi,722215,2024-09-04,16.64,0,Profil dans la moyenne.
ETU-05153,2024-2025,droit,20,Femme,Generale,TB,lycee_public,N,22.2 km,10.0,"92,9",49,134.6,104,2,11,11,4,14.19,6,6,5,5,5,G,rouge,mercredi,834938,11 Sep 2024,18.65,0,Étudiant assidu et investi.
ETU-03258,2024-2025,mathematiques,23,f,Technologique,passable,cfa,N,"7,2",15.0,62.8,23,49.3,27,3,12,9,0,"9,77",5,3,2,2,5,C,jaune,mercredi,673844,04/09/2024,5.44,1,"Motivation en berne, à accompagner."
ETU-02142,2024-2025,Gestion,19,femme,GEN,passable,cfa,non,35.4 km,0.0,68.7,9,28.1,12,2,8,7,2,"6,8",6,4,1,4,1,E,rouge,lundi,569360,09 Sep 2024,4.16,1,Résultats fragiles aux partiels.
ETU-04429,2024-2025,Biologie,19,f,Général,Bien,lycee_public,0,6.8,,"93,4",17,22.2,43,2,8,7,3,"10,39",5,1,2,4,2,G,vert,mercredi,997022,11/09/2024,15.27,0,Semble peu engagé dans la formation.
ETU-01961,2024-2025,Biologie,20,H,techno,Assez Bien,lycee_public,0,60.7,0.0,91.6,19,28.9,53,3,12,10,4,"10,44",6,1,2,4,1,E,rouge,mardi,432293,03/09/2024,13.64,0,"Motivation en berne, à accompagner."
ETU-04835,2024-2025,Gestion,17,M,GEN,passable,lycee_public,1,24.5,15.0,59.3%,37,48.1,98,5,13,10,3,8.24,6,2,3,1,3,B,bleu,mercredi,762993,2024-09-04,13.36,0,
ETU-02750,2024-2025,Lettres,21,NB,general,ab,lycee_public,N,10.3,23.0,"70,9",54,36.9,157,6,12,9,2,13.55,7,7,2,3,,A,vert,mercredi,385629,04 Sep 2024,16.91,0,"Motivation en berne, à accompagner."
ETU-02980,2024-2025,Informatique,25,Homme,général ,P,lycee_public,1,1.4,28.0,"57,7",24,44.3,37,5,13,9,0,"11,66",6,5,3,3,2,A,rouge,vendredi,995163,2024-09-13,6.14,1,
ETU-03851,2024-2025, Informatique ,21,NR,Général,passable,lycee_public,0,52.3,14.0,66.9,3,5.4,6,7,13,9,1,"13,15",6,4,3,3,2,F,vert,lundi,287641,16/09/2024,4.7,1,
ETU-01424,2024-2025, Droit ,23,f,Generale,P,lycee_public,1,4.9,16.0,"85,3",33,55.0,66,6,13,10,0,12.63,5,5,1,3,3,H,jaune,mardi,392423,10 Sep 2024,14.66,0,Semble peu engagé dans la formation.
ETU-02120,2024-2025,GESTION,21,f,general,,cfa,O,1.2,0.0,60.0%,21,44.7,53,5,11,11,2,,5,4,4,1,,E,gris,lundi,136754,2024-09-23,15.17,0,
ETU-02656,2024-2025,psychologie,18,F,GEN,passable,lycee_public,0,"11,2",13.0,80.0,17,25.3,45,5,9,7,2,11.87,5,2,3,,1,E,gris,lundi,951800,09/09/2024,7.98,1,RAS.
ETU-00754,2024-2025,Gestion,24,femme,Général,Bien,lycee_public,non,4.8 km,11.0,52.9,30,60.3,58,3,8,6,1,12.16,6,1,1,2,,D,rouge,jeudi,540995,05/09/2024,7.8,1,
ETU-02689,2024-2025,Psychologie,22,femme,Generale,Passable,lycee_public,O,10.9,15.0,80.8,43,62.3,107,5,8,7,2,10.87,5,4,3,3,4,B,bleu,mercredi,724876,18 Sep 2024,16.17,0,Très actif sur la plateforme.
ETU-02371,2024-2025,Lettres,17,H,Generale,,lycee_public,O,"3,1",8.0,96.1,38,46.1,82,4,12,11,3,"14,14",6,6,3,,5,B,vert,vendredi,529646,13 Sep 2024,17.62,0,Étudiant assidu et investi.
ETU-01378,2024-2025,Psychologie,20,Homme,Generale,Bien,lycee_public,Non,"28,2",0.0,53.8%,6,7.5,24,7,12,7,0,9.83,5,3,2,3,2,E,bleu,vendredi,539802,13/09/2024,2.08,1,"Absences répétées, situation préoccupante."
ETU-04801,2024-2025,droit,20,F,Generale,Bien,lycee_public,Non,"10,7",8.0,78.8%,18,22.8,31,2,10,7,3,13.02,7,6,3,2,3,H,jaune,mercredi,404516,25/09/2024,16.89,0,Travail sérieux et régulier.
ETU-05082,2024-2025,Droit,18,h,GEN,,autre,oui,17.9,22.0,"70,5",16,20.5,29,2,9,6,0,16.19,6,6,3,2,2,E,jaune,mercredi,998955,25 Sep 2024,16.42,0,Suivi sans particularité.
ETU-00896,2024-2025,Informatique,22,femme,techno,ab,lycee_public,N,"35,1",,68.9,20,20.3,36,3,11,8,4,6.05,7,3,2,3,1,H,vert,mardi,756275,24/09/2024,2.97,1,Résultats fragiles aux partiels.
ETU-00901,2024-2025,Droit,20,Femme,Technologique,ab,lycee_public,0,6.4,17.0,83.0,,54.4,86,3,11,8,4,"10,21",6,5,4,3,3,F,jaune,vendredi,853313,20/09/2024,16.33,0,Engagement en ligne remarquable.
ETU-00741,2024-2025,Lettres,22,H,general,Bien,lycee_public,N,10.8,24.0,63.4%,14,23.4,25,6,9,7,3,14.11,6,5,3,2,2,C,bleu,mercredi,166083,04 Sep 2024,14.69,0,Profil dans la moyenne.
ETU-01215,2024-2025,Psychologie,17,Homme,techno,P,lycee_public,non,21.4,23.0,84.4%,47,110.4,75,4,13,12,3,13.56,5,5,3,4,2,A,bleu,vendredi,353713,2024-09-13,17.92,0,Très actif sur la plateforme.
ETU-04774,2024-2025,Droit,21,f,GEN,Passable,lycee_public,oui,,0.0,62.1,,9.1,25,7,13,8,2,14.05,7,7,2,4,1,G,bleu,vendredi,148721,20/09/2024,14.36,0,"Motivation en berne, à accompagner."
ETU-00467,2024-2025,STAPS,19,H,TECHNO,passable,lycee_public,oui,"6,7",12.0,72.5,36,49.6,77,1,12,10,2,"9,43",6,4,3,3,2,G,bleu,lundi,101095,23/09/2024,13.4,0,RAS.
ETU-00982,2024-2025,Psychologie,18,h,GEN,P,lycee_public,Non,0.4 km,0.0,81.1,30,36.3,51,5,8,8,5,7.4,7,5,2,3,3,B,bleu,vendredi,879808,27/09/2024,11.71,0,Résultats fragiles aux partiels.
ETU-00281,2024-2025,Lettres,21,Homme,Generale,tres bien,lycee_public,Non,7.1,,"83,6",22,31.3,39,3,8,7,0,"14,35",6,6,3,,,A,jaune,mardi,878637,03/09/2024,17.18,0,
ETU-03106,2024-2025,GESTION,20,Femme,Generale,Bien,lycee_prive,Non,4.5,,89.1,54,96.3,101,2,8,7,4,10.86,6,5,2,4,4,E,jaune,lundi,668068,2024-09-23,17.55,0,"Motivation en berne, à accompagner."
ETU-03594,2024-2025,STAPS,21,H,TECHNO,ab,lycee_public,oui,"14,2",21.0,78.0,29,20.4,42,2,9,8,3,8.81,6,3,1,5,3,B,bleu,jeudi,694878,19 Sep 2024,16.56,0,Semble peu engagé dans la formation.
ETU-03384,2024-2025,GESTION,18,femme,general,Bien,lycee_prive,1,9.9,5.0,73.6,23,50.6,43,2,13,11,2,"15,11",5,5,3,5,4,H,rouge,mercredi,559209,2024-09-11,18.07,0,
ETU-02202,2024-2025,STAPS,19,M,Technologique,Passable,lycee_public,non,5.3,,"72,2",22,34.2,26,7,11,8,3,15.53,7,4,2,3,1,E,gris,lundi,583338,23 Sep 2024,8.06,1,Semble peu engagé dans la formation.
ETU-01535,2024-2025,biologie,24,femme,GEN,Assez Bien,lycee_prive,oui,20.3,0.0,87.2,40,50.3,83,3,13,13,2,"13,01",6,6,5,4,3,H,jaune,lundi,871909,23 Sep 2024,16.05,0,
ETU-02470,2024-2025,Droit,20,Homme,techno,Passable,lycee_public,non,30.4,,69.0,13,20.2,37,5,9,5,2,"4,02",6,1,3,,1,D,vert,jeudi,250757,2024-09-26,0.64,1,Résultats fragiles aux partiels.
ETU-00537,2024-2025,Gestion,18,F,GEN,B,lycee_public,O,1.2,14.0,81.7%,27,29.7,57,6,12,9,4,14.38,7,5,4,5,4,D,gris,mardi,305195,2024-09-24,15.95,0,Travail sérieux et régulier.
ETU-00616,2024-2025,Mathematiques,17,H,général ,Assez Bien,lycee_public,1,"16,4",6.0,89.8,38,53.2,67,0,11,11,3,10.9,6,5,4,4,3,A,jaune,mardi,811657,10 Sep 2024,14.02,0,Profil dans la moyenne.
ETU-02287,2024-2025,biologie,21,M,TECHNO,B,lycee_public,N,,10.0,87.3,29,43.1,76,1,9,5,7,"6,4",5,1,1,1,2,G,rouge,mercredi,623104,11/09/2024,12.73,0,En difficulté sur les évaluations.
ETU-01219,2024-2025,Lettres,18,femme,Generale,Très Bien,lycee_prive,0,"1,5",,72.2%,23,32.5,40,3,10,8,3,10.91,5,3,3,2,3,A,vert,mercredi,988205,2024-09-25,6.6,1,Suivi sans particularité.
ETU-03990,2024-2025,Lettres,17,F,général ,Passable,lycee_public,0,"25,9",10.0,76.4,17,22.2,44,2,11,9,2,"10,24",7,4,3,3,3,C,bleu,vendredi,746766,2024-09-13,13.45,0,
ETU-00805,2024-2025,Informatique,22,Femme, pro,P,lycee_public,0,14.6,27.0,62.7,19,34.9,68,3,10,7,2,"10,53",6,3,1,2,3,H,jaune,vendredi,959966,2024-09-13,6.39,1,Semble peu engagé dans la formation.
ETU-04713,2024-2025,Mathematiques,22,M,Technologique,B,lycee_prive,Non,"40,7",10.0,"58,5",5,12.6,7,7,10,7,0,11.94,6,4,2,2,2,A,gris,vendredi,536723,20 Sep 2024,3.26,1,
ETU-00718,2024-2025,INFORMATIQUE,21,H,Generale,passable,lycee_public,Non,8.4,0.0,81.4%,21,29.8,36,5,13,11,1,13.22,6,4,2,2,,H,bleu,vendredi,297024,27 Sep 2024,16.51,0,"Motivation en berne, à accompagner."
ETU-05021,2024-2025,biologie,18,Homme,GEN,,lycee_prive,N,46.2,5.0,59.5,36,68.8,92,6,13,10,2,"11,89",7,3,2,,3,D,jaune,lundi,187529,16/09/2024,15.46,0,Semble peu engagé dans la formation.
ETU-00143,2024-2025,informatique,17,f,général ,Passable,lycee_public,0,0.6,0.0,96.0,44,79.8,82,0,8,8,11,13.91,6,6,5,4,4,A,jaune,vendredi,142519,2024-09-27,18.95,0,
ETU-01496,2024-2025,Mathematiques,19,h,GEN,Bien,lycee_public,0,0.3,13.0,90.6,52,85.0,115,1,13,13,4,13.49,5,3,5,4,4,D,bleu,vendredi,865841,06/09/2024,18.33,0,
ETU-01517,2024-2025,Lettres,18,NR,TECHNO,AB,lycee_public,1,,10.0,"97,4",36,40.0,75,3,10,8,9,"8,49",6,1,4,4,3,E,vert,lundi,803308,16 Sep 2024,15.24,0,RAS.
ETU-03834,2024-2025,Mathematiques,18,f,general,B,lycee_public,non,38.0 km,0.0,"88,2",40,57.3,73,8,11,10,9,15.56,5,4,5,4,5,D,rouge,mardi,397897,10 Sep 2024,18.66,0,
ETU-02804,2024-2025, Biologie ,18,M,Generale,AB,lycee_public,Non,16.4 km,21.0,59.3%,16,22.7,26,4,9,6,1,13.05,7,6,4,2,1,A,rouge,jeudi,342993,19 Sep 2024,7.12,1,
ETU-03456,2024-2025,INFORMATIQUE,18,h,Général,AB,lycee_public,non,18.1 km,0.0,70.3%,5,11.9,10,4,8,5,0,10.6,6,5,2,1,1,D,rouge,jeudi,905133,26/09/2024,4.97,1,Engagement en ligne très faible.
ETU-00690,2024-2025,Biologie,19,F,Generale,ab,autre,non,14.4,26.0,"69,5",,12.3,32,7,10,7,0,"13,85",7,5,1,2,2,H,rouge,mercredi,687718,25 Sep 2024,6.76,1,
ETU-03087,2024-2025,Psychologie,20,femme,Generale,Bien,cfa,non,17.1,0.0,62.3%,17,30.4,25,4,11,8,2,8.76,7,6,2,3,3,C,rouge,mercredi,457275,04/09/2024,8.4,1,"Motivation en berne, à accompagner."
ETU-00364,2024-2025,STAPS,18,M,Général,AB,lycee_public,Non,,,95.7,33,36.3,66,1,9,9,7,11.21,6,5,,,3,D,vert,jeudi,258853,2024-09-26,17.21,0,
ETU-05136,2024-2025,Droit,19,h,PRO,P,cfa,Non,,0.0,68.5,19,37.6,19,6,10,8,2,12.47,5,5,3,2,3,H,rouge,mardi,859941,2024-09-17,15.55,0,Suivi sans particularité.
ETU-04085,2024-2025, STAPS ,22,H, pro,ab,autre,Oui,0.2,5.0,"69,5",41,86.0,99,2,11,9,0,"10,8",6,4,2,2,3,F,rouge,lundi,771719,16 Sep 2024,16.31,0,Semble peu engagé dans la formation.
ETU-00761,2024-2025,MATHEMATIQUES,22,h,Général,TB,lycee_public,Oui,19.7,8.0,69.4,32,53.5,55,5,9,8,0,,7,6,2,2,2,F,jaune,lundi,275852,16 Sep 2024,15.22,0,
ETU-04539,2024-2025,Lettres,17,M,GEN,Bien,lycee_public,O,29.7,,"72,7",25,34.5,44,6,10,7,4,9.21,6,3,3,3,2,A,gris,vendredi,543500,13 Sep 2024,2.98,1,
ETU-03765,2024-2025,Mathematiques,19,f,general,Bien,lycee_public,1,21.1,14.0,86.0%,35,54.6,83,5,8,6,2,9.89,6,5,5,2,3,G,rouge,jeudi,426820,26 Sep 2024,15.63,0,Profil dans la moyenne.
ETU-00292,2024-2025,biologie,20,femme,TECHNO,passable,lycee_public,non,"1,0",0.0,95.5,3,0.3,5,5,8,5,2,9.57,7,1,3,3,3,C,bleu,lundi,711563,23 Sep 2024,7.49,1,Peu actif sur la plateforme.
ETU-01834,2024-2025,Mathematiques,20,F,pro,Passable,lycee_prive,non,32.9,0.0,69.0%,,27.6,46,6,9,6,2,"7,12",7,4,2,,3,E,jaune,mercredi,405825,25 Sep 2024,3.23,1,
ETU-00673,2024-2025,Psychologie,18,H,général ,AB,lycee_public,Non,"14,1",5.0,74.0,30,37.6,90,7,9,7,1,9.19,6,4,2,3,,A,bleu,vendredi,800953,13/09/2024,13.91,0,Semble peu engagé dans la formation.
ETU-05027,2024-2025,Psychologie,19,f,général ,tres bien,lycee_public,O,29.3,0.0,95.4%,43,58.9,82,3,10,9,6,15.13,6,5,5,5,2,E,rouge,lundi,963954,16/09/2024,18.56,0,
ETU-02364,2024-2025,informatique,21,F,pro,AB,lycee_prive,0,27.4,20.0,"86,1",21,30.5,47,1,8,8,6,7.84,6,3,4,3,,F,bleu,mercredi,574671,04 Sep 2024,14.6,0,Résultats fragiles aux partiels.
ETU-02571,2024-2025,Lettres,25,H,GEN,TB,cfa,0,6.2 km,9.0,92.5%,47,79.8,87,1,11,11,10,11.86,7,4,5,3,4,A,bleu,jeudi,340492,2024-09-05,18.09,0,
ETU-02092,2024-2025,biologie,21,f,Général,AB,lycee_public,0,15.1,0.0,81.1%,26,57.8,50,5,10,8,0,9.75,6,3,3,3,3,B,jaune,lundi,634708,02/09/2024,16.34,0,RAS.
ETU-04489,2024-2025,Psychologie,20,f,techno,Bien,cfa,Oui,7.0,7.0,89.1%,28,64.2,51,6,12,11,1,13.52,5,5,4,4,2,E,jaune,jeudi,679739,2024-09-12,17.15,0,"Bon semestre, résultats solides."
ETU-05058,2024-2025,informatique,19,F,TECHNO,Très Bien,lycee_public,1,9.7,10.0,"55,9",20,14.0,50,5,8,5,0,13.81,5,4,4,2,,E,vert,mardi,168813,24 Sep 2024,6.6,1,
ETU-03510,2024-2025,Informatique,17,femme,general,tres bien,lycee_public,N,1.3,11.0,85.3,,44.7,75,1,13,13,5,15.7,5,4,5,4,3,D,jaune,mardi,662879,24 Sep 2024,18.56,0,"Très bon investissement, en réussite."
ETU-01130,2024-2025,Psychologie,17,Homme,général ,Bien,lycee_prive,1,14.7,22.0,"81,5",37,38.8,74,2,10,9,10,"11,24",6,5,5,4,4,A,gris,lundi,509377,2024-09-09,16.63,0,Profil dans la moyenne.
ETU-00191,2024-2025, Biologie ,23,Autre,GEN,passable,lycee_public,N,9.1,8.0,"99,5",36,47.4,68,4,10,10,4,14.59,6,6,2,3,3,E,gris,mercredi,881462,11/09/2024,17.02,0,
ETU-03767,2024-2025,psychologie,22,F,Général,Bien,lycee_public,N,"13,4",4.0,83.5,32,27.8,66,2,12,12,4,10.43,7,3,4,3,1,E,bleu,mardi,539151,2024-09-10,15.12,0,
ETU-00160,2024-2025,Gestion,18,h,Technologique,ab,lycee_public,Oui,17.5,0.0,"70,0",31,31.2,57,3,10,6,2,10.9,5,0,4,2,3,G,jaune,vendredi,169381,2024-09-20,13.9,0,Suivi sans particularité.
ETU-01903,2024-2025,DROIT,21,femme,pro,B,lycee_public,0,,11.0,55.8,12,22.4,30,6,9,6,0,7.89,5,4,1,2,1,D,jaune,lundi,510338,16 Sep 2024,2.69,1,En difficulté sur les évaluations.
ETU-00041,2024-2025, STAPS ,21,H,Général,passable,lycee_prive,0,19.4,8.0,67.8,21,29.4,32,6,10,9,0,"8,9",6,1,2,5,2,C,rouge,lundi,317896,02 Sep 2024,13.05,0,Semble peu engagé dans la formation.
ETU-02807,2024-2025,STAPS,23,H,général ,Bien,lycee_public,Non,1.3,6.0,"71,8",47,83.9,120,5,11,8,0,13.7,6,5,4,3,2,D,gris,mardi,930748,17 Sep 2024,16.51,0,
ETU-01143,2024-2025,Gestion,18,h, pro,ab,lycee_public,1,54.7,23.0,"65,8",9,16.3,26,5,11,8,0,7.05,6,3,2,4,1,A,gris,lundi,874168,23 Sep 2024,3.02,1,En difficulté sur les évaluations.
ETU-03006,2024-2025,STAPS,18,Femme,TECHNO,Bien,lycee_public,oui,52.0,13.0,68.4,28,38.5,59,3,13,11,6,7.76,5,2,3,4,2,G,gris,vendredi,294613,13/09/2024,4.43,1,
ETU-01876,2024-2025,Informatique,19,femme,techno,AB,lycee_public,0,18.3,0.0,61.9%,23,31.7,36,3,12,8,1,"6,55",6,0,3,2,2,B,rouge,jeudi,101902,19/09/2024,2.56,1,En difficulté sur les évaluations.
ETU-03130,2024-2025, Mathematiques ,20,Femme,general,Bien,cfa,O,8.9,0.0,"78,2",29,26.0,55,6,9,8,0,17.75,7,6,4,1,,G,vert,vendredi,111594,2024-09-06,18.17,0,"Bon semestre, résultats solides."
ETU-03033,2024-2025,PSYCHOLOGIE,19,femme,pro,passable,lycee_public,N,70.6,0.0,99.7,43,54.9,89,0,10,9,5,"11,05",5,3,3,5,2,H,bleu,vendredi,701259,27/09/2024,16.83,0,Très actif sur la plateforme.
ETU-02082,2024-2025,LETTRES,20,h,TECHNO,passable,lycee_public,Oui,21.2,23.0,68.4,33,41.5,55,6,8,7,1,7.14,7,1,2,4,3,B,bleu,lundi,639337,16/09/2024,12.99,0,Résultats fragiles aux partiels.
ETU-02733,2024-2025,INFORMATIQUE,23,femme,Technologique,P,lycee_public,non,3.9,,"70,4",27,35.7,55,3,12,12,7,"8,27",5,4,3,4,4,C,rouge,mardi,194409,17 Sep 2024,12.34,0,Suivi sans particularité.
ETU-00050,2024-2025, Lettres ,20,M,Technologique,Assez Bien,lycee_prive,1,29.6,0.0,"99,9",45,78.6,101,2,9,9,7,"9,16",6,0,4,3,1,A,bleu,mardi,719652,2024-09-24,17.74,0,Engagement en ligne remarquable.
ETU-00814,2024-2025,Gestion,18,femme,général ,Passable,lycee_public,Non,0.7,0.0,74.6%,18,40.6,43,3,12,10,4,13.99,6,6,4,4,3,H,vert,lundi,334776,2024-09-23,17.18,0,
ETU-01285,2024-2025,psychologie,20,F,techno,P,autre,Oui,6.4,0.0,98.4,50,82.0,119,0,13,13,4,12.41,6,5,5,5,3,H,vert,lundi,899984,16 Sep 2024,19.17,0,Très actif sur la plateforme.
ETU-04562,2024-2025,Mathematiques,18,h,GEN,Bien,lycee_prive,1,6.7,,97.7%,48,95.5,74,2,8,8,10,15.35,6,2,5,5,2,G,jaune,mercredi,223896,11/09/2024,19.71,0,
ETU-01467,2024-2025, STAPS ,17,f,Generale,ab,lycee_public,oui,3.6,8.0,64.7,11,14.6,39,5,8,5,1,16.67,7,6,4,,,E,bleu,mercredi,762244,18/09/2024,17.85,0,
ETU-03946,2024-2025,staps,19,femme,general,Passable,cfa,0,36.3,0.0,49.3,9,6.9,21,2,12,4,0,5.37,6,3,1,1,2,D,bleu,mercredi,496920,2024-09-18,0.75,1,
ETU-00745,2024-2025,informatique,20,F,Generale,P,lycee_public,0,43.3,4.0,"77,8",23,40.6,74,5,9,9,5,"9,83",7,5,4,4,3,E,jaune,jeudi,303283,12 Sep 2024,16.54,0,
ETU-01602,2024-2025,STAPS,22,F,Général,Bien,lycee_public,1,"16,2",15.0,"73,8",37,52.5,68,6,8,6,2,10.28,5,5,2,3,,B,bleu,jeudi,314703,2024-09-12,13.82,0,
ETU-03078,2024-2025,INFORMATIQUE,20,h,GEN,passable,lycee_public,N,"34,6",0.0,70.5,27,49.6,52,1,13,9,2,10.15,7,3,2,5,2,F,jaune,mardi,141359,17/09/2024,6.48,1,Semble peu engagé dans la formation.
ETU-00878,2024-2025,Informatique,19,Homme,général ,passable,lycee_public,oui,13.1,0.0,81.5,39,37.9,104,4,11,11,8,13.68,6,5,4,5,4,B,vert,mercredi,383649,04/09/2024,19.2,0,
ETU-05094,2024-2025,Biologie,19,Femme,général ,ab,lycee_public,0,1.7 km,0.0,"69,1",29,14.5,75,2,10,6,1,7.39,6,4,3,3,2,H,vert,lundi,461494,23 Sep 2024,2.51,1,En difficulté sur les évaluations.
ETU-04491,2024-2025,Psychologie,24,F, pro,AB,lycee_prive,Oui,6.8,0.0,57.5,19,33.1,53,6,13,8,0,9.11,6,3,2,5,1,H,rouge,mercredi,407855,2024-09-25,3.28,1,Semble peu engagé dans la formation.
ETU-05053,2024-2025,droit,22,f,GEN,Bien,lycee_public,0,3.9,0.0,61.5,3,9.5,13,6,9,6,1,6.3,6,1,1,5,1,A,gris,lundi,223224,2024-09-09,2.01,1,Résultats fragiles aux partiels.
ETU-00058,2024-2025,Informatique,23,H,Général,AB,lycee_public,Oui,3.1,24.0,94.5,55,31.4,143,5,8,8,8,11.76,6,5,4,4,4,B,jaune,jeudi,228506,19/09/2024,17.79,0,Très actif sur la plateforme.
ETU-05044,2024-2025,DROIT,17,femme,Generale,P,lycee_public,0,1.1,13.0,81.3%,22,37.1,39,9,12,9,2,10.73,6,2,1,2,2,G,rouge,jeudi,449220,2024-09-12,6.82,1,Plusieurs travaux remis hors délai.
ETU-04836,2024-2025,PSYCHOLOGIE,18,f,TECHNO,tres bien,cfa,O,8.3,15.0,99.4,38,60.8,98,2,9,7,2,7.92,5,3,3,,3,E,bleu,vendredi,332470,13/09/2024,14.88,0,
ETU-01977,2024-2025,Informatique,17,H,GEN,TB,lycee_prive,N,90.5 km,11.0,55.3,3,8.1,1,7,13,7,0,8.8,5,1,1,2,1,H,rouge,mardi,332799,2024-09-10,3.34,1,Engagement en ligne très faible.
ETU-02501,2024-2025,biologie,21,Femme,Général,Bien,lycee_public,N,16.7 km,9.0,74.2,52,55.5,126,2,10,8,0,11.03,6,4,,4,5,D,jaune,vendredi,712054,20 Sep 2024,16.22,0,Suivi sans particularité.
ETU-00887,2024-2025, Informatique ,22,h,Général,P,lycee_public,0,,0.0,79.9,45,60.1,124,4,11,9,3,"5,81",6,3,3,3,3,F,jaune,jeudi,394039,19/09/2024,12.56,0,En difficulté sur les évaluations.
ETU-05172,2024-2025,informatique,19,femme,PRO,ab,lycee_public,Oui,17.0,0.0,51.2,13,17.3,26,7,13,9,0,"6,43",6,0,1,4,1,B,vert,lundi,802166,2024-09-02,3.57,1,
ETU-03735,2024-2025, Droit ,20,Homme,techno,passable,lycee_prive,N,10.2,0.0,90.9,25,35.5,51,6,9,8,3,9.54,6,2,5,3,5,D,jaune,lundi,701775,23 Sep 2024,14.38,0,
ETU-01409,2024-2025, Informatique ,19,M,techno,P,lycee_public,non,8.0 km,19.0,98.9%,48,61.6,118,1,13,12,9,13.42,7,4,5,5,3,B,bleu,jeudi,150199,19/09/2024,19.42,0,"Très bon investissement, en réussite."
ETU-02663,2024-2025,Lettres,19,h,GEN,Passable,cfa,0,1.1,18.0,56.5,22,19.2,44,7,11,9,3,13.17,6,4,4,3,4,F,vert,jeudi,172807,12/09/2024,9.65,1,
ETU-05035,2024-2025, Mathematiques ,22,M,Professionnel,Passable,lycee_prive,N,9.3,19.0,67.6,22,22.3,42,3,11,7,2,7.24,5,2,,4,3,A,vert,mercredi,651747,2024-09-18,10.74,0,
ETU-00224,2024-2025,Psychologie,18,h,GEN,P,,N,7.0,25.0,76.5,9,13.7,23,5,13,8,1,"13,98",6,5,1,2,3,B,jaune,jeudi,622616,12 Sep 2024,8.18,1,Peu actif sur la plateforme.
ETU-01310,2024-2025,Gestion,19,M,general,passable,lycee_public,Non,20.6 km,7.0,68.0,17,34.0,54,7,12,8,0,13.3,5,2,2,1,5,H,jaune,vendredi,471590,2024-09-27,8.57,1,"Motivation en berne, à accompagner."
ETU-02525,2024-2025,LETTRES,24,h,Generale,Passable,lycee_public,Non,4.0 km,18.0,"74,9",3,5.7,8,8,11,9,0,12.22,7,3,1,4,2,D,bleu,vendredi,434988,27/09/2024,5.74,1,
ETU-00375,2024-2025, Gestion ,21,femme,Général,Très Bien,lycee_prive,N,0.5,0.0,76.9,32,51.4,57,4,9,7,4,13.49,5,4,3,4,2,F,gris,vendredi,123137,2024-09-20,17.35,0,Travail sérieux et régulier.
ETU-04760,2024-2025,biologie,18,M,Generale,Bien,lycee_public,N,18.7 km,10.0,65.7,25,50.7,68,2,8,6,3,,5,5,4,2,3,A,bleu,mercredi,902126,11 Sep 2024,18.84,0,
ETU-03577,2024-2025,Droit,20,Homme,GEN,Bien,cfa,N,3.6,0.0,85.1,21,42.0,35,2,13,9,1,"8,29",6,4,,3,2,D,vert,vendredi,753485,2024-09-13,13.89,0,Profil dans la moyenne.
ETU-03394,2024-2025, Mathematiques ,17,F,Général,Assez Bien,lycee_prive,oui,"30,1",10.0,93.3,42,79.7,99,4,12,10,10,"19,58",6,6,5,3,5,D,gris,mercredi,937586,18/09/2024,19.85,0,Étudiant assidu et investi.
ETU-00930,2024-2025,Psychologie,20,M,TECHNO,passable,lycee_public,non,13.3,0.0,76.1,35,64.3,46,5,8,6,3,9.8,7,5,3,3,2,B,gris,jeudi,770571,2024-09-26,12.96,0,
ETU-01408,2024-2025,LETTRES,21,Homme,GEN,Très Bien,lycee_public,N,"3,9",12.0,93.6,52,62.3,130,2,12,10,7,17.61,7,7,4,4,1,E,gris,jeudi,333461,26/09/2024,19.45,0,
ETU-03046,2024-2025,PSYCHOLOGIE,19,Femme,Général,ab,lycee_public,O,66.6,0.0,67.5,24,32.6,42,2,11,9,1,9.12,5,3,3,2,3,C,gris,vendredi,250808,27/09/2024,13.27,0,Profil dans la moyenne.
ETU-02217,2024-2025,Lettres,20,femme,général ,passable,lycee_public,0,21.2,0.0,78.2,28,34.6,52,1,10,8,0,"14,13",7,5,3,3,3,F,vert,mardi,264268,24 Sep 2024,17.23,0,"Bon semestre, résultats solides."
ETU-04921,2024-2025,Informatique,19,M,general,Passable,lycee_prive,non,5.4 km,14.0,72.7,34,65.8,104,0,8,7,7,8.79,5,4,4,4,4,E,vert,vendredi,731351,13/09/2024,15.44,0,
ETU-04708,2024-2025,STAPS,19,M,général ,AB,lycee_public,non,34.4,16.0,74.2%,24,31.8,54,2,11,8,0,"10,79",6,5,2,2,2,F,vert,mercredi,126723,25/09/2024,7.26,1,"Motivation en berne, à accompagner."
ETU-03857,2024-2025, Gestion ,17,femme,GEN,Assez Bien,lycee_public,non,"5,6",,89.5,49,65.9,110,1,12,12,5,11.48,7,6,4,3,3,E,jaune,jeudi,850012,2024-09-05,17.63,0,Engagement en ligne remarquable.
ETU-03270,2024-2025,psychologie,18,F,Général,ab,lycee_public,non,16.1,0.0,82.9,26,34.8,68,5,9,7,1,8.97,5,2,2,3,2,D,vert,lundi,795122,16/09/2024,14.82,0,
ETU-03968,2024-2025,STAPS,19,h, pro,AB,lycee_public,Oui,,15.0,"76,8",7,7.3,15,8,13,10,0,9.5,5,1,2,3,1,A,gris,lundi,741523,02 Sep 2024,4.25,1,Engagement en ligne très faible.
ETU-04523,2024-2025,staps,19,F,general,Assez Bien,lycee_public,0,19.5,,69.0,7,7.3,30,0,11,9,1,,5,1,2,4,4,D,rouge,lundi,366671,02/09/2024,11.31,0,
ETU-00979,2024-2025,Biologie,17,femme,GEN,Assez Bien,lycee_public,1,9.8,6.0,54.5%,37,68.8,70,1,10,9,2,8.38,5,4,4,3,4,C,rouge,vendredi,192084,27/09/2024,14.26,0,
ETU-03081,2024-2025,Biologie,18,H,techno,AB,lycee_public,Non,"20,7",0.0,"98,3",64,70.5,150,0,12,12,4,12.73,6,4,5,5,,E,gris,lundi,351395,16 Sep 2024,18.63,0,
ETU-04640,2024-2025,Biologie,18,Femme,Generale,Passable,lycee_public,non,7.2,0.0,66.6,18,24.2,47,8,13,8,0,7.85,6,3,2,3,1,B,jaune,jeudi,684944,05/09/2024,3.18,1,Résultats fragiles aux partiels.
ETU-04789,2024-2025,droit,24,M,Technologique,Passable,lycee_prive,1,"8,9",25.0,79.1%,21,29.0,37,4,11,8,6,7.56,6,2,3,1,3,D,vert,mardi,819643,2024-09-10,5.16,1,
ETU-00262,2024-2025,Droit,19,Homme,TECHNO,B,lycee_public,O,"25,9",0.0,83.6%,12,14.9,35,3,13,8,2,12.83,6,6,2,,3,H,gris,vendredi,920405,13 Sep 2024,16.13,0,
ETU-04767,2024-2025,Lettres,19,F,général ,ab,lycee_public,N,3.1,0.0,77.2,31,56.0,62,5,11,9,2,"13,08",6,6,3,4,5,F,vert,jeudi,517058,12/09/2024,16.1,0,Travail sérieux et régulier.
ETU-02076,2024-2025, Mathematiques ,19,f,Technologique,ab,lycee_public,1,7.0,6.0,84.1,19,29.3,45,4,9,7,1,15.99,6,4,3,4,3,B,vert,lundi,918242,23/09/2024,18.88,0,Travail sérieux et régulier.
ETU-03863,2024-2025, Gestion ,17,M,Generale,passable,lycee_public,non,13.1,9.0,84.7,27,42.5,69,5,11,9,1,"8,3",5,1,,2,4,C,bleu,mardi,630771,2024-09-24,13.37,0,
ETU-05108,2024-2025, Psychologie ,19,femme,general,Passable,lycee_public,oui,0.1,12.0,79.8,45,39.8,88,3,9,9,2,10.69,5,3,5,4,4,H,rouge,mercredi,244643,2024-09-18,17.39,0,
ETU-01093,2024-2025,informatique,21,f,GEN,passable,,non,12.3,7.0,93.3,15,29.8,44,0,9,6,3,13.26,6,3,4,3,3,A,vert,jeudi,189905,2024-09-12,16.02,0,"Bon semestre, résultats solides."
ETU-02282,2024-2025,Informatique,20,Homme,pro,B,lycee_prive,non,8.5,0.0,68.3,34,65.1,46,4,12,9,0,8.16,6,4,3,4,3,B,bleu,mercredi,907062,2024-09-11,13.25,0,
ETU-00903,2024-2025,Biologie,19,F,general,Assez Bien,lycee_public,Non,0.7,8.0,91.4%,23,31.6,62,5,9,9,3,15.8,6,2,4,,3,G,jaune,lundi,200999,16/09/2024,19.39,0,
ETU-01542,2024-2025, Mathematiques ,21,F,general,passable,lycee_public,O,,0.0,86.4,42,72.8,76,1,13,12,4,12.74,7,3,3,5,3,D,vert,mardi,277700,2024-09-17,18.69,0,Engagement en ligne remarquable.
ETU-04343,2024-2025,Droit,19,NR,Général,,cfa,Oui,13.3,0.0,78.5%,32,55.1,59,3,13,13,2,13.01,7,5,5,3,,A,bleu,mardi,372120,17 Sep 2024,17.33,0,Travail sérieux et régulier.
ETU-04688,2024-2025,Biologie,17,Femme,Technologique,AB,,O,10.8 km,0.0,"80,5",32,59.2,67,2,12,10,4,"9,69",6,3,4,3,3,D,jaune,mercredi,763087,04/09/2024,14.65,0,
ETU-03864,2024-2025,Gestion,23,M,général ,Passable,cfa,non,11.1,11.0,55.5,8,18.2,4,6,13,9,0,"8,81",6,0,2,4,1,A,jaune,lundi,435984,09 Sep 2024,4.22,1,Engagement en ligne très faible.
ETU-00827,2024-2025, Informatique ,20,h,Général,AB,lycee_public,N,1.3 km,10.0,"88,0",40,72.9,82,2,13,13,5,12.22,6,6,3,4,2,D,bleu,jeudi,706187,12 Sep 2024,17.15,0,Travail sérieux et régulier.
ETU-00775,2024-2025,droit,20,femme,techno,,lycee_public,non,41.8,25.0,65.3,,15.6,44,7,12,8,0,"6,63",7,4,2,1,1,F,jaune,mercredi,160427,2024-09-04,1.63,1,
ETU-04021,2024-2025,GESTION,20,Homme,GEN,ab,lycee_public,Non,10.7,0.0,80.5,16,31.8,22,8,10,8,0,8.74,7,1,1,4,2,G,jaune,mardi,338561,2024-09-24,11.06,0,
ETU-00465,2024-2025,Droit,17,F, pro,Passable,,0,"27,5",0.0,"99,9",59,94.6,166,0,12,12,11,11.74,7,6,4,4,4,C,rouge,mercredi,661006,25 Sep 2024,19.12,0,Très actif sur la plateforme.
ETU-03001,2024-2025,PSYCHOLOGIE,22,f,général ,Assez Bien,lycee_public,N,2.1,13.0,58.6,13,20.4,24,5,9,5,0,"9,41",7,1,1,3,1,B,rouge,vendredi,426265,2024-09-27,4.37,1,Semble peu engagé dans la formation.
ETU-01891,2024-2025,STAPS,22,femme,PRO,AB,lycee_public,non,17.0,7.0,"98,1",39,57.3,81,1,10,8,10,13.35,6,4,4,5,5,G,jaune,mardi,844654,10/09/2024,19.01,0,
ETU-00080,2024-2025, Mathematiques ,19,Homme,Général,Bien,lycee_public,1,48.9,8.0,79.5,35,52.9,73,2,9,9,5,12.46,6,4,3,2,3,H,bleu,mardi,592318,24 Sep 2024,17.84,0,Travail sérieux et régulier.
ETU-02587,2024-2025,GESTION,20,f,Generale,Passable,lycee_public,1,19.3,9.0,69.8,19,25.9,40,6,11,9,0,10.66,6,5,2,3,2,H,bleu,mardi,262353,03 Sep 2024,5.84,1,
ETU-03160,2024-2025,Mathematiques,18,H,Général,Passable,,non,"26,8",0.0,67.2%,13,4.1,9,4,9,4,2,"11,7",7,7,4,3,3,C,rouge,jeudi,145257,19 Sep 2024,14.76,0,Profil dans la moyenne.
ETU-00597,2024-2025,LETTRES,18,F,général ,Assez Bien,lycee_public,Oui,19.3,28.0,"78,4",46,103.6,76,0,8,8,7,15.78,5,5,5,5,4,B,bleu,jeudi,724069,2024-09-05,19.27,0,
ETU-05017,2024-2025, Informatique ,17,M,général ,TB,lycee_public,oui,57.4,0.0,86.0,41,47.1,70,4,12,10,8,11.39,6,6,5,2,3,H,vert,jeudi,680484,2024-09-12,16.06,0,
ETU-04576,2024-2025,MATHEMATIQUES,20,femme,techno,Très Bien,lycee_public,Oui,,13.0,66.7,7,7.5,30,6,12,6,0,"11,97",6,4,2,2,1,H,bleu,mardi,292347,17/09/2024,5.9,1,Peu actif sur la plateforme.
ETU-02759,2024-2025,GESTION,21,h,general,Assez Bien,lycee_public,non,,0.0,62.4%,22,29.9,37,2,13,11,4,"5,61",7,2,4,2,2,D,vert,vendredi,499008,20 Sep 2024,11.23,0,Résultats fragiles aux partiels.
ETU-02655,2024-2025,Droit,19,F,pro,Bien,lycee_public,Non,"6,1",4.0,69.1,42,74.2,66,6,9,6,4,"14,32",6,6,4,2,4,C,vert,lundi,273505,16/09/2024,17.43,0,Profil dans la moyenne.
ETU-03017,2024-2025, Gestion ,18,H,Professionnel,,lycee_public,Oui,"11,7",16.0,"74,3",26,36.2,45,6,12,11,2,4.42,7,1,2,4,2,A,bleu,mardi,275572,17 Sep 2024,1.34,1,Résultats fragiles aux partiels.
ETU-04052,2024-2025,psychologie,19,NR,Technologique,P,lycee_public,0,7.0,27.0,80.4,24,32.0,40,4,8,6,1,11.15,5,2,1,4,4,D,jaune,vendredi,667285,27 Sep 2024,7.15,1,
ETU-04931,2024-2025,gestion,21,Femme,pro,ab,lycee_public,0,"14,1",21.0,52.5,6,12.2,20,3,10,6,0,6.4,5,3,1,,3,A,bleu,mardi,729398,03 Sep 2024,1.75,1,
ETU-00724,2024-2025,Informatique,17,f,général ,Passable,lycee_public,non,"14,5",28.0,63.1,7,10.3,29,4,9,6,0,12.32,6,6,3,4,3,D,gris,mardi,259673,03/09/2024,15.26,0,
ETU-01078,2024-2025,Gestion,26,Femme,Général,passable,lycee_public,Non,1.2,26.0,71.2,38,54.6,82,9,12,9,4,10.61,5,4,,4,4,G,bleu,jeudi,741677,05/09/2024,12.85,0,Plusieurs travaux remis hors délai.
ETU-00101,2024-2025,mathematiques,19,H,Technologique,Assez Bien,lycee_public,0,0.0 km,15.0,"80,1",14,24.0,38,5,8,7,1,9.04,5,1,2,4,3,E,rouge,mardi,966804,2024-09-17,5.33,1,
ETU-01417,2024-2025,Psychologie,25,Femme,Général,Passable,lycee_public,O,10.8,0.0,87.6,57,95.0,119,1,8,8,10,12.25,6,5,5,4,5,E,gris,mercredi,482237,18 Sep 2024,18.36,0,Très actif sur la plateforme.
ETU-02325,2024-2025,Mathematiques,17,Homme,general,AB,lycee_prive,1,16.3,15.0,49.8,38,29.2,79,5,13,10,1,12.48,6,5,2,3,2,H,jaune,mercredi,834886,2024-09-04,7.43,1,
ETU-00382,2024-2025,Informatique,23,h,techno,passable,lycee_public,1,35.7,0.0,76.9,9,22.3,30,4,11,7,1,1.19,5,0,1,4,1,F,jaune,lundi,181400,09 Sep 2024,0.33,1,
ETU-04190,2024-2025,STAPS,24,f,Technologique,passable,lycee_public,0,3.4,0.0,90.2,56,95.1,123,4,9,8,6,"11,73",6,4,4,5,5,A,vert,jeudi,196839,12/09/2024,18.41,0,Engagement en ligne remarquable.
ETU-03415,2024-2025,STAPS,17,Homme,Professionnel,AB,lycee_public,Non,"2,0",0.0,82.3,7,11.7,17,5,12,11,1,8.82,5,2,2,2,4,H,bleu,jeudi,326887,2024-09-05,7.39,1,
ETU-01264,2024-2025,informatique,18,H,techno,Assez Bien,lycee_prive,Non,10.2,22.0,"96,9",29,38.0,58,0,10,9,2,10.62,5,3,2,3,,H,rouge,mercredi,957155,25 Sep 2024,16.33,0,"Motivation en berne, à accompagner."
ETU-00953,2024-2025,Psychologie,21,h,Technologique,P,lycee_public,N,"10,4",6.0,69.6,,38.3,51,7,8,7,2,"9,41",6,0,2,5,1,A,jaune,mercredi,133360,2024-09-11,13.39,0,Semble peu engagé dans la formation.
ETU-04982,2024-2025,gestion,20,F,Professionnel,Assez Bien,lycee_public,0,2.2,12.0,69.2,35,52.0,60,6,12,8,1,"8,85",7,3,4,3,3,A,rouge,lundi,963472,2024-09-09,12.81,0,
ETU-04969,2024-2025,Gestion,19,f,Général,Bien,lycee_prive,oui,7.2,15.0,90.8,40,68.2,74,1,9,8,6,14.53,5,4,,5,3,G,jaune,mercredi,689776,18 Sep 2024,18.35,0,
ETU-00637,2024-2025, STAPS ,19,femme,Technologique,Passable,autre,O,"14,1",16.0,86.5,28,37.0,58,10,13,10,4,14.25,7,5,5,1,2,F,gris,mardi,150512,2024-09-24,16.14,0,"Rendus souvent en retard, à relancer."
ETU-01478,2024-2025,psychologie,19,Femme,Generale,ab,cfa,Oui,"5,1",15.0,73.8,33,58.0,98,4,12,10,7,11.62,6,4,2,,1,B,gris,jeudi,110100,05 Sep 2024,14.74,0,
ETU-00786,2024-2025,PSYCHOLOGIE,20,f,GEN,passable,lycee_prive,O,27.9,24.0,97.9,30,45.1,67,3,9,6,6,9.5,7,5,3,3,2,B,jaune,lundi,224036,02 Sep 2024,12.43,0,RAS.
ETU-02580,2024-2025,gestion,23,h,Generale,B,lycee_public,oui,4.7,10.0,"75,9",17,25.5,48,3,10,7,1,10.19,6,3,1,2,1,F,jaune,mercredi,382814,18/09/2024,6.88,1,Semble peu engagé dans la formation.
ETU-00461,2024-2025,Droit,20,M,général ,Passable,lycee_public,Non,43.1,0.0,49.5,4,4.3,1,6,10,7,0,6.43,7,3,1,1,1,C,rouge,jeudi,232706,12 Sep 2024,2.19,1,Forte baisse d'assiduité ce semestre.
ETU-03998,2024-2025,GESTION,19,F,Général,passable,lycee_prive,non,"17,3",0.0,94.9,54,67.3,145,1,13,13,7,13.33,5,5,5,4,4,H,bleu,jeudi,512454,12 Sep 2024,18.89,0,Étudiant assidu et investi.
ETU-03849,2024-2025,GESTION,21,Femme,general,AB,lycee_public,non,0.9,0.0,74.2,21,33.8,52,2,12,12,2,12.22,6,2,5,4,3,H,rouge,mardi,672288,24 Sep 2024,17.27,0,
ETU-03255,2024-2025,Droit,19,F,Generale,Assez Bien,lycee_public,oui,13.9,0.0,85.4,38,59.7,78,1,8,8,4,15.63,7,5,5,4,5,C,bleu,lundi,154785,09 Sep 2024,18.83,0,"Très bon investissement, en réussite."
ETU-04375,2024-2025,DROIT,22,Femme,GEN,,lycee_public,0,"0,3",,94.0%,34,50.6,45,1,11,9,5,17.69,7,7,4,3,4,B,jaune,lundi,597452,16 Sep 2024,18.84,0,
ETU-00543,2024-2025,STAPS,20,H,general,,lycee_public,Oui,33.0 km,,"56,5",28,48.5,76,5,8,6,0,8.23,6,4,2,3,2,A,bleu,mardi,318150,17 Sep 2024,4.62,1,Semble peu engagé dans la formation.
ETU-00813,2024-2025,Biologie,20,femme,general,B,lycee_prive,N,29.6,20.0,83.9,19,24.7,49,5,10,8,5,13.43,7,2,2,4,3,B,rouge,vendredi,183696,13/09/2024,15.78,0,Semble peu engagé dans la formation.
ETU-02555,2024-2025,Psychologie,20,Homme, pro,P,lycee_public,1,11.6,8.0,99.4,57,89.1,117,1,10,10,9,"9,59",6,4,5,5,4,A,gris,vendredi,820583,20 Sep 2024,17.82,0,Très actif sur la plateforme.
ETU-00899,2024-2025,DROIT,21,F,general,ab,autre,0,"32,3",,"91,9",44,87.5,80,2,9,8,5,12.42,7,6,5,2,,H,vert,lundi,215581,23/09/2024,17.37,0,
ETU-02015,2024-2025,Psychologie,23,M,TECHNO,ab,lycee_public,non,5.6,10.0,99.6%,53,96.4,113,2,11,11,3,15.12,5,5,5,,4,H,vert,jeudi,799100,12 Sep 2024,19.29,0,Étudiant assidu et investi.
ETU-02381,2024-2025,Informatique,19,F, pro,AB,autre,1,38.0,12.0,84.3,43,56.2,132,5,10,7,0,"12,47",6,2,5,5,1,A,gris,jeudi,702596,2024-09-05,16.83,0,
ETU-03772,2024-2025,Gestion,17,Femme,GEN,passable,lycee_prive,1,"14,8",0.0,"82,8",28,55.3,71,4,11,10,4,8.99,5,4,3,4,2,B,jaune,jeudi,631712,05 Sep 2024,14.75,0,
ETU-02332,2024-2025,Informatique,18,M,Generale,passable,lycee_public,0,54.4 km,12.0,"95,2",26,55.8,57,2,8,8,4,13.22,6,3,3,2,1,E,gris,jeudi,574279,2024-09-12,17.21,0,
ETU-04039,2024-2025,STAPS,18,F,techno,B,lycee_public,0,8.7,,73.1%,45,97.8,99,5,11,8,2,12.8,5,2,3,4,,E,rouge,vendredi,290957,13/09/2024,16.79,0,Suivi sans particularité.
ETU-03623,2024-2025,BIOLOGIE,18,Homme,pro,passable,lycee_public,Non,,13.0,78.4,25,38.0,40,4,13,10,2,9.42,5,1,2,4,2,H,vert,mercredi,639179,2024-09-04,13.56,0,"Motivation en berne, à accompagner."
ETU-02223,2024-2025,STAPS,20,F,Generale,ab,lycee_public,1,1.7 km,5.0,92.1,34,54.3,70,1,8,7,7,"13,52",6,2,4,3,,D,bleu,jeudi,358317,19 Sep 2024,18.81,0,
ETU-00387,2024-2025,lettres,21,H,GEN,ab,lycee_public,O,"14,4",0.0,75.8,,38.8,65,7,9,7,1,"9,68",6,5,2,2,3,A,gris,mercredi,842918,04 Sep 2024,7.25,1,
ETU-00187,2024-2025,LETTRES,20,Femme,general,AB,lycee_public,non,1.6,0.0,73.3,19,57.2,38,7,10,8,1,10.92,6,2,3,2,4,H,jaune,mardi,477069,2024-09-03,15.58,0,
ETU-00454,2024-2025,Mathematiques,24,M,général ,Passable,,non,14.2,26.0,85.8,30,41.6,84,3,13,11,3,"13,07",7,7,4,3,3,D,jaune,mardi,107879,24/09/2024,15.71,0,Travail sérieux et régulier.
ETU-02777,2024-2025,informatique,21,F,PRO,Bien,lycee_public,non,12.8 km,6.0,"75,2",20,27.8,27,2,8,6,2,7.77,6,3,3,3,3,E,jaune,jeudi,492216,26 Sep 2024,4.63,1,Résultats fragiles aux partiels.
ETU-04552,2024-2025,STAPS,18,H,general,Passable,lycee_prive,N,60.3 km,,85.0%,54,82.6,128,2,10,8,9,"11,65",7,6,5,5,2,C,rouge,mardi,550992,2024-09-17,17.06,0,
ETU-00499,2024-2025,MATHEMATIQUES,19,femme,techno,,lycee_public,O,17.1,23.0,"80,6",28,48.6,52,2,11,10,2,4.9,6,1,3,3,4,H,bleu,jeudi,340362,2024-09-12,12.6,0,
ETU-04697,2024-2025,psychologie,21,femme,techno,ab,lycee_public,oui,"1,7",20.0,"89,8",38,68.5,111,3,9,9,2,"11,54",6,4,4,3,2,B,jaune,mardi,897038,24 Sep 2024,16.24,0,
ETU-05185,2024-2025,Mathematiques,19,H,général ,Assez Bien,lycee_public,non,6.1,17.0,"89,4",65,91.8,154,0,10,10,13,13.84,5,5,4,5,5,F,rouge,mardi,950184,17 Sep 2024,19.58,0,
ETU-03462,2024-2025,Biologie,20,H,Generale,TB,lycee_public,0,4.2,,60.0,10,9.8,16,6,8,6,1,9.35,7,5,2,4,2,G,rouge,jeudi,705687,19 Sep 2024,5.95,1,Engagement en ligne très faible.
ETU-02019,2024-2025,Droit,21,femme,general,B,lycee_public,non,43.3,21.0,78.0,14,13.5,37,4,13,12,1,13.3,6,6,4,4,2,B,rouge,jeudi,836380,05/09/2024,16.02,0,"Bon semestre, résultats solides."
ETU-03643,2024-2025,Psychologie,19,Femme,Technologique,Bien,lycee_public,oui,25.7,0.0,77.6,46,92.6,120,6,9,7,3,"11,61",7,3,4,4,1,C,vert,vendredi,282016,2024-09-06,16.99,0,Engagement en ligne remarquable.
ETU-01702,2024-2025,psychologie,18,h,Général,Assez Bien,lycee_prive,0,27.3,0.0,"75,6",26,36.2,38,6,9,7,1,11.23,6,6,3,3,4,B,rouge,jeudi,568861,2024-09-05,15.22,0,RAS.
ETU-03396,2024-2025,STAPS,21,M,TECHNO,passable,lycee_public,non,6.3,15.0,91.6,30,38.1,76,5,10,10,4,"11,09",5,3,3,5,3,D,jaune,mercredi,536708,11 Sep 2024,16.21,0,
ETU-01182,2024-2025,STAPS,21,M,Général,ab,lycee_public,Non,"4,0",,86.9,21,39.5,48,8,12,9,1,"8,17",6,4,3,2,2,C,gris,vendredi,611346,2024-09-13,11.72,0,Plusieurs travaux remis hors délai.
ETU-02418,2024-2025,Droit,18,h,GEN,Très Bien,,1,10.2 km,11.0,71.5,30,46.6,70,2,12,9,0,"8,44",6,4,2,2,2,E,gris,jeudi,465253,26 Sep 2024,15.53,0,
ETU-05116,2024-2025,Lettres,21,F,Général,Assez Bien,lycee_public,Non,17.2,4.0,54.8,29,31.9,58,6,8,6,1,"13,54",6,3,3,2,3,H,vert,lundi,687051,02 Sep 2024,8.49,1,
ETU-02089,2024-2025,Mathematiques,18,h,TECHNO,Assez Bien,lycee_public,Oui,"24,3",0.0,89.3,39,58.4,104,2,10,10,3,"13,9",5,3,4,4,4,B,rouge,mardi,557978,17/09/2024,17.78,0,
ETU-04329,2024-2025,Informatique,21,h,Generale,Passable,lycee_prive,N,,7.0,70.1,3,7.4,22,7,13,10,0,8.22,6,3,1,3,2,A,rouge,mercredi,242527,2024-09-25,3.86,1,Engagement en ligne très faible.
ETU-04383,2024-2025,biologie,21,H,Generale,ab,lycee_prive,Oui,1.6,9.0,84.0,53,69.4,103,2,8,8,9,,5,5,4,4,5,B,gris,mardi,993971,2024-09-10,19.22,0,
ETU-00528,2024-2025,informatique,20,f,techno,AB,lycee_prive,0,31.0,15.0,70.1,39,46.8,87,3,12,11,6,"12,7",6,4,5,3,2,E,vert,lundi,571231,09/09/2024,16.41,0,
ETU-02112,2024-2025, Informatique ,21,F,général ,passable,lycee_public,oui,4.8,,97.2%,13,13.7,27,4,12,12,3,10.82,5,4,2,,3,B,rouge,lundi,159227,23/09/2024,16.28,0,Semble peu engagé dans la formation.
ETU-00428,2024-2025,lettres,23,Homme,Generale,Passable,lycee_public,N,39.9,0.0,62.5,,56.0,92,5,8,7,6,10.41,5,2,4,4,1,G,rouge,lundi,220326,23 Sep 2024,14.02,0,
ETU-02545,2024-2025,Gestion,19,H,TECHNO,AB,lycee_public,0,6.7,15.0,76.5%,8,21.2,30,7,8,7,4,10.07,6,4,2,3,4,H,bleu,jeudi,330181,26/09/2024,7.02,1,
ETU-00553,2024-2025,psychologie,20,f,Generale,Très Bien,,Non,20.0,0.0,"94,0",38,44.8,74,2,13,9,4,"13,86",7,7,3,3,2,H,vert,vendredi,585041,2024-09-06,17.41,0,Étudiant assidu et investi.
ETU-03960,2024-2025,biologie,18,F,GEN,ab,lycee_prive,Oui,,9.0,61.3,13,10.6,53,7,12,10,0,13.16,6,6,4,1,1,G,jaune,jeudi,241356,2024-09-05,13.78,0,Profil dans la moyenne.
ETU-04501,2024-2025,Biologie,18,femme,techno,B,lycee_public,Non,14.1,7.0,69.2,28,38.5,59,6,13,11,0,"10,28",6,3,5,,2,D,rouge,jeudi,706021,12/09/2024,14.22,0,Profil dans la moyenne.
ETU-01109,2024-2025,Gestion,22,M,Generale,B,lycee_public,non,,18.0,81.9,39,37.5,70,2,13,12,4,"15,47",6,6,5,3,3,D,gris,mardi,912928,2024-09-17,18.73,0,Travail sérieux et régulier.
ETU-01529,2024-2025,mathematiques,18,F,general,P,lycee_prive,non,30.2,,75.3,36,70.7,116,4,10,10,6,6.23,6,1,4,4,4,B,gris,mercredi,475111,18/09/2024,13.38,0,
ETU-00670,2024-2025,Gestion,19,Homme,TECHNO,P,lycee_public,non,,21.0,38.3%,17,17.5,24,0,12,8,0,8.79,5,2,2,3,1,C,gris,mercredi,348464,25/09/2024,3.72,1,Forte baisse d'assiduité ce semestre.
ETU-03426,2024-2025,psychologie,20,h,Professionnel,P,lycee_public,1,"13,0",22.0,85.2,20,34.6,35,2,9,6,0,10.33,6,2,3,3,4,E,rouge,mardi,180784,2024-09-10,11.75,0,
ETU-04759,2024-2025,droit,18,M,Technologique,,lycee_public,non,4.2,8.0,86.8%,53,68.1,96,3,13,13,13,"9,68",6,5,4,4,,C,gris,mardi,341191,10/09/2024,17.4,0,
ETU-00312,2024-2025,Gestion,21,femme,général ,P,lycee_public,0,6.6,15.0,"82,0",24,31.7,45,2,9,8,1,14.38,5,5,5,4,1,H,gris,vendredi,801154,13 Sep 2024,17.91,0,
ETU-04153,2024-2025,Mathematiques,20,H,TECHNO,Assez Bien,lycee_public,0,77.0,8.0,80.5,29,50.3,50,4,11,8,3,,5,3,,3,1,B,rouge,mercredi,701494,2024-09-04,4.59,1,Résultats fragiles aux partiels.
ETU-01178,2024-2025,STAPS,20,Homme,Generale,ab,,O,"12,2",17.0,70.3,34,36.3,81,6,8,7,1,"13,45",6,6,,3,3,H,jaune,lundi,914462,2024-09-16,14.24,0,Profil dans la moyenne.
ETU-00785,2024-2025, Gestion ,20,M,GEN,passable,lycee_prive,Oui,56.0,12.0,"90,9",,61.3,63,0,11,9,7,15.5,7,5,5,5,3,F,jaune,mardi,588820,24 Sep 2024,18.21,0,
ETU-01719,2024-2025, STAPS ,21,f,techno,AB,lycee_public,oui,8.8,0.0,76.7%,23,50.2,31,5,13,10,3,12.62,5,3,,3,1,G,jaune,jeudi,493810,05/09/2024,15.28,0,Travail sérieux et régulier.
ETU-00231,2024-2025,Droit,17,Homme,Général,Bien,lycee_public,non,8.9,8.0,52.4%,22,29.1,61,4,12,9,0,9.7,6,2,2,,4,E,rouge,vendredi,611751,13 Sep 2024,5.88,1,Forte baisse d'assiduité ce semestre.
ETU-01207,2024-2025,Lettres,18,Autre,general,Passable,lycee_public,N,4.4,23.0,"71,1",26,24.6,65,2,10,7,4,"13,47",6,4,3,4,1,D,vert,mercredi,402736,04 Sep 2024,8.69,1,
ETU-02060,2024-2025,STAPS,19,f,techno,AB,lycee_public,1,0.7 km,12.0,68.3,16,26.7,33,4,10,9,0,5.0,7,3,2,2,1,F,bleu,mardi,676538,24/09/2024,1.4,1,En difficulté sur les évaluations.
ETU-04961,2024-2025,Gestion,18,Femme,Technologique,P,lycee_prive,0,24.9,0.0,"74,5",31,54.0,85,1,11,11,2,9.2,5,4,3,3,3,E,bleu,mercredi,114672,18 Sep 2024,13.73,0,
ETU-02168,2024-2025,Informatique,19,h,pro,TB,lycee_public,N,29.4,,73.7,28,41.7,54,2,10,8,3,6.91,7,1,4,3,2,E,bleu,lundi,123588,02 Sep 2024,5.56,1,
ETU-00300,2024-2025,LETTRES,20,f,Général,tres bien,,O,11.8,,78.0,11,20.9,22,3,13,12,1,10.01,6,4,4,4,3,B,bleu,jeudi,450744,26 Sep 2024,14.45,0,Peu actif sur la plateforme.
ETU-02400,2024-2025,Psychologie,21,H,Professionnel,ab,lycee_public,Non,,16.0,75.2,29,45.3,71,2,12,9,4,9.17,7,2,3,5,2,E,gris,mardi,252135,17 Sep 2024,13.2,0,
ETU-04727,2024-2025,Droit,19,femme,général ,ab,lycee_public,O,39.5,0.0,85.0%,40,71.3,88,4,8,6,4,9.25,6,3,4,,3,D,vert,jeudi,324822,12/09/2024,15.26,0,Profil dans la moyenne.
ETU-02454,2024-2025,Psychologie,18,F,GEN,B,lycee_public,Non,26.2,,54.1%,0,0.0,0,7,11,7,0,7.81,6,4,3,2,1,D,vert,mercredi,802593,25/09/2024,2.79,1,Forte baisse d'assiduité ce semestre.
ETU-03480,2024-2025,Informatique,20,h,Generale,,lycee_public,Non,2.3,7.0,71.7%,,7.6,9,4,8,6,0,"6,9",6,3,3,3,3,B,vert,vendredi,663705,20 Sep 2024,11.94,0,Résultats fragiles aux partiels.
ETU-02101,2024-2025,Informatique,20,f,GEN,B,lycee_public,non,21.7,8.0,68.0%,39,70.5,69,2,9,8,4,13.9,6,4,5,4,4,D,gris,mardi,655255,24 Sep 2024,18.71,0,
ETU-02430,2024-2025, Gestion ,24,F, pro,ab,lycee_prive,1,31.2,26.0,83.0%,14,31.1,28,4,9,7,3,10.09,5,3,,4,1,F,rouge,mercredi,680535,11 Sep 2024,5.4,1,
ETU-05078,2024-2025,biologie,20,femme,Technologique,tres bien,cfa,non,7.7,19.0,70.7%,8,3.1,5,6,9,6,0,"10,73",7,4,1,2,1,A,vert,lundi,209908,23/09/2024,6.65,1,Engagement en ligne très faible.
ETU-04520,2024-2025, Psychologie ,17,Femme,général ,Bien,autre,0,5.6,18.0,"79,9",45,74.0,113,2,8,7,9,"10,55",5,5,3,4,4,H,vert,mercredi,743607,04 Sep 2024,18.23,0,
ETU-04793,2024-2025,Biologie,21,f,général ,tres bien,lycee_public,0,36.0 km,,74.8,29,41.9,71,5,8,5,0,13.33,5,2,3,4,3,F,gris,mercredi,204151,25 Sep 2024,15.86,0,Suivi sans particularité.
ETU-01026,2024-2025,Gestion,19,M,general,Passable,lycee_prive,non,2.8,6.0,73.6,31,42.4,70,4,10,9,2,6.24,6,3,2,4,4,H,vert,lundi,962921,23 Sep 2024,11.45,0,En difficulté sur les évaluations.
ETU-00539,2024-2025, Mathematiques ,17,H,Generale,P,lycee_public,Oui,3.4,0.0,72.1,21,25.6,42,3,8,6,2,4.77,6,3,3,1,3,B,rouge,mercredi,667693,11/09/2024,10.65,0,En difficulté sur les évaluations.
ETU-05129,2024-2025,Gestion,20,F,GEN,Assez Bien,,Non,"11,5",3.0,94.7%,29,40.1,36,1,10,10,7,14.11,5,2,4,4,3,E,bleu,mardi,702481,2024-09-03,17.44,0,
ETU-02712,2024-2025,Droit,21,Femme,général ,passable,lycee_public,Non,0.6,14.0,"82,6",32,51.0,67,4,10,8,3,12.15,5,4,3,2,4,D,vert,mercredi,967751,2024-09-18,15.06,0,Travail sérieux et régulier.
ETU-02561,2024-2025,DROIT,20,f,techno,Assez Bien,lycee_public,N,5.8 km,13.0,69.0,41,65.0,76,4,9,9,2,12.29,6,5,3,5,3,C,bleu,mardi,780779,2024-09-17,15.68,0,RAS.
ETU-01550,2024-2025, Mathematiques ,20,femme,GEN,passable,cfa,Oui,6.8,24.0,60.5%,8,10.1,15,6,9,6,0,"8,49",7,3,2,3,,A,jaune,vendredi,312986,2024-09-20,2.18,1,
ETU-03443,2024-2025,Droit,20,NB,Technologique,Assez Bien,lycee_public,Oui,24.7,13.0,86.2,47,55.2,72,2,13,13,6,"16,33",6,6,4,3,2,H,vert,jeudi,202362,12/09/2024,18.59,0,
ETU-03821,2024-2025,Droit,22,Homme,général ,B,lycee_prive,oui,9.6,8.0,"78,1",22,32.2,63,7,13,10,2,13.63,6,4,3,3,2,D,jaune,mardi,561404,10/09/2024,15.98,0,"Bon semestre, résultats solides."
ETU-03096,2024-2025,LETTRES,18,f,général ,P,lycee_prive,O,1.7,7.0,73.2,30,43.3,82,3,13,10,3,9.82,6,2,3,3,4,C,vert,vendredi,201269,27 Sep 2024,16.46,0,
ETU-00797,2024-2025,mathematiques,22,Femme,Général,passable,lycee_public,non,1.1,7.0,98.4,41,56.6,103,2,12,10,7,"11,03",5,4,5,3,,C,gris,jeudi,761128,19/09/2024,15.84,0,Engagement en ligne remarquable.
ETU-05077,2024-2025,Lettres,20,F,GEN,tres bien,lycee_public,O,15.7,5.0,73.9,6,6.2,16,2,10,7,2,13.09,5,4,3,4,,C,jaune,jeudi,561893,12/09/2024,14.77,0,Peu actif sur la plateforme.
ETU-04506,2024-2025,Psychologie,23,M, pro,Passable,lycee_public,non,"16,9",,70.2,19,24.8,37,4,11,7,2,"8,28",5,2,1,3,2,E,jaune,jeudi,870925,26 Sep 2024,3.41,1,
ETU-03612,2024-2025,informatique,18,Femme,general,Bien,autre,Non,16.1,28.0,76.0,30,53.1,57,5,9,8,3,15.75,5,4,2,4,3,G,jaune,jeudi,662547,2024-09-26,17.63,0,
ETU-03163,2024-2025,STAPS,21,f,général ,P,lycee_prive,oui,6.0,,74.5,36,45.1,55,3,11,7,4,"12,87",5,3,3,3,2,C,vert,lundi,823917,02/09/2024,8.39,1,
ETU-04929,2024-2025,informatique,23,femme,general,Assez Bien,lycee_public,Oui,38.6,6.0,"97,3",52,106.0,114,0,11,10,4,13.08,6,6,,5,4,D,bleu,vendredi,663671,27/09/2024,18.57,0,Étudiant assidu et investi.
ETU-03082,2024-2025,Informatique,17,femme,GEN,Bien,lycee_public,0,5.6,0.0,57.0%,3,0.7,1,6,12,7,0,8.33,6,5,1,2,,A,rouge,jeudi,698339,2024-09-12,3.39,1,Peu actif sur la plateforme.
ETU-04016,2024-2025,Psychologie,19,F,Technologique,Passable,autre,oui,16.9,0.0,94.3%,63,121.7,120,1,10,10,6,"8,72",6,2,3,4,3,C,gris,mercredi,412349,25 Sep 2024,16.69,0,Très actif sur la plateforme.
ETU-04512,2024-2025,INFORMATIQUE,19,F,Technologique,AB,lycee_public,0,33.2,13.0,"77,7",26,34.3,58,5,8,7,2,6.74,6,3,3,4,1,H,gris,mardi,757217,17 Sep 2024,14.09,0,En difficulté sur les évaluations.
ETU-05199,2024-2025,Informatique,18,f,techno,P,lycee_public,N,,17.0,83.4,27,40.8,77,5,12,9,5,"11,13",5,3,3,4,4,G,gris,vendredi,588543,06/09/2024,15.57,0,Profil dans la moyenne.
ETU-01617,2024-2025,STAPS,26,femme,TECHNO,P,lycee_prive,Oui,30.2,11.0,74.7,25,30.3,53,3,9,7,6,"12,88",6,6,4,3,2,G,jaune,mercredi,585017,18 Sep 2024,13.82,0,
ETU-04157,2024-2025,Biologie,20,Femme,techno,passable,,0,6.2,6.0,86.1,37,32.6,111,2,11,11,2,9.22,6,5,4,2,4,E,vert,mardi,420370,2024-09-17,13.26,0,
ETU-01820,2024-2025, Biologie ,19,Homme,TECHNO,Assez Bien,autre,O,5.5,0.0,79.5,28,58.5,67,4,13,10,2,11.36,7,5,3,5,3,D,jaune,vendredi,386301,20/09/2024,14.89,0,
ETU-04394,2024-2025,informatique,17,h,TECHNO,Assez Bien,lycee_public,oui,"20,5",18.0,70.1%,30,29.1,66,2,9,9,6,13.97,7,5,3,5,1,E,jaune,vendredi,809577,2024-09-06,16.96,0,RAS.
ETU-00367,2024-2025,DROIT,18,Femme,GEN,tres bien,lycee_public,non,21.1,13.0,"89,2",46,76.4,85,1,10,9,1,11.96,5,1,4,4,4,F,gris,mardi,893144,17/09/2024,15.55,0,
ETU-02043,2024-2025,staps,24,Homme,général ,AB,lycee_public,N,3.4,10.0,66.3,15,11.5,29,2,11,8,0,"9,11",5,2,4,3,3,F,gris,lundi,326143,09 Sep 2024,4.66,1,
ETU-04612,2024-2025,Gestion,24,Femme,general,AB,lycee_public,N,12.1,,"68,9",23,25.0,58,3,8,6,2,"12,43",5,3,3,3,3,A,vert,lundi,203179,09 Sep 2024,16.06,0,
ETU-02690,2024-2025, Biologie ,17,Femme,Technologique,passable,lycee_prive,oui,17.5,26.0,"82,9",31,54.7,51,5,9,7,2,6.77,6,4,2,2,2,E,rouge,mercredi,158533,04/09/2024,11.85,0,En difficulté sur les évaluations.
ETU-02002,2024-2025,Droit,18,h,techno,,lycee_public,0,"29,0",10.0,75.4,43,61.4,73,2,9,9,0,"9,78",7,6,3,3,3,B,rouge,mardi,921823,03/09/2024,15.39,0,Engagement en ligne remarquable.
ETU-04651,2024-2025,PSYCHOLOGIE,19,F,PRO,passable,lycee_prive,N,"2,9",13.0,66.9,8,19.1,26,3,12,11,3,6.46,6,2,3,4,2,C,gris,mardi,970549,03/09/2024,12.02,0,Résultats fragiles aux partiels.
ETU-00532,2024-2025, Psychologie ,18,M,Général,Assez Bien,autre,Oui,13.5,23.0,87.3%,40,73.9,100,0,11,10,6,10.24,6,2,4,4,4,E,bleu,vendredi,940421,06/09/2024,15.93,0,
ETU-01473,2024-2025,droit,19,Femme,général ,P,lycee_public,1,3.6,12.0,78.9,54,77.2,148,2,8,8,5,9.87,6,3,4,3,3,E,rouge,lundi,368839,09/09/2024,15.26,0,Engagement en ligne remarquable.
ETU-02885,2024-2025,Mathematiques,19,M,Général,TB,lycee_prive,1,1.6,26.0,72.7%,43,68.2,101,6,12,11,1,15.98,7,7,5,5,3,D,bleu,vendredi,391236,2024-09-13,18.43,0,RAS.
ETU-02498,2024-2025,Mathematiques,18,femme,GEN,Passable,lycee_public,1,12.8,0.0,65.1,15,24.1,43,5,10,6,1,11.05,5,3,4,4,3,C,rouge,jeudi,910710,12/09/2024,15.38,0,
ETU-03810,2024-2025,Informatique,20,F,GEN,Très Bien,lycee_public,non,"5,2",8.0,58.7,35,65.5,60,6,10,9,3,"11,1",6,4,3,3,1,G,gris,lundi,989411,16 Sep 2024,15.14,0,Suivi sans particularité.
ETU-00817,2024-2025,Biologie,19,femme,Général,Assez Bien,lycee_prive,oui,"37,7",24.0,57.3,21,39.7,30,3,12,10,2,"11,65",6,3,4,4,1,F,rouge,mardi,235026,2024-09-24,14.44,0,
ETU-04757,2024-2025,psychologie,20,F,général ,passable,lycee_prive,N,9.0,13.0,79.9,23,28.5,47,4,8,7,0,13.06,5,3,3,,3,D,gris,mercredi,231426,11 Sep 2024,16.48,0,Travail sérieux et régulier.
ETU-02250,2024-2025,STAPS,22,femme,GEN,Très Bien,lycee_public,Oui,6.4,21.0,94.4%,44,98.1,125,0,12,12,12,15.1,7,6,5,4,3,B,bleu,mardi,574666,03 Sep 2024,19.68,0,
ETU-00658,2024-2025,Psychologie,20,H,Generale,B,,1,0.8,16.0,95.5,35,74.9,53,2,11,10,5,12.33,7,4,5,4,3,C,vert,lundi,523005,23/09/2024,16.62,0,
ETU-02654,2024-2025, Gestion ,18,h,general,Très Bien,cfa,Non,,18.0,71.8,55,87.1,102,4,8,7,6,"15,58",6,5,4,4,1,H,bleu,mardi,763300,03/09/2024,19.2,0,
ETU-04019,2024-2025,Droit,19,femme,PRO,Passable,lycee_public,N,4.2,11.0,84.2,20,22.4,19,5,11,9,3,,5,2,3,3,4,C,rouge,mercredi,972321,2024-09-18,13.77,0,
ETU-01394,2024-2025,STAPS,21,Homme,PRO,TB,lycee_prive,non,8.3,23.0,70.3,24,26.0,59,5,12,8,0,10.97,6,6,1,5,3,H,vert,mercredi,682400,2024-09-04,14.42,0,
ETU-02753,2024-2025,informatique,17,femme,Professionnel,,lycee_public,Non,12.9,10.0,96.3%,24,26.4,38,1,11,11,4,5.66,5,2,3,3,,C,bleu,jeudi,672116,19/09/2024,12.81,0,
ETU-02263,2024-2025,Lettres,20,NR,TECHNO,passable,lycee_public,oui,"16,8",,97.9,26,51.5,40,4,8,7,5,8.74,6,2,4,4,3,H,bleu,lundi,638996,2024-09-23,12.87,0,
ETU-03894,2024-2025,Informatique,17,H,GEN,P,,Non,14.5,0.0,87.8,46,81.8,81,1,11,11,2,15.32,6,4,4,3,3,B,jaune,lundi,821979,2024-09-09,18.27,0,
ETU-00744,2024-2025,Psychologie,18,f,Generale,passable,lycee_prive,non,,0.0,"72,2",10,15.7,18,5,8,5,1,10.31,6,3,3,3,2,C,jaune,lundi,328719,09 Sep 2024,5.83,1,Engagement en ligne très faible.
ETU-00091,2024-2025, Gestion ,21,Femme,GEN,Bien,lycee_public,0,1.6,3.0,66.5%,3,6.6,20,6,13,9,0,,6,5,1,3,2,A,vert,mardi,154430,2024-09-17,5.39,1,Peu actif sur la plateforme.
ETU-04740,2024-2025,Biologie,19,Homme,général ,passable,lycee_public,1,3.4,10.0,69.8,32,47.0,62,4,8,6,0,10.3,6,3,2,2,3,B,jaune,mardi,506765,2024-09-24,7.63,1,
ETU-04712,2024-2025,Droit,18,h,Technologique,Bien,lycee_public,0,"28,1",0.0,59.6,8,9.6,20,6,13,6,1,7.1,6,2,2,3,2,B,rouge,lundi,778742,16 Sep 2024,3.22,1,Résultats fragiles aux partiels.
ETU-00853,2024-2025,droit,22,F,GEN,passable,lycee_public,0,7.5,14.0,"85,0",,26.3,78,4,11,8,4,9.33,5,2,3,,3,H,jaune,vendredi,210172,13/09/2024,13.09,0,RAS.
ETU-02648,2024-2025,Mathematiques,18,F,TECHNO,Très Bien,lycee_public,Oui,"10,6",9.0,82.8,28,52.2,82,2,9,7,5,"10,86",6,5,3,4,3,F,jaune,mercredi,928301,25/09/2024,16.89,0,
ETU-02379,2024-2025, Droit ,20,M, pro,passable,lycee_public,N,5.0,23.0,62.6%,14,17.9,40,7,11,7,0,"8,7",6,3,2,4,2,B,gris,mardi,337209,2024-09-17,3.76,1,
ETU-03095,2024-2025,GESTION,24,F,Technologique,Bien,lycee_public,Non,38.2,11.0,"94,1",41,39.9,91,1,10,10,5,13.37,5,4,3,4,4,F,bleu,mercredi,647319,2024-09-04,16.74,0,
ETU-03220,2024-2025, Mathematiques ,22,f,general,Passable,lycee_public,non,,11.0,77.3,25,45.5,39,6,11,9,3,,5,2,3,1,3,H,jaune,mardi,162847,17/09/2024,8.43,1,"Bon semestre, résultats solides."
ETU-01069,2024-2025,Informatique,23,f,TECHNO,Assez Bien,cfa,Non,57.8 km,23.0,67.0,24,33.6,69,4,10,7,2,7.71,6,4,2,1,1,H,bleu,mardi,546300,2024-09-03,4.2,1,Résultats fragiles aux partiels.
ETU-04159,2024-2025,STAPS,22,h,Technologique,AB,lycee_public,O,20.4,0.0,87.8,27,38.1,65,2,8,7,6,13.85,5,5,5,4,2,G,bleu,vendredi,152055,13 Sep 2024,16.49,0,Travail sérieux et régulier.
ETU-02237,2024-2025, Psychologie ,19,F,Général,TB,lycee_prive,Non,0.9 km,,"89,1",48,107.7,109,3,10,9,6,17.27,7,7,5,3,4,C,gris,jeudi,512919,12 Sep 2024,19.33,0,
ETU-00348,2024-2025,Lettres,21,f,TECHNO,Assez Bien,lycee_public,1,"10,1",14.0,61.0,28,36.0,52,7,11,7,0,9.31,6,5,1,,2,G,rouge,jeudi,800616,12/09/2024,6.14,1,"Motivation en berne, à accompagner."
ETU-02106,2024-2025,Psychologie,18,Homme,Général,ab,cfa,oui,18.7,11.0,71.8,30,47.6,55,3,9,6,2,12.51,6,6,3,3,2,A,bleu,mercredi,392065,2024-09-18,15.63,0,Profil dans la moyenne.
ETU-01821,2024-2025,Biologie,17,H,GEN,passable,cfa,N,"22,5",3.0,97.2%,27,45.9,60,3,12,11,6,"17,4",7,7,5,5,2,E,rouge,lundi,215348,23 Sep 2024,19.49,0,
ETU-03216,2024-2025, Lettres ,21,Femme,GEN,passable,lycee_public,oui,9.9 km,0.0,87.9,27,44.6,51,8,9,8,2,16.31,6,6,4,2,3,B,bleu,lundi,324499,23/09/2024,18.38,0,Plusieurs travaux remis hors délai.
ETU-03717,2024-2025,STAPS,21,f,general,passable,lycee_public,oui,14.6 km,4.0,97.9,22,26.4,39,2,10,8,7,12.31,5,3,4,4,4,C,jaune,vendredi,106723,06/09/2024,17.06,0,
ETU-03574,2024-2025,Informatique,19,femme, pro,Passable,cfa,0,4.1,0.0,"77,2",22,45.8,47,4,10,8,1,4.97,5,2,2,5,2,A,vert,mardi,336058,24 Sep 2024,3.53,1,
ETU-02664,2024-2025, Biologie ,18,H,Général,Bien,lycee_public,Non,1.1,8.0,90.1%,18,37.3,44,3,13,9,2,"13,02",6,4,4,3,3,B,rouge,mardi,417955,2024-09-17,15.98,0,"Bon semestre, résultats solides."
ETU-00390,2024-2025,STAPS,17,f,PRO,Passable,lycee_public,oui,17.5 km,0.0,62.3%,3,4.6,4,7,10,7,0,"6,67",6,3,1,5,3,G,gris,mercredi,976660,2024-09-18,2.33,1,
ETU-03802,2024-2025,Lettres,18,F,général ,passable,lycee_public,Non,0.2,10.0,70.7%,3,0.3,23,9,13,10,2,12.76,6,3,,2,3,E,bleu,vendredi,817491,20 Sep 2024,8.23,1,
ETU-01930,2024-2025,STAPS,21,F,general,passable,,Non,29.3,8.0,68.2,,66.2,53,1,9,8,5,"11,46",6,6,4,3,4,A,rouge,lundi,719157,2024-09-09,16.94,0,
ETU-00332,2024-2025,STAPS,21,H,TECHNO,Bien,lycee_public,Non,13.5,25.0,83.9,13,24.7,22,5,8,8,2,8.23,7,2,4,2,3,E,bleu,jeudi,651893,19 Sep 2024,4.96,1,
ETU-00197,2024-2025, Mathematiques ,21,F,Général,B,lycee_public,non,12.3,25.0,"89,9",15,18.1,41,7,9,7,5,13.43,5,3,3,2,3,D,bleu,lundi,444026,09 Sep 2024,16.49,0,Travail sérieux et régulier.
ETU-02469,2024-2025, Mathematiques ,21,f,Generale,,lycee_prive,non,24.8,23.0,77.7,13,23.6,20,0,10,7,5,8.67,7,1,3,3,4,B,jaune,mardi,195890,2024-09-10,11.69,0,
ETU-04877,2024-2025,gestion,22,h,GEN,TB,lycee_public,1,11.3 km,26.0,78.4,36,27.5,60,3,13,11,2,"13,13",5,4,2,4,3,H,rouge,mercredi,303367,11 Sep 2024,17.31,0,Semble peu engagé dans la formation.
ETU-02792,2024-2025,DROIT,19,H,GEN,Assez Bien,cfa,non,"77,1",13.0,84.5%,35,43.2,84,3,9,7,0,10.89,5,4,3,5,1,G,gris,vendredi,979336,2024-09-20,13.94,0,Suivi sans particularité.
ETU-01689,2024-2025,Informatique,19,H,Technologique,P,lycee_public,O,36.5,,"89,6",57,66.2,144,0,9,9,14,15.48,6,6,5,5,2,B,bleu,vendredi,748205,20/09/2024,19.58,0,
ETU-04413,2024-2025,Gestion,21,f,GEN,passable,lycee_prive,oui,14.2,0.0,83.6%,26,25.6,50,7,11,8,4,"9,16",5,4,3,3,3,B,bleu,jeudi,999961,2024-09-19,13.94,0,Profil dans la moyenne.
ETU-00621,2024-2025,Psychologie,18,F,TECHNO,P,lycee_public,non,3.1,19.0,93.4,37,30.5,57,6,11,11,1,6.94,7,1,2,3,5,G,vert,mardi,233312,2024-09-03,14.04,0,En difficulté sur les évaluations.
ETU-04353,2024-2025,STAPS,20,H,GEN,ab,lycee_public,1,0.4,0.0,"65,1",3,7.3,19,4,9,6,0,"7,95",7,3,3,,1,B,vert,lundi,272309,16/09/2024,3.88,1,Résultats fragiles aux partiels.
ETU-00341,2024-2025, Informatique ,17,H,general,TB,lycee_public,0,28.8,0.0,"62,8",3,4.9,4,4,9,4,0,11.11,5,4,2,,1,F,jaune,jeudi,278908,19 Sep 2024,5.42,1,
ETU-04694,2024-2025,PSYCHOLOGIE,18,f,GEN,P,lycee_prive,O,7.7,10.0,84.1%,26,43.8,39,3,13,10,3,8.14,7,2,5,5,,G,vert,lundi,930278,02/09/2024,16.27,0,Suivi sans particularité.
ETU-02312,2024-2025,PSYCHOLOGIE,20,femme, pro,AB,lycee_public,Oui,"1,8",13.0,64.8,15,25.9,37,3,11,10,2,7.04,6,2,3,5,3,F,gris,mardi,738770,2024-09-17,10.03,0,
ETU-03657,2024-2025,GESTION,19,H,Technologique,Bien,lycee_public,0,2.2,9.0,54.5,0,0.0,0,5,9,5,0,12.47,6,6,2,3,2,B,bleu,mardi,109275,10 Sep 2024,14.53,0,Forte baisse d'assiduité ce semestre.
ETU-04107,2024-2025, Droit ,20,Femme,Général,TB,lycee_public,N,"13,9",14.0,73.0,27,44.8,46,7,10,7,3,12.81,7,6,4,4,2,H,gris,mardi,654839,2024-09-17,7.87,1,
ETU-01828,2024-2025, STAPS ,23,NB,GEN,Passable,lycee_public,0,7.1 km,5.0,89.0,58,60.9,131,2,12,11,3,11.2,6,4,4,,,A,jaune,mardi,244465,10 Sep 2024,17.25,0,
ETU-02219,2024-2025,Informatique,18,Homme,Generale,P,lycee_public,0,7.1,7.0,"77,2",18,23.1,46,3,11,8,2,14.41,5,4,3,3,2,B,bleu,jeudi,235098,26 Sep 2024,9.21,1,
ETU-00275,2024-2025, Psychologie ,23,F,TECHNO,ab,lycee_public,oui,5.6,16.0,78.0,50,66.8,82,0,9,8,7,12.83,5,3,4,4,4,B,jaune,lundi,885868,2024-09-16,17.25,0,Engagement en ligne remarquable.
ETU-00299,2024-2025,STAPS,18,H,GEN,Assez Bien,,Oui,,8.0,84.9,34,57.1,76,2,10,9,5,"13,98",6,6,4,4,5,H,gris,vendredi,243533,06/09/2024,17.85,0,Travail sérieux et régulier.
ETU-01515,2024-2025,STAPS,17,Homme,general,Passable,lycee_prive,non,17.3,0.0,78.4,23,36.9,39,4,8,6,3,12.43,6,3,3,2,2,H,rouge,vendredi,770793,27 Sep 2024,16.74,0,"Bon semestre, résultats solides."
ETU-02879,2024-2025,DROIT,18,h,Technologique,ab,,0,21.6,0.0,68.3,42,54.4,72,6,12,12,3,14.96,6,4,4,3,2,D,bleu,mardi,897612,10 Sep 2024,17.08,0,
ETU-00400,2024-2025,Gestion,18,h,GEN,AB,lycee_public,N,0.7,0.0,"67,4",31,49.2,48,2,8,6,3,8.76,7,3,4,4,4,F,jaune,mardi,857757,10/09/2024,13.35,0,
ETU-01754,2024-2025, Psychologie ,18,f,general,AB,autre,Non,10.5,11.0,97.9%,43,71.6,79,0,9,8,7,12.46,6,6,5,5,5,E,vert,jeudi,905106,05/09/2024,18.08,0,
ETU-03083,2024-2025,Lettres,20,Homme,pro,Passable,lycee_public,Oui,8.5,0.0,79.6%,26,32.0,48,6,10,7,2,7.03,7,0,1,2,3,E,jaune,mercredi,663875,11 Sep 2024,5.11,1,
ETU-02001,2024-2025,staps,18,F,Generale,AB,cfa,0,8.8,28.0,"65,9",23,39.0,41,3,12,8,0,9.76,6,3,3,3,2,B,vert,vendredi,103183,13 Sep 2024,5.22,1,
ETU-01190,2024-2025,informatique,19,f,Technologique,Bien,lycee_public,oui,3.5,0.0,84.9%,7,11.4,31,6,8,6,2,6.9,7,2,3,4,2,G,gris,vendredi,199123,13 Sep 2024,11.9,0,
ETU-01047,2024-2025,STAPS,18,femme,PRO,Très Bien,lycee_public,Non,10.2,10.0,"82,4",40,68.5,92,4,11,11,9,15.76,6,5,4,3,4,F,bleu,mercredi,300407,2024-09-25,18.49,0,"Bon semestre, résultats solides."
ETU-02991,2024-2025,mathematiques,21,femme,TECHNO,B,lycee_public,oui,,18.0,61.1,17,39.4,42,4,8,7,1,11.55,6,4,3,4,1,G,vert,jeudi,537804,12 Sep 2024,5.95,1,Suivi sans particularité.
ETU-01217,2024-2025,STAPS,18,F,Général,ab,lycee_public,oui,9.3,13.0,67.4%,30,55.0,62,4,11,11,4,"11,46",6,2,3,2,4,B,bleu,jeudi,996354,05/09/2024,8.22,1,Profil dans la moyenne.
ETU-04496,2024-2025,Biologie,20,Homme,techno,Passable,lycee_public,Non,18.4,,72.2,18,22.9,29,5,9,5,1,"9,3",7,4,3,3,2,B,gris,mardi,191960,03/09/2024,2.61,1,RAS.
ETU-05016,2024-2025,STAPS,19,H,général ,Assez Bien,lycee_public,1,7.5,13.0,73.5,25,41.2,69,3,9,8,3,13.21,6,5,4,3,4,F,vert,jeudi,690406,2024-09-19,16.5,0,
ETU-00039,2024-2025,mathematiques,18,M,GEN,AB,lycee_public,non,"13,7",0.0,76.6%,31,29.7,52,4,9,8,4,7.91,6,4,3,4,3,A,jaune,mercredi,679132,2024-09-25,12.98,0,
ETU-00889,2024-2025,Biologie,18,M,Général,Assez Bien,lycee_public,O,8.9,,80.0,31,42.9,59,6,10,7,2,10.14,6,4,3,4,2,C,jaune,jeudi,422170,2024-09-26,13.97,0,
ETU-00856,2024-2025,Lettres,20,f,Technologique,Bien,lycee_public,non,"9,8",0.0,62.1,38,58.6,96,7,11,8,1,8.27,6,0,2,2,1,B,vert,mercredi,165335,18 Sep 2024,12.76,0,"Motivation en berne, à accompagner."
ETU-04851,2024-2025,Droit,19,M,general,Passable,lycee_public,Oui,3.3,9.0,90.2%,25,34.9,55,2,10,10,6,,6,3,4,4,4,F,rouge,mercredi,992916,11/09/2024,14.2,0,
ETU-03193,2024-2025, Biologie ,20,Femme,général ,Assez Bien,lycee_public,1,9.7,0.0,"91,4",35,49.6,86,0,13,13,8,11.47,5,5,4,3,4,G,gris,jeudi,131638,12 Sep 2024,16.72,0,
ETU-01771,2024-2025,Gestion,18,f,TECHNO,passable,lycee_public,non,83.0,14.0,"80,9",39,64.3,87,2,10,8,3,"12,91",6,6,3,2,2,E,bleu,vendredi,957697,27 Sep 2024,16.53,0,
ETU-03469,2024-2025,Informatique,23,H,GEN,B,lycee_public,oui,31.8,0.0,96.9%,61,26.0,114,0,10,10,8,16.71,6,6,5,4,5,H,rouge,lundi,974052,23 Sep 2024,19.86,0,Étudiant assidu et investi.
ETU-00245,2024-2025,MATHEMATIQUES,24,Homme,TECHNO,AB,lycee_public,0,17.2,,77.2%,39,53.8,89,5,12,9,3,,6,4,4,5,,B,jaune,mardi,610321,17 Sep 2024,16.57,0,
ETU-01729,2024-2025,mathematiques,20,f,Generale,P,lycee_public,non,,0.0,"87,0",18,34.0,31,3,12,12,3,12.08,6,5,3,4,4,G,vert,mercredi,855285,18 Sep 2024,16.48,0,"Bon semestre, résultats solides."
ETU-01324,2024-2025,LETTRES,19,Homme,GEN,Passable,lycee_public,1,0.7 km,23.0,97.4,39,24.1,94,2,13,13,6,7.31,6,3,4,4,5,D,jaune,mercredi,309881,25 Sep 2024,13.28,0,Résultats fragiles aux partiels.
ETU-04264,2024-2025,Informatique,21,Homme,general,Assez Bien,lycee_public,1,6.7,11.0,94.7%,45,88.0,91,1,13,12,9,15.4,5,4,5,5,5,C,vert,lundi,337088,02 Sep 2024,19.32,0,
ETU-01079,2024-2025,Gestion,18,F,PRO,Bien,lycee_public,Non,"4,3",21.0,73.2%,48,54.3,133,4,9,7,5,11.63,5,3,4,3,2,C,gris,mercredi,927790,11 Sep 2024,17.19,0,
ETU-05014,2024-2025,mathematiques,23,Femme,Generale,B,lycee_public,oui,12.7,,71.6%,24,26.4,38,1,11,11,5,10.87,6,1,3,3,3,B,rouge,mardi,280634,24 Sep 2024,6.93,1,RAS.
ETU-02524,2024-2025, STAPS ,18,f,Professionnel,Très Bien,lycee_public,O,5.7,16.0,89.6,39,82.6,74,5,9,7,4,9.09,6,2,5,,2,H,jaune,lundi,707035,02/09/2024,15.23,0,
ETU-02268,2024-2025,Gestion,19,M,GEN,Assez Bien,lycee_public,non,26.5,11.0,48.8,,9.8,1,5,8,5,0,9.63,6,5,1,1,2,D,vert,mardi,791531,2024-09-10,4.74,1,"Absences répétées, situation préoccupante."
ETU-02240,2024-2025,Informatique,19,F,Generale,AB,lycee_public,non,22.7,0.0,"70,4",18,29.7,43,4,11,10,1,"12,77",7,5,5,3,3,H,vert,mercredi,174874,04/09/2024,14.85,0,
ETU-01089,2024-2025, Biologie ,21,Homme,techno,Assez Bien,lycee_public,non,"11,3",23.0,67.9,20,25.8,61,3,11,8,4,"7,6",5,3,2,2,4,E,gris,lundi,462270,02 Sep 2024,4.33,1,
ETU-01897,2024-2025,Psychologie,17,femme,GEN,passable,lycee_public,oui,1.3,0.0,"68,9",50,82.0,99,4,8,8,1,"7,46",6,2,3,4,5,B,gris,vendredi,178696,27/09/2024,14.05,0,Résultats fragiles aux partiels.
ETU-04852,2024-2025,Gestion,19,F,pro,Passable,,Oui,6.2,4.0,63.4,18,13.4,48,3,8,5,0,7.36,7,4,3,4,3,A,rouge,jeudi,366903,2024-09-12,4.79,1,
ETU-00411,2024-2025,gestion,17,M,Général,,lycee_public,1,5.6,0.0,83.6,22,25.6,49,5,11,9,1,12.13,5,3,3,4,3,E,bleu,jeudi,383287,05 Sep 2024,16.92,0,Travail sérieux et régulier.
ETU-04589,2024-2025,staps,17,F,PRO,P,lycee_public,0,5.7,0.0,65.2%,19,23.9,52,5,9,5,0,5.42,6,3,1,3,2,E,gris,mardi,696790,10/09/2024,1.49,1,
ETU-02882,2024-2025,Lettres,22,femme,Generale,B,lycee_public,oui,,0.0,"59,4",32,73.0,66,3,8,7,5,15.54,7,7,3,5,4,C,vert,lundi,669295,09/09/2024,17.68,0,RAS.
ETU-03324,2024-2025,gestion,21,f,techno,passable,lycee_public,non,25.0,14.0,69.7%,25,32.1,37,3,11,8,1,12.37,5,4,2,2,1,G,vert,mercredi,926478,18 Sep 2024,7.53,1,Semble peu engagé dans la formation.
ETU-01919,2024-2025,lettres,19,M,Generale,B,lycee_public,1,8.6,0.0,70.0,31,47.8,91,8,9,8,4,13.5,6,6,3,4,3,D,jaune,vendredi,145586,2024-09-27,16.82,0,
ETU-03879,2024-2025, Biologie ,17,F,Technologique,Assez Bien,lycee_public,non,2.7,15.0,90.7,51,101.7,90,0,9,9,7,14.8,6,6,5,3,3,A,vert,jeudi,505327,19/09/2024,18.68,0,
ETU-00189,2024-2025,Gestion,18,Femme,général ,Assez Bien,lycee_public,oui,"6,9",23.0,65.4,42,81.0,63,3,9,8,1,13.3,6,5,4,,5,E,rouge,mercredi,356879,18 Sep 2024,17.3,0,Suivi sans particularité.
ETU-01567,2024-2025,Mathematiques,18,F,GEN,Passable,lycee_public,0,,0.0,61.8,25,44.5,43,7,12,7,0,"8,38",7,4,3,3,1,C,jaune,vendredi,941546,27 Sep 2024,5.48,1,Profil dans la moyenne.
ETU-04614,2024-2025,Gestion,18,M,techno,Assez Bien,,N,35.4,20.0,78.0,9,18.2,8,4,13,10,4,10.34,5,4,,3,2,B,jaune,jeudi,704900,2024-09-05,5.61,1,Engagement en ligne très faible.
ETU-03052,2024-2025,Droit,17,H,Generale,P,lycee_prive,Oui,8.3 km,6.0,65.4,36,73.5,79,3,8,7,5,"15,03",5,5,1,4,3,D,vert,jeudi,863650,05/09/2024,17.82,0,Semble peu engagé dans la formation.
ETU-02099,2024-2025,Psychologie,17,Femme,Generale,Bien,lycee_public,Oui,6.7 km,20.0,87.8,62,137.5,151,2,8,8,2,"14,76",6,5,5,4,4,E,rouge,vendredi,582874,2024-09-20,19.16,0,
ETU-04918,2024-2025, Informatique ,19,femme,Technologique,ab,lycee_public,oui,12.1,13.0,"59,7",3,4.5,7,4,11,7,0,10.41,6,5,3,3,1,E,gris,jeudi,369337,05/09/2024,5.75,1,
ETU-02611,2024-2025,Mathematiques,18,Femme,Professionnel,AB,lycee_public,oui,9.6,0.0,80.7,10,13.6,16,3,12,8,1,7.41,5,3,2,,1,F,gris,mardi,398027,10 Sep 2024,4.16,1,Résultats fragiles aux partiels.
ETU-01740,2024-2025,Psychologie,20,f,TECHNO,AB,lycee_public,N,"14,9",,64.0,12,17.8,29,6,9,6,0,,6,1,2,3,2,C,rouge,lundi,150058,16/09/2024,4.34,1,
ETU-04653,2024-2025, Biologie ,20,M,général ,Bien,lycee_public,oui,0.7,9.0,99.8,35,57.9,50,5,11,9,4,14.1,6,4,5,3,1,E,jaune,mardi,747493,17 Sep 2024,17.42,0,"Très bon investissement, en réussite."
ETU-04569,2024-2025,mathematiques,21,M,Technologique,passable,lycee_public,N,5.7,7.0,75.4%,20,35.3,55,3,9,8,4,8.44,7,1,2,3,4,C,bleu,mercredi,176631,04 Sep 2024,15.6,0,
ETU-01949,2024-2025,PSYCHOLOGIE,17,F,Generale,passable,lycee_public,1,13.3,0.0,78.2%,12,22.1,22,5,8,5,3,12.25,6,3,1,,4,G,gris,vendredi,580756,06/09/2024,13.77,0,
ETU-02841,2024-2025, Droit ,19,M,GEN,ab,lycee_prive,1,10.2,14.0,76.8,26,24.0,57,4,11,10,1,"5,14",6,0,3,4,4,C,vert,mardi,653098,2024-09-24,11.43,0,
ETU-00112,2024-2025,Biologie,20,h,pro,Passable,lycee_public,non,11.5,8.0,95.1,27,23.7,50,4,9,7,6,"9,09",6,5,4,5,3,A,rouge,mercredi,545898,2024-09-04,14.93,0,
ETU-03449,2024-2025,LETTRES,18,H,Generale,passable,lycee_prive,0,"32,4",,71.2%,23,28.3,46,6,8,6,0,7.63,6,4,3,3,3,A,vert,vendredi,756269,2024-09-13,6.2,1,
ETU-00968,2024-2025,Droit,18,h,GEN,ab,lycee_public,Non,18.4,0.0,63.5,20,25.8,63,0,11,10,0,"12,18",5,3,3,3,2,B,jaune,lundi,466403,09/09/2024,15.58,0,
ETU-04887,2024-2025,Biologie,20,femme,Technologique,B,lycee_public,non,10.7 km,0.0,73.2,26,49.6,50,7,10,7,0,"7,89",7,5,4,3,4,D,vert,mardi,913891,03 Sep 2024,5.9,1,Résultats fragiles aux partiels.
ETU-02676,2024-2025, Gestion ,20,Homme,techno,Bien,lycee_public,O,"2,3",15.0,78.2,50,65.6,131,2,11,11,5,13.11,7,7,5,4,5,B,vert,vendredi,226282,13/09/2024,19.59,0,Très actif sur la plateforme.
ETU-01445,2024-2025,lettres,19,Femme,général ,passable,lycee_public,Oui,,16.0,87.9%,20,37.7,32,9,12,10,2,8.52,5,4,4,4,2,H,gris,mardi,898816,17/09/2024,11.56,0,
ETU-02838,2024-2025, Psychologie ,20,femme,général ,,lycee_prive,N,8.9 km,24.0,80.7,20,11.7,67,2,10,7,2,7.94,5,3,2,3,4,E,gris,vendredi,606159,2024-09-27,4.45,1,
ETU-02704,2024-2025,Droit,22,M,général ,Assez Bien,lycee_public,non,20.4,9.0,85.5,38,62.3,95,1,11,11,4,13.2,7,4,4,3,4,D,vert,lundi,602197,09/09/2024,17.84,0,
ETU-04308,2024-2025, Biologie ,24,f,TECHNO,B,lycee_public,Non,25.7,,66.6,25,36.4,67,4,13,8,1,16.3,6,5,3,4,1,H,gris,jeudi,509220,26 Sep 2024,9.25,1,
ETU-03212,2024-2025, Informatique ,19,femme,GEN,P,lycee_public,Non,10.1 km,3.0,89.4%,44,78.3,87,3,8,7,3,19.03,5,4,5,3,5,B,jaune,lundi,663249,2024-09-02,19.77,0,"Très bon investissement, en réussite."
ETU-04944,2024-2025,Informatique,18,Homme,général ,P,lycee_public,Non,"11,2",16.0,86.1,21,30.6,38,4,9,7,1,8.98,6,5,,4,2,E,bleu,mardi,553192,10/09/2024,6.33,1,"Motivation en berne, à accompagner."
ETU-00525,2024-2025,biologie,23,h,Generale,Bien,lycee_public,Non,"27,6",6.0,"65,2",19,16.2,33,4,13,9,0,"15,01",6,6,4,,2,F,vert,mardi,586925,2024-09-24,16.93,0,
ETU-04488,2024-2025,Mathematiques,19,h,TECHNO,passable,autre,O,"1,7",,"92,5",14,26.4,30,8,13,8,2,11.31,6,6,2,3,3,G,vert,jeudi,954756,19 Sep 2024,12.45,0,
ETU-03617,2024-2025,Biologie,22,femme,Generale,ab,lycee_public,non,"7,6",0.0,87.7,,59.1,76,3,10,8,6,"14,5",6,4,5,2,4,G,bleu,vendredi,720192,2024-09-27,16.28,0,Étudiant assidu et investi.
ETU-04987,2024-2025, Lettres ,20,Femme,général ,AB,lycee_public,Non,39.9,0.0,87.7,34,19.9,79,4,11,11,4,13.41,6,4,4,,4,F,vert,mardi,767436,10/09/2024,17.61,0,Étudiant assidu et investi.
ETU-00087,2024-2025,biologie,18,Homme,Generale,AB,cfa,O,6.1,0.0,77.6%,37,41.9,80,1,13,12,2,11.13,7,3,4,,4,C,jaune,mercredi,229632,18/09/2024,16.31,0,
ETU-01984,2024-2025, Psychologie ,19,Femme,TECHNO,B,lycee_prive,0,3.1,23.0,68.0,9,10.4,28,9,13,9,0,"6,39",5,3,1,2,1,D,jaune,jeudi,113014,26/09/2024,1.84,1,En difficulté sur les évaluations.
ETU-02477,2024-2025,MATHEMATIQUES,17,H,TECHNO,Passable,lycee_public,oui,30.3,20.0,66.8%,18,26.9,18,7,13,7,0,2.11,7,1,1,4,1,B,gris,lundi,917818,09 Sep 2024,0.48,1,
ETU-04339,2024-2025,lettres,20,h,Général,P,lycee_public,1,13.4,,71.2,,4.7,7,3,8,6,2,10.58,6,4,,3,2,G,gris,jeudi,647995,2024-09-12,12.46,0,
ETU-03687,2024-2025,Informatique,19,Homme,general,P,autre,1,36.1,0.0,91.4%,39,73.6,88,0,12,12,7,16.29,5,4,5,5,3,C,gris,lundi,900392,16 Sep 2024,18.8,0,
ETU-04127,2024-2025,GESTION,22,F,general,Bien,lycee_public,1,37.9,26.0,"78,8",21,11.3,42,3,13,12,6,8.91,6,5,4,4,3,D,vert,mardi,607992,24 Sep 2024,6.06,1,
ETU-00041,2024-2025, STAPS ,21,H,Général,passable,lycee_prive,0,19.4,8.0,67.8,21,29.4,32,6,10,9,0,"8,9",6,1,2,5,2,C,rouge,lundi,317896,02 Sep 2024,13.05,0,Semble peu engagé dans la formation.
ETU-02769,2024-2025,Informatique,21,NB,general,Bien,lycee_public,N,40.8,8.0,88.2,30,39.6,60,5,9,8,3,13.69,6,3,3,2,1,A,bleu,jeudi,288764,12/09/2024,18.1,0,
ETU-01162,2024-2025,Informatique,19,Femme,GEN,Assez Bien,lycee_public,0,15.8,0.0,64.3%,21,36.8,47,5,8,5,1,11.07,5,0,3,2,1,H,bleu,jeudi,833208,2024-09-26,7.58,1,
ETU-04859,2024-2025,GESTION,18,femme,Technologique,Passable,lycee_prive,O,6.7,,84.7,15,19.6,35,7,11,9,2,"7,43",7,2,,4,2,G,rouge,jeudi,851739,2024-09-26,10.91,0,
ETU-01666,2024-2025,STAPS,18,femme,Technologique,ab,lycee_public,Non,15.1,13.0,"78,1",47,48.8,118,5,10,8,6,7.6,7,4,3,5,3,H,vert,mercredi,758070,2024-09-11,14.23,0,Résultats fragiles aux partiels.
ETU-01541,2024-2025,STAPS,19,femme,général ,,lycee_prive,1,,6.0,79.8%,41,86.3,74,3,13,12,8,13.58,7,6,5,3,1,F,jaune,jeudi,568506,2024-09-12,17.87,0,
ETU-04639,2024-2025, Droit ,18,h,general,Passable,lycee_public,N,16.1,16.0,62.9,9,15.4,32,3,9,7,2,11.74,6,4,2,2,2,C,bleu,vendredi,359159,27 Sep 2024,14.63,0,Engagement en ligne très faible.
ETU-03603,2024-2025,Biologie,18,Homme,GEN,passable,lycee_public,non,8.1,18.0,"80,3",27,45.2,68,3,13,12,1,11.66,5,2,5,3,2,B,vert,mercredi,307645,04 Sep 2024,16.39,0,
ETU-00492,2024-2025,GESTION,20,Femme,general,ab,lycee_public,O,7.9 km,13.0,75.1,21,34.4,51,7,9,7,1,13.54,6,6,3,1,2,E,bleu,jeudi,252816,19/09/2024,14.57,0,"Bon semestre, résultats solides."
ETU-00974,2024-2025, Droit ,21,femme,GEN,Bien,lycee_public,1,6.6,10.0,90.5,9,8.1,32,8,12,9,0,"14,01",7,5,3,4,3,B,vert,mardi,325611,2024-09-24,16.56,0,Peu actif sur la plateforme.
ETU-01797,2024-2025,Lettres,19,femme,Général,Assez Bien,lycee_public,1,48.6 km,10.0,61.0%,26,43.7,59,5,12,9,0,8.36,5,4,1,,2,C,rouge,jeudi,554316,26/09/2024,2.13,1,Semble peu engagé dans la formation.
ETU-01395,2024-2025,PSYCHOLOGIE,17,F,GEN,B,lycee_public,O,,0.0,"83,5",29,27.0,77,7,10,7,4,12.05,7,4,5,4,4,E,vert,jeudi,286808,12 Sep 2024,17.58,0,
ETU-04843,2024-2025, STAPS ,19,M,général ,ab,cfa,N,"2,9",14.0,"89,3",64,54.5,138,0,8,8,10,17.21,7,7,5,3,5,D,gris,lundi,973522,02/09/2024,19.48,0,
ETU-01383,2024-2025,Biologie,19,F,Technologique,passable,lycee_public,1,56.1 km,0.0,77.1,33,58.5,82,4,8,7,4,6.98,6,3,3,3,4,G,jaune,mercredi,513907,2024-09-11,15.59,0,Résultats fragiles aux partiels.
ETU-00643,2024-2025,Mathematiques,24,F,Professionnel,AB,lycee_prive,1,"10,8",0.0,74.4,37,34.9,79,0,9,7,4,"14,86",6,5,3,,3,A,bleu,lundi,587479,02 Sep 2024,17.29,0,
ETU-01920,2024-2025,Psychologie,17,Femme,Général,P,lycee_public,1,8.7,14.0,71.9,11,17.5,12,8,12,8,0,12.43,5,2,3,4,2,A,gris,lundi,702726,09/09/2024,6.98,1,
ETU-05192,2024-2025,Informatique,21,femme,GEN,B,lycee_public,1,12.9,0.0,74.5,35,44.2,75,3,8,7,2,"12,8",7,6,2,4,3,D,bleu,vendredi,659519,13/09/2024,17.4,0,"Motivation en berne, à accompagner."
ETU-01737,2024-2025,Droit,18,Femme,GEN,Passable,lycee_public,Non,"6,5",8.0,79.4,19,45.6,22,6,8,6,1,9.97,6,3,3,3,2,H,vert,mardi,405919,10/09/2024,7.16,1,
ETU-01131,2024-2025,Gestion,17,M,GEN,Passable,lycee_public,0,28.7,9.0,76.6,43,81.1,60,2,8,8,6,13.06,6,5,4,3,2,G,jaune,vendredi,300845,27/09/2024,16.78,0,Très actif sur la plateforme.
ETU-01204,2024-2025,lettres,19,femme,techno,Passable,lycee_prive,N,15.8,11.0,"99,4",30,57.8,65,1,10,10,11,"12,46",6,5,4,5,4,F,gris,lundi,987965,16 Sep 2024,17.53,0,
ETU-01202,2024-2025,Droit,18,F,Generale,Très Bien,lycee_prive,Non,44.1,,80.4,38,65.9,77,5,9,5,6,15.02,6,6,5,3,2,H,bleu,jeudi,868880,26 Sep 2024,17.5,0,
ETU-01696,2024-2025,MATHEMATIQUES,20,NB,TECHNO,ab,cfa,non,5.2,11.0,"76,6",27,43.3,62,4,13,10,4,10.95,7,7,4,3,3,A,bleu,mardi,136174,17 Sep 2024,15.02,0,
ETU-04845,2024-2025, Informatique ,19,femme,general,tres bien,lycee_public,N,2.8,23.0,"93,1",38,78.6,104,3,12,11,6,14.42,6,4,2,3,3,F,rouge,jeudi,623556,05/09/2024,17.51,0,
ETU-01036,2024-2025,Psychologie,19,femme,Technologique,B,lycee_prive,0,9.8,3.0,84.3,29,60.3,61,7,8,7,1,6.4,5,0,1,4,3,H,bleu,lundi,735129,16/09/2024,12.31,0,
ETU-00308,2024-2025,Psychologie,22,f,général ,passable,lycee_public,N,1.8,16.0,55.4,3,0.3,5,2,11,2,1,3.61,6,1,1,3,2,A,gris,mardi,561238,10 Sep 2024,0.57,1,Résultats fragiles aux partiels.
ETU-01679,2024-2025,Gestion,18,Femme,Professionnel,passable,lycee_public,oui,"18,9",14.0,70.2,23,34.8,32,2,11,9,4,"8,63",6,1,3,,3,C,rouge,jeudi,702873,26 Sep 2024,12.73,0,
ETU-04324,2024-2025,PSYCHOLOGIE,20,femme,Generale,P,lycee_public,non,3.9,25.0,85.6%,25,27.7,62,2,11,8,0,10.7,5,2,3,4,1,C,jaune,mercredi,644696,2024-09-04,15.18,0,
ETU-01660,2024-2025,INFORMATIQUE,20,Femme,TECHNO,Passable,lycee_public,N,23.2,0.0,98.7,40,32.5,93,0,10,8,7,11.3,6,6,4,4,1,A,jaune,lundi,214920,16 Sep 2024,14.89,0,
ETU-02500,2024-2025, Lettres ,22,NB,Generale,ab,lycee_public,oui,3.7 km,6.0,64.6,13,5.3,31,3,11,6,0,8.77,5,1,,2,1,C,rouge,mercredi,860488,25 Sep 2024,3.29,1,
ETU-01032,2024-2025, Informatique ,20,femme,Général,Passable,lycee_public,N,4.6,0.0,"77,6",28,51.0,43,2,9,8,7,"18,24",5,5,4,4,,H,vert,vendredi,419232,27 Sep 2024,19.13,0,
ETU-04369,2024-2025,Informatique,19,femme,Technologique,passable,lycee_prive,0,21.2,0.0,96.1,51,38.2,91,2,12,12,4,17.06,5,4,5,5,4,F,jaune,lundi,304833,2024-09-16,19.07,0,Étudiant assidu et investi.
ETU-03065,2024-2025,GESTION,19,H,GEN,Bien,lycee_public,oui,9.5,,58.6,21,19.5,41,6,12,8,0,11.53,7,5,2,3,2,A,jaune,lundi,469956,2024-09-16,6.7,1,"Motivation en berne, à accompagner."
ETU-02660,2024-2025, Informatique ,21,h,GEN,AB,lycee_public,Non,11.8,0.0,80.1%,42,62.8,78,4,9,8,3,14.51,5,5,4,,4,G,jaune,lundi,304119,23 Sep 2024,18.55,0,Engagement en ligne remarquable.
ETU-00184,2024-2025,Informatique,22,H,Technologique,Passable,lycee_public,Non,16.4,0.0,91.7,41,63.1,92,1,11,10,2,"10,94",5,1,5,5,5,B,jaune,jeudi,817967,2024-09-26,16.79,0,
ETU-02166,2024-2025,Informatique,22,h,Général,passable,lycee_public,Oui,"16,2",,73.5,21,23.7,55,1,8,5,3,"11,73",7,3,2,4,3,A,gris,vendredi,270295,2024-09-27,14.72,0,Semble peu engagé dans la formation.
ETU-04725,2024-2025,STAPS,20,Homme,Generale,Passable,lycee_public,N,7.6 km,9.0,"70,6",14,28.7,34,5,11,10,0,9.5,7,4,3,4,,G,gris,mardi,559998,2024-09-17,4.49,1,
ETU-03521,2024-2025,gestion,18,M,général ,Passable,lycee_public,non,17.4,,73.2,35,54.6,100,5,13,9,0,8.76,6,4,1,3,2,C,gris,vendredi,909548,2024-09-06,13.34,0,
ETU-03142,2024-2025,Droit,26,f,Generale,P,lycee_public,N,57.3,23.0,91.9,47,80.7,124,0,8,8,7,"10,28",5,4,5,4,3,H,jaune,mercredi,452802,2024-09-25,17.17,0,
ETU-00385,2024-2025,Informatique,19,h,pro,Bien,lycee_public,Non,0.5 km,,73.6,6,7.2,13,5,13,8,1,"9,05",6,1,2,3,5,H,vert,mardi,609455,10 Sep 2024,6.0,1,Engagement en ligne très faible.
ETU-01626,2024-2025, Psychologie ,22,Homme,general,passable,lycee_public,O,3.7,0.0,68.2,13,15.4,32,1,8,7,2,10.45,5,2,3,4,2,C,jaune,jeudi,636522,2024-09-12,14.83,0,
ETU-03955,2024-2025, STAPS ,20,M,Generale,P,lycee_public,N,16.3,0.0,"82,2",,15.2,26,3,8,7,3,13.27,6,4,,5,4,G,gris,mercredi,309903,04/09/2024,17.39,0,
ETU-03007,2024-2025, Droit ,20,Homme,general,Passable,lycee_public,N,1.0,0.0,87.8,34,47.4,67,2,10,8,5,8.92,7,2,3,5,5,G,bleu,mardi,351275,2024-09-03,14.09,0,Profil dans la moyenne.
ETU-02136,2024-2025,Lettres,19,f,pro,Bien,lycee_public,N,20.6 km,24.0,74.6,25,44.4,57,7,13,9,1,11.44,6,4,,4,4,G,bleu,jeudi,768171,05/09/2024,7.26,1,
ETU-01327,2024-2025,Informatique,20,Autre,Generale,Passable,lycee_public,oui,"19,2",11.0,"56,6",23,31.5,68,5,8,6,2,10.18,7,4,4,,3,C,vert,jeudi,614272,05/09/2024,6.24,1,
ETU-04784,2024-2025,Informatique,20,h,TECHNO,Bien,lycee_public,Non,19.9,16.0,63.2,26,23.2,48,6,8,6,2,11.46,6,3,2,,3,D,bleu,mercredi,795013,2024-09-04,7.91,1,
ETU-01095,2024-2025,Gestion,18,M,general,ab,lycee_public,Non,6.8,,"72,0",25,42.9,43,3,11,7,2,16.11,6,5,3,4,3,A,jaune,jeudi,717814,2024-09-26,9.86,1,Profil dans la moyenne.
ETU-02086,2024-2025,LETTRES,21,H,TECHNO,B,lycee_public,non,"0,1",0.0,97.7,55,66.7,93,2,11,11,12,"12,55",6,6,5,4,5,F,rouge,jeudi,397118,26 Sep 2024,19.09,0,
ETU-03072,2024-2025, Gestion ,20,femme,Général,P,lycee_public,0,11.9,0.0,64.1,30,50.2,84,7,10,7,2,"10,54",7,4,2,1,3,D,rouge,mercredi,603034,25 Sep 2024,6.72,1,Semble peu engagé dans la formation.
ETU-03660,2024-2025,Lettres,20,Homme,pro,P,lycee_public,Non,22.7,18.0,"51,0",7,3.9,18,4,9,5,0,"2,96",6,0,1,4,3,E,gris,mercredi,237705,2024-09-04,0.53,1,
ETU-04726,2024-2025,Mathematiques,22,Femme,Technologique,Bien,lycee_public,Oui,9.9,0.0,82.6,21,22.1,42,5,9,5,2,9.56,5,4,,3,1,H,rouge,mercredi,974399,04/09/2024,6.55,1,
ETU-01189,2024-2025,Psychologie,21,M,Generale,B,lycee_public,0,23.9,21.0,86.3,11,13.9,31,2,10,9,4,14.15,7,4,,4,3,B,rouge,lundi,207472,02 Sep 2024,16.55,0,
ETU-03948,2024-2025, Mathematiques ,17,h,Generale,Bien,lycee_public,O,40.7,0.0,"77,4",3,4.6,3,9,13,9,0,9.86,6,5,2,3,2,B,bleu,jeudi,752155,12/09/2024,13.17,0,
ETU-01661,2024-2025,Droit,25,Homme,général ,Passable,lycee_prive,non,2.3,6.0,86.7%,,43.0,89,4,8,8,1,"4,21",5,2,2,4,4,F,vert,mardi,452768,10/09/2024,5.26,1,
ETU-04840,2024-2025,Psychologie,20,femme,TECHNO,B,cfa,oui,33.4,8.0,99.9,33,48.3,72,4,12,11,5,,6,2,3,5,3,G,jaune,mardi,987892,10/09/2024,15.25,0,
ETU-03776,2024-2025,Informatique,18,f, pro,Bien,,N,44.4 km,0.0,93.6%,18,40.0,36,2,11,8,3,"10,21",5,2,3,5,3,E,gris,mercredi,147247,2024-09-25,15.03,0,
ETU-02789,2024-2025,Mathematiques,18,Homme,TECHNO,P,lycee_public,oui,5.8,3.0,63.7,18,23.3,49,5,8,7,2,9.41,6,2,3,,2,H,gris,jeudi,489906,05/09/2024,6.82,1,
ETU-02937,2024-2025,Mathematiques,18,F,GEN,Passable,lycee_public,Non,2.6,17.0,93.5,20,40.6,46,1,13,12,5,10.45,5,5,3,5,3,H,jaune,mardi,453605,03/09/2024,17.0,0,RAS.
ETU-04493,2024-2025,informatique,18,F,techno,B,lycee_public,N,3.1,19.0,"72,8",19,39.6,45,5,10,5,1,10.64,7,4,2,3,2,A,bleu,vendredi,511214,20 Sep 2024,5.27,1,"Motivation en berne, à accompagner."
ETU-03268,2024-2025,Gestion,19,M,GEN,Assez Bien,lycee_public,Non,"4,3",0.0,"53,2",23,34.8,50,7,10,7,0,8.55,6,3,2,4,2,C,jaune,vendredi,551630,2024-09-27,4.03,1,
ETU-03762,2024-2025,MATHEMATIQUES,21,femme,Général,AB,lycee_public,O,21.6 km,0.0,74.9,24,31.8,53,1,8,6,2,10.15,5,5,2,4,4,H,vert,mardi,590091,03 Sep 2024,13.34,0,
ETU-01235,2024-2025,Gestion,20,Femme,Général,Passable,lycee_prive,O,"23,9",5.0,98.1%,27,25.0,70,2,11,10,5,"15,91",6,5,,4,3,E,vert,lundi,262356,02 Sep 2024,19.34,0,"Bon semestre, résultats solides."
ETU-03895,2024-2025, Gestion ,21,f,général ,AB,lycee_public,oui,0.3 km,5.0,"75,2",46,50.1,95,3,11,7,4,"11,8",6,4,5,3,3,F,gris,lundi,612209,16 Sep 2024,16.12,0,
ETU-04988,2024-2025,droit,20,M,Professionnel,AB,cfa,oui,14.0,3.0,59.4,36,64.0,76,1,10,8,0,5.41,6,1,1,4,1,D,gris,mercredi,968272,2024-09-04,4.04,1,Résultats fragiles aux partiels.
ETU-05159,2024-2025,Informatique,18,h,techno,P,lycee_prive,N,24.5,15.0,76.2,21,9.2,48,6,8,8,2,13.88,5,5,4,5,4,H,rouge,vendredi,491815,20 Sep 2024,17.94,0,
ETU-01805,2024-2025,GESTION,20,f,général ,Passable,lycee_public,oui,9.1,14.0,75.1%,32,40.3,63,8,13,11,7,"13,34",6,5,5,3,3,F,jaune,mercredi,371242,2024-09-11,15.63,0,
ETU-04374,2024-2025,LETTRES,24,F,Generale,Passable,lycee_public,Non,8.4,27.0,76.7,31,64.3,92,8,12,11,4,12.13,5,5,3,3,3,B,gris,mardi,979148,17/09/2024,14.11,0,Plusieurs travaux remis hors délai.
ETU-03841,2024-2025,Psychologie,17,Femme,TECHNO,ab,lycee_public,non,"13,9",,88.4,45,60.7,117,1,13,13,6,11.82,6,4,3,3,3,E,jaune,mercredi,542351,18/09/2024,18.58,0,Engagement en ligne remarquable.
ETU-03484,2024-2025, Gestion ,23,Homme,pro,,lycee_prive,Oui,27.1,18.0,93.6%,60,120.8,113,1,13,13,6,7.89,6,1,4,5,,A,jaune,mercredi,923881,18 Sep 2024,16.44,0,Résultats fragiles aux partiels.
ETU-00473,2024-2025,Mathematiques,19,M,TECHNO,passable,lycee_public,N,3.0,4.0,81.3,38,52.0,98,3,11,9,4,"7,94",5,4,4,5,1,G,rouge,lundi,532489,2024-09-23,14.67,0,
ETU-00024,2024-2025, Psychologie ,19,M,general,Assez Bien,lycee_public,0,"3,1",8.0,"80,7",18,11.4,36,4,13,11,4,10.45,6,5,4,4,3,G,vert,mardi,224286,17/09/2024,7.77,1,
ETU-01238,2024-2025,Psychologie,21,F,general,passable,lycee_public,N,"12,8",0.0,77.9%,36,46.3,65,3,9,7,3,"10,69",6,4,2,,3,C,vert,vendredi,270885,27/09/2024,15.07,0,
ETU-01627,2024-2025,PSYCHOLOGIE,17,Homme, pro,Assez Bien,lycee_public,non,"1,4",0.0,86.7,20,31.1,59,6,13,13,0,8.37,6,5,1,4,4,D,vert,jeudi,583627,12/09/2024,12.66,0,"Motivation en berne, à accompagner."
ETU-01426,2024-2025,Biologie,18,F,techno,Bien,lycee_public,0,"10,0",13.0,78.8%,21,26.0,54,5,13,9,5,7.7,5,0,1,4,4,D,gris,vendredi,885125,13/09/2024,6.36,1,En difficulté sur les évaluations.
ETU-03581,2024-2025, Gestion ,21,f,Generale,P,lycee_public,oui,"36,1",26.0,"83,6",45,83.9,78,5,9,8,8,12.35,7,5,4,4,4,C,vert,jeudi,637960,2024-09-05,16.09,0,Engagement en ligne remarquable.
ETU-00995,2024-2025, Droit ,19,h,général ,passable,lycee_prive,1,11.3,17.0,79.3%,51,124.8,99,5,8,7,5,10.81,6,6,4,4,4,D,jaune,vendredi,650087,13 Sep 2024,16.62,0,Très actif sur la plateforme.
ETU-04631,2024-2025,Biologie,20,Femme,Technologique,Passable,lycee_public,0,5.8,0.0,61.8%,8,17.5,1,7,11,9,0,"9,87",6,5,3,2,1,G,gris,mardi,682399,03/09/2024,3.36,1,
ETU-05019,2024-2025,BIOLOGIE,17,H,general,Passable,lycee_public,non,"36,8",0.0,83.3,13,16.4,35,6,11,9,0,13.73,6,4,3,3,3,A,gris,lundi,874379,2024-09-23,15.17,0,
ETU-04243,2024-2025,Lettres,19,Homme,general,passable,lycee_prive,non,"37,8",8.0,61.4,48,72.7,121,6,13,12,2,12.86,7,6,,1,3,B,gris,vendredi,183363,13/09/2024,15.49,0,Semble peu engagé dans la formation.
ETU-02969,2024-2025,DROIT,24,f,Général,Assez Bien,cfa,Non,,0.0,"50,8",13,27.6,12,6,12,8,0,"11,84",6,2,3,4,2,H,gris,lundi,850524,09 Sep 2024,4.89,1,Forte baisse d'assiduité ce semestre.
ETU-00402,2024-2025,Lettres,20,H,GEN,B,lycee_public,Non,"29,6",0.0,"77,8",3,7.3,1,6,8,6,3,"13,38",5,5,3,2,1,D,bleu,mardi,645784,2024-09-17,15.34,0,
ETU-01090,2024-2025,Informatique,19,Femme,Technologique,Bien,lycee_public,Non,"5,0",11.0,74.7,18,32.9,57,3,13,12,0,12.14,6,6,4,1,3,G,vert,mercredi,619398,04/09/2024,14.77,0,
ETU-02864,2024-2025,MATHEMATIQUES,27,M,GEN,P,autre,0,6.0,26.0,78.1%,38,85.5,62,6,12,10,5,8.92,6,4,4,3,2,H,bleu,mercredi,834412,2024-09-04,14.54,0,Profil dans la moyenne.
ETU-02974,2024-2025,Informatique,18,f,Generale,Passable,lycee_prive,N,0.5,4.0,"71,6",17,10.3,27,7,11,9,0,"10,25",6,4,2,3,2,F,vert,lundi,402393,16/09/2024,4.44,1,
ETU-02040,2024-2025,Psychologie,20,F,général ,passable,lycee_prive,N,0.8,0.0,80.1%,,51.5,56,1,11,10,2,12.53,7,4,3,3,2,B,gris,vendredi,920377,27 Sep 2024,16.29,0,
ETU-03939,2024-2025,Lettres,20,H,Général,AB,lycee_public,O,"35,4",14.0,72.5,18,18.7,65,4,9,7,2,"14,77",5,5,4,,2,D,jaune,mardi,276491,10/09/2024,17.58,0,
ETU-01455,2024-2025,staps,23,h,PRO,P,lycee_public,0,8.7,0.0,80.2,58,52.2,131,5,12,8,6,,5,4,4,4,5,H,bleu,lundi,471939,16/09/2024,15.93,0,Très actif sur la plateforme.
ETU-03681,2024-2025,Lettres,18,H,Général,,autre,Non,44.6,22.0,77.5,35,70.9,64,1,9,9,5,11.01,6,6,3,4,3,B,vert,mercredi,343872,2024-09-18,16.16,0,
ETU-03584,2024-2025,droit,19,femme,GEN,ab,lycee_public,Oui,7.1,0.0,57.3%,10,16.7,32,2,13,10,0,12.49,7,4,1,1,1,D,rouge,vendredi,877762,27 Sep 2024,6.73,1,
ETU-00445,2024-2025,Lettres,19,h,général ,Très Bien,lycee_public,Oui,2.8 km,,78.5,31,65.3,58,6,8,6,3,10.7,7,7,3,4,2,H,gris,jeudi,770403,12 Sep 2024,16.19,0,RAS.
ETU-04418,2024-2025,Droit,20,H,TECHNO,AB,lycee_public,N,2.0,0.0,50.4,0,0.0,0,6,12,6,0,10.67,7,4,2,1,2,B,vert,mercredi,105512,04 Sep 2024,2.59,1,
ETU-02348,2024-2025,INFORMATIQUE,18,Homme,général ,P,lycee_prive,Oui,9.5,,85.4,48,78.8,72,4,9,9,7,"10,97",6,4,3,5,5,G,bleu,mercredi,429571,18 Sep 2024,17.05,0,Très actif sur la plateforme.
ETU-03609,2024-2025, Gestion ,21,Homme,Generale,ab,lycee_public,O,43.0,25.0,80.2%,3,5.9,1,5,11,7,0,14.37,7,6,1,2,1,C,bleu,vendredi,739139,27 Sep 2024,14.64,0,Engagement en ligne très faible.
ETU-02802,2024-2025,PSYCHOLOGIE,22,femme,PRO,passable,lycee_prive,non,6.8,9.0,77.0,49,89.7,128,2,10,7,4,12.11,6,3,4,4,3,D,gris,mercredi,713988,2024-09-25,17.67,0,Engagement en ligne remarquable.
ETU-00604,2024-2025,Droit,18,Homme,Général,Passable,lycee_public,O,45.3,0.0,"63,9",35,47.2,60,5,9,7,4,16.59,7,7,5,3,2,C,gris,jeudi,243631,19/09/2024,18.2,0,RAS.
ETU-03917,2024-2025,Biologie,19,femme,Technologique,ab,cfa,non,0.9,,85.2,64,56.9,107,0,12,12,9,12.76,6,5,5,5,4,E,vert,vendredi,621411,2024-09-13,17.64,0,Engagement en ligne remarquable.
ETU-05180,2024-2025,Psychologie,18,h,techno,passable,autre,Non,4.4,8.0,98.3,54,112.7,89,1,11,10,7,"11,04",6,5,4,3,,G,vert,mercredi,928224,25/09/2024,17.78,0,
ETU-04433,2024-2025,Lettres,21,f,général ,B,cfa,0,35.3 km,25.0,69.4,29,33.4,43,7,11,7,5,12.46,5,5,4,3,3,C,bleu,lundi,498796,2024-09-09,16.44,0,Suivi sans particularité.
ETU-04262,2024-2025,BIOLOGIE,22,femme,TECHNO,Bien,,N,19.2,,74.9,23,50.4,50,5,13,10,5,"7,46",5,3,4,3,1,B,bleu,lundi,922403,02/09/2024,13.99,0,En difficulté sur les évaluations.
ETU-00964,2024-2025,Informatique,19,Femme,general,Assez Bien,lycee_public,N,8.1,25.0,84.5,48,44.3,83,2,8,7,3,"13,16",7,4,5,3,,A,vert,vendredi,487349,27/09/2024,16.61,0,Engagement en ligne remarquable.
ETU-01352,2024-2025,Biologie,21,Femme,techno,Passable,lycee_prive,non,0.6,20.0,74.6,28,65.0,68,4,11,10,3,"6,6",5,1,3,4,2,F,bleu,vendredi,969036,27 Sep 2024,10.92,0,
ETU-01571,2024-2025,psychologie,20,f,general,TB,lycee_prive,Oui,26.2,4.0,74.3,25,8.5,77,5,9,5,2,12.77,5,5,4,,3,A,gris,jeudi,189332,12 Sep 2024,14.85,0,RAS.
ETU-01605,2024-2025, Mathematiques ,19,M,Technologique,passable,lycee_public,0,0.6,12.0,58.0,6,13.4,7,8,10,8,0,"11,94",7,3,1,1,2,E,bleu,mardi,512436,17 Sep 2024,4.15,1,
ETU-01318,2024-2025, Gestion ,20,Femme,TECHNO,Passable,lycee_public,Non,25.1,0.0,59.5%,14,9.2,45,5,13,9,0,4.68,6,0,1,3,,H,bleu,vendredi,359755,2024-09-27,0.38,1,
ETU-02152,2024-2025,biologie,21,Femme,GEN,Passable,,O,7.4,8.0,69.3,19,17.3,53,4,11,10,2,16.34,6,5,4,5,4,B,jaune,lundi,397456,2024-09-02,18.38,0,Suivi sans particularité.
ETU-03548,2024-2025,gestion,22,F,GEN,Bien,lycee_public,0,"21,5",13.0,80.1,26,33.8,44,1,10,6,0,"13,3",7,7,3,3,2,E,vert,mardi,926654,2024-09-10,16.22,0,"Bon semestre, résultats solides."
ETU-03826,2024-2025, Gestion ,19,femme,général ,B,lycee_prive,0,16.5,13.0,78.1,21,31.3,48,4,9,7,1,10.43,5,2,1,3,,E,jaune,vendredi,369945,20 Sep 2024,14.65,0,"Motivation en berne, à accompagner."
ETU-04474,2024-2025,Psychologie,22,Femme,Général,ab,lycee_public,non,5.0,0.0,97.8,55,67.0,112,0,9,9,6,8.64,5,4,5,5,5,C,gris,jeudi,485653,2024-09-26,16.79,0,
ETU-00351,2024-2025,Gestion,20,Homme,Generale,Assez Bien,lycee_public,Oui,34.9,13.0,"52,8",10,18.7,12,5,8,5,0,12.4,6,4,3,3,2,C,jaune,jeudi,604651,19 Sep 2024,5.18,1,"Absences répétées, situation préoccupante."
ETU-04636,2024-2025,Informatique,17,F,Generale,P,lycee_prive,Non,19.5,0.0,"65,9",28,55.8,83,5,9,7,0,"11,15",5,2,3,4,,F,bleu,jeudi,728890,2024-09-12,6.32,1,
ETU-02492,2024-2025,Mathematiques,18,Homme,Technologique,ab,lycee_public,N,"11,4",0.0,88.2,39,52.8,88,2,11,9,1,"12,49",7,6,3,2,3,D,bleu,lundi,901451,16/09/2024,17.09,0,
ETU-01687,2024-2025, Psychologie ,18,H,général ,TB,lycee_public,Non,6.8,10.0,99.4,36,52.7,91,1,12,11,12,19.23,6,6,5,4,5,H,gris,jeudi,214405,2024-09-19,19.8,0,"Très bon investissement, en réussite."
ETU-03342,2024-2025,STAPS,21,F,Generale,Assez Bien,lycee_public,Non,15.7,0.0,77.4,37,32.4,81,0,9,8,10,"12,83",6,5,5,5,3,F,gris,vendredi,259341,2024-09-20,18.44,0,
ETU-00361,2024-2025,psychologie,19,femme,Generale,AB,lycee_public,Non,"8,7",9.0,52.6,14,21.6,28,8,12,8,0,6.22,6,3,1,,,H,rouge,mercredi,431341,18 Sep 2024,2.46,1,Forte baisse d'assiduité ce semestre.
ETU-02378,2024-2025,GESTION,18,Homme,Technologique,P,lycee_public,Non,15.0,14.0,"80,3",,69.6,82,1,11,11,3,9.14,6,3,2,4,,H,rouge,mercredi,526864,2024-09-25,14.89,0,Semble peu engagé dans la formation.
ETU-00121,2024-2025,GESTION,18,f,GEN,passable,lycee_public,O,20.1,8.0,84.7,30,48.6,76,4,13,10,5,"7,11",5,2,2,3,4,F,jaune,vendredi,623200,2024-09-20,13.22,0,En difficulté sur les évaluations.
ETU-01644,2024-2025,Psychologie,21,Homme,Generale,AB,lycee_public,O,0.8,11.0,"97,2",38,77.9,86,4,11,11,4,11.58,7,7,5,4,4,F,jaune,vendredi,255969,2024-09-27,18.8,0,
ETU-02222,2024-2025,informatique,18,Femme,TECHNO,P,lycee_public,Non,0.4,0.0,90.4,33,36.1,74,3,11,11,4,10.02,6,3,3,5,3,G,bleu,vendredi,533076,13 Sep 2024,13.81,0,Suivi sans particularité.
ETU-03020,2024-2025, Informatique ,18,H,general,ab,lycee_public,Non,18.1,,"69,4",32,38.7,68,4,13,10,5,12.59,7,6,4,,5,E,vert,lundi,447184,2024-09-16,15.8,0,
ETU-03066,2024-2025,Gestion,20,h,general,AB,lycee_public,O,8.4,16.0,71.8,19,13.3,33,8,12,11,1,12.19,6,6,4,4,3,G,gris,mercredi,530986,04/09/2024,14.95,0,
ETU-00815,2024-2025, Psychologie ,18,femme,Generale,passable,lycee_public,oui,0.3 km,0.0,93.9,42,69.4,79,7,13,13,4,11.03,5,4,4,3,4,B,jaune,lundi,334060,09 Sep 2024,15.3,0,
ETU-04133,2024-2025,STAPS,20,femme,général ,Bien,,O,"4,1",23.0,"72,7",9,12.2,2,10,13,10,0,10.16,5,4,4,2,2,D,jaune,jeudi,583221,2024-09-05,6.25,1,
ETU-01589,2024-2025,INFORMATIQUE,18,H,Generale,Bien,lycee_public,oui,2.6,23.0,77.2%,26,42.8,53,6,8,6,2,12.21,5,5,3,2,4,E,gris,mercredi,459775,04/09/2024,17.16,0,"Bon semestre, résultats solides."
ETU-00497,2024-2025,PSYCHOLOGIE,17,h,Professionnel,Assez Bien,lycee_public,0,34.5,,"79,2",22,30.6,57,4,12,12,4,10.04,6,4,2,3,3,B,jaune,mardi,261538,03/09/2024,14.95,0,
ETU-01883,2024-2025,INFORMATIQUE,18,f,Général,Passable,,1,"24,8",3.0,"55,4",3,0.3,15,4,8,4,0,6.92,6,1,1,,,B,jaune,mardi,971306,24/09/2024,1.31,1,Résultats fragiles aux partiels.
ETU-04158,2024-2025,Psychologie,23,Autre,pro,passable,lycee_public,0,13.0,8.0,"48,0",8,15.4,18,2,11,7,0,4.27,6,2,1,2,2,D,gris,mardi,760849,03/09/2024,0.4,1,
ETU-03811,2024-2025,Gestion,20,H,général ,Bien,lycee_public,N,12.5,,88.9,35,75.3,64,1,13,11,2,"16,61",6,6,4,4,4,G,gris,mardi,244669,03/09/2024,18.06,0,"Très bon investissement, en réussite."
ETU-02814,2024-2025,psychologie,18,Homme,TECHNO,Assez Bien,lycee_public,Non,7.5,23.0,81.2,40,55.6,118,5,11,9,4,12.14,5,1,3,4,4,F,jaune,mercredi,900366,2024-09-11,16.27,0,
ETU-03263,2024-2025, Mathematiques ,20,Femme,general,passable,lycee_public,O,2.4,13.0,"60,7",20,29.2,53,5,12,8,1,"3,29",6,2,2,2,4,B,jaune,mercredi,763941,04 Sep 2024,1.71,1,En difficulté sur les évaluations.
ETU-03789,2024-2025,Biologie,24,f,GEN,B,lycee_public,Oui,10.8,18.0,91.6,36,53.6,89,1,12,11,8,13.76,5,5,4,,5,G,bleu,jeudi,455969,19/09/2024,17.73,0,
ETU-01359,2024-2025,Psychologie,19,h,Professionnel,tres bien,lycee_public,oui,14.8 km,11.0,87.9,42,47.5,91,0,10,8,2,"9,97",5,5,3,3,3,F,gris,mercredi,309604,25 Sep 2024,15.22,0,Très actif sur la plateforme.
ETU-00030,2024-2025,STAPS,20,Homme,TECHNO,Assez Bien,,0,1.2,27.0,"75,5",17,37.4,39,6,12,9,1,"6,01",5,1,3,3,3,F,vert,vendredi,335081,2024-09-06,11.0,0,
ETU-00567,2024-2025,Psychologie,19,M,GEN,Passable,lycee_public,0,"5,2",0.0,56.3,23,34.6,43,1,10,7,3,8.17,5,4,3,4,2,H,jaune,mercredi,223704,04/09/2024,13.35,0,
ETU-00032,2024-2025, Biologie ,19,Homme,général ,passable,lycee_public,N,2.0,8.0,"85,3",32,68.8,100,4,9,7,2,13.19,6,3,2,4,3,F,jaune,jeudi,911741,12/09/2024,16.54,0,
ETU-02899,2024-2025,Biologie,18,Homme,Général,ab,cfa,Non,7.8,22.0,50.9%,13,13.9,21,5,8,5,0,9.3,5,1,1,2,1,D,bleu,mardi,889564,03 Sep 2024,5.09,1,
ETU-01999,2024-2025,BIOLOGIE,18,H,Général,Passable,cfa,Oui,16.3,8.0,66.6,30,12.2,85,5,8,5,2,12.39,6,6,1,2,3,A,jaune,jeudi,205791,2024-09-26,13.5,0,Semble peu engagé dans la formation.
ETU-05133,2024-2025,Psychologie,20,femme,Technologique,,lycee_public,N,17.3 km,14.0,89.4,41,82.0,113,2,11,9,2,11.59,7,5,3,3,4,F,gris,mercredi,113575,2024-09-18,17.08,0,Engagement en ligne remarquable.
ETU-01065,2024-2025,informatique,18,F,Général,,lycee_public,non,18.4 km,14.0,79.6,23,31.6,64,6,13,10,1,13.48,5,2,4,2,3,E,jaune,lundi,446144,2024-09-02,15.4,0,
ETU-04113,2024-2025,PSYCHOLOGIE,18,h,general,ab,lycee_prive,1,3.7 km,,92.9,41,62.0,80,3,11,11,7,"13,42",5,5,5,5,4,B,vert,jeudi,512306,26/09/2024,18.5,0,
ETU-02966,2024-2025,Droit,18,Homme,Generale,P,lycee_public,non,10.8,0.0,97.6,39,59.1,121,1,12,12,6,"14,75",6,5,5,5,3,H,jaune,mercredi,639773,25 Sep 2024,18.95,0,Étudiant assidu et investi.
ETU-01806,2024-2025,STAPS,17,Femme,GEN,AB,lycee_public,0,25.4,14.0,95.3,43,31.8,91,3,8,5,6,12.76,6,2,5,4,3,H,jaune,lundi,789958,2024-09-16,17.29,0,Engagement en ligne remarquable.
ETU-00684,2024-2025,informatique,18,H,TECHNO,Bien,lycee_public,0,10.4,0.0,68.5,27,34.8,68,2,12,11,4,9.74,6,4,4,2,3,F,vert,mardi,294714,2024-09-03,13.7,0,RAS.
ETU-02740,2024-2025,mathematiques,23,H,GEN,B,lycee_public,non,11.0,8.0,"81,0",30,54.1,50,0,10,8,3,16.13,5,3,4,5,2,E,bleu,lundi,525846,16/09/2024,18.29,0,
ETU-03313,2024-2025,Lettres,19,femme,général ,passable,lycee_public,oui,"40,4",20.0,52.3,0,0.0,0,5,9,5,0,11.29,6,3,2,,1,F,vert,lundi,913510,16/09/2024,6.18,1,
ETU-03664,2024-2025,Lettres,20,femme,TECHNO,Passable,lycee_public,0,86.8,8.0,84.7,39,55.2,83,5,13,11,7,10.3,6,3,5,5,3,A,jaune,vendredi,760896,2024-09-27,14.12,0,
ETU-02476,2024-2025,biologie,20,F,Général,B,lycee_prive,N,30.8,7.0,76.1,4,8.3,1,6,12,7,0,12.11,5,4,,3,2,B,bleu,jeudi,311243,2024-09-12,5.78,1,
ETU-02584,2024-2025,STAPS,20,f,techno,,,non,2.0 km,24.0,74.2,37,65.4,83,5,9,6,2,12.36,6,3,4,3,3,E,jaune,jeudi,550465,12 Sep 2024,8.34,1,
ETU-03059,2024-2025,Biologie,18,Femme,Technologique,passable,lycee_public,oui,27.3,17.0,75.5,22,23.2,54,5,9,5,2,"8,86",5,4,4,1,3,B,jaune,mardi,299602,03 Sep 2024,5.41,1,
ETU-03392,2024-2025,Gestion,17,femme,Général,AB,lycee_public,oui,35.7,0.0,75.5,29,42.5,69,2,9,7,3,9.64,6,1,1,3,5,A,jaune,lundi,954161,2024-09-16,14.62,0,"Motivation en berne, à accompagner."
ETU-03661,2024-2025,Mathematiques,20,M,general,B,lycee_prive,1,4.5,0.0,67.1,3,4.3,21,6,10,8,2,11.85,6,6,2,3,3,G,bleu,lundi,172943,2024-09-23,13.24,0,
ETU-05047,2024-2025,Biologie,22,Femme,PRO,Passable,lycee_prive,0,8.6 km,0.0,68.5,9,10.7,14,7,12,8,1,6.62,7,1,3,4,1,B,rouge,lundi,878601,2024-09-09,3.75,1,En difficulté sur les évaluations.
ETU-01259,2024-2025,psychologie,24,femme,Technologique,P,cfa,N,2.9 km,0.0,86.4,36,41.0,83,5,11,8,1,7.48,6,1,3,3,2,H,rouge,jeudi,932212,19 Sep 2024,5.14,1,
ETU-02626,2024-2025,Droit,19,M,TECHNO,Assez Bien,,Non,14.3,15.0,"77,5",26,47.8,44,4,9,5,3,9.39,7,5,2,3,2,A,jaune,mercredi,691291,25/09/2024,13.63,0,Semble peu engagé dans la formation.
ETU-03964,2024-2025,staps,18,femme,general,Passable,lycee_public,Non,"19,8",0.0,"56,7",5,5.1,16,7,13,7,1,10.29,6,3,1,3,1,G,vert,vendredi,716706,27 Sep 2024,3.12,1,Engagement en ligne très faible.
ETU-01615,2024-2025, Biologie ,18,f,Technologique,P,lycee_prive,oui,10.9,15.0,84.9,53,82.5,107,7,11,11,4,"10,39",7,5,3,5,4,C,vert,lundi,724130,16 Sep 2024,16.29,0,Très actif sur la plateforme.
ETU-01727,2024-2025,Psychologie,17,f,Generale,passable,lycee_public,0,1.1,0.0,71.2,12,18.8,17,4,9,7,1,"12,47",6,4,,3,4,F,bleu,lundi,812675,2024-09-09,8.67,1,
ETU-00360,2024-2025,MATHEMATIQUES,19,femme, pro,Bien,cfa,oui,11.1,28.0,"77,1",32,52.9,95,3,12,12,2,8.22,7,4,4,3,4,A,jaune,mercredi,703723,2024-09-18,13.76,0,
ETU-00169,2024-2025,Droit,19,femme,Generale,Assez Bien,lycee_prive,oui,23.7,,84.8,35,38.4,61,3,8,8,6,12.91,6,6,5,5,3,D,bleu,lundi,701000,16 Sep 2024,17.47,0,"Bon semestre, résultats solides."
ETU-02422,2024-2025,biologie,19,femme,GEN,B,autre,0,,,88.9%,24,28.9,60,5,10,9,3,10.94,6,4,,3,5,G,rouge,vendredi,478623,27/09/2024,13.16,0,
ETU-03537,2024-2025,DROIT,22,femme,general,AB,lycee_public,Non,2.8,14.0,95.1%,52,50.1,139,1,10,10,9,12.7,5,4,4,4,,C,rouge,jeudi,515980,2024-09-26,17.67,0,
ETU-04290,2024-2025,Biologie,20,F,Général,P,lycee_public,N,5.0,7.0,86.5,24,37.1,52,1,10,9,1,"10,55",6,3,4,3,4,G,jaune,lundi,455317,2024-09-02,16.22,0,
ETU-04962,2024-2025,DROIT,21,h,Général,tres bien,lycee_public,non,8.5 km,0.0,67.3,7,15.9,10,5,10,5,0,12.76,5,4,3,3,2,F,vert,jeudi,598532,05/09/2024,8.29,1,
ETU-03471,2024-2025,Biologie,18,Homme,Generale,ab,lycee_public,0,4.3,0.0,89.3%,45,70.0,92,3,8,8,5,10.58,5,5,5,3,5,A,jaune,jeudi,456632,2024-09-12,16.88,0,
ETU-01452,2024-2025,Droit,21,F,général ,Assez Bien,lycee_prive,Non,4.1,0.0,96.5,14,17.1,1,7,12,11,2,8.45,7,5,1,4,2,H,gris,jeudi,856030,2024-09-26,14.48,0,Semble peu engagé dans la formation.
ETU-02612,2024-2025,droit,21,Femme,GEN,P,lycee_prive,0,"8,2",9.0,"83,5",30,46.1,51,3,10,9,5,"11,6",7,4,4,,2,G,jaune,lundi,911371,2024-09-23,15.46,0,Suivi sans particularité.
ETU-01432,2024-2025, Biologie ,18,Homme,techno,Assez Bien,lycee_public,O,6.8,0.0,70.4,37,80.6,63,4,10,10,8,8.4,6,0,3,,,E,gris,vendredi,398375,27/09/2024,15.43,0,
ETU-02722,2024-2025,mathematiques,22,Homme,PRO,Assez Bien,cfa,0,30.2,0.0,82.8%,41,52.7,73,4,10,8,2,10.48,5,3,4,4,1,C,jaune,vendredi,232907,20 Sep 2024,13.94,0,Engagement en ligne remarquable.
ETU-02032,2024-2025,Biologie,18,h,général ,P,lycee_public,oui,25.4,10.0,76.0%,31,59.2,76,3,13,11,3,15.38,5,4,5,3,2,H,jaune,mardi,960166,24/09/2024,18.75,0,
ETU-02715,2024-2025,GESTION,19,M,Generale,Passable,lycee_prive,O,23.2,0.0,81.7,12,18.2,22,4,11,7,1,8.05,6,4,4,4,2,H,rouge,lundi,119256,23 Sep 2024,14.49,0,
ETU-00409,2024-2025,STAPS,17,h,général ,Passable,lycee_prive,O,74.2 km,14.0,75.1,12,14.5,17,6,10,8,2,11.43,6,6,2,3,1,H,vert,lundi,669908,23 Sep 2024,14.06,0,Semble peu engagé dans la formation.
ETU-03883,2024-2025,Droit,20,F,techno,tres bien,lycee_public,0,5.7,13.0,"81,0",48,84.2,87,3,10,6,1,13.69,6,6,,3,,E,gris,mercredi,621458,2024-09-11,17.47,0,
ETU-02046,2024-2025,STAPS,19,femme,Technologique,Bien,,N,3.0,15.0,"82,9",36,60.6,77,3,9,7,2,11.52,5,2,4,4,4,A,gris,lundi,210615,2024-09-23,15.38,0,
ETU-00972,2024-2025,droit,19,h,Generale,passable,lycee_public,Non,15.7,0.0,67.1%,18,16.7,40,7,10,7,3,16.12,6,4,4,2,4,A,jaune,lundi,965729,23 Sep 2024,9.83,1,Suivi sans particularité.
ETU-04594,2024-2025,Droit,19,F,Général,Assez Bien,lycee_public,0,12.4,13.0,89.4,34,50.8,68,5,13,13,4,14.2,5,3,4,3,,H,gris,mardi,852914,10/09/2024,18.09,0,Étudiant assidu et investi.
ETU-04095,2024-2025,staps,21,H,Generale,TB,lycee_prive,Oui,2.4,,94.1,48,59.2,79,0,9,9,8,"7,41",5,3,5,4,3,H,rouge,mercredi,304586,2024-09-25,15.91,0,Résultats fragiles aux partiels.
ETU-00696,2024-2025,Informatique,18,M,général ,Très Bien,lycee_public,oui,2.4 km,5.0,93.5,46,67.5,85,4,10,9,5,"19,14",6,6,5,5,3,B,bleu,jeudi,716968,19/09/2024,19.88,0,
ETU-04207,2024-2025,Droit,20,M,GEN,ab,lycee_public,1,83.3,6.0,84.4,17,24.6,40,8,13,9,0,8.15,6,2,2,4,,H,rouge,mercredi,137087,2024-09-11,3.94,1,"Rendus souvent en retard, à relancer."
ETU-03231,2024-2025,DROIT,18,f,Technologique,Bien,lycee_public,0,"1,4",13.0,"88,1",39,49.2,93,1,10,9,3,10.99,6,4,4,5,3,G,gris,jeudi,877714,26/09/2024,17.54,0,
ETU-02749,2024-2025,Informatique,19,Femme,GEN,Assez Bien,lycee_public,1,4.8 km,,50.4,21,31.2,51,7,12,9,0,13.81,5,5,3,1,3,A,jaune,mardi,667077,10 Sep 2024,14.92,0,
ETU-00376,2024-2025,Mathematiques,25,h,general,Assez Bien,,0,"11,5",0.0,"76,9",18,36.0,16,3,12,11,4,7.92,7,5,3,3,3,F,bleu,mercredi,173475,2024-09-04,15.39,0,
ETU-00751,2024-2025,INFORMATIQUE,20,Femme,general,Bien,lycee_public,Oui,16.4,6.0,68.9%,17,28.3,49,7,10,9,0,10.13,5,3,3,3,3,C,gris,lundi,375361,2024-09-02,13.53,0,
ETU-03872,2024-2025,biologie,17,M,TECHNO,,lycee_public,non,47.0,13.0,97.4,49,81.6,122,0,12,12,11,10.32,7,6,5,5,5,H,gris,lundi,317197,2024-09-02,18.55,0,Engagement en ligne remarquable.
ETU-02921,2024-2025,informatique,18,femme,general,Passable,lycee_public,N,18.6,23.0,85.8,47,95.8,121,0,13,13,7,10.58,6,5,4,5,3,C,jaune,jeudi,284976,2024-09-26,17.82,0,Très actif sur la plateforme.
ETU-03981,2024-2025,Informatique,20,femme,Technologique,Assez Bien,,1,55.3,0.0,90.5,58,71.4,123,3,13,10,9,"11,34",7,5,5,5,4,D,rouge,vendredi,303882,13/09/2024,17.86,0,Très actif sur la plateforme.
ETU-01955,2024-2025,Gestion,20,H,général ,ab,lycee_public,0,"10,1",14.0,77.6,40,62.0,87,4,10,7,2,13.4,5,5,3,5,2,A,bleu,lundi,427722,16 Sep 2024,15.37,0,
ETU-03695,2024-2025,Informatique,22,H,Generale,Bien,lycee_public,non,0.5,0.0,80.7,,63.6,98,2,12,11,6,,6,6,4,4,4,D,vert,vendredi,761148,27 Sep 2024,17.87,0,"Bon semestre, résultats solides."
ETU-01857,2024-2025,STAPS,19,femme,Generale,Très Bien,lycee_public,N,5.1,19.0,82.5%,19,40.2,36,4,9,9,7,"13,07",6,4,2,3,2,H,bleu,mardi,938022,2024-09-24,16.69,0,"Motivation en berne, à accompagner."
ETU-02293,2024-2025,Informatique,22,Homme,TECHNO,P,lycee_prive,1,14.0,21.0,64.0,14,15.1,20,7,12,9,0,6.01,7,2,2,,1,G,bleu,mardi,524858,10 Sep 2024,1.81,1,En difficulté sur les évaluations.
ETU-03238,2024-2025,PSYCHOLOGIE,21,H,Général,Bien,cfa,non,1.3,,68.1%,16,12.6,37,5,9,7,1,13.2,6,5,1,1,3,E,bleu,lundi,630769,23 Sep 2024,7.69,1,
ETU-03637,2024-2025,Droit,19,femme,techno,Très Bien,lycee_public,Non,,0.0,"87,5",22,29.1,50,7,8,7,5,11.13,6,3,4,2,1,B,bleu,mercredi,881114,2024-09-25,15.38,0,
ETU-03178,2024-2025,Droit,20,F,général ,P,lycee_public,non,,,92.3,53,50.5,122,0,9,9,6,12.76,6,4,5,5,,C,bleu,mercredi,829414,2024-09-04,18.82,0,
ETU-01584,2024-2025, Biologie ,18,NB,general,Bien,lycee_public,O,"49,1",22.0,87.4,41,71.4,101,6,10,8,0,16.19,6,5,4,2,1,D,rouge,lundi,813675,16 Sep 2024,17.64,0,"Très bon investissement, en réussite."
ETU-02748,2024-2025,Psychologie,18,F,Professionnel,B,lycee_prive,O,5.4,0.0,97.1,38,73.2,79,1,12,12,3,5.78,6,3,2,3,3,F,bleu,mardi,336793,17/09/2024,13.08,0,En difficulté sur les évaluations.
ETU-03298,2024-2025,Biologie,19,Femme,GEN,AB,lycee_public,Oui,,3.0,99.8,35,66.3,51,0,9,9,6,13.46,7,7,5,5,5,A,bleu,vendredi,295376,2024-09-20,18.3,0,"Très bon investissement, en réussite."
ETU-01836,2024-2025,Gestion,20,H,general,Passable,lycee_prive,O,"0,4",13.0,"65,2",19,36.5,45,9,12,9,0,10.49,6,6,2,5,1,H,gris,mardi,822427,10 Sep 2024,11.95,0,"Rendus souvent en retard, à relancer."
ETU-03987,2024-2025,Gestion,18,h,pro,,lycee_prive,non,13.7,5.0,70.6%,29,42.2,58,3,13,9,3,12.76,5,2,3,3,,D,gris,mardi,301860,24/09/2024,15.2,0,
ETU-00907,2024-2025,Gestion,19,femme,Général,P,lycee_public,oui,"11,8",,"76,9",24,36.9,59,5,10,8,3,10.66,6,3,5,5,3,H,bleu,lundi,359954,16/09/2024,15.31,0,RAS.
ETU-02633,2024-2025,Informatique,19,femme,Général,P,lycee_public,0,"2,2",,70.8%,70,118.4,143,2,9,7,7,"8,9",7,5,3,3,4,F,rouge,lundi,423494,09/09/2024,17.54,0,Profil dans la moyenne.
ETU-01006,2024-2025,Gestion,20,femme,general,passable,lycee_public,Non,,11.0,81.0,35,54.7,88,4,13,12,9,7.74,6,4,3,,3,H,gris,jeudi,393682,2024-09-12,15.67,0,Résultats fragiles aux partiels.
ETU-03632,2024-2025,Lettres,22,M,Technologique,passable,lycee_public,0,13.5,13.0,58.3%,10,7.7,29,8,10,8,0,"6,88",7,2,2,2,2,C,gris,mercredi,920975,2024-09-04,2.23,1,Résultats fragiles aux partiels.
ETU-03543,2024-2025,informatique,19,F,techno,ab,lycee_public,oui,14.8,0.0,59.1,19,15.6,50,5,10,7,0,9.44,5,3,2,3,,B,rouge,mardi,730191,2024-09-17,5.81,1,Semble peu engagé dans la formation.
ETU-03748,2024-2025,MATHEMATIQUES,22,H,Professionnel,Assez Bien,lycee_public,1,"18,1",15.0,83.7,35,55.1,95,4,12,9,0,6.37,6,0,2,4,2,D,bleu,mardi,439474,03 Sep 2024,13.2,0,
ETU-00921,2024-2025,Mathematiques,19,femme,GEN,Passable,autre,oui,3.8,,78.8%,32,29.7,82,1,11,9,1,13.92,7,4,5,3,3,E,gris,mardi,191238,24 Sep 2024,17.96,0,Travail sérieux et régulier.
ETU-00190,2024-2025,Biologie,23,F,général ,TB,lycee_prive,N,6.6,11.0,52.4,0,0.0,0,6,11,6,0,"15,16",5,3,2,1,,B,rouge,mardi,716942,17/09/2024,6.45,1,
ETU-02869,2024-2025,Informatique,20,H,Generale,P,lycee_public,non,"4,7",6.0,97.2%,,60.9,84,0,9,9,5,"13,41",7,7,5,5,5,H,bleu,jeudi,718499,26 Sep 2024,17.23,0,Étudiant assidu et investi.
ETU-03317,2024-2025,Mathematiques,19,Autre,GEN,P,lycee_public,N,13.7 km,16.0,"79,5",19,23.7,22,1,11,9,3,"12,96",6,1,3,,3,H,jaune,jeudi,655333,19/09/2024,16.19,0,
ETU-03277,2024-2025,Droit,22,f,TECHNO,TB,lycee_public,non,23.1,16.0,87.5%,38,67.3,74,2,8,6,4,13.19,6,6,4,3,4,H,vert,jeudi,171275,12/09/2024,18.36,0,"Très bon investissement, en réussite."
ETU-00863,2024-2025,informatique,19,F,Technologique,tres bien,lycee_public,non,16.6,23.0,90.7,27,33.5,41,4,13,13,6,"13,03",5,5,5,5,2,B,bleu,mardi,566235,03 Sep 2024,17.47,0,
ETU-03858,2024-2025,Mathematiques,20,F,Technologique,P,lycee_public,Non,18.8 km,15.0,"81,8",38,57.9,99,1,11,11,4,"8,32",6,1,3,4,3,H,vert,jeudi,533885,2024-09-05,15.81,0,Profil dans la moyenne.
ETU-05181,2024-2025,biologie,18,Homme,general,Passable,lycee_public,O,3.7,10.0,81.5,51,57.0,146,4,9,9,6,11.32,5,5,4,,2,H,bleu,lundi,700973,23 Sep 2024,16.4,0,Engagement en ligne remarquable.
ETU-03291,2024-2025, Psychologie ,19,Homme,Professionnel,AB,cfa,0,"31,4",23.0,75.2,25,40.7,53,3,11,8,1,"8,43",7,2,1,3,1,B,jaune,mercredi,361724,04 Sep 2024,4.91,1,Semble peu engagé dans la formation.
ETU-00830,2024-2025,Lettres,17,femme,general,Bien,lycee_public,Oui,9.6,28.0,76.6,34,50.4,74,1,11,10,6,18.38,6,5,4,4,,C,bleu,mardi,610029,2024-09-17,18.7,0,"Bon semestre, résultats solides."
ETU-04890,2024-2025,Droit,22,h,Général,passable,lycee_public,0,"11,4",13.0,71.2,33,52.4,76,8,11,8,4,"12,05",6,3,2,3,4,G,gris,lundi,348371,16 Sep 2024,8.31,1,Plusieurs travaux remis hors délai.
ETU-04235,2024-2025, Biologie ,22,H,général ,Bien,,O,2.1,9.0,"69,9",27,40.5,56,8,12,11,0,10.78,6,4,3,2,3,G,rouge,mercredi,247842,18/09/2024,6.23,1,
ETU-04881,2024-2025,Droit,18,H, pro,ab,lycee_public,N,"31,1",23.0,92.4,44,50.6,81,1,10,9,7,8.21,6,4,,5,3,F,rouge,vendredi,833734,13 Sep 2024,15.79,0,
ETU-03635,2024-2025,STAPS,19,M,PRO,AB,lycee_prive,non,12.3,18.0,98.9,51,54.7,94,0,9,9,5,12.9,5,5,,4,4,C,rouge,lundi,161017,2024-09-23,18.69,0,Très actif sur la plateforme.
ETU-02976,2024-2025,INFORMATIQUE,20,Homme,TECHNO,AB,autre,N,8.6 km,,90.7,14,25.5,23,2,8,7,4,14.88,7,4,3,5,3,F,rouge,jeudi,675467,2024-09-26,18.71,0,"Bon semestre, résultats solides."
ETU-00719,2024-2025, Informatique ,19,NR,Technologique,Bien,lycee_prive,N,"9,1",0.0,93.0%,43,75.1,96,5,10,10,7,9.4,5,4,3,5,3,G,gris,vendredi,304871,13/09/2024,15.23,0,Très actif sur la plateforme.
ETU-00246,2024-2025,STAPS,18,Femme,general,,lycee_public,Non,9.6,25.0,93.3%,16,19.0,33,3,10,7,2,11.79,6,2,2,4,2,C,rouge,vendredi,353786,06/09/2024,16.1,0,
ETU-00202,2024-2025,Lettres,23,Femme,TECHNO,B,lycee_public,Oui,23.7,7.0,76.7%,37,62.7,83,6,8,7,3,"10,03",5,2,4,2,2,H,rouge,mardi,849211,03/09/2024,8.2,1,RAS.
ETU-00456,2024-2025,Psychologie,20,Autre,général ,TB,lycee_public,oui,21.0 km,0.0,73.9%,38,62.3,104,5,13,10,1,"13,29",5,3,3,4,2,E,rouge,vendredi,178943,2024-09-06,16.77,0,Profil dans la moyenne.
ETU-04466,2024-2025,Lettres,21,Femme,Professionnel,passable,lycee_public,1,"12,5",8.0,94.8,44,57.5,95,5,10,7,5,8.69,5,3,3,3,5,H,bleu,jeudi,997747,2024-09-05,15.31,0,
ETU-01249,2024-2025, Droit ,19,h,techno,passable,lycee_public,N,11.2,6.0,78.8%,35,50.9,67,6,12,10,2,13.73,7,6,3,3,4,E,vert,jeudi,341404,12/09/2024,17.0,0,Travail sérieux et régulier.
ETU-00117,2024-2025,Droit,20,M,Technologique,Assez Bien,lycee_public,non,0.5,0.0,93.6,24,48.2,46,0,13,10,3,11.09,7,6,4,4,4,G,gris,lundi,246771,23 Sep 2024,16.54,0,Profil dans la moyenne.
ETU-01480,2024-2025, Gestion ,23,h,général ,P,lycee_prive,Non,13.5,14.0,"90,4",28,51.5,63,2,8,7,2,10.28,6,5,3,3,3,B,gris,vendredi,993674,27/09/2024,14.8,0,
ETU-00219,2024-2025,psychologie,19,M,Technologique,Assez Bien,autre,non,14.4,12.0,99.8,51,118.9,133,1,11,11,6,"11,41",5,4,5,4,4,B,rouge,mardi,921859,10 Sep 2024,17.46,0,Très actif sur la plateforme.
ETU-02155,2024-2025,Lettres,20,Homme,GEN,ab,lycee_prive,N,52.9,27.0,66.3%,20,16.7,57,6,10,8,3,"7,52",5,3,3,4,3,B,vert,mercredi,785584,2024-09-18,5.66,1,Résultats fragiles aux partiels.
ETU-03957,2024-2025,Biologie,18,NB,TECHNO,B,lycee_public,1,13.4,13.0,86.1,22,24.0,57,1,9,7,3,"9,81",5,4,4,2,3,C,bleu,mardi,388746,10/09/2024,12.17,0,Profil dans la moyenne.
ETU-00206,2024-2025,Gestion,19,femme,général ,AB,lycee_public,O,48.8,,72.5,29,40.1,71,4,13,11,5,12.13,7,6,4,3,4,C,gris,mercredi,187471,2024-09-11,9.62,1,Profil dans la moyenne.
ETU-01077,2024-2025,Droit,23,Femme,general,ab,lycee_public,non,11.7,13.0,91.3,22,26.8,49,3,11,10,1,17.35,5,3,4,5,2,E,vert,jeudi,983433,2024-09-12,18.63,0,"Bon semestre, résultats solides."
ETU-04783,2024-2025,LETTRES,18,h,TECHNO,AB,lycee_public,non,"4,6",0.0,59.4,3,1.8,20,5,9,5,1,"5,36",6,3,1,1,3,D,vert,mardi,775638,2024-09-24,1.88,1,
ETU-04396,2024-2025, Lettres ,20,H,Generale,B,lycee_public,oui,"3,9",4.0,"71,7",29,38.3,52,5,8,7,5,10.62,6,6,3,4,2,E,jaune,vendredi,153344,2024-09-27,16.06,0,RAS.
ETU-00708,2024-2025, Droit ,21,f,général ,B,lycee_public,O,5.6,11.0,77.1,23,43.0,63,6,11,9,3,9.76,5,2,2,3,2,C,gris,vendredi,164474,2024-09-06,15.43,0,"Motivation en berne, à accompagner."
ETU-04864,2024-2025,informatique,21,F,Generale,passable,lycee_public,O,,12.0,54.0,0,0.0,0,6,10,6,0,"9,86",6,3,2,3,2,G,jaune,lundi,708480,16/09/2024,5.2,1,"Absences répétées, situation préoccupante."
ETU-03514,2024-2025,Lettres,22,femme,TECHNO,Assez Bien,lycee_public,1,13.8,17.0,66.1,38,81.5,66,7,9,7,1,11.96,7,3,2,2,2,D,vert,mardi,608923,2024-09-24,6.77,1,
ETU-03884,2024-2025, Biologie ,22,femme,GEN,passable,lycee_public,non,31.9,0.0,98.0,28,30.6,48,2,13,10,3,11.32,5,5,4,3,2,D,gris,vendredi,715687,2024-09-20,17.57,0,
ETU-02182,2024-2025,gestion,20,Homme,Général,ab,cfa,0,15.8 km,0.0,74.5,25,52.9,50,2,11,7,4,"10,52",5,4,3,5,4,B,rouge,jeudi,845525,2024-09-26,15.23,0,
ETU-05115,2024-2025,Psychologie,23,F,Generale,tres bien,lycee_public,oui,8.8,9.0,"84,7",24,44.5,39,3,10,7,8,"11,95",6,3,3,2,3,H,jaune,mercredi,470184,25/09/2024,15.86,0,Profil dans la moyenne.
ETU-03084,2024-2025,STAPS,18,Homme,Generale,B,lycee_prive,0,57.5 km,27.0,"74,3",17,12.7,31,7,12,11,1,"17,76",7,7,3,3,3,D,rouge,mercredi,887696,18/09/2024,17.6,0,
ETU-02610,2024-2025,STAPS,17,Homme,Generale,Passable,lycee_prive,oui,"20,3",0.0,"59,7",32,48.7,77,1,9,6,3,"12,11",7,4,4,4,3,H,gris,mardi,632009,2024-09-17,16.86,0,Profil dans la moyenne.
ETU-01438,2024-2025,STAPS,17,H,TECHNO,,lycee_public,Non,1.6,0.0,83.7,53,59.8,110,2,10,10,8,12.38,6,5,5,,2,C,jaune,mercredi,490245,04 Sep 2024,16.54,0,
ETU-01444,2024-2025,Psychologie,23,M,Generale,Bien,lycee_public,Non,49.7 km,18.0,73.4,28,45.0,63,6,11,9,2,17.34,5,5,5,4,5,E,jaune,mardi,950605,10/09/2024,18.64,0,Suivi sans particularité.
ETU-02349,2024-2025, Droit ,23,femme,Technologique,passable,lycee_public,oui,14.9,7.0,57.4%,,20.7,41,6,13,7,1,12.0,6,5,1,3,1,A,vert,lundi,413195,02/09/2024,6.56,1,
ETU-02632,2024-2025,Mathematiques,20,f,Generale,Passable,lycee_public,oui,36.1,,75.4,29,23.9,54,5,13,11,4,13.31,6,5,4,,1,H,rouge,mercredi,768223,11/09/2024,16.52,0,
ETU-01229,2024-2025,STAPS,21,f,Général,B,lycee_public,Oui,5.3,13.0,63.6,25,57.2,40,5,12,6,0,7.12,5,1,1,1,3,E,gris,mardi,704482,24 Sep 2024,2.91,1,En difficulté sur les évaluations.
ETU-02264,2024-2025,Droit,19,h,techno,Assez Bien,lycee_public,0,43.9,0.0,98.2,50,58.7,88,0,11,11,5,15.65,6,6,5,5,2,H,jaune,vendredi,881900,20/09/2024,18.74,0,Étudiant assidu et investi.
ETU-05123,2024-2025,Psychologie,19,Femme,techno,ab,lycee_public,O,16.1,11.0,71.8,45,76.2,81,1,11,11,2,9.8,6,5,4,3,3,A,jaune,jeudi,400112,26/09/2024,16.74,0,RAS.
ETU-03629,2024-2025,psychologie,22,M,Generale,Passable,autre,Non,5.6,8.0,97.2,43,80.4,84,4,13,13,7,12.95,6,4,3,3,3,B,jaune,vendredi,697817,27/09/2024,16.96,0,Engagement en ligne remarquable.
ETU-02506,2024-2025,Lettres,22,Homme,Général,Passable,lycee_public,oui,16.4,18.0,"84,4",50,74.4,137,3,12,12,5,"13,05",7,6,5,4,5,G,vert,vendredi,221445,06/09/2024,18.46,0,Engagement en ligne remarquable.
ETU-03343,2024-2025, Mathematiques ,23,h,TECHNO,Bien,lycee_public,Non,6.1,11.0,69.8,12,24.4,37,3,13,11,1,10.43,6,5,2,1,2,E,rouge,vendredi,465756,2024-09-13,6.18,1,Semble peu engagé dans la formation.
ETU-02284,2024-2025,Gestion,20,F,pro,P,lycee_public,Oui,2.1,21.0,67.1,13,12.8,33,5,13,11,3,5.87,6,3,3,3,2,C,vert,mardi,170442,03 Sep 2024,2.17,1,
ETU-04138,2024-2025,droit,20,femme,Technologique,B,lycee_public,Non,8.7,0.0,59.0%,18,26.2,38,5,8,5,1,11.86,6,6,3,1,4,F,gris,jeudi,514912,19 Sep 2024,14.07,0,
ETU-02756,2024-2025,Informatique,18,Femme,Generale,ab,lycee_public,Oui,49.9,0.0,"59,3",21,20.8,50,1,10,7,2,9.13,7,4,2,,2,C,rouge,mardi,487098,17/09/2024,4.76,1,"Motivation en berne, à accompagner."
ETU-01013,2024-2025,Informatique,18,Femme,general,TB,lycee_prive,Non,9.7,17.0,85.9,37,57.5,80,5,9,9,5,17.34,6,1,4,4,4,D,gris,mercredi,523512,18/09/2024,18.94,0,"Très bon investissement, en réussite."
ETU-04530,2024-2025,INFORMATIQUE,23,f,Technologique,P,lycee_public,0,7.9,15.0,70.1,31,49.2,70,1,9,9,5,"11,77",6,2,2,4,3,D,jaune,mardi,113833,17 Sep 2024,15.4,0,
ETU-03120,2024-2025,Lettres,18,h,Général,P,,O,53.1,25.0,78.8%,47,106.9,113,4,8,8,5,"6,55",6,2,3,4,3,B,rouge,lundi,250459,2024-09-16,12.94,0,Résultats fragiles aux partiels.
ETU-00800,2024-2025,INFORMATIQUE,20,Femme,Generale,AB,,Non,30.8,22.0,78.6,22,34.2,40,4,13,12,3,"11,83",5,4,1,3,3,A,gris,lundi,990866,16/09/2024,5.64,1,
ETU-02616,2024-2025,Gestion,18,f,TECHNO,passable,lycee_prive,Oui,39.0,13.0,98.0,43,88.9,105,0,13,12,12,9.3,6,2,4,3,4,A,vert,lundi,674615,23 Sep 2024,15.44,0,Engagement en ligne remarquable.
ETU-05093,2024-2025,psychologie,18,f,GEN,Très Bien,lycee_prive,Non,3.3,3.0,74.2,25,37.9,45,2,13,10,0,13.63,6,6,5,2,,C,rouge,mercredi,721822,18/09/2024,17.76,0,
ETU-02552,2024-2025,Gestion,19,h,Général,P,lycee_prive,non,9.8,0.0,70.2%,28,67.3,59,2,8,7,2,"5,48",5,2,4,4,2,G,rouge,mercredi,675491,2024-09-25,12.13,0,En difficulté sur les évaluations.
ETU-03016,2024-2025,biologie,18,f,Generale,B,lycee_public,Non,12.5,4.0,89.5,19,40.6,51,2,12,10,5,15.01,6,5,,5,,A,gris,mardi,274050,17 Sep 2024,16.89,0,
ETU-01278,2024-2025,STAPS,23,F,techno,passable,lycee_prive,non,"6,6",0.0,57.1,8,12.1,7,5,8,5,1,9.73,6,5,3,,1,F,jaune,lundi,252613,2024-09-09,5.67,1,Peu actif sur la plateforme.
ETU-01347,2024-2025,informatique,20,f,general,Passable,lycee_public,non,,0.0,"83,6",32,49.8,76,2,11,8,3,"8,9",5,3,5,3,1,D,gris,mardi,474970,03 Sep 2024,13.3,0,
ETU-01866,2024-2025,Droit,20,femme,Generale,Assez Bien,lycee_public,N,21.4,0.0,81.6%,34,25.5,52,4,13,13,4,"14,14",6,6,5,2,,F,bleu,mercredi,272102,11/09/2024,17.36,0,"Bon semestre, résultats solides."
ETU-02365,2024-2025,Informatique,25,F,Generale,passable,lycee_public,0,23.5 km,0.0,87.9,52,53.1,84,3,12,12,2,12.53,6,5,3,3,3,B,rouge,mardi,140625,10 Sep 2024,17.79,0,Engagement en ligne remarquable.
ETU-00772,2024-2025,Informatique,23,F,Technologique,B,autre,N,17.6,7.0,"96,1",53,50.1,109,3,11,11,2,11.96,6,4,5,3,4,E,jaune,mercredi,345425,18 Sep 2024,17.08,0,Engagement en ligne remarquable.
ETU-01350,2024-2025,Mathematiques,19,M,Generale,Assez Bien,cfa,0,3.4,0.0,"62,5",13,18.1,43,7,12,7,0,11.24,6,3,3,3,2,A,bleu,mercredi,830257,2024-09-04,4.05,1,
ETU-01731,2024-2025,STAPS,19,f, pro,Très Bien,lycee_public,oui,9.6 km,11.0,80.4,35,35.8,97,4,8,7,2,"8,07",6,2,2,3,3,B,rouge,vendredi,632520,27 Sep 2024,14.03,0,
ETU-02096,2024-2025,Informatique,21,Femme,TECHNO,Assez Bien,lycee_public,oui,3.7 km,20.0,52.9,8,7.0,25,5,9,5,0,,7,2,1,3,,D,gris,lundi,448342,09/09/2024,0.69,1,"Absences répétées, situation préoccupante."
ETU-01756,2024-2025,Lettres,21,M,Generale,AB,lycee_public,Oui,4.8,,78.4,37,61.5,87,1,11,9,4,"12,04",6,2,,3,3,A,bleu,vendredi,773737,06 Sep 2024,15.06,0,Travail sérieux et régulier.
ETU-03236,2024-2025,Gestion,21,Femme,Général,passable,lycee_public,0,11.4 km,0.0,81.1%,27,44.3,76,1,10,8,3,11.1,7,6,4,3,3,H,bleu,mardi,261906,17 Sep 2024,16.8,0,Profil dans la moyenne.
ETU-00902,2024-2025,DROIT,20,Femme,TECHNO,passable,autre,0,1.8,0.0,58.8,27,38.6,61,7,12,7,1,7.35,6,3,,4,2,G,gris,mardi,273924,17 Sep 2024,6.22,1,
ETU-05038,2024-2025,gestion,18,femme,Général,Passable,cfa,Oui,"8,2",0.0,74.6,,25.3,43,7,13,8,1,12.37,5,2,3,3,1,H,bleu,mercredi,185617,11/09/2024,8.28,1,RAS.
ETU-04811,2024-2025, Droit ,20,F,Général,,lycee_public,1,59.1,14.0,90.9,50,67.7,80,3,12,10,6,10.54,6,5,3,3,3,B,gris,mardi,872936,17/09/2024,13.64,0,
ETU-04585,2024-2025,Gestion,19,h,TECHNO,Passable,cfa,non,7.0,,86.6,34,30.6,51,4,13,10,6,12.45,5,5,5,5,,E,vert,jeudi,432735,05 Sep 2024,16.3,0,
ETU-04318,2024-2025,PSYCHOLOGIE,18,h,Général,Très Bien,lycee_prive,N,28.3 km,27.0,76.3,30,24.6,63,2,8,7,3,10.37,6,5,3,2,2,D,gris,vendredi,343885,2024-09-13,14.18,0,
ETU-05072,2024-2025,GESTION,19,F,GEN,Assez Bien,lycee_public,oui,18.8,25.0,86.6,17,38.5,52,4,10,7,2,11.88,5,5,2,3,1,B,jaune,jeudi,981573,12/09/2024,14.86,0,Semble peu engagé dans la formation.
ETU-00994,2024-2025,Biologie,23,f,Général,Assez Bien,lycee_public,N,0.0,8.0,80.4%,30,39.5,74,0,11,10,4,13.13,7,1,4,3,4,D,vert,lundi,150120,02/09/2024,17.2,0,"Bon semestre, résultats solides."
ETU-02084,2024-2025,psychologie,20,H,général ,passable,lycee_public,oui,"23,8",5.0,"84,5",42,60.1,112,2,9,9,4,10.31,7,6,4,4,3,G,bleu,mardi,130715,17/09/2024,15.49,0,Engagement en ligne remarquable.
ETU-00551,2024-2025,Psychologie,20,femme,Général,passable,cfa,Non,24.3,0.0,"88,6",31,44.4,63,4,11,9,2,15.08,7,6,4,3,4,H,bleu,lundi,917560,02/09/2024,18.11,0,
ETU-04514,2024-2025, Mathematiques ,18,h,Generale,Bien,lycee_public,0,6.0,24.0,88.0,35,15.9,87,0,8,7,6,10.28,5,3,4,3,3,F,bleu,lundi,417411,02/09/2024,17.19,0,
ETU-02116,2024-2025,STAPS,19,h,général ,Passable,lycee_public,Non,8.2,22.0,83.1,32,66.5,78,2,8,7,3,14.04,7,7,4,3,3,G,jaune,mercredi,793372,04/09/2024,17.86,0,
ETU-01682,2024-2025,Biologie,17,Homme,general,Passable,lycee_public,Non,14.6,22.0,95.9%,26,29.4,44,1,12,12,3,15.97,5,3,5,4,5,B,vert,mercredi,756182,04/09/2024,17.53,0,
ETU-00045,2024-2025,GESTION,20,F,pro,ab,,0,4.1,12.0,89.2,34,61.2,69,2,9,9,6,9.95,7,6,3,5,4,E,rouge,jeudi,904943,2024-09-12,17.02,0,Suivi sans particularité.
ETU-04939,2024-2025,Biologie,21,F,Général,passable,lycee_public,0,3.3,16.0,99.2,57,69.1,149,1,9,9,4,12.74,5,3,,5,5,H,gris,mercredi,100734,2024-09-18,17.17,0,Engagement en ligne remarquable.
ETU-02637,2024-2025,Psychologie,19,femme,general,AB,cfa,Oui,22.1,9.0,62.2,22,28.5,59,3,10,9,2,10.91,5,4,4,3,3,F,rouge,mardi,332206,2024-09-03,13.84,0,
ETU-04452,2024-2025,Mathematiques,19,Femme,Generale,Assez Bien,cfa,0,20.6,0.0,86.3%,43,76.2,86,1,11,9,2,8.76,5,2,2,3,2,D,jaune,vendredi,636210,06 Sep 2024,16.88,0,Semble peu engagé dans la formation.
ETU-00811,2024-2025,informatique,19,f,général ,P,,Non,1.7,,78.3,27,62.4,79,3,12,11,3,11.97,5,4,3,4,4,D,vert,mardi,934370,10 Sep 2024,15.19,0,
ETU-03389,2024-2025,droit,17,H,général ,AB,lycee_public,0,87.8,27.0,67.1,16,22.5,46,3,8,4,0,12.5,6,5,3,2,1,E,gris,mardi,985961,24/09/2024,5.46,1,
ETU-04781,2024-2025,STAPS,19,femme,techno,Bien,lycee_public,O,5.1,10.0,74.6,,0.5,1,3,10,6,0,13.01,7,6,1,3,3,A,bleu,mardi,237636,2024-09-24,6.69,1,
ETU-00794,2024-2025,Psychologie,20,Homme,techno,AB,lycee_public,N,10.9,13.0,"76,1",15,16.6,38,7,12,7,0,5.65,7,0,4,1,3,A,gris,vendredi,536688,2024-09-20,10.06,0,
ETU-04071,2024-2025,Gestion,19,h,TECHNO,P,autre,N,25.6,0.0,92.8%,38,66.5,65,3,12,10,5,7.23,6,3,2,3,4,A,bleu,vendredi,310415,27/09/2024,14.12,0,En difficulté sur les évaluations.
ETU-04275,2024-2025,Gestion,20,femme,Général,passable,cfa,Non,13.9 km,0.0,"84,0",62,101.9,144,0,8,8,7,14.64,7,7,4,4,3,C,jaune,lundi,218798,09 Sep 2024,18.48,0,
ETU-01009,2024-2025, Mathematiques ,21,F,TECHNO,Assez Bien,lycee_public,N,15.4,23.0,80.3%,,42.7,50,5,8,6,2,"10,8",6,1,4,4,3,B,jaune,jeudi,752678,12 Sep 2024,13.98,0,
ETU-02894,2024-2025,biologie,18,F,général ,AB,lycee_prive,N,8.7,,84.9,39,33.2,73,6,12,8,1,10.47,6,5,4,4,3,D,bleu,vendredi,319213,20/09/2024,14.39,0,
ETU-01554,2024-2025,Droit,19,H,général ,P,lycee_public,0,"12,8",0.0,69.2%,26,50.9,60,6,8,6,4,"9,72",7,4,2,2,4,B,vert,vendredi,990317,20 Sep 2024,13.81,0,
ETU-03496,2024-2025, Informatique ,19,F,techno,passable,lycee_public,1,3.0,0.0,87.3,34,38.3,71,1,11,9,3,8.44,6,4,4,4,5,C,vert,jeudi,918014,2024-09-12,15.15,0,RAS.
ETU-01227,2024-2025, Mathematiques ,21,Femme,general,Bien,lycee_public,O,20.1,23.0,66.7,11,32.1,35,6,8,6,1,"9,45",7,6,2,2,3,A,bleu,mercredi,521362,04 Sep 2024,4.34,1,
ETU-00582,2024-2025,BIOLOGIE,17,h,techno,Assez Bien,lycee_prive,0,4.4 km,0.0,61.4,,42.9,26,3,11,10,3,11.12,5,2,2,3,4,D,rouge,jeudi,146498,26/09/2024,16.35,0,
ETU-03725,2024-2025,Mathematiques,19,f,général ,Très Bien,lycee_prive,Oui,15.4 km,28.0,"96,9",,38.1,150,1,8,8,2,14.2,5,5,5,4,5,A,rouge,vendredi,421659,2024-09-20,19.05,0,Étudiant assidu et investi.
ETU-04896,2024-2025,Psychologie,19,h,TECHNO,Passable,lycee_prive,O,27.6,8.0,"71,2",41,77.3,93,4,9,7,4,"14,49",6,6,4,2,1,E,rouge,lundi,556636,16 Sep 2024,17.82,0,Suivi sans particularité.
ETU-04348,2024-2025,STAPS,19,h,TECHNO,passable,,O,41.8,15.0,72.9,32,50.5,50,4,8,7,6,11.69,6,3,2,3,3,D,gris,jeudi,927297,05 Sep 2024,16.55,0,Semble peu engagé dans la formation.
ETU-03653,2024-2025,biologie,21,h,Technologique,TB,,non,,0.0,85.9%,38,63.7,92,3,12,12,8,13.2,5,3,5,4,3,D,rouge,lundi,984909,16 Sep 2024,18.41,0,Étudiant assidu et investi.
ETU-01380,2024-2025,Informatique,23,femme,général ,Passable,lycee_public,oui,,12.0,96.6%,,98.9,108,0,9,9,6,"14,25",6,6,5,4,4,H,gris,mardi,640201,2024-09-03,19.37,0,
ETU-00519,2024-2025,STAPS,22,h,Generale,Passable,lycee_public,1,"10,7",0.0,88.8,35,31.1,87,4,11,11,1,12.78,5,3,2,5,3,A,jaune,vendredi,826832,2024-09-13,16.41,0,Semble peu engagé dans la formation.
ETU-01686,2024-2025,Mathematiques,21,F,Technologique,Bien,lycee_prive,1,"46,4",9.0,87.3,34,21.7,77,1,9,9,5,14.8,7,5,4,3,2,G,bleu,mercredi,201888,18/09/2024,17.61,0,
ETU-01562,2024-2025, Psychologie ,20,F,TECHNO,ab,lycee_public,Non,1.8,0.0,85.6,32,66.3,67,2,9,8,3,11.15,6,4,4,5,3,F,bleu,jeudi,295458,05/09/2024,17.73,0,Suivi sans particularité.
ETU-01742,2024-2025,Droit,23,H,général ,Passable,cfa,non,1.8,0.0,79.0%,20,22.8,49,2,9,6,1,6.49,5,3,3,,1,A,vert,mercredi,792481,11 Sep 2024,11.29,0,
ETU-00033,2024-2025,STAPS,18,f,Général,P,lycee_public,Non,32.8 km,13.0,89.0,24,31.4,71,5,13,9,3,13.36,6,3,2,2,3,C,jaune,mardi,842552,2024-09-24,15.08,0,Semble peu engagé dans la formation.
ETU-05107,2024-2025,Lettres,22,Homme,general,P,lycee_public,0,20.1 km,18.0,94.2,13,25.9,50,2,9,8,4,"12,19",6,4,5,,3,C,vert,jeudi,728055,26/09/2024,16.52,0,
ETU-02774,2024-2025,DROIT,19,F,général ,Bien,lycee_public,1,7.8,10.0,84.3,31,41.5,68,4,10,8,1,12.34,6,4,3,2,1,D,gris,mercredi,654462,11/09/2024,14.99,0,Travail sérieux et régulier.
ETU-01827,2024-2025,Biologie,21,H,Général,Passable,lycee_public,O,40.5,0.0,88.7,46,82.3,91,2,8,8,8,15.12,5,5,5,4,3,C,gris,lundi,596560,16/09/2024,19.05,0,
ETU-00560,2024-2025,Informatique,17,f,Generale,B,lycee_public,N,2.2,17.0,95.2,38,60.9,76,3,11,11,7,"17,22",5,5,5,4,3,B,rouge,mercredi,279801,18/09/2024,19.49,0,Étudiant assidu et investi.
ETU-03956,2024-2025, Droit ,18,h,techno,Passable,lycee_public,Non,41.0,0.0,93.3,34,45.7,78,0,9,9,4,10.94,6,5,5,4,1,B,rouge,lundi,635978,16/09/2024,16.44,0,
ETU-01950,2024-2025, Mathematiques ,24,M,général ,ab,,non,2.2 km,0.0,89.5,8,3.3,14,5,8,5,0,7.89,5,4,3,4,1,C,bleu,mardi,847324,2024-09-17,5.3,1,
ETU-01631,2024-2025,GESTION,17,Femme,Generale,TB,lycee_public,Non,17.7 km,13.0,58.5,3,3.6,8,7,11,7,0,"14,64",6,6,2,1,1,H,gris,mercredi,657334,11 Sep 2024,13.66,0,Engagement en ligne très faible.
ETU-01004,2024-2025,BIOLOGIE,21,F,techno,B,lycee_prive,non,2.0 km,0.0,"66,7",26,35.9,54,4,12,8,3,7.49,5,2,3,2,2,B,vert,mercredi,415594,11 Sep 2024,6.77,1,En difficulté sur les évaluations.
ETU-01681,2024-2025,Mathematiques,17,F,Technologique,ab,lycee_prive,N,18.7,0.0,74.2,,15.9,16,5,10,9,2,8.26,6,3,3,3,,A,vert,lundi,846645,2024-09-09,11.21,0,
ETU-02357,2024-2025,INFORMATIQUE,20,M,Technologique,ab,lycee_public,Non,18.5,11.0,78.9,25,42.5,43,4,12,7,4,10.23,6,5,3,4,,C,jaune,mardi,667608,03/09/2024,9.29,1,
ETU-02875,2024-2025,STAPS,20,f,general,Passable,lycee_public,0,"18,9",,"39,7",1,0.3,9,5,9,5,1,"8,13",7,5,1,1,2,H,bleu,jeudi,630983,2024-09-05,2.92,1,
ETU-01524,2024-2025, Informatique ,19,f,général ,Passable,lycee_prive,Non,5.7,9.0,73.0,14,26.7,25,7,13,7,0,10.3,6,5,2,3,2,C,gris,jeudi,393955,2024-09-19,3.79,1,
ETU-00265,2024-2025,Mathematiques,21,h,general,Assez Bien,lycee_public,1,11.1,0.0,79.8,30,55.1,74,5,13,12,3,12.97,5,4,4,3,3,E,gris,lundi,909070,16 Sep 2024,15.9,0,Travail sérieux et régulier.
ETU-00185,2024-2025,Informatique,20,H,Technologique,AB,lycee_public,Non,11.0,0.0,87.6%,44,108.6,109,2,12,12,7,"16,2",5,5,3,4,4,G,gris,mercredi,648723,11 Sep 2024,19.24,0,Étudiant assidu et investi.
ETU-04503,2024-2025,Gestion,17,femme,general,B,lycee_public,Non,48.6,28.0,73.0%,17,27.5,43,0,13,10,0,12.39,5,4,4,1,2,H,vert,mercredi,534044,2024-09-18,6.53,1,RAS.
ETU-00912,2024-2025,STAPS,20,femme,général ,TB,lycee_public,N,14.2 km,13.0,"82,0",30,64.2,47,2,9,9,0,15.48,7,7,4,4,3,E,rouge,lundi,901887,2024-09-23,18.99,0,
ETU-01232,2024-2025, STAPS ,17,h,pro,Passable,lycee_public,Non,3.0,0.0,70.6,30,47.0,59,4,8,7,3,7.1,5,2,4,1,3,E,vert,lundi,222453,2024-09-02,13.74,0,Résultats fragiles aux partiels.
ETU-00704,2024-2025,informatique,19,h,techno,passable,lycee_public,0,23.0,0.0,98.0,57,108.0,97,3,9,9,6,"10,31",6,2,5,5,2,F,gris,lundi,930524,02/09/2024,17.66,0,
ETU-00919,2024-2025,Biologie,23,h,Général,Assez Bien,lycee_public,1,31.6,19.0,92.7,3,10.3,15,5,12,8,3,10.44,6,3,3,2,1,C,bleu,jeudi,893453,19/09/2024,5.26,1,Engagement en ligne très faible.
ETU-01633,2024-2025,Biologie,20,M,TECHNO,ab,autre,oui,29.5,13.0,66.4,3,10.7,15,6,11,8,0,"8,67",7,3,1,3,1,H,gris,jeudi,333310,2024-09-19,2.64,1,
ETU-02714,2024-2025, Lettres ,18,femme,général ,P,lycee_public,non,"1,7",6.0,97.6%,62,66.1,165,0,12,12,11,16.42,6,6,5,4,4,H,jaune,vendredi,260154,27 Sep 2024,19.6,0,"Très bon investissement, en réussite."
ETU-01575,2024-2025,STAPS,17,H,Generale,P,lycee_public,non,25.2,21.0,70.3,23,40.8,36,5,12,9,1,14.33,5,3,4,3,4,A,bleu,jeudi,969764,12/09/2024,15.84,0,
ETU-01418,2024-2025,STAPS,22,f,general,AB,lycee_public,N,4.0,28.0,75.5,25,34.0,37,5,13,9,2,9.18,6,1,3,3,4,D,bleu,mercredi,478399,25/09/2024,4.24,1,
ETU-03441,2024-2025,Gestion,24,Femme, pro,Assez Bien,lycee_prive,N,7.3,23.0,79.1,18,21.5,33,1,10,9,2,8.24,6,3,3,3,1,C,rouge,mardi,897169,03 Sep 2024,6.43,1,Suivi sans particularité.
ETU-02464,2024-2025, Informatique ,20,Femme,techno,Assez Bien,lycee_public,Non,"18,9",9.0,"75,6",24,31.2,42,9,11,9,1,12.64,7,2,2,3,2,B,bleu,jeudi,950992,26 Sep 2024,6.75,1,Plusieurs travaux remis hors délai.
ETU-04999,2024-2025,Gestion,20,M,Generale,passable,cfa,O,9.2,10.0,77.4%,30,57.0,77,7,13,11,4,9.78,6,4,5,4,3,A,jaune,mardi,901893,24/09/2024,15.64,0,
ETU-03626,2024-2025,Biologie,24,Femme,GEN,Passable,lycee_public,N,,24.0,66.1%,3,6.4,1,4,9,6,0,6.62,5,2,,3,1,E,jaune,mercredi,147755,11/09/2024,3.03,1,
ETU-04049,2024-2025,STAPS,19,h,Generale,Assez Bien,lycee_public,Non,,0.0,52.1,15,19.2,26,6,8,6,0,"10,22",5,5,3,3,1,E,rouge,jeudi,542595,19/09/2024,12.56,0,Forte baisse d'assiduité ce semestre.
ETU-04105,2024-2025,Droit,19,M,general,Bien,lycee_public,N,14.9,18.0,69.8,21,22.7,59,7,11,7,0,"10,67",6,2,3,2,1,E,gris,lundi,633247,02 Sep 2024,7.24,1,Suivi sans particularité.
ETU-05144,2024-2025,Droit,22,F,GEN,passable,lycee_public,N,21.0,18.0,86.2%,43,79.4,116,0,8,8,6,13.31,6,6,3,2,4,H,vert,jeudi,480420,26 Sep 2024,17.48,0,
ETU-04524,2024-2025, Biologie ,20,F,Technologique,Passable,lycee_public,N,,0.0,87.1,28,66.6,76,5,8,5,3,6.43,5,3,4,5,4,C,vert,lundi,150051,2024-09-02,14.19,0,
ETU-04786,2024-2025,Droit,17,femme,general,passable,lycee_public,Oui,2.4,0.0,"57,4",18,12.9,41,7,8,7,0,8.83,6,2,3,2,,D,jaune,lundi,603047,2024-09-23,5.85,1,
ETU-04645,2024-2025,Gestion,19,Femme,techno,ab,lycee_public,non,2.4,8.0,"66,8",35,61.3,58,3,9,8,2,"15,38",6,6,4,3,2,E,bleu,jeudi,918312,26/09/2024,18.29,0,Suivi sans particularité.
ETU-02642,2024-2025,Informatique,19,f,GEN,TB,lycee_public,N,,24.0,89.2%,24,42.6,65,3,10,8,2,"15,81",5,5,3,4,5,D,rouge,mercredi,601274,25 Sep 2024,18.44,0,"Bon semestre, résultats solides."
ETU-03938,2024-2025,Biologie,21,M,TECHNO,AB,lycee_prive,oui,3.0,26.0,78.0%,3,0.3,5,6,12,8,0,8.51,7,2,3,1,1,C,bleu,vendredi,864018,2024-09-13,2.78,1,Peu actif sur la plateforme.
ETU-04499,2024-2025,Gestion,20,Femme,TECHNO,Bien,lycee_public,N,,,69.2%,9,14.3,12,3,9,6,0,12.51,6,2,3,2,1,E,jaune,lundi,126560,2024-09-23,7.81,1,Engagement en ligne très faible.
ETU-01239,2024-2025,Lettres,21,M,GEN,Bien,lycee_public,1,4.4,13.0,97.4,59,77.0,105,2,10,10,7,"15,72",6,6,5,3,5,D,vert,mardi,267375,03/09/2024,19.53,0,"Très bon investissement, en réussite."
ETU-01835,2024-2025,PSYCHOLOGIE,21,femme,pro,ab,lycee_public,non,"19,4",7.0,87.8,12,15.7,30,2,10,7,1,9.81,6,5,1,3,3,F,bleu,mercredi,308610,25 Sep 2024,13.78,0,
ETU-02734,2024-2025,LETTRES,18,h,general,Bien,lycee_public,Non,"15,7",3.0,"79,2",3,4.2,3,6,9,6,0,10.44,7,4,1,2,2,F,bleu,jeudi,391813,2024-09-05,3.76,1,
ETU-04880,2024-2025,Biologie,18,Homme,Generale,Assez Bien,lycee_prive,N,27.3,0.0,79.0,34,43.4,83,5,8,7,1,10.39,6,5,,4,3,B,gris,vendredi,255923,20 Sep 2024,15.06,0,
ETU-04734,2024-2025,biologie,19,M,Général,B,autre,N,4.8 km,12.0,98.9,,115.5,126,0,9,9,9,"19,51",6,6,5,,4,C,vert,mercredi,409649,2024-09-04,19.67,0,Étudiant assidu et investi.
ETU-02313,2024-2025,Mathematiques,23,Homme,Generale,Assez Bien,lycee_prive,oui,3.2,4.0,67.2,38,61.8,65,5,13,8,1,8.42,6,4,3,4,2,E,gris,vendredi,588093,2024-09-20,5.76,1,
ETU-02702,2024-2025,LETTRES,17,f,TECHNO,Très Bien,lycee_prive,N,13.2,13.0,89.6,48,97.5,98,1,13,11,6,13.59,5,4,5,2,4,H,vert,vendredi,977952,20/09/2024,17.62,0,
ETU-01062,2024-2025,INFORMATIQUE,23,Femme,TECHNO,passable,lycee_prive,Non,"1,0",10.0,73.1,35,50.2,71,0,11,7,6,"8,18",6,2,4,3,2,E,gris,lundi,317396,23 Sep 2024,13.41,0,Suivi sans particularité.
ETU-01355,2024-2025,Psychologie,24,F,techno,passable,lycee_prive,Oui,"6,0",15.0,90.7%,50,68.4,112,6,9,9,5,11.91,7,5,4,4,3,A,jaune,lundi,854498,02 Sep 2024,18.52,0,
ETU-04705,2024-2025,gestion,21,M,TECHNO,Passable,lycee_prive,Oui,"14,9",0.0,98.1,22,36.2,53,1,10,8,4,6.42,5,2,4,2,,C,bleu,vendredi,936620,27 Sep 2024,12.03,0,Résultats fragiles aux partiels.
ETU-04068,2024-2025,GESTION,19,Homme,Technologique,TB,autre,0,2.9 km,0.0,74.0,21,27.5,45,5,10,10,3,"15,21",6,5,4,4,3,C,jaune,lundi,309852,09/09/2024,18.49,0,
ETU-02536,2024-2025,gestion,22,h,Generale,ab,lycee_public,non,28.6,17.0,78.1%,12,16.2,37,3,9,6,4,14.22,6,5,3,3,3,D,gris,mardi,175038,10/09/2024,15.68,0,
ETU-04101,2024-2025,Informatique,21,M,général ,Assez Bien,lycee_public,non,"8,7",,56.2,17,12.0,29,7,12,9,1,7.42,6,3,1,2,1,G,vert,mercredi,834933,2024-09-11,2.05,1,Résultats fragiles aux partiels.
ETU-03228,2024-2025,LETTRES,19,Homme,PRO,tres bien,lycee_public,oui,1.4,0.0,74.8%,28,27.1,49,3,9,7,3,8.19,6,0,4,2,1,C,gris,vendredi,385358,20 Sep 2024,13.67,0,
ETU-01294,2024-2025, Psychologie ,17,f,Generale,Assez Bien,lycee_prive,0,3.1,0.0,71.7,35,49.8,67,3,11,11,4,14.52,6,6,5,3,3,D,jaune,lundi,716292,02 Sep 2024,17.23,0,
ETU-01938,2024-2025,Psychologie,18,femme,GEN,passable,lycee_public,O,"1,9",0.0,75.0,43,87.4,105,4,9,8,6,"8,09",6,4,3,3,3,E,jaune,jeudi,334129,26 Sep 2024,13.88,0,
ETU-01025,2024-2025, Biologie ,17,h,Technologique,ab,lycee_public,Oui,1.0,5.0,83.7,45,78.5,90,0,13,11,3,"11,31",6,5,,5,3,B,bleu,mercredi,460609,18 Sep 2024,15.23,0,
ETU-00015,2024-2025,DROIT,21,f,pro,ab,autre,non,0.0 km,13.0,"99,5",58,107.8,116,2,9,8,3,"11,98",6,3,5,3,4,A,bleu,vendredi,389938,13/09/2024,17.84,0,
ETU-04462,2024-2025,Informatique,19,F,TECHNO,passable,lycee_public,Oui,8.2,15.0,70.3%,25,21.5,71,6,13,12,0,5.92,6,3,3,1,4,D,vert,mercredi,418606,04/09/2024,10.43,0,Résultats fragiles aux partiels.
ETU-01983,2024-2025,Psychologie,20,Homme,général ,Passable,cfa,Non,8.0,13.0,"80,1",28,48.7,67,2,8,7,5,7.92,5,3,5,3,2,H,gris,mercredi,754092,25/09/2024,12.89,0,
ETU-00548,2024-2025,psychologie,19,Femme,techno,P,lycee_public,Oui,,9.0,"72,8",31,63.9,47,5,8,8,0,7.8,5,4,2,2,2,B,rouge,mardi,193017,2024-09-24,4.59,1,Résultats fragiles aux partiels.
ETU-01428,2024-2025,Droit,22,M,GEN,AB,lycee_public,N,40.1 km,0.0,91.4%,46,52.6,99,1,10,9,7,"14,18",6,5,5,5,,D,vert,mercredi,242261,2024-09-04,18.78,0,"Très bon investissement, en réussite."
ETU-03524,2024-2025,Biologie,17,H,general,AB,,O,"40,1",10.0,84.0,71,66.5,187,1,13,13,4,12.84,6,5,4,4,5,B,rouge,mardi,310260,10/09/2024,17.72,0,
ETU-01972,2024-2025, Gestion ,19,M,Général,passable,lycee_prive,N,"5,5",15.0,85.5,26,41.9,49,4,9,8,5,14.68,5,5,2,,4,B,bleu,lundi,526552,2024-09-09,16.57,0,Semble peu engagé dans la formation.
ETU-00884,2024-2025,Gestion,17,Femme,GEN,,lycee_public,N,23.9,0.0,45.2,,13.1,39,6,10,7,0,12.19,6,3,3,2,1,B,bleu,mardi,834016,2024-09-03,5.91,1,Forte baisse d'assiduité ce semestre.
ETU-02760,2024-2025,Gestion,22,f,PRO,Bien,lycee_public,oui,,12.0,"88,3",58,97.0,157,2,9,9,4,"12,85",7,5,5,5,4,A,jaune,mercredi,645932,2024-09-11,17.51,0,
ETU-00162,2024-2025, Droit ,18,M,techno,tres bien,lycee_public,0,7.4 km,,"87,3",42,66.1,61,2,11,9,4,"11,22",5,5,3,3,5,G,rouge,vendredi,429077,13/09/2024,16.47,0,Engagement en ligne remarquable.
ETU-00100,2024-2025,Gestion,17,h,Generale,,lycee_prive,non,3.1,14.0,"81,3",11,18.9,15,5,12,10,4,6.83,6,2,3,2,2,G,bleu,jeudi,725555,12 Sep 2024,2.04,1,En difficulté sur les évaluations.
ETU-00113,2024-2025,INFORMATIQUE,18,Femme,pro,Bien,lycee_public,Oui,"0,5",0.0,63.4,33,52.0,87,2,9,6,1,,5,3,2,3,4,G,rouge,mercredi,939968,18 Sep 2024,12.2,0,"Motivation en berne, à accompagner."
ETU-03797,2024-2025,Droit,17,H,TECHNO,Très Bien,lycee_public,N,"17,1",28.0,70.9,3,1.1,11,5,9,5,0,13.19,5,2,1,1,3,B,gris,mardi,123291,24/09/2024,5.64,1,Peu actif sur la plateforme.
ETU-02090,2024-2025, Biologie ,21,Homme,general,Bien,cfa,non,6.1,11.0,57.5,3,2.9,5,4,11,6,0,"8,53",5,3,3,2,2,H,jaune,jeudi,550103,26/09/2024,4.01,1,Engagement en ligne très faible.
ETU-00004,2024-2025,Informatique,22,F,GEN,Très Bien,lycee_prive,0,"0,4",7.0,77.1,8,13.8,14,8,12,8,0,13.12,7,7,3,3,2,E,gris,mercredi,361777,04/09/2024,13.79,0,Engagement en ligne très faible.
ETU-03962,2024-2025,Psychologie,23,H,general,,lycee_public,Oui,37.7,0.0,"93,4",42,71.5,113,0,10,9,10,12.02,6,4,3,3,2,A,rouge,jeudi,504931,2024-09-12,16.68,0,Très actif sur la plateforme.
ETU-00691,2024-2025,lettres,20,femme,GEN,Assez Bien,lycee_public,non,16.2 km,6.0,89.3,40,45.3,74,1,10,10,7,"12,04",6,2,,5,4,G,gris,vendredi,839770,06 Sep 2024,17.16,0,"Bon semestre, résultats solides."
ETU-05097,2024-2025,Psychologie,22,f,général ,P,lycee_public,0,34.5,0.0,"53,1",24,17.0,70,7,12,10,1,"10,82",5,3,4,2,2,C,rouge,vendredi,242806,2024-09-13,4.69,1,
ETU-03771,2024-2025,Gestion,18,H, pro,ab,lycee_public,Non,35.2,8.0,"63,9",18,21.5,49,3,13,8,1,10.82,5,4,3,3,2,F,rouge,vendredi,310681,2024-09-06,6.61,1,
ETU-00147,2024-2025,Lettres,18,Femme,techno,Très Bien,lycee_public,Non,34.7,8.0,74.0%,34,50.5,58,4,10,9,3,13.98,5,3,4,4,1,C,jaune,vendredi,674075,27/09/2024,17.83,0,
ETU-01776,2024-2025,STAPS,20,femme,GEN,Assez Bien,lycee_prive,non,16.1,26.0,76.1,43,56.6,92,8,13,10,5,10.21,6,1,4,5,3,D,jaune,lundi,123997,23 Sep 2024,14.82,0,Plusieurs travaux remis hors délai.
ETU-01115,2024-2025,DROIT,20,h,Professionnel,B,,Oui,13.8,0.0,53.0,0,0.0,0,5,10,5,0,2.18,6,1,1,2,2,F,bleu,jeudi,221114,26 Sep 2024,0.31,1,
ETU-01610,2024-2025,Mathematiques,19,H,techno,Passable,lycee_public,Oui,20.7,11.0,"68,2",20,29.0,69,6,9,8,0,9.92,5,3,3,,3,F,gris,lundi,767670,09/09/2024,5.49,1,Suivi sans particularité.
ETU-01364,2024-2025, Droit ,21,H,techno,Assez Bien,lycee_public,Non,,13.0,44.3%,18,37.0,26,2,9,6,2,"4,63",6,1,2,2,2,G,vert,vendredi,571929,06/09/2024,0.8,1,Forte baisse d'assiduité ce semestre.
ETU-01560,2024-2025,STAPS,19,h,Professionnel,B,lycee_public,oui,6.0 km,0.0,84.6,43,57.8,118,2,10,10,4,14.29,6,4,4,,,F,bleu,mercredi,615710,04 Sep 2024,19.27,0,
ETU-04034,2024-2025, Gestion ,21,H,GEN,Assez Bien,lycee_public,oui,16.7,13.0,50.8,17,35.5,30,1,10,6,1,"11,48",6,3,2,2,2,C,rouge,mardi,992280,17/09/2024,6.53,1,
ETU-05150,2024-2025, Psychologie ,17,F,général ,ab,lycee_prive,O,15.8,0.0,57.7,31,71.0,90,5,12,9,2,9.66,5,1,3,3,3,E,vert,mercredi,687614,25/09/2024,13.46,0,RAS.
ETU-04023,2024-2025, Lettres ,18,h,Général,Passable,lycee_public,0,13.9,9.0,74.6%,26,47.7,17,5,8,7,1,"8,9",5,2,2,3,,H,rouge,vendredi,370517,13 Sep 2024,5.33,1,
ETU-01807,2024-2025, Informatique ,21,M,techno,Bien,lycee_public,oui,1.4,7.0,94.2,39,66.1,101,1,9,8,4,8.79,6,2,4,4,2,E,jaune,jeudi,811758,19 Sep 2024,15.69,0,Profil dans la moyenne.
ETU-00644,2024-2025,Informatique,20,M,Technologique,ab,lycee_public,Oui,14.9 km,5.0,"91,9",25,38.7,76,6,10,6,1,9.55,7,3,3,3,3,E,vert,vendredi,222523,2024-09-20,12.41,0,
ETU-00649,2024-2025,Psychologie,20,Autre,pro,Assez Bien,lycee_public,N,20.4 km,7.0,75.8,37,44.3,106,1,10,9,7,9.53,5,4,5,3,1,C,rouge,jeudi,160913,2024-09-19,16.09,0,RAS.
ETU-03257,2024-2025,DROIT,18,femme,pro,Assez Bien,lycee_public,0,1.6,0.0,64.4,33,70.2,81,6,9,9,4,"8,53",6,2,,2,5,A,rouge,mardi,261392,17/09/2024,14.26,0,
ETU-02773,2024-2025,Informatique,19,Femme,GEN,Assez Bien,autre,oui,2.3,11.0,74.8,14,19.8,26,3,12,10,8,"11,63",6,5,3,3,3,H,bleu,lundi,172378,16 Sep 2024,16.55,0,
ETU-04117,2024-2025,Droit,22,M,Technologique,TB,lycee_public,0,7.4 km,21.0,"85,2",33,47.5,57,0,13,11,1,10.37,6,5,5,4,5,E,vert,mercredi,490875,2024-09-11,15.84,0,Profil dans la moyenne.
ETU-02027,2024-2025,STAPS,21,Femme,GEN,P,lycee_public,oui,52.9,0.0,"67,9",3,0.4,1,7,13,10,0,"7,7",6,4,1,2,2,C,vert,jeudi,201366,2024-09-12,2.77,1,Résultats fragiles aux partiels.
ETU-04541,2024-2025,Gestion,22,Femme,techno,Très Bien,cfa,N,3.5,0.0,87.6,56,83.7,144,0,12,11,5,"11,48",5,2,5,4,5,F,gris,mercredi,614161,11 Sep 2024,18.6,0,
ETU-04913,2024-2025,Informatique,20,femme,GEN,Passable,lycee_public,non,2.4,5.0,68.8,33,47.7,86,5,10,9,3,10.43,6,2,2,3,5,G,rouge,mercredi,964357,04 Sep 2024,14.56,0,
ETU-00397,2024-2025,Droit,21,F,techno,tres bien,lycee_public,0,"12,0",0.0,99.1%,47,74.8,121,2,11,11,3,"10,92",7,3,4,5,3,H,jaune,jeudi,760243,2024-09-05,17.52,0,Engagement en ligne remarquable.
ETU-04853,2024-2025,DROIT,24,M,Generale,Assez Bien,lycee_public,N,0.5,15.0,91.1,63,135.4,156,0,13,13,7,16.06,6,6,5,4,5,E,rouge,lundi,634948,23/09/2024,19.84,0,Étudiant assidu et investi.
ETU-02595,2024-2025,LETTRES,19,Femme,Technologique,passable,lycee_public,Non,47.6,21.0,88.1,27,38.7,51,2,11,10,3,6.8,6,2,2,4,3,D,vert,mercredi,521912,11 Sep 2024,12.27,0,
ETU-03264,2024-2025,staps,23,F,general,ab,lycee_public,O,"0,3",8.0,"82,4",26,49.0,27,4,10,4,0,"10,11",5,3,3,4,3,C,gris,jeudi,389219,26 Sep 2024,13.82,0,
ETU-01523,2024-2025,gestion,19,femme,general,P,lycee_prive,oui,8.1,,"69,0",3,4.1,11,6,13,6,0,11.01,7,5,1,1,2,D,jaune,vendredi,909580,2024-09-13,5.44,1,
ETU-02582,2024-2025,PSYCHOLOGIE,22,H,techno,ab,lycee_public,1,4.5,,95.8,26,35.5,49,4,13,12,8,"10,09",7,2,4,4,4,F,rouge,vendredi,167762,20/09/2024,16.57,0,Profil dans la moyenne.
ETU-00849,2024-2025, Mathematiques ,18,Femme,PRO,passable,lycee_public,Non,11.6,11.0,79.2%,20,34.5,20,1,8,7,3,10.94,7,5,3,4,2,A,rouge,mardi,535948,17/09/2024,14.88,0,RAS.
ETU-03966,2024-2025,PSYCHOLOGIE,18,F,TECHNO,ab,,non,0.3,13.0,74.1,11,17.6,38,7,9,7,1,9.66,6,5,2,5,2,B,bleu,mardi,421221,24/09/2024,5.57,1,Peu actif sur la plateforme.
ETU-04751,2024-2025,Psychologie,21,H,Professionnel,Bien,lycee_public,non,9.2,0.0,93.5,19,35.1,31,3,11,10,4,13.53,5,1,4,,1,B,vert,mercredi,885809,2024-09-11,15.96,0,Travail sérieux et régulier.
ETU-02910,2024-2025,Droit,21,h,techno,Bien,lycee_public,Non,21.0 km,18.0,78.3,29,37.6,65,6,8,6,3,13.44,7,4,4,4,3,B,bleu,jeudi,559962,2024-09-19,15.8,0,Travail sérieux et régulier.
ETU-02097,2024-2025,Lettres,22,Femme,Technologique,P,lycee_public,Non,4.0,7.0,"88,7",27,31.3,53,6,9,7,6,"12,63",7,3,4,3,1,F,rouge,lundi,999778,09/09/2024,17.66,0,"Bon semestre, résultats solides."
ETU-01114,2024-2025,STAPS,19,M,PRO,Passable,lycee_public,non,2.5,21.0,"61,6",8,18.9,18,4,8,4,0,9.91,7,1,2,,2,G,bleu,mercredi,592075,11/09/2024,3.28,1,Peu actif sur la plateforme.
ETU-00128,2024-2025,Psychologie,19,h,TECHNO,Bien,lycee_public,O,10.6,24.0,84.2,37,20.8,77,1,13,12,6,,7,4,5,4,5,G,rouge,lundi,277303,2024-09-16,18.85,0,Travail sérieux et régulier.
ETU-00276,2024-2025,droit,20,femme,general,AB,lycee_prive,non,17.5,14.0,76.9,,55.3,46,2,13,10,5,11.3,7,7,3,5,3,A,gris,lundi,831264,2024-09-02,16.36,0,Suivi sans particularité.
ETU-04384,2024-2025,Gestion,18,M,général ,ab,,O,0.9,5.0,95.2,48,80.0,124,2,13,11,4,"14,16",5,5,5,2,3,D,jaune,mercredi,138240,11 Sep 2024,18.22,0,Étudiant assidu et investi.
ETU-01637,2024-2025,Gestion,17,F,TECHNO,Passable,cfa,N,69.2,12.0,90.2%,16,22.1,40,4,8,7,2,"9,13",6,2,3,5,3,D,rouge,mardi,371518,2024-09-17,13.54,0,
ETU-04597,2024-2025,lettres,19,F,Generale,B,lycee_public,Oui,"0,3",21.0,88.2,26,31.4,45,2,11,11,4,12.73,6,6,4,3,2,C,bleu,lundi,297667,02 Sep 2024,14.94,0,Travail sérieux et régulier.
ETU-02742,2024-2025,Droit,21,femme,Technologique,passable,,O,10.3,0.0,82.9,40,72.9,78,2,12,10,3,"11,69",6,6,5,4,3,G,bleu,vendredi,588312,13 Sep 2024,17.86,0,Suivi sans particularité.
ETU-04412,2024-2025,Informatique,19,femme,Général,Passable,lycee_public,Non,43.2,11.0,87.7,44,51.3,95,1,10,9,9,12.28,6,3,4,5,4,A,vert,mardi,385909,03 Sep 2024,17.65,0,
ETU-02198,2024-2025,STAPS,20,femme,Général,Très Bien,lycee_prive,N,"4,2",0.0,72.8%,31,34.4,61,4,12,9,7,14.53,5,3,4,5,4,A,jaune,vendredi,584081,13 Sep 2024,18.21,0,
ETU-02408,2024-2025,Biologie,19,F,Generale,P,lycee_public,oui,14.7,10.0,71.6,31,40.2,95,2,11,8,0,10.49,6,1,3,3,,B,vert,jeudi,507694,12 Sep 2024,14.74,0,
ETU-04948,2024-2025,Psychologie,20,H,techno,,lycee_public,Non,5.4 km,,62.8,12,22.9,24,6,10,6,0,8.71,5,2,1,2,1,F,gris,vendredi,894869,20 Sep 2024,3.32,1,"Motivation en berne, à accompagner."
ETU-03758,2024-2025, Droit ,17,Femme,Technologique,TB,lycee_public,N,"6,3",7.0,88.2%,20,37.4,47,2,12,10,6,14.61,6,6,4,5,4,H,rouge,jeudi,773775,05/09/2024,17.94,0,
ETU-00012,2024-2025,Biologie,21,H,Technologique,Passable,lycee_prive,Non,15.2,12.0,"71,4",22,20.8,75,3,8,6,3,11.1,7,4,2,1,4,C,rouge,vendredi,294367,2024-09-13,7.47,1,Semble peu engagé dans la formation.
ETU-03147,2024-2025,Psychologie,21,h,Professionnel,passable,lycee_prive,Non,,18.0,82.7,18,18.8,41,4,8,6,2,10.08,5,2,3,2,4,C,jaune,mercredi,856818,2024-09-11,13.7,0,Suivi sans particularité.
ETU-03265,2024-2025,mathematiques,18,h,techno,passable,lycee_public,0,3.5,0.0,"64,6",12,22.8,24,3,9,7,2,"13,41",5,4,5,2,5,D,gris,vendredi,986949,2024-09-27,15.87,0,
ETU-00891,2024-2025,STAPS,18,Femme,TECHNO,B,lycee_public,Oui,30.9,11.0,"59,6",3,0.3,1,5,12,5,0,8.63,5,2,1,3,1,C,vert,vendredi,483458,13 Sep 2024,2.67,1,Engagement en ligne très faible.
ETU-02225,2024-2025,Droit,18,f,general,B,autre,0,21.5,23.0,74.6,6,6.8,12,4,9,7,2,"6,96",7,4,2,2,4,H,bleu,lundi,510985,16 Sep 2024,4.35,1,En difficulté sur les évaluations.
ETU-04681,2024-2025,Droit,23,femme,TECHNO,B,cfa,Non,1.6,16.0,58.5,3,6.4,6,3,10,8,1,"11,16",7,6,3,3,3,A,gris,vendredi,892495,2024-09-13,7.48,1,
ETU-04167,2024-2025,Informatique,18,h,général ,B,lycee_public,Non,,13.0,"90,9",42,90.8,124,2,10,10,6,15.65,6,5,4,3,2,E,jaune,jeudi,306238,19/09/2024,18.28,0,
ETU-01107,2024-2025, Droit ,18,Femme,général ,AB,lycee_public,N,14.6,3.0,"91,5",28,45.7,70,1,8,8,3,8.77,6,2,2,4,3,B,bleu,mercredi,739343,2024-09-18,14.7,0,Semble peu engagé dans la formation.
ETU-04271,2024-2025,informatique,19,F,TECHNO,Bien,lycee_public,0,44.0,0.0,"60,3",12,9.3,8,4,9,4,0,3.93,7,0,1,3,,A,gris,lundi,130815,23/09/2024,0.88,1,
ETU-00679,2024-2025,Biologie,20,Femme,général ,Assez Bien,autre,0,6.3,21.0,71.6,17,28.3,33,2,8,7,1,8.5,6,3,3,3,5,E,gris,vendredi,268838,2024-09-13,13.05,0,
ETU-04804,2024-2025,psychologie,22,f,Général,P,lycee_prive,O,2.7,12.0,"71,0",27,22.8,48,3,8,6,2,11.13,6,5,5,2,4,D,jaune,jeudi,487259,05/09/2024,15.18,0,Suivi sans particularité.
ETU-04266,2024-2025,STAPS,18,M,TECHNO,Assez Bien,,Non,23.3,9.0,66.8,15,24.7,40,2,11,8,1,"6,47",5,3,1,2,2,A,bleu,mardi,296058,2024-09-10,2.58,1,En difficulté sur les évaluations.
ETU-00440,2024-2025,Psychologie,20,femme,Generale,passable,lycee_public,O,8.3,0.0,"72,3",34,52.4,50,9,13,9,2,"11,98",7,6,3,4,3,A,vert,vendredi,390390,06 Sep 2024,7.91,1,Plusieurs travaux remis hors délai.
ETU-01829,2024-2025,Psychologie,18,H,general,Assez Bien,lycee_prive,N,16.4 km,0.0,85.1,25,24.3,45,6,12,9,0,9.23,5,2,4,1,3,B,jaune,jeudi,931168,05 Sep 2024,12.65,0,Profil dans la moyenne.
ETU-02322,2024-2025,Gestion,22,Femme,Général,P,lycee_public,oui,37.5 km,,66.5,33,51.9,81,5,12,10,1,6.11,6,1,2,2,2,G,rouge,mardi,961250,03/09/2024,3.29,1,En difficulté sur les évaluations.
ETU-01209,2024-2025,Psychologie,25,femme,GEN,AB,lycee_public,non,8.0,0.0,78.9,28,50.8,59,5,10,8,1,"14,81",6,5,4,4,2,G,vert,jeudi,478062,26 Sep 2024,18.12,0,
ETU-03876,2024-2025,STAPS,20,f,GEN,ab,lycee_public,non,26.3,,67.1,30,31.9,87,3,12,11,5,10.66,6,4,4,2,1,B,vert,mardi,562304,2024-09-10,7.23,1,Profil dans la moyenne.
ETU-03259,2024-2025,STAPS,17,F,general,passable,lycee_public,oui,6.6,0.0,95.5,40,61.7,67,0,8,8,5,10.55,5,2,4,5,5,D,jaune,jeudi,121368,2024-09-12,17.76,0,Profil dans la moyenne.
ETU-00242,2024-2025,INFORMATIQUE,19,H,général ,AB,lycee_public,0,14.3 km,9.0,"61,3",3,5.4,6,5,9,5,0,"14,09",6,5,2,2,2,G,gris,jeudi,929404,05 Sep 2024,7.93,1,
ETU-02042,2024-2025,Informatique,21,femme,Generale,P,lycee_prive,N,"57,9",10.0,90.6,29,41.1,70,0,12,12,5,"14,94",6,4,5,4,3,H,gris,vendredi,850614,06 Sep 2024,18.5,0,
ETU-02604,2024-2025, Gestion ,20,Femme,GEN,P,cfa,Oui,"2,2",,66.5%,10,20.6,26,5,10,7,1,11.25,6,4,3,2,4,H,jaune,mardi,410060,17 Sep 2024,6.16,1,Peu actif sur la plateforme.
ETU-01203,2024-2025,Psychologie,20,Femme,TECHNO,Passable,lycee_prive,non,68.5,18.0,"70,3",32,52.9,86,1,12,11,2,7.44,6,4,3,4,3,A,rouge,jeudi,124283,12 Sep 2024,12.53,0,En difficulté sur les évaluations.
ETU-02953,2024-2025,BIOLOGIE,19,M,TECHNO,passable,lycee_prive,oui,,0.0,88.4,44,40.5,72,1,12,11,10,"12,6",6,6,5,,5,E,rouge,lundi,782020,02/09/2024,18.49,0,
ETU-04655,2024-2025, Psychologie ,20,femme,Général,,lycee_public,Oui,7.8,24.0,46.1,4,5.6,13,9,13,9,0,"15,25",6,4,1,1,2,A,rouge,jeudi,376825,2024-09-26,5.46,1,
ETU-00770,2024-2025,biologie,23,M,Generale,P,lycee_public,non,4.8 km,10.0,81.3,8,9.4,27,4,10,8,1,"10,91",5,5,1,2,4,G,jaune,mardi,636612,03/09/2024,13.32,0,Peu actif sur la plateforme.
ETU-01831,2024-2025,INFORMATIQUE,21,h,general,passable,lycee_public,non,22.2,10.0,"69,3",26,44.4,59,4,9,6,1,8.11,7,5,3,,2,A,bleu,mardi,557843,24 Sep 2024,10.7,0,Profil dans la moyenne.
ETU-02200,2024-2025,informatique,18,F,Generale,Très Bien,lycee_public,Oui,"20,7",7.0,61.2,3,0.4,1,8,12,8,0,12.08,6,4,2,1,1,F,rouge,mercredi,315205,18 Sep 2024,4.12,1,Peu actif sur la plateforme.
ETU-02574,2024-2025,STAPS,20,M,TECHNO,B,lycee_public,non,4.8,10.0,64.5,28,30.4,55,6,12,10,1,7.9,5,2,3,2,1,A,rouge,mercredi,319674,25/09/2024,10.98,0,En difficulté sur les évaluations.
ETU-04120,2024-2025, Mathematiques ,18,Homme,général ,tres bien,lycee_public,non,1.2,9.0,54.6,13,20.4,28,5,11,7,0,"10,26",6,4,1,1,2,B,gris,mardi,601446,24 Sep 2024,3.79,1,
ETU-03950,2024-2025,Droit,19,M,Generale,Bien,lycee_prive,O,"14,4",13.0,90.6,53,104.0,138,2,11,11,8,"12,5",7,7,5,5,3,E,bleu,mercredi,257632,25/09/2024,18.6,0,
ETU-02673,2024-2025,BIOLOGIE,18,Femme,TECHNO,Assez Bien,lycee_public,non,"6,8",0.0,75.0,10,14.3,19,3,13,11,2,11.38,5,4,4,4,2,G,vert,lundi,314685,16 Sep 2024,15.33,0,
ETU-01290,2024-2025,lettres,21,NB,GEN,B,lycee_public,non,35.4,,"79,2",16,29.6,46,6,11,9,0,13.66,6,4,,3,1,G,gris,mercredi,665909,04/09/2024,14.46,0,
ETU-02459,2024-2025, Informatique ,19,f,Generale,,lycee_prive,0,0.6 km,,"58,9",9,9.5,20,3,12,9,3,"10,86",6,3,4,2,2,C,rouge,jeudi,780578,2024-09-12,5.01,1,Peu actif sur la plateforme.
ETU-02337,2024-2025,DROIT,26,NR,TECHNO,P,lycee_prive,O,7.2,0.0,55.6,3,1.1,18,5,8,5,0,5.91,5,0,1,3,1,F,rouge,jeudi,897864,2024-09-26,1.6,1,
ETU-00913,2024-2025,Lettres,21,M,general,Bien,autre,oui,19.6,26.0,"68,9",20,14.6,37,7,13,8,2,"9,73",6,4,4,2,2,D,bleu,lundi,576585,23/09/2024,5.09,1,RAS.
ETU-04563,2024-2025,Psychologie,20,h,techno,Bien,lycee_public,non,15.2 km,5.0,54.0,10,12.1,17,6,11,8,0,"9,35",6,5,2,4,2,B,jaune,mardi,843502,2024-09-10,4.03,1,
ETU-00840,2024-2025,MATHEMATIQUES,19,H,techno,TB,lycee_public,1,"6,0",8.0,84.5,40,58.3,82,2,13,13,5,"12,55",5,4,5,5,4,B,vert,jeudi,706387,2024-09-19,15.77,0,
ETU-04513,2024-2025, STAPS ,22,femme,general,TB,lycee_prive,Non,,13.0,79.0%,14,12.2,43,5,9,8,0,14.13,7,5,,3,2,G,jaune,vendredi,583390,20 Sep 2024,16.05,0,
ETU-02085,2024-2025,Biologie,22,F,Technologique,Bien,autre,oui,3.7,12.0,89.8,40,33.7,95,2,8,6,1,"10,59",6,4,4,3,,G,bleu,vendredi,494972,2024-09-13,15.37,0,
ETU-04831,2024-2025,Psychologie,19,Femme,Général,ab,lycee_public,1,2.0,14.0,54.9,0,0.0,0,4,9,4,0,15.17,6,6,4,3,1,H,jaune,vendredi,560608,27/09/2024,14.66,0,"Absences répétées, situation préoccupante."
ETU-04463,2024-2025, Informatique ,22,F,général ,AB,lycee_prive,Oui,"15,8",,"88,4",16,18.4,29,3,8,6,3,11.74,6,3,2,3,2,B,gris,mardi,954243,2024-09-10,6.79,1,
ETU-00095,2024-2025,Gestion,17,Femme,TECHNO,Bien,lycee_public,Non,3.0,,79.9,32,26.3,84,5,12,9,1,12.54,6,1,2,4,3,F,jaune,jeudi,668227,12 Sep 2024,8.5,1,"Motivation en berne, à accompagner."
ETU-05089,2024-2025,mathematiques,17,Femme,général ,passable,lycee_public,oui,3.6,,75.6%,25,53.7,43,3,11,10,2,7.34,6,1,1,3,3,A,bleu,mardi,866706,2024-09-17,12.01,0,
ETU-03656,2024-2025,Lettres,20,f,général ,Passable,lycee_public,O,11.6,0.0,70.3,16,18.5,20,4,13,4,0,11.58,6,3,1,2,1,G,jaune,lundi,471547,2024-09-23,4.8,1,Semble peu engagé dans la formation.
ETU-05187,2024-2025, STAPS ,21,M,GEN,Bien,lycee_public,Oui,,10.0,82.0,20,35.2,29,4,9,5,1,9.17,5,3,2,2,1,D,rouge,jeudi,920589,2024-09-05,6.99,1,"Motivation en berne, à accompagner."
ETU-03845,2024-2025,MATHEMATIQUES,20,femme,pro,Bien,lycee_public,N,6.4,0.0,81.0,40,18.2,65,5,12,11,4,"10,7",5,4,4,,,E,vert,mercredi,267577,04 Sep 2024,15.09,0,
ETU-03843,2024-2025,STAPS,20,f, pro,P,lycee_public,O,4.6,11.0,76.2,45,94.5,108,3,12,10,4,11.9,6,4,3,4,2,H,gris,mardi,539769,03/09/2024,17.06,0,
ETU-02739,2024-2025,Gestion,25,Homme,Generale,Assez Bien,lycee_prive,Non,2.5,15.0,80.5,14,15.6,46,4,8,5,4,11.22,6,1,3,4,3,G,gris,lundi,627587,16 Sep 2024,8.72,1,
ETU-03817,2024-2025,Lettres,19,M,general,AB,lycee_public,non,9.1,8.0,68.0,23,45.8,43,6,11,7,0,13.9,5,5,1,4,1,B,jaune,lundi,837225,2024-09-02,15.07,0,
ETU-00049,2024-2025, Psychologie ,21,h,GEN,passable,lycee_public,non,,0.0,87.0,27,35.9,50,6,9,9,2,10.85,5,5,5,2,2,G,gris,mercredi,828387,2024-09-11,14.55,0,RAS.
ETU-02115,2024-2025,Mathematiques,21,H,GEN,B,lycee_prive,non,6.6,0.0,"74,4",27,27.5,78,4,8,5,0,13.52,6,3,4,,2,F,rouge,mardi,296495,10 Sep 2024,8.76,1,
ETU-02703,2024-2025,staps,21,H,general,,lycee_public,N,47.5,14.0,58.4,8,6.8,17,4,12,7,0,12.21,7,5,2,2,1,H,vert,lundi,956938,16 Sep 2024,6.55,1,
ETU-03287,2024-2025,Biologie,19,Homme,techno,Assez Bien,lycee_prive,Oui,19.0 km,,67.2%,13,19.2,32,4,11,6,0,,5,2,,,2,E,rouge,mercredi,810791,04 Sep 2024,4.03,1,Semble peu engagé dans la formation.
ETU-01865,2024-2025,Biologie,20,H,techno,passable,lycee_public,N,4.4,15.0,78.4,19,43.4,37,5,11,8,0,6.47,5,2,3,3,2,E,jaune,jeudi,678518,12 Sep 2024,12.37,0,
ETU-01649,2024-2025,Mathematiques,19,Homme,Generale,Assez Bien,lycee_public,0,13.0,9.0,75.3,,51.3,82,6,10,10,0,10.57,5,4,3,3,3,D,jaune,lundi,346853,2024-09-02,15.65,0,RAS.
ETU-00321,2024-2025, Psychologie ,21,Femme,pro,AB,lycee_public,O,0.2,17.0,79.7%,23,39.4,35,4,11,9,3,11.74,5,4,,3,3,D,jaune,mercredi,717841,25/09/2024,14.48,0,
ETU-01088,2024-2025,STAPS,17,Femme,general,B,lycee_public,Oui,"3,7",7.0,87.7,45,92.4,108,1,12,12,3,12.67,5,5,4,2,4,B,vert,jeudi,674431,12/09/2024,16.13,0,
ETU-01852,2024-2025,DROIT,20,f,Generale,B,lycee_prive,Oui,27.9 km,23.0,77.9,54,76.1,113,2,12,11,8,"13,09",6,6,4,3,1,G,bleu,lundi,577242,2024-09-23,18.3,0,Engagement en ligne remarquable.
ETU-01732,2024-2025,Gestion,19,h,techno,B,lycee_public,non,51.6,0.0,97.9,23,36.8,55,7,11,7,4,8.94,5,1,3,4,4,D,jaune,mardi,240878,03/09/2024,5.71,1,RAS.
ETU-02944,2024-2025,Psychologie,19,h,général ,AB,lycee_public,N,23.4,26.0,"62,0",3,1.2,19,5,9,5,0,8.0,6,4,3,3,1,H,rouge,jeudi,780454,2024-09-05,4.11,1,Engagement en ligne très faible.
ETU-00695,2024-2025,informatique,18,h,techno,P,lycee_public,0,16.7,0.0,90.9,49,126.8,98,0,12,11,6,10.94,7,3,,5,4,F,jaune,jeudi,784190,12/09/2024,17.24,0,Engagement en ligne remarquable.
ETU-00932,2024-2025,gestion,21,h,general,Assez Bien,lycee_prive,1,16.1 km,17.0,"79,4",28,45.9,40,5,11,9,2,9.94,7,4,4,3,1,F,bleu,vendredi,243809,20/09/2024,6.04,1,
ETU-02850,2024-2025,Psychologie,22,femme, pro,Assez Bien,lycee_public,non,0.1,14.0,93.0%,28,53.3,65,1,8,7,7,5.7,6,3,3,3,2,E,gris,mercredi,795366,2024-09-25,12.03,0,
ETU-02246,2024-2025,Biologie,18,Homme,général ,B,lycee_public,0,2.0,10.0,74.5,25,33.7,40,4,10,7,4,"8,92",5,2,3,5,5,C,bleu,mercredi,172761,2024-09-11,13.08,0,
ETU-02172,2024-2025,Psychologie,17,femme,TECHNO,TB,,oui,"2,7",9.0,"86,5",25,44.7,56,4,12,9,3,"12,37",5,5,4,4,5,A,vert,mardi,374982,03 Sep 2024,16.1,0,
ETU-00653,2024-2025,lettres,23,femme,Technologique,Passable,lycee_public,1,15.1,17.0,61.1%,14,21.7,29,7,11,7,0,"8,02",5,2,2,2,1,D,vert,lundi,377590,2024-09-09,2.27,1,"Motivation en berne, à accompagner."
ETU-00374,2024-2025,Gestion,21,h,general,Assez Bien,lycee_public,oui,"52,2",9.0,83.4,32,47.9,63,6,12,10,2,12.33,6,6,5,3,3,E,rouge,vendredi,458952,13/09/2024,15.4,0,"Bon semestre, résultats solides."
ETU-03750,2024-2025, Biologie ,22,M,Général,P,,Non,6.5,,94.0%,36,84.1,82,4,13,11,7,8.85,6,1,2,4,3,B,gris,lundi,164168,16/09/2024,13.15,0,
ETU-01299,2024-2025,Droit,19,femme,Technologique,B,lycee_public,Non,19.1,11.0,"79,4",17,24.6,26,2,10,8,0,"9,37",6,5,3,2,3,F,jaune,mardi,737659,2024-09-24,13.37,0,Profil dans la moyenne.
ETU-03800,2024-2025,GESTION,19,H,général ,B,lycee_prive,0,"5,4",26.0,97.2%,,36.1,55,5,13,13,1,"13,51",7,6,4,3,3,G,vert,lundi,633070,23 Sep 2024,18.24,0,"Bon semestre, résultats solides."
ETU-03527,2024-2025, Mathematiques ,20,Femme,TECHNO,passable,,O,2.5,18.0,56.5,18,21.0,43,3,10,9,2,"9,09",7,1,3,4,2,A,bleu,vendredi,918573,27 Sep 2024,11.87,0,RAS.
ETU-04145,2024-2025,Gestion,23,Femme,GEN,ab,lycee_public,0,62.8,11.0,96.3,36,45.8,102,1,11,11,6,10.83,6,2,4,4,3,C,bleu,jeudi,428468,26 Sep 2024,16.3,0,
ETU-04517,2024-2025,INFORMATIQUE,21,femme,Technologique,passable,lycee_public,Non,23.8,14.0,82.7,40,64.0,91,3,12,10,4,13.39,6,5,5,2,3,E,vert,mardi,278203,10/09/2024,15.14,0,"Bon semestre, résultats solides."
ETU-00601,2024-2025,Psychologie,21,F,Général,Assez Bien,lycee_public,O,"12,1",15.0,95.0%,62,48.9,142,3,10,10,6,12.39,5,5,3,3,2,B,jaune,jeudi,398184,12/09/2024,16.45,0,Très actif sur la plateforme.
ETU-02189,2024-2025,Droit,24,M,Generale,Très Bien,cfa,N,"11,2",,75.8,24,39.9,31,1,10,9,2,8.27,6,3,3,,3,B,vert,lundi,629692,23 Sep 2024,6.9,1,Suivi sans particularité.
ETU-03723,2024-2025,Psychologie,22,Femme,Général,P,lycee_public,O,"2,5",19.0,"60,9",3,6.0,13,6,13,6,0,12.71,6,5,2,4,,G,bleu,vendredi,759463,06 Sep 2024,7.05,1,Engagement en ligne très faible.
ETU-04139,2024-2025,informatique,17,femme,Generale,,lycee_public,Non,"14,0",20.0,79.8%,16,20.6,40,3,11,9,2,9.18,6,3,3,3,1,D,bleu,vendredi,366316,06/09/2024,6.12,1,
ETU-04270,2024-2025,GESTION,19,Femme,général ,,lycee_public,1,"13,9",14.0,83.6,21,11.8,48,6,8,6,1,"14,09",6,6,4,4,3,F,gris,lundi,531142,2024-09-09,16.81,0,"Bon semestre, résultats solides."
ETU-01132,2024-2025, Informatique ,19,Femme,general,P,cfa,1,"6,2",5.0,95.9,35,36.2,50,5,9,9,5,10.13,6,6,5,3,5,G,vert,mercredi,982862,25 Sep 2024,16.94,0,Suivi sans particularité.
ETU-03123,2024-2025,Informatique,21,M,techno,,lycee_public,Non,"86,5",0.0,69.5,21,28.8,32,7,9,7,1,11.28,6,3,3,2,,E,jaune,mercredi,138496,11/09/2024,5.54,1,
ETU-02317,2024-2025,STAPS,19,M,Général,Très Bien,lycee_public,N,49.4,,51.7,10,18.0,24,4,11,6,0,"12,17",7,7,5,2,2,H,gris,mercredi,299229,2024-09-25,13.72,0,Forte baisse d'assiduité ce semestre.
ETU-01410,2024-2025,Biologie,21,F,pro,passable,lycee_public,non,"0,5",0.0,81.8,46,64.6,88,7,8,7,10,11.82,5,4,,,2,F,rouge,vendredi,285487,27 Sep 2024,17.47,0,Engagement en ligne remarquable.
ETU-00549,2024-2025,STAPS,21,femme,Generale,ab,lycee_public,N,,15.0,74.3,3,0.5,1,6,8,8,2,8.61,5,4,3,5,4,H,vert,jeudi,348913,26 Sep 2024,12.73,0,
ETU-00398,2024-2025,Gestion,20,F,TECHNO,P,lycee_public,oui,8.3 km,0.0,69.2,36,71.6,84,6,10,7,2,14.22,7,4,3,2,3,H,jaune,mercredi,388077,18/09/2024,17.55,0,RAS.
ETU-03346,2024-2025,Biologie,19,femme,general,Assez Bien,lycee_public,Oui,4.5,,67.5,19,32.6,35,2,8,6,2,17.66,7,5,3,2,,G,bleu,jeudi,773950,12/09/2024,9.53,1,
ETU-05085,2024-2025,Psychologie,21,Femme,GEN,P,lycee_public,1,22.8 km,4.0,78.9%,37,59.4,87,5,8,7,4,13.69,6,5,4,3,3,E,vert,lundi,988923,16 Sep 2024,16.56,0,Travail sérieux et régulier.
ETU-04998,2024-2025,Droit,21,f,GEN,passable,lycee_public,O,8.1,,88.3,44,63.0,129,0,12,12,3,15.28,6,5,5,4,4,D,vert,jeudi,471741,2024-09-26,19.19,0,"Très bon investissement, en réussite."
ETU-02546,2024-2025,Informatique,18,F,TECHNO,Passable,lycee_prive,Non,10.2,12.0,80.9,8,15.6,26,4,8,7,0,"6,82",6,4,2,3,2,H,gris,lundi,938381,09 Sep 2024,4.31,1,
ETU-03307,2024-2025,STAPS,21,Femme,Generale,B,cfa,Non,8.0,6.0,"70,6",21,38.3,39,7,12,10,4,"9,96",7,6,4,3,2,F,rouge,mercredi,166838,2024-09-18,12.91,0,RAS.
ETU-01083,2024-2025,Biologie,20,F,Général,passable,,oui,2.7 km,6.0,82.0,41,50.9,84,3,8,7,7,"14,48",6,5,5,5,4,D,jaune,vendredi,357897,27/09/2024,18.19,0,
ETU-04867,2024-2025,Informatique,18,femme,Generale,Passable,lycee_public,oui,"4,8",13.0,"87,9",25,20.6,55,6,8,7,2,"10,35",6,6,3,5,3,H,gris,jeudi,336701,05/09/2024,16.42,0,
ETU-02041,2024-2025,Informatique,22,f,général ,passable,lycee_public,Non,,18.0,43.4,15,36.0,26,5,8,5,1,9.61,5,1,2,2,1,G,rouge,mardi,833859,17/09/2024,6.27,1,
ETU-00483,2024-2025, Informatique ,20,M,TECHNO,passable,lycee_public,oui,51.1 km,0.0,62.2,48,46.0,107,2,10,9,4,"11,59",7,3,2,,2,A,vert,mercredi,647954,18 Sep 2024,16.02,0,
ETU-01379,2024-2025,STAPS,20,f,Generale,tres bien,lycee_prive,non,10.9,28.0,70.8,9,11.3,19,4,12,9,0,15.72,7,7,2,3,5,D,rouge,mardi,558727,2024-09-24,16.21,0,Engagement en ligne très faible.
ETU-01390,2024-2025,Gestion,18,H,Professionnel,passable,lycee_public,non,2.0,8.0,74.2%,16,23.9,53,5,10,8,3,8.76,6,3,4,4,4,E,jaune,lundi,654826,09/09/2024,13.84,0,
ETU-02573,2024-2025,Psychologie,23,F,général ,passable,lycee_public,0,10.3,3.0,68.4,19,47.1,45,7,13,8,2,"10,79",7,6,2,3,,E,jaune,vendredi,958266,13 Sep 2024,6.54,1,
ETU-04399,2024-2025, Informatique ,18,Femme,général ,ab,cfa,non,"2,2",10.0,77.9,24,29.3,47,1,13,12,4,15.59,5,5,4,5,4,A,gris,lundi,419651,2024-09-16,18.21,0,
ETU-02784,2024-2025,STAPS,22,h,Général,ab,lycee_public,O,28.1,0.0,76.1,15,24.5,44,4,9,9,2,12.39,5,5,3,3,2,E,vert,vendredi,935505,2024-09-13,14.67,0,
ETU-01914,2024-2025, Gestion ,17,Femme,général ,TB,lycee_prive,0,"10,1",5.0,89.7,20,42.3,56,3,11,10,0,13.11,5,4,2,3,1,A,vert,mardi,242300,2024-09-10,16.81,0,"Motivation en berne, à accompagner."
ETU-00609,2024-2025,GESTION,17,f,pro,Bien,lycee_public,0,28.7,13.0,53.8,10,14.4,17,4,13,8,1,"10,31",6,6,,2,2,G,rouge,mercredi,965194,2024-09-25,10.23,0,"Absences répétées, situation préoccupante."
ETU-03563,2024-2025,Droit,19,Homme,GEN,ab,lycee_public,Non,"0,2",18.0,"69,9",39,60.3,64,6,13,10,5,10.22,7,5,3,3,5,B,jaune,mercredi,757676,11/09/2024,16.07,0,
ETU-02684,2024-2025,GESTION,18,Homme,Général,passable,lycee_prive,oui,1.2,13.0,77.5,15,25.5,42,2,13,10,2,12.75,5,4,4,4,4,B,vert,vendredi,524915,20/09/2024,15.41,0,
ETU-00013,2024-2025,PSYCHOLOGIE,20,h,TECHNO,tres bien,lycee_prive,1,46.6,0.0,55.5,3,1.4,23,4,13,9,0,11.23,6,2,1,3,1,F,vert,mardi,286939,03/09/2024,5.29,1,Peu actif sur la plateforme.
ETU-04815,2024-2025,Droit,20,F,Generale,passable,lycee_prive,Non,,27.0,70.8,,13.9,4,7,9,7,3,12.23,5,5,3,3,1,A,gris,lundi,485087,2024-09-23,13.71,0,Engagement en ligne très faible.
ETU-02768,2024-2025,INFORMATIQUE,24,f,TECHNO,Passable,lycee_prive,0,7.7,16.0,77.0,15,17.3,19,1,13,8,1,"10,67",5,3,2,3,,B,bleu,jeudi,807163,2024-09-12,6.35,1,Semble peu engagé dans la formation.
ETU-00874,2024-2025,Gestion,20,F,GEN,Bien,lycee_public,0,3.2,8.0,94.1,47,70.3,135,0,9,8,4,6.49,6,4,5,5,3,D,jaune,mardi,912472,2024-09-03,15.3,0,
ETU-03652,2024-2025,Biologie,20,femme,général ,P,lycee_public,0,4.7,22.0,"83,3",26,40.7,46,4,10,10,5,6.95,6,4,4,4,2,H,vert,vendredi,129157,2024-09-27,12.51,0,Résultats fragiles aux partiels.
ETU-01706,2024-2025,PSYCHOLOGIE,24,F,general,Passable,lycee_public,non,"5,1",0.0,70.9,30,48.2,63,7,13,8,0,8.09,5,1,4,4,2,B,gris,mardi,967536,2024-09-24,11.92,0,
ETU-03600,2024-2025, Mathematiques ,23,F,techno,tres bien,lycee_public,O,15.1,19.0,78.9,24,48.3,62,2,9,8,4,12.78,5,2,3,4,2,B,gris,vendredi,577027,2024-09-13,16.92,0,
ETU-04744,2024-2025,BIOLOGIE,19,f,général ,tres bien,lycee_public,oui,44.1,21.0,75.3%,37,51.6,98,6,8,6,0,19.63,6,6,4,2,1,A,vert,vendredi,983799,13/09/2024,18.99,0,
ETU-01098,2024-2025, Psychologie ,21,H,Generale,Assez Bien,lycee_prive,1,11.0,0.0,75.0,30,47.3,69,5,10,8,1,"9,99",7,6,2,3,2,B,jaune,vendredi,881258,06/09/2024,16.2,0,"Motivation en berne, à accompagner."
ETU-04347,2024-2025,STAPS,20,H,pro,TB,lycee_public,0,23.2,12.0,65.0%,24,24.2,64,5,12,9,0,7.19,6,3,1,3,1,E,bleu,mercredi,597797,04/09/2024,2.54,1,En difficulté sur les évaluations.
ETU-00628,2024-2025, Droit ,23,f,Général,passable,lycee_public,O,11.3,24.0,55.6,13,18.4,35,1,11,6,1,12.85,6,3,4,1,1,G,rouge,mardi,797129,2024-09-24,8.88,1,Profil dans la moyenne.
ETU-04359,2024-2025,gestion,18,F,Generale,passable,lycee_public,Non,15.3 km,0.0,74.1,34,58.3,66,5,13,12,2,8.08,5,4,2,3,1,G,rouge,mardi,830256,2024-09-10,14.44,0,Semble peu engagé dans la formation.
ETU-05195,2024-2025,Psychologie,23,Homme,TECHNO,AB,lycee_public,Non,12.4,0.0,"58,3",10,19.4,14,5,10,5,0,12.06,6,5,2,2,1,F,gris,mardi,650783,2024-09-17,6.16,1,
ETU-01647,2024-2025,STAPS,19,femme,TECHNO,ab,lycee_prive,N,5.0,,84.4,49,95.6,91,2,10,9,7,10.12,5,2,3,4,2,E,rouge,mercredi,850538,04/09/2024,15.62,0,
ETU-04808,2024-2025,lettres,18,f,Général,P,lycee_public,non,1.2,16.0,97.3,31,37.9,85,3,8,8,6,"13,73",6,5,3,4,5,D,jaune,lundi,886260,09 Sep 2024,18.07,0,"Très bon investissement, en réussite."
ETU-04045,2024-2025,GESTION,18,h, pro,passable,lycee_public,Non,,22.0,89.1,49,64.4,97,2,12,12,4,7.81,6,4,,4,4,D,gris,mercredi,933674,2024-09-18,14.54,0,
ETU-00096,2024-2025,gestion,17,F,Général,Bien,lycee_public,1,27.4,9.0,"83,0",44,74.5,107,2,9,7,5,14.89,7,6,5,4,,F,bleu,mardi,765125,10/09/2024,18.76,0,Très actif sur la plateforme.
ETU-04798,2024-2025,STAPS,21,femme,Général,Assez Bien,lycee_public,1,0.7,18.0,56.2,7,11.3,7,2,11,8,0,"8,19",6,3,,1,3,E,rouge,mercredi,420859,18/09/2024,5.04,1,
ETU-05031,2024-2025,Gestion,22,M,général ,Passable,lycee_public,oui,9.2,10.0,87.6,65,98.6,120,1,13,13,7,"11,0",5,5,5,4,4,B,vert,vendredi,878853,2024-09-06,18.83,0,Très actif sur la plateforme.
ETU-03271,2024-2025,gestion,22,H,TECHNO,B,autre,O,5.8,,"42,3",17,31.3,60,7,13,9,0,"12,0",5,4,1,1,,A,rouge,jeudi,867531,05/09/2024,7.36,1,"Absences répétées, situation préoccupante."
ETU-03893,2024-2025, Lettres ,17,Autre,Technologique,ab,lycee_public,0,"5,5",15.0,84.5,22,42.1,43,7,12,10,1,,5,3,2,4,2,C,jaune,mercredi,868588,25 Sep 2024,9.03,1,
ETU-00651,2024-2025,DROIT,24,f,général ,Bien,lycee_public,non,"7,7",12.0,"77,5",3,3.9,11,7,11,7,2,,6,3,3,3,4,B,gris,mercredi,603833,2024-09-25,8.82,1,
ETU-01604,2024-2025,Gestion,17,femme,Général,P,lycee_public,non,30.0 km,0.0,69.2,4,4.4,15,5,10,8,2,5.65,6,1,1,3,3,G,vert,lundi,901852,23 Sep 2024,2.63,1,En difficulté sur les évaluations.
ETU-01600,2024-2025,Informatique,17,F,pro,P,,oui,26.4,7.0,89.6,,63.0,56,2,9,7,2,9.64,5,3,4,,4,H,vert,jeudi,106670,2024-09-19,14.33,0,
ETU-02247,2024-2025,LETTRES,18,Homme,GEN,ab,lycee_public,non,8.6,15.0,73.2,7,10.4,15,3,13,11,2,9.59,5,2,4,2,3,C,rouge,mercredi,800537,25/09/2024,5.32,1,
ETU-00150,2024-2025,Informatique,20,M,Professionnel,tres bien,lycee_public,0,7.8,,86.0,30,70.0,67,4,12,8,6,15.56,6,3,3,3,2,G,rouge,mercredi,475710,11 Sep 2024,17.85,0,Travail sérieux et régulier.
ETU-04181,2024-2025, Lettres ,22,H,GEN,Très Bien,lycee_public,oui,28.2,8.0,82.9,35,44.7,70,5,9,9,7,"9,21",5,1,2,2,2,D,jaune,mardi,720100,17 Sep 2024,15.72,0,"Motivation en berne, à accompagner."
ETU-02196,2024-2025,Droit,19,f,general,Passable,,O,26.3,,52.4,0,0.0,0,7,13,7,0,6.63,7,4,3,1,,F,bleu,jeudi,809575,12/09/2024,1.48,1,"Absences répétées, situation préoccupante."
ETU-00690,2024-2025,Biologie,19,F,Generale,ab,autre,non,14.4,26.0,"69,5",,12.3,32,7,10,7,0,"13,85",7,5,1,2,2,H,rouge,mercredi,687718,25 Sep 2024,6.76,1,
ETU-01000,2024-2025,Informatique,21,M,Professionnel,B,lycee_prive,Non,0.1,0.0,70.3,16,16.4,35,2,8,7,3,8.63,5,3,2,2,2,B,vert,mardi,626193,2024-09-24,12.08,0,Semble peu engagé dans la formation.
ETU-02410,2024-2025,BIOLOGIE,18,Homme,PRO,tres bien,lycee_public,0,9.9,,"71,4",30,43.1,75,6,11,10,1,11.36,7,4,2,4,3,H,rouge,mardi,977027,03/09/2024,7.3,1,
ETU-04806,2024-2025,MATHEMATIQUES,17,Homme,Technologique,ab,lycee_public,Non,,18.0,84.2,25,56.4,53,4,8,7,3,"12,26",7,7,3,3,3,H,rouge,lundi,572227,16 Sep 2024,15.44,0,Travail sérieux et régulier.
ETU-02863,2024-2025,informatique,18,F,Technologique,passable,lycee_public,O,5.1,0.0,72.1,35,55.2,55,6,9,7,1,"7,34",5,3,3,3,2,D,rouge,lundi,954087,02 Sep 2024,12.39,0,En difficulté sur les évaluations.
ETU-01017,2024-2025,biologie,20,Homme,Général,AB,lycee_public,0,16.2,24.0,88.3,46,44.2,103,3,10,8,7,14.36,5,5,5,,3,G,jaune,jeudi,179176,12 Sep 2024,18.14,0,
ETU-01431,2024-2025,Psychologie,19,F,TECHNO,Assez Bien,lycee_public,non,"12,2",15.0,89.7,40,53.6,115,1,11,10,9,16.54,7,6,4,3,4,B,rouge,lundi,693696,23 Sep 2024,18.99,0,"Très bon investissement, en réussite."
ETU-00652,2024-2025,Gestion,19,Homme,général ,P,lycee_public,Non,"9,4",18.0,68.7,32,46.1,61,6,11,9,5,10.61,6,5,4,,4,H,jaune,mardi,108755,10/09/2024,13.82,0,
ETU-00587,2024-2025,Lettres,18,F,GEN,B,lycee_prive,Non,52.4 km,0.0,72.2,20,18.7,28,7,11,7,0,12.23,6,6,1,3,,G,jaune,lundi,767683,23 Sep 2024,13.32,0,Semble peu engagé dans la formation.
ETU-04955,2024-2025, Informatique ,22,NR,GEN,Passable,lycee_public,oui,63.6 km,10.0,59.1%,22,42.2,32,2,11,7,2,"4,8",6,2,2,2,1,D,jaune,jeudi,770530,2024-09-12,0.6,1,Résultats fragiles aux partiels.
ETU-03289,2024-2025,Gestion,19,Femme,TECHNO,ab,lycee_public,0,31.7,15.0,82.0%,34,64.6,57,6,12,10,6,"9,12",6,3,2,3,3,B,gris,mercredi,925127,2024-09-11,15.02,0,
ETU-02680,2024-2025,STAPS,21,Homme,Général,passable,lycee_public,0,"1,0",0.0,69.0,14,21.0,29,4,13,10,0,8.03,5,3,2,3,5,F,vert,lundi,184800,23 Sep 2024,11.76,0,"Motivation en berne, à accompagner."
ETU-01927,2024-2025,Gestion,18,Femme,techno,Bien,autre,non,"36,9",0.0,97.0%,45,65.9,91,2,8,8,8,"17,07",6,6,5,3,2,F,bleu,mardi,702759,2024-09-10,19.81,0,"Très bon investissement, en réussite."
ETU-01180,2024-2025,lettres,20,H,general,Passable,lycee_public,N,19.8,18.0,"54,0",0,0.0,0,6,9,6,0,8.73,5,0,1,1,2,D,rouge,mardi,766078,24 Sep 2024,3.05,1,Forte baisse d'assiduité ce semestre.
ETU-01638,2024-2025, STAPS ,22,H,general,P,lycee_public,N,2.8,10.0,83.2,36,60.8,85,4,10,8,5,11.74,5,4,4,4,3,G,gris,vendredi,720708,2024-09-06,17.39,0,Profil dans la moyenne.
ETU-03165,2024-2025,Mathematiques,18,Homme,Général,B,lycee_public,Non,28.5,26.0,86.6,20,31.7,37,2,11,10,2,11.31,5,3,3,4,2,F,bleu,mardi,328377,2024-09-10,15.33,0,
ETU-01322,2024-2025,Droit,18,F,TECHNO,P,lycee_public,non,63.4 km,14.0,77.7,28,37.5,47,1,11,8,4,"8,13",5,3,2,4,,B,jaune,mardi,594683,17 Sep 2024,13.43,0,Semble peu engagé dans la formation.
ETU-04670,2024-2025,Biologie,18,F,GEN,Très Bien,lycee_public,Non,7.9,,76.6,30,32.8,67,5,12,9,3,16.11,5,5,3,2,4,C,gris,jeudi,715039,2024-09-26,17.38,0,Travail sérieux et régulier.
ETU-03088,2024-2025,Psychologie,20,M,general,Bien,lycee_public,Oui,9.9,0.0,62.5,39,61.9,85,1,13,13,4,"12,71",7,5,4,4,2,H,bleu,vendredi,655654,20/09/2024,17.81,0,
ETU-02281,2024-2025,Psychologie,22,Autre,general,B,lycee_public,non,"3,3",5.0,88.7,21,44.2,46,1,11,10,4,15.3,7,6,5,4,5,G,vert,lundi,805157,16 Sep 2024,18.3,0,
ETU-00379,2024-2025,Informatique,23,H,general,P,autre,O,1.5,14.0,97.1,33,42.1,47,3,8,7,8,11.36,6,5,5,3,4,F,vert,vendredi,566462,2024-09-27,15.6,0,Suivi sans particularité.
ETU-03500,2024-2025,Psychologie,21,h,GEN,passable,lycee_prive,0,0.5 km,0.0,"67,8",27,57.1,59,8,11,9,1,10.48,6,1,3,3,3,C,gris,jeudi,959698,19/09/2024,5.79,1,Plusieurs travaux remis hors délai.
ETU-00570,2024-2025,STAPS,20,F,general,ab,lycee_public,N,6.9,13.0,62.8,10,15.5,23,8,12,8,0,10.33,5,2,1,2,1,F,vert,mardi,771135,17 Sep 2024,4.74,1,
ETU-00277,2024-2025, Informatique ,18,f,Generale,Passable,lycee_public,non,3.1,13.0,70.4,35,58.8,93,6,11,10,3,10.85,7,3,,3,4,G,gris,mardi,146520,17 Sep 2024,15.58,0,
ETU-00068,2024-2025,Lettres,18,H,Generale,tres bien,lycee_public,non,39.8,0.0,84.6,27,30.7,71,3,9,8,4,16.23,5,3,5,4,1,A,gris,mercredi,630252,04/09/2024,19.03,0,Travail sérieux et régulier.
ETU-04848,2024-2025,biologie,21,M,Professionnel,Assez Bien,lycee_public,0,"2,5",6.0,77.9,34,44.4,54,7,13,12,1,10.01,7,3,4,4,3,H,bleu,mardi,959272,03/09/2024,15.12,0,RAS.
ETU-00027,2024-2025,mathematiques,21,H,GEN,Bien,lycee_prive,O,15.2,23.0,68.3,32,79.3,80,3,10,8,1,12.86,6,6,4,3,3,A,bleu,lundi,888117,16 Sep 2024,13.88,0,
ETU-02711,2024-2025,STAPS,19,M,general,ab,lycee_public,O,7.3,0.0,88.8,38,26.7,76,0,8,7,3,8.49,7,5,2,2,3,A,jaune,mardi,197190,10 Sep 2024,15.03,0,Semble peu engagé dans la formation.
ETU-05101,2024-2025,psychologie,19,F,GEN,passable,lycee_public,0,40.1,14.0,67.9,25,36.9,57,7,13,13,1,10.1,7,5,3,3,1,B,gris,jeudi,692087,05 Sep 2024,13.83,0,Suivi sans particularité.
ETU-00546,2024-2025,Gestion,19,M, pro,Très Bien,lycee_public,N,29.9,0.0,98.5,,45.6,91,2,13,13,4,"10,84",6,6,5,5,3,H,jaune,vendredi,933620,2024-09-13,16.03,0,Engagement en ligne remarquable.
ETU-01374,2024-2025,Informatique,17,M,Generale,B,lycee_public,non,9.4,22.0,77.6,19,38.9,28,5,9,5,3,13.04,6,6,3,3,3,C,vert,mardi,659267,10/09/2024,13.53,0,"Bon semestre, résultats solides."
ETU-01240,2024-2025,PSYCHOLOGIE,23,f,PRO,AB,lycee_public,non,42.4 km,,72.2,20,20.3,44,4,13,10,1,8.37,6,4,3,2,3,G,vert,vendredi,417519,2024-09-27,4.43,1,
ETU-04947,2024-2025,Psychologie,23,Homme,Generale,,lycee_public,0,21.6,17.0,96.4,35,61.4,72,4,8,7,7,11.29,5,3,2,4,3,G,gris,mercredi,636968,2024-09-04,14.16,0,"Motivation en berne, à accompagner."
ETU-02205,2024-2025,Mathematiques,22,femme,Technologique,B,lycee_public,0,"1,5",0.0,91.3,28,42.0,80,2,10,9,5,15.78,7,5,4,2,4,E,gris,jeudi,771647,05 Sep 2024,17.91,0,"Bon semestre, résultats solides."
ETU-01822,2024-2025,Droit,21,Femme,GEN,Passable,lycee_public,non,9.2,0.0,77.6,,58.0,50,8,13,11,5,11.79,6,2,4,2,2,D,gris,lundi,866598,23/09/2024,14.33,0,"Rendus souvent en retard, à relancer."
ETU-01995,2024-2025,staps,20,f,Generale,Passable,lycee_public,0,13.8,,92.9,34,59.3,63,4,11,11,2,"14,77",5,4,4,3,5,G,jaune,jeudi,771473,12/09/2024,18.42,0,
ETU-05028,2024-2025,Biologie,19,h,Generale,P,lycee_public,O,21.4,25.0,75.4,3,4.8,1,7,11,7,1,11.71,7,5,1,3,4,E,jaune,jeudi,371805,26 Sep 2024,5.82,1,Engagement en ligne très faible.
ETU-02957,2024-2025,Droit,21,Homme,Generale,ab,lycee_public,non,1.1,14.0,79.3,20,23.9,51,9,13,9,0,14.2,7,6,1,2,4,E,jaune,mardi,477128,03 Sep 2024,15.45,0,Plusieurs travaux remis hors délai.
ETU-04690,2024-2025, Informatique ,18,M,Generale,P,autre,O,31.9,10.0,"50,1",0,0.0,0,6,8,6,0,10.86,6,2,,2,2,C,jaune,mercredi,196934,2024-09-04,5.84,1,Forte baisse d'assiduité ce semestre.
ETU-01118,2024-2025,Gestion,19,M,general,Passable,lycee_public,N,,0.0,"86,4",54,81.8,123,2,11,11,3,14.91,5,4,5,4,3,H,jaune,mardi,690601,10 Sep 2024,19.23,0,
ETU-04610,2024-2025,Psychologie,19,Homme,GEN,passable,cfa,Non,21.0,17.0,73.5%,6,2.8,19,6,12,10,4,12.87,6,5,2,4,3,C,vert,mardi,242625,03/09/2024,7.28,1,
ETU-00029,2024-2025,droit,20,h,Général,AB,lycee_public,non,41.1,9.0,55.6,13,13.5,28,1,11,9,1,"10,54",5,5,5,4,5,F,gris,vendredi,164381,06 Sep 2024,14.06,0,
ETU-00388,2024-2025,Informatique,21,NR,Technologique,Bien,lycee_public,Oui,13.5,0.0,"49,2",8,1.4,16,4,10,5,0,6.18,7,4,2,3,1,D,jaune,jeudi,433354,2024-09-26,1.5,1,
ETU-01356,2024-2025,Droit,21,h,GEN,B,lycee_public,oui,0.0 km,,68.6%,50,76.3,148,4,8,7,2,11.07,5,2,4,5,2,C,rouge,jeudi,228618,2024-09-26,14.71,0,
ETU-02291,2024-2025,Informatique,21,H,GEN,Assez Bien,lycee_public,Oui,22.6,15.0,66.7,22,30.8,49,2,13,12,4,"13,71",7,6,3,4,3,A,gris,mercredi,220941,18 Sep 2024,8.91,1,
ETU-04627,2024-2025,Psychologie,18,NR,Professionnel,Assez Bien,autre,0,5.5,22.0,62.7%,25,34.1,53,6,10,7,0,9.47,6,5,1,2,2,G,gris,vendredi,142486,27 Sep 2024,5.12,1,
ETU-04884,2024-2025,Psychologie,19,Femme,Generale,P,lycee_prive,Non,12.6,4.0,77.2,16,17.7,39,4,12,9,2,,6,4,3,1,,H,vert,lundi,544679,23 Sep 2024,5.46,1,
ETU-03807,2024-2025,DROIT,18,h,Général,B,,O,"0,9",0.0,83.2,22,40.9,30,3,13,11,2,,5,4,,3,3,E,rouge,vendredi,515061,27 Sep 2024,17.72,0,Travail sérieux et régulier.
ETU-02132,2024-2025,Lettres,25,H,GEN,B,lycee_public,0,0.0,13.0,91.5,43,64.4,110,2,10,10,4,18.08,6,6,5,5,3,F,jaune,jeudi,871880,2024-09-26,19.87,0,
ETU-01929,2024-2025,MATHEMATIQUES,21,H,techno,B,lycee_prive,Non,0.6,19.0,76.7,32,48.4,86,3,8,6,5,10.35,6,2,2,3,5,H,bleu,vendredi,146574,27/09/2024,14.79,0,"Motivation en berne, à accompagner."
ETU-00986,2024-2025,STAPS,21,F,Général,P,lycee_public,1,"11,6",11.0,"84,5",29,40.9,50,4,8,7,4,13.12,6,2,4,4,3,G,rouge,vendredi,840147,20/09/2024,16.67,0,
ETU-00547,2024-2025,Droit,20,f,Generale,TB,lycee_public,O,,28.0,74.1%,,43.8,105,4,12,9,3,11.04,6,5,4,5,2,G,bleu,vendredi,555645,20 Sep 2024,14.96,0,
ETU-03823,2024-2025,informatique,19,Femme,PRO,ab,lycee_public,non,5.2,12.0,"72,8",13,16.1,25,4,8,6,2,12.25,5,1,3,3,2,H,vert,vendredi,212662,20/09/2024,13.84,0,Suivi sans particularité.
ETU-01120,2024-2025,mathematiques,18,femme,Generale,B,lycee_public,1,7.7,11.0,74.8,21,36.1,51,3,8,8,6,10.05,7,4,3,4,3,H,gris,jeudi,571314,2024-09-05,14.95,0,
ETU-00213,2024-2025,MATHEMATIQUES,20,Homme,Général,Assez Bien,lycee_prive,Oui,31.4 km,0.0,"78,5",22,31.1,65,3,13,10,6,11.25,6,1,4,,2,F,rouge,vendredi,880686,06/09/2024,13.96,0,
ETU-03696,2024-2025,Gestion,18,F,GEN,Bien,lycee_public,Non,18.7,0.0,71.5,7,2.8,26,5,9,6,0,"13,04",7,3,3,3,2,C,bleu,mardi,239619,2024-09-03,15.18,0,Engagement en ligne très faible.
ETU-04525,2024-2025,Informatique,22,f,pro,AB,lycee_public,non,11.0,,98.1%,49,83.2,124,1,13,10,5,6.86,6,2,4,4,5,A,vert,mardi,769388,03 Sep 2024,14.51,0,En difficulté sur les évaluations.
ETU-04895,2024-2025,GESTION,18,M,Generale,,lycee_prive,N,8.2,0.0,93.2,34,37.4,81,2,11,9,4,11.89,6,6,4,4,3,D,gris,lundi,727643,16/09/2024,17.57,0,
ETU-04112,2024-2025,Droit,21,femme,TECHNO,tres bien,lycee_public,Non,"24,6",21.0,73.6,33,53.2,87,6,12,8,2,"12,53",6,4,4,4,1,E,jaune,mardi,356130,10 Sep 2024,16.08,0,
ETU-00865,2024-2025,DROIT,18,h,Général,AB,lycee_prive,1,8.0 km,,"74,7",37,33.4,72,4,12,11,5,7.78,5,2,1,4,3,A,vert,vendredi,616259,13/09/2024,13.12,0,
ETU-02050,2024-2025,Lettres,17,f,general,B,lycee_public,1,8.1,26.0,73.0,19,23.6,37,5,13,13,7,16.65,6,4,,3,4,E,bleu,jeudi,692169,2024-09-12,19.02,0,
ETU-01612,2024-2025,DROIT,19,H,general,tres bien,lycee_public,O,5.1,0.0,92.8,49,90.0,115,0,9,8,4,"16,86",5,5,5,4,4,C,rouge,vendredi,348139,06/09/2024,19.78,0,Étudiant assidu et investi.
ETU-02220,2024-2025,staps,19,Homme,techno,Bien,lycee_prive,1,1.9,26.0,70.0,19,28.9,56,6,10,8,0,12.25,6,4,3,2,2,D,gris,mercredi,756543,04 Sep 2024,7.51,1,
ETU-01326,2024-2025,STAPS,22,h,general,Assez Bien,autre,N,17.4 km,0.0,70.4,13,23.2,42,3,13,10,4,10.51,6,2,4,4,3,C,vert,lundi,974674,23 Sep 2024,16.21,0,
ETU-02789,2024-2025,Mathematiques,18,Homme,TECHNO,P,lycee_public,oui,5.8,3.0,63.7,18,23.3,49,5,8,7,2,9.41,6,2,3,,2,H,gris,jeudi,489906,05/09/2024,6.82,1,
ETU-00425,2024-2025,informatique,19,Homme,GEN,passable,lycee_prive,0,8.5,14.0,77.9,4,4.4,1,5,8,7,1,10.75,6,0,3,3,3,A,rouge,vendredi,729835,27/09/2024,4.94,1,
ETU-03540,2024-2025,INFORMATIQUE,18,femme,général ,P,cfa,Non,18.3,23.0,99.5,43,82.2,107,1,8,8,6,15.17,7,6,4,4,3,F,jaune,mardi,860583,2024-09-10,19.02,0,"Très bon investissement, en réussite."
ETU-00466,2024-2025,Gestion,18,Homme,general,passable,lycee_prive,0,35.0,15.0,71.6,17,19.4,25,4,9,6,0,9.59,7,5,3,2,1,H,rouge,vendredi,225866,06/09/2024,3.56,1,
ETU-00168,2024-2025,INFORMATIQUE,20,f,général ,Passable,lycee_prive,0,11.3,0.0,83.6%,56,78.8,99,2,9,9,3,"13,9",6,3,4,3,5,B,gris,vendredi,351116,2024-09-13,18.92,0,Très actif sur la plateforme.
ETU-03008,2024-2025,Gestion,22,Femme,Generale,Bien,cfa,O,29.8,9.0,"79,5",21,27.8,51,5,11,8,0,13.05,6,6,4,4,1,D,gris,mardi,219951,2024-09-03,15.09,0,"Bon semestre, résultats solides."
ETU-00421,2024-2025,Informatique,20,F,PRO,P,lycee_public,Non,5.5,0.0,"94,1",25,60.7,52,6,10,9,3,"13,22",6,4,5,3,3,E,gris,mardi,850880,03/09/2024,17.12,0,
ETU-00730,2024-2025, Biologie ,20,Femme,general,Passable,lycee_public,non,"63,3",13.0,"94,1",37,57.6,95,1,13,13,5,11.85,7,5,4,5,2,A,jaune,vendredi,755344,13/09/2024,16.42,0,
ETU-02874,2024-2025,STAPS,17,f,Generale,passable,lycee_public,N,"7,4",8.0,78.3%,20,42.5,62,2,12,10,3,"12,16",6,5,2,4,3,F,gris,mardi,775575,03 Sep 2024,8.94,1,"Motivation en berne, à accompagner."
ETU-01513,2024-2025,informatique,22,Homme,Général,AB,cfa,non,"1,6",,"76,5",16,22.6,45,4,9,7,3,15.59,6,2,4,2,,C,rouge,mardi,953090,2024-09-03,17.58,0,
ETU-02026,2024-2025,Psychologie,17,f,Général,AB,lycee_public,oui,28.0 km,0.0,"80,6",31,43.1,76,0,10,8,1,12.28,5,5,4,4,3,H,rouge,vendredi,832148,2024-09-06,16.19,0,"Bon semestre, résultats solides."
ETU-04367,2024-2025,STAPS,21,F,general,B,lycee_public,Oui,17.3,8.0,"82,2",29,33.3,40,4,9,9,4,16.24,6,3,3,4,4,F,bleu,mardi,325295,24 Sep 2024,17.67,0,
ETU-04564,2024-2025,Informatique,19,femme,Général,B,lycee_public,0,10.4,10.0,99.2,27,32.5,42,2,9,9,4,14.62,5,3,5,3,,C,gris,vendredi,206670,2024-09-06,16.84,0,"Bon semestre, résultats solides."
ETU-04994,2024-2025,Droit,18,H,GEN,TB,lycee_public,1,1.1,8.0,66.4%,3,1.8,1,6,8,6,0,12.18,7,4,,1,,C,rouge,mardi,194452,2024-09-17,6.32,1,Peu actif sur la plateforme.
ETU-01846,2024-2025,INFORMATIQUE,17,Femme,Professionnel,Assez Bien,lycee_public,non,"25,3",23.0,75.7,23,25.9,52,2,10,10,2,10.76,6,3,5,4,2,A,gris,lundi,124771,23 Sep 2024,15.83,0,RAS.
ETU-03409,2024-2025,Biologie,21,Femme,general,ab,lycee_public,0,19.2,12.0,87.6,29,21.1,32,4,13,11,6,"13,16",7,7,4,5,,E,vert,mercredi,621222,25/09/2024,16.72,0,
ETU-00077,2024-2025, Biologie ,19,femme,Technologique,ab,lycee_public,Oui,15.0,0.0,85.3%,42,74.5,86,7,10,8,8,5.84,5,3,4,4,3,C,vert,vendredi,688770,27 Sep 2024,12.64,0,Résultats fragiles aux partiels.
ETU-04735,2024-2025,Droit,19,h,Général,Bien,lycee_prive,oui,"12,4",13.0,70.7,16,29.9,29,5,13,11,0,12.73,6,6,2,3,2,C,rouge,vendredi,814740,2024-09-06,13.75,0,"Motivation en berne, à accompagner."
ETU-01990,2024-2025, Mathematiques ,17,Femme,GEN,Assez Bien,lycee_public,Oui,15.8,0.0,"74,8",24,40.0,58,6,12,8,2,13.36,6,4,4,2,2,H,gris,mardi,276713,03/09/2024,8.51,1,
ETU-00522,2024-2025,MATHEMATIQUES,20,H,pro,AB,lycee_public,Non,18.2,21.0,99.5,60,96.8,116,0,13,13,7,"12,14",6,3,4,4,3,E,bleu,mercredi,447834,2024-09-25,17.61,0,
ETU-02897,2024-2025,Mathematiques,22,M,TECHNO,B,lycee_public,Non,1.6,13.0,66.3,25,24.7,57,2,9,6,2,"11,66",6,5,4,3,3,F,rouge,mardi,598054,24 Sep 2024,17.26,0,
ETU-01774,2024-2025,gestion,23,Femme,GEN,P,lycee_public,0,4.4 km,12.0,83.1,54,70.3,119,1,13,11,3,"12,45",6,6,5,3,,D,bleu,jeudi,514077,19/09/2024,17.06,0,Engagement en ligne remarquable.
ETU-03148,2024-2025,informatique,19,Femme,Generale,B,lycee_public,0,5.0,26.0,80.8%,45,70.8,103,2,9,8,0,10.04,6,5,5,2,4,G,vert,mardi,596506,17/09/2024,15.35,0,Très actif sur la plateforme.
ETU-01014,2024-2025,INFORMATIQUE,19,f,TECHNO,Bien,lycee_public,Non,"4,0",18.0,81.8,18,32.1,22,6,11,7,1,13.53,6,6,3,2,3,D,bleu,lundi,300239,23 Sep 2024,13.67,0,
ETU-00236,2024-2025,Droit,18,Homme,général ,B,lycee_prive,non,12.9 km,0.0,70.1,18,30.6,36,2,8,6,1,"11,99",6,3,3,3,3,A,bleu,lundi,666329,16/09/2024,13.9,0,
ETU-04893,2024-2025, Mathematiques ,19,femme,TECHNO,TB,lycee_public,oui,"6,2",13.0,92.8,52,51.7,120,5,9,9,5,12.45,6,3,3,4,3,G,gris,mercredi,901988,11 Sep 2024,17.11,0,Très actif sur la plateforme.
ETU-01879,2024-2025,Mathematiques,23,NB,GEN,P,lycee_public,O,13.0,,"78,6",33,44.7,90,1,11,8,11,10.29,6,4,4,3,4,B,bleu,lundi,599514,2024-09-09,17.43,0,
ETU-04404,2024-2025,STAPS,23,Homme,general,P,lycee_public,non,15.5,,89.8%,53,71.9,102,1,12,12,4,10.6,6,6,5,5,4,G,bleu,lundi,813802,23/09/2024,15.19,0,
ETU-01824,2024-2025,Informatique,21,Homme,Professionnel,AB,lycee_public,non,"19,1",0.0,98.5,68,100.5,111,2,11,11,4,14.39,6,3,5,3,4,E,bleu,vendredi,221696,13 Sep 2024,19.54,0,"Très bon investissement, en réussite."
ETU-02918,2024-2025,Gestion,24,NB,Général,Assez Bien,lycee_public,Non,0.8,8.0,66.0,14,18.8,35,4,8,6,0,6.31,5,1,2,2,4,D,bleu,mardi,518743,2024-09-10,10.53,0,En difficulté sur les évaluations.
ETU-00962,2024-2025, Mathematiques ,20,F,Professionnel,tres bien,autre,Oui,29.5,,"51,6",19,9.1,14,6,9,6,0,"6,65",7,3,2,,2,B,rouge,jeudi,884754,2024-09-26,4.0,1,
ETU-01620,2024-2025,Droit,18,Femme,Général,P,lycee_prive,non,55.4,,48.3,5,6.2,15,9,12,10,0,"7,59",6,4,4,4,1,B,rouge,mercredi,613184,11 Sep 2024,1.85,1,Forte baisse d'assiduité ce semestre.
ETU-03022,2024-2025,Droit,23,h,pro,ab,autre,N,,6.0,80.3,42,47.1,119,2,13,11,3,8.88,7,5,4,4,4,C,rouge,mercredi,893697,11 Sep 2024,14.53,0,
ETU-03070,2024-2025, Mathematiques ,18,F,Technologique,passable,lycee_public,oui,16.7,15.0,80.8,37,32.0,59,4,9,8,7,12.09,6,6,4,5,1,H,vert,jeudi,176819,19 Sep 2024,16.62,0,Travail sérieux et régulier.
ETU-01688,2024-2025,LETTRES,20,Femme,Technologique,Passable,lycee_public,Non,"26,1",0.0,59.9,3,8.6,1,6,8,6,0,"6,65",6,0,2,4,3,G,gris,jeudi,100302,05/09/2024,1.0,1,
ETU-01872,2024-2025,Psychologie,18,femme,Generale,Passable,lycee_public,1,3.6,6.0,"65,1",17,27.8,35,3,12,11,1,11.56,6,2,3,4,,C,jaune,mercredi,773056,25/09/2024,14.73,0,
ETU-00286,2024-2025,INFORMATIQUE,18,femme,general,P,,O,14.1,20.0,95.9,33,28.4,78,1,9,9,4,5.77,5,3,5,3,5,D,gris,mercredi,808695,04 Sep 2024,13.8,0,Résultats fragiles aux partiels.
ETU-04060,2024-2025,Droit,19,Femme,techno,P,lycee_public,Oui,,9.0,82.6,31,36.6,55,2,10,8,3,10.02,6,5,2,4,3,B,gris,vendredi,277528,2024-09-13,14.17,0,"Motivation en berne, à accompagner."
ETU-02022,2024-2025, Psychologie ,18,f,Technologique,Très Bien,lycee_public,N,2.8 km,0.0,"46,4",8,7.0,35,5,10,5,0,9.57,6,4,3,3,,H,gris,mardi,629043,2024-09-24,4.99,1,
ETU-05167,2024-2025,Droit,18,femme,Generale,,lycee_public,O,2.2,10.0,78.5,39,59.4,102,4,11,8,4,10.29,6,5,3,4,3,D,vert,jeudi,127291,19 Sep 2024,15.02,0,
ETU-01056,2024-2025,Gestion,23,H,Général,AB,lycee_prive,non,7.4,,64.7,18,16.2,26,6,10,7,0,10.83,7,4,4,4,2,F,rouge,jeudi,495049,19/09/2024,5.55,1,Suivi sans particularité.
ETU-02932,2024-2025,Biologie,22,h,général ,Bien,lycee_public,0,2.7,0.0,86.6,38,62.8,70,3,11,11,5,12.51,5,4,3,4,3,B,vert,lundi,191454,23/09/2024,18.3,0,Travail sérieux et régulier.
ETU-01448,2024-2025, Biologie ,23,Femme,Professionnel,P,lycee_public,non,15.2,,"87,0",27,32.8,49,3,9,8,6,"11,35",6,6,5,3,,B,jaune,mercredi,199517,2024-09-18,16.61,0,
ETU-03529,2024-2025,Informatique,19,h,TECHNO,passable,lycee_prive,0,6.1,0.0,57.2%,30,54.3,68,5,8,5,1,6.13,6,1,2,3,3,D,vert,vendredi,639982,2024-09-13,12.3,0,Résultats fragiles aux partiels.
ETU-02413,2024-2025, Mathematiques ,17,Femme,general,Très Bien,lycee_public,0,13.2,21.0,85.4,33,19.4,66,3,13,11,6,16.73,6,4,4,3,3,B,vert,jeudi,999823,12/09/2024,18.58,0,"Très bon investissement, en réussite."
ETU-00378,2024-2025,Droit,20,femme,Général,Passable,lycee_public,Non,1.1,,79.3%,21,32.2,51,0,8,8,3,"11,09",7,6,5,4,3,D,vert,vendredi,186627,13 Sep 2024,15.5,0,RAS.
ETU-04092,2024-2025,Mathematiques,20,Femme,Général,Passable,cfa,O,37.0,14.0,"73,7",14,17.2,32,6,12,6,1,8.3,6,2,4,2,1,G,bleu,lundi,487205,2024-09-16,4.25,1,RAS.
ETU-03290,2024-2025,Droit,19,F,Generale,,lycee_public,0,21.3,0.0,94.0,64,107.2,130,1,10,8,6,8.01,6,4,4,4,2,C,jaune,mercredi,472317,2024-09-25,17.16,0,
ETU-02044,2024-2025,PSYCHOLOGIE,18,h,Professionnel,P,lycee_prive,Non,"20,4",,71.5,49,83.6,116,2,12,9,7,9.83,6,3,4,3,3,G,bleu,jeudi,167170,12 Sep 2024,15.32,0,RAS.
ETU-02861,2024-2025,PSYCHOLOGIE,17,M,Général,Passable,lycee_public,Oui,8.1,0.0,78.5,28,48.2,54,4,8,6,6,9.63,7,5,,4,3,D,rouge,lundi,924996,16 Sep 2024,16.27,0,
ETU-03057,2024-2025,MATHEMATIQUES,18,Homme,general,TB,lycee_public,Non,9.9,0.0,"98,6",15,21.9,38,2,9,8,0,,7,7,5,,3,B,jaune,jeudi,418054,12/09/2024,15.99,0,
ETU-04800,2024-2025, Droit ,19,F,pro,AB,lycee_prive,Oui,"25,8",7.0,92.9,36,33.6,68,2,12,9,2,11.43,6,6,4,3,4,G,gris,jeudi,619658,12/09/2024,17.21,0,
ETU-02150,2024-2025,psychologie,20,Femme,Generale,passable,cfa,non,22.8,0.0,77.2,46,41.4,110,3,9,9,4,11.66,5,4,3,3,3,F,jaune,vendredi,993679,06 Sep 2024,15.45,0,
ETU-01842,2024-2025,Biologie,20,h,pro,P,lycee_prive,O,6.0,20.0,85.4%,34,64.3,100,4,13,12,2,9.41,6,0,3,,1,B,rouge,lundi,402642,16 Sep 2024,14.78,0,Suivi sans particularité.
ETU-03781,2024-2025,Informatique,20,h,général ,AB,lycee_public,non,8.7 km,0.0,51.8,15,13.7,33,8,10,8,0,"6,92",5,3,2,4,2,D,gris,lundi,567610,16/09/2024,2.66,1,"Absences répétées, situation préoccupante."
ETU-02570,2024-2025,staps,21,femme,Général,TB,lycee_public,non,"20,3",,77.5,4,6.9,18,8,11,9,0,12.55,6,3,3,2,2,A,vert,vendredi,722080,13/09/2024,7.88,1,
ETU-02830,2024-2025,Psychologie,25,M,Technologique,Bien,cfa,1,3.6 km,0.0,98.5,43,103.2,119,1,9,8,1,11.3,5,3,5,4,3,B,vert,jeudi,924992,2024-09-05,18.19,0,
ETU-04765,2024-2025,INFORMATIQUE,22,f,Generale,Assez Bien,lycee_public,O,28.0,0.0,76.0,24,46.0,46,2,11,9,7,"12,95",7,6,5,2,4,E,rouge,mercredi,323799,2024-09-25,15.91,0,Travail sérieux et régulier.
ETU-00933,2024-2025,Biologie,22,femme,GEN,passable,lycee_prive,non,11.1,10.0,80.6,16,21.1,30,8,12,8,1,11.08,6,0,4,4,2,B,rouge,mercredi,371004,2024-09-18,5.43,1,
ETU-02645,2024-2025,gestion,23,F,Général,P,lycee_public,Non,"0,0",14.0,74.6,42,67.6,67,4,10,8,4,"7,06",6,2,3,2,3,E,rouge,jeudi,363052,05/09/2024,14.2,0,Résultats fragiles aux partiels.
ETU-05156,2024-2025, Droit ,20,h,Technologique,Assez Bien,lycee_public,N,"14,4",12.0,66.2,,18.6,15,9,12,11,2,"6,83",6,4,2,1,4,E,vert,jeudi,108562,2024-09-12,3.73,1,En difficulté sur les évaluations.
ETU-04269,2024-2025,Gestion,22,h,techno,passable,lycee_public,O,3.0,10.0,93.1%,42,97.6,98,3,10,10,9,,5,5,5,3,5,D,rouge,jeudi,814979,26/09/2024,18.22,0,Très actif sur la plateforme.
ETU-00482,2024-2025,Biologie,23,H,Technologique,TB,,Non,"3,6",18.0,"79,7",31,22.3,82,0,11,11,3,10.04,6,4,,4,,C,rouge,jeudi,966641,26 Sep 2024,15.61,0,Profil dans la moyenne.
ETU-02331,2024-2025,PSYCHOLOGIE,17,M,Technologique,passable,lycee_prive,Oui,27.3,27.0,73.9%,46,54.6,140,4,8,7,3,10.32,7,1,2,1,3,F,gris,mardi,679202,24 Sep 2024,15.58,0,Semble peu engagé dans la formation.
ETU-01867,2024-2025,Gestion,19,F,Général,AB,lycee_public,O,35.1,26.0,"88,8",43,54.4,116,3,11,9,13,12.56,6,5,5,3,5,E,vert,jeudi,826466,26/09/2024,17.3,0,
ETU-00386,2024-2025,DROIT,18,H,TECHNO,B,,1,52.7,9.0,85.7,53,115.6,151,2,10,10,4,13.52,6,5,4,5,3,C,vert,jeudi,476205,2024-09-05,19.05,0,
ETU-02098,2024-2025,Mathematiques,18,Femme,techno,ab,lycee_public,Oui,30.7,0.0,67.7%,24,27.3,71,5,9,7,4,11.05,5,5,5,3,1,H,vert,mardi,869141,03 Sep 2024,14.29,0,
ETU-04437,2024-2025,Gestion,19,Femme,GEN,P,lycee_public,N,0.3,16.0,76.4%,36,45.0,64,0,13,10,2,"12,7",6,6,4,3,4,B,vert,vendredi,506993,2024-09-20,18.29,0,"Bon semestre, résultats solides."
ETU-02647,2024-2025,Informatique,23,femme,GEN,P,lycee_public,1,"2,3",,73.2,37,69.9,89,2,13,12,3,12.21,5,4,5,4,4,H,jaune,vendredi,567408,27 Sep 2024,15.57,0,Profil dans la moyenne.
ETU-05075,2024-2025, Psychologie ,22,Homme,TECHNO,P,lycee_public,N,93.4,23.0,"55,2",3,3.1,1,3,9,6,0,4.42,5,2,1,2,1,E,bleu,mercredi,943701,2024-09-11,1.59,1,
ETU-01091,2024-2025,Informatique,18,Femme,Generale,ab,cfa,Non,9.2 km,0.0,84.9,25,29.7,37,8,13,9,1,"12,78",7,7,4,3,3,E,rouge,jeudi,386217,05 Sep 2024,15.77,0,"Rendus souvent en retard, à relancer."
ETU-03688,2024-2025, Droit ,20,H,GEN,AB,autre,non,3.0,9.0,84.1,16,11.0,36,3,12,12,1,13.74,6,3,3,4,2,H,gris,jeudi,502580,12 Sep 2024,16.14,0,Travail sérieux et régulier.
ETU-03885,2024-2025, Lettres ,18,M,Technologique,Passable,lycee_prive,N,4.5,13.0,80.8,27,28.9,52,4,11,9,4,"9,88",7,5,4,,4,F,vert,mercredi,987247,2024-09-18,14.71,0,
ETU-04618,2024-2025,Psychologie,18,Homme,general,Bien,lycee_public,N,,12.0,"85,8",31,47.2,50,5,10,8,5,"14,14",6,5,4,4,4,D,rouge,jeudi,361685,2024-09-19,18.01,0,Étudiant assidu et investi.
ETU-01964,2024-2025,Informatique,19,h,PRO,B,,O,31.6,14.0,42.1,0,0.0,0,1,9,1,0,4.68,7,2,1,1,1,B,bleu,mercredi,369461,18 Sep 2024,1.22,1,Forte baisse d'assiduité ce semestre.
ETU-03831,2024-2025,psychologie,18,Homme,TECHNO,passable,lycee_prive,N,19.5,25.0,72.0,34,37.4,88,4,11,10,2,7.35,6,3,3,2,2,G,jaune,mardi,988457,03/09/2024,11.93,0,
ETU-01657,2024-2025,Droit,20,h,TECHNO,Assez Bien,lycee_public,oui,17.6,0.0,82.7,41,67.6,81,3,8,7,4,4.93,5,1,3,3,2,G,gris,mardi,565094,17/09/2024,12.15,0,Résultats fragiles aux partiels.
ETU-04486,2024-2025,Mathematiques,18,femme,general,Bien,lycee_public,N,"3,9",12.0,54.3,3,4.3,1,5,9,5,0,"8,54",7,4,2,5,3,A,gris,mercredi,275742,11/09/2024,3.46,1,
ETU-01254,2024-2025, Gestion ,20,M,GEN,Bien,lycee_public,Non,3.5 km,9.0,65.9,22,26.5,42,7,12,10,0,6.06,5,1,2,2,,C,jaune,jeudi,156097,05/09/2024,3.22,1,
ETU-04132,2024-2025,Gestion,18,f, pro,Assez Bien,lycee_public,non,"4,7",11.0,"76,8",41,83.2,115,6,12,8,2,5.35,5,1,1,4,5,G,gris,jeudi,647504,05/09/2024,4.47,1,Résultats fragiles aux partiels.
ETU-02335,2024-2025, STAPS ,18,M,GEN,B,lycee_prive,Non,28.2 km,0.0,80.6,,49.5,74,2,9,8,7,14.96,6,6,5,4,1,D,vert,jeudi,685310,12/09/2024,19.11,0,Travail sérieux et régulier.
ETU-04719,2024-2025,Psychologie,20,H,pro,Assez Bien,lycee_public,Non,2.8,12.0,62.4,,60.7,88,3,12,8,0,6.48,6,3,1,1,2,A,rouge,lundi,123933,23/09/2024,2.37,1,
ETU-04411,2024-2025,Lettres,23,h,GEN,passable,lycee_public,O,4.6,23.0,83.7%,33,67.5,81,3,8,8,6,10.22,6,2,3,5,4,C,vert,jeudi,452875,12 Sep 2024,15.08,0,
ETU-03610,2024-2025,droit,19,H,TECHNO,Bien,lycee_public,Non,38.4 km,4.0,95.3%,37,38.3,62,1,11,11,9,10.27,6,5,5,5,5,F,bleu,mardi,968397,17/09/2024,15.36,0,
ETU-03788,2024-2025,Psychologie,20,femme,Technologique,ab,lycee_public,N,16.9,19.0,98.9%,40,59.4,83,2,11,11,3,13.61,6,5,5,4,5,C,jaune,mercredi,846159,18/09/2024,18.52,0,"Très bon investissement, en réussite."
ETU-01138,2024-2025,Droit,20,Homme,général ,passable,lycee_public,non,14.3,25.0,"79,8",36,53.5,79,1,10,10,2,9.33,6,3,4,2,5,A,vert,vendredi,402594,27 Sep 2024,16.02,0,RAS.
ETU-02367,2024-2025,Psychologie,22,Femme,techno,AB,,Oui,3.2,0.0,77.1,43,84.7,71,7,12,10,3,"9,61",6,5,5,5,4,H,vert,mercredi,393715,18/09/2024,15.42,0,Engagement en ligne remarquable.
ETU-05092,2024-2025,Mathematiques,21,f,PRO,Bien,lycee_prive,non,8.7,28.0,63.1,3,0.3,2,4,9,4,0,4.23,6,1,1,4,,H,jaune,vendredi,236618,2024-09-06,0.36,1,Résultats fragiles aux partiels.
ETU-03477,2024-2025,informatique,20,F,Technologique,AB,lycee_prive,non,16.7,0.0,"74,8",40,66.7,55,3,10,10,3,12.74,6,5,3,1,4,A,jaune,mardi,606723,10 Sep 2024,15.04,0,
ETU-03339,2024-2025,PSYCHOLOGIE,19,H,general,tres bien,autre,Non,87.6,11.0,76.0,17,27.5,28,2,13,9,2,11.84,5,3,4,3,1,G,jaune,mercredi,766221,2024-09-25,8.97,1,
ETU-01557,2024-2025,Psychologie,18,H,Technologique,TB,lycee_prive,non,67.6,10.0,81.8,23,33.8,52,2,13,11,3,14.19,6,6,4,4,2,H,jaune,vendredi,864158,06/09/2024,18.14,0,
ETU-04812,2024-2025,STAPS,19,M,Generale,Assez Bien,cfa,Non,"3,2",0.0,64.4,19,32.5,47,2,8,6,1,9.68,6,5,3,3,1,H,rouge,jeudi,472485,19 Sep 2024,13.28,0,
ETU-03159,2024-2025,Biologie,18,M,TECHNO,Assez Bien,lycee_prive,0,0.4,,68.3,16,15.7,30,6,10,6,0,"5,33",6,1,2,1,3,B,gris,vendredi,230039,06/09/2024,2.08,1,
ETU-05200,2024-2025,GESTION,19,M,Professionnel,,cfa,oui,,26.0,81.0,23,41.7,50,4,10,10,3,4.67,6,3,3,4,4,E,vert,lundi,466046,2024-09-09,11.95,0,En difficulté sur les évaluations.
ETU-01887,2024-2025,Mathematiques,17,H,TECHNO,Assez Bien,lycee_public,Oui,,10.0,53.9,1,4.3,1,8,11,8,0,9.89,5,3,1,,2,G,jaune,mardi,376127,03 Sep 2024,4.26,1,"Absences répétées, situation préoccupante."
ETU-02110,2024-2025,Gestion,20,femme,Generale,AB,lycee_public,Non,"31,4",10.0,65.3,8,16.4,27,6,12,7,0,11.41,6,5,3,2,1,G,gris,jeudi,872827,05/09/2024,4.09,1,
ETU-00453,2024-2025,gestion,24,F,GEN,Assez Bien,lycee_public,Non,"7,3",14.0,"62,2",3,5.5,6,7,12,7,0,10.53,5,4,1,2,1,E,rouge,mercredi,480965,25/09/2024,4.13,1,Peu actif sur la plateforme.
ETU-01677,2024-2025,Droit,22,M,Technologique,B,lycee_public,O,7.3,13.0,86.2%,19,25.1,51,4,11,9,3,"9,39",5,3,5,3,4,A,bleu,jeudi,815782,26/09/2024,15.65,0,
ETU-01536,2024-2025,STAPS,18,f,Général,AB,lycee_public,oui,"8,4",8.0,"77,0",,61.5,79,4,8,5,2,13.98,6,6,5,4,4,B,jaune,jeudi,151952,26 Sep 2024,18.0,0,"Bon semestre, résultats solides."
ETU-02679,2024-2025,Biologie,18,Femme,général ,Passable,lycee_public,non,11.9,0.0,94.8,31,42.4,69,2,12,11,4,11.11,5,5,4,2,5,B,jaune,vendredi,723773,20/09/2024,15.72,0,
ETU-00163,2024-2025,psychologie,24,femme,techno,passable,autre,N,,9.0,73.2,49,74.2,136,4,9,7,1,7.0,6,1,2,4,2,H,jaune,lundi,127855,09 Sep 2024,14.62,0,
ETU-01169,2024-2025, Biologie ,19,F,GEN,P,lycee_prive,0,15.7,0.0,"67,7",18,28.5,55,0,13,9,2,,5,3,1,2,4,C,rouge,mercredi,152707,18/09/2024,11.05,0,
ETU-00729,2024-2025, Gestion ,17,femme,Général,ab,lycee_public,oui,47.2,0.0,"47,6",0,0.0,0,2,8,2,0,12.26,5,1,1,1,1,C,rouge,mardi,898426,2024-09-03,2.86,1,
ETU-01396,2024-2025,Droit,24,f,TECHNO,P,,O,"4,5",9.0,73.7,,18.8,68,0,13,11,3,"7,13",6,4,3,5,4,C,bleu,mardi,400114,10/09/2024,12.2,0,Résultats fragiles aux partiels.
ETU-02406,2024-2025,LETTRES,19,h,Generale,AB,,non,6.0 km,20.0,62.1,15,17.9,43,4,10,9,1,"14,16",7,6,2,,2,F,vert,mercredi,240089,25/09/2024,8.81,1,
ETU-01400,2024-2025,staps,18,femme,GEN,P,lycee_public,Oui,30.0 km,15.0,64.0,12,18.2,25,10,12,10,1,"18,52",6,6,4,3,1,C,gris,mardi,886723,03/09/2024,17.44,0,"Rendus souvent en retard, à relancer."
ETU-00097,2024-2025, Informatique ,18,f,général ,Passable,lycee_public,Oui,1.4 km,14.0,77.9,56,88.5,139,1,13,13,7,"12,5",6,4,4,5,4,C,rouge,mardi,912141,03/09/2024,17.11,0,
ETU-04341,2024-2025,Mathematiques,17,M,Generale,ab,lycee_public,Oui,"26,4",0.0,"97,9",32,57.3,49,0,12,11,11,16.42,6,6,5,5,3,A,gris,vendredi,557790,06 Sep 2024,19.48,0,
ETU-00527,2024-2025, STAPS ,23,M,Generale,ab,lycee_public,0,11.7,0.0,94.1,61,85.9,155,2,10,10,6,9.95,5,3,5,3,3,H,rouge,lundi,831778,23/09/2024,17.52,0,Très actif sur la plateforme.
ETU-01451,2024-2025,Mathematiques,19,F,general,P,lycee_prive,O,"11,2",0.0,72.0,47,26.7,99,3,8,5,1,16.44,6,6,5,3,5,F,gris,lundi,480445,2024-09-02,18.27,0,
ETU-02793,2024-2025,Informatique,18,F,GEN,tres bien,,Oui,1.6,0.0,64.4,19,22.1,55,5,9,5,0,12.9,5,3,2,3,1,G,rouge,vendredi,881385,2024-09-27,7.69,1,
ETU-01110,2024-2025,INFORMATIQUE,21,H,GEN,B,,non,"6,9",11.0,84.9,34,76.8,87,2,8,7,4,12.29,5,5,,,5,E,rouge,vendredi,375614,2024-09-13,16.76,0,
ETU-00137,2024-2025,informatique,20,Femme,techno,B,lycee_public,N,50.9,18.0,"78,0",16,32.5,39,3,9,5,2,12.36,7,4,3,4,1,C,bleu,vendredi,284138,2024-09-06,7.23,1,
ETU-02061,2024-2025,Biologie,17,H,GEN,P,lycee_public,Oui,26.5,,90.2,17,19.1,26,6,9,7,2,11.84,6,3,3,4,4,H,gris,vendredi,259256,06/09/2024,14.9,0,
ETU-04012,2024-2025,Lettres,20,femme,general,Assez Bien,lycee_prive,Oui,,0.0,"93,5",24,37.3,38,3,10,10,4,,6,6,4,4,3,C,bleu,vendredi,502552,20 Sep 2024,18.2,0,Travail sérieux et régulier.
ETU-01909,2024-2025,Informatique,18,f,Professionnel,Bien,lycee_public,non,2.1,17.0,87.5%,58,98.4,110,0,10,7,3,"9,16",6,3,3,,4,E,gris,mercredi,363845,18 Sep 2024,15.29,0,Engagement en ligne remarquable.
ETU-01188,2024-2025,MATHEMATIQUES,20,F,GEN,Assez Bien,lycee_public,Non,"28,8",,87.8,42,70.0,108,0,11,11,7,13.85,6,5,5,5,3,A,jaune,mercredi,459133,25 Sep 2024,17.95,0,Étudiant assidu et investi.
ETU-04620,2024-2025,INFORMATIQUE,21,Femme,GEN,B,lycee_public,Non,11.7,,90.2,45,66.4,98,2,8,7,3,"14,61",5,5,3,5,3,E,bleu,jeudi,968003,2024-09-19,19.35,0,"Très bon investissement, en réussite."
ETU-03359,2024-2025,Gestion,19,M,Generale,passable,lycee_public,Non,1.2,20.0,89.5,34,66.9,66,1,8,8,5,12.92,6,2,5,4,4,B,rouge,mardi,142907,2024-09-03,17.77,0,Travail sérieux et régulier.
ETU-01786,2024-2025,Mathematiques,22,M, pro,B,lycee_public,N,29.6,12.0,72.4%,9,14.6,30,4,9,7,2,"7,65",6,2,2,2,3,A,vert,vendredi,113794,13 Sep 2024,4.81,1,
ETU-00506,2024-2025,PSYCHOLOGIE,18,h,Generale,Passable,lycee_public,Oui,23.0,7.0,78.8,12,29.7,46,6,12,10,7,"11,61",5,5,5,4,3,G,vert,mercredi,313622,18/09/2024,14.98,0,Suivi sans particularité.
ETU-02039,2024-2025,Mathematiques,19,h,Professionnel,ab,lycee_prive,non,9.9,28.0,60.2,22,44.6,52,7,12,9,1,"10,16",6,2,2,4,1,G,rouge,jeudi,622583,2024-09-05,5.3,1,Semble peu engagé dans la formation.
ETU-01307,2024-2025,gestion,17,F,GEN,passable,lycee_prive,N,37.4,8.0,95.6,37,59.4,86,3,10,10,6,11.11,6,3,4,2,5,H,jaune,mercredi,704214,2024-09-11,16.98,0,Profil dans la moyenne.
ETU-02541,2024-2025,Gestion,21,Femme,général ,AB,lycee_public,Oui,28.7,0.0,"75,4",41,40.4,88,4,8,6,1,12.54,6,4,,3,3,B,rouge,jeudi,776903,05/09/2024,16.86,0,
ETU-00294,2024-2025,staps,19,H,général ,ab,lycee_public,O,1.6,22.0,71.3,16,18.4,50,4,11,8,1,"5,07",6,1,1,3,5,B,vert,mardi,916588,03 Sep 2024,3.59,1,Résultats fragiles aux partiels.
ETU-03911,2024-2025, Mathematiques ,23,f,techno,B,lycee_public,Oui,9.6,7.0,68.0,3,5.9,17,6,11,6,0,"5,91",6,2,1,2,2,C,bleu,mardi,396225,24/09/2024,1.29,1,En difficulté sur les évaluations.
ETU-04303,2024-2025, Droit ,18,femme,Generale,P,lycee_public,Oui,11.9 km,9.0,99.5%,34,67.3,53,0,10,10,8,17.08,7,6,5,,4,A,vert,mardi,752047,17 Sep 2024,19.62,0,"Très bon investissement, en réussite."
ETU-00807,2024-2025,Biologie,19,H,PRO,passable,lycee_public,O,14.5,9.0,69.1,14,29.3,30,6,12,10,0,9.98,6,5,3,,2,C,rouge,vendredi,930817,06 Sep 2024,6.84,1,
ETU-02289,2024-2025,Psychologie,22,femme,general,passable,lycee_public,N,20.7,6.0,68.4,14,18.0,25,8,13,8,0,12.24,6,4,2,1,1,D,gris,mercredi,466685,11/09/2024,4.26,1,
ETU-01982,2024-2025,mathematiques,18,F,TECHNO,AB,cfa,N,"33,5",,94.2,46,74.6,94,3,10,8,3,12.73,6,5,3,2,3,B,jaune,vendredi,103019,13/09/2024,17.46,0,Engagement en ligne remarquable.
ETU-00714,2024-2025,Informatique,19,f,TECHNO,Assez Bien,lycee_public,oui,6.8,8.0,78.7,20,28.8,62,4,12,9,2,10.83,6,5,2,2,2,E,gris,mercredi,183418,2024-09-04,14.72,0,
ETU-02865,2024-2025,Gestion,17,Homme, pro,Passable,,N,19.6,,95.5,55,61.0,89,1,10,10,7,12.55,7,6,3,4,4,G,jaune,jeudi,987748,2024-09-12,17.17,0,Très actif sur la plateforme.
ETU-01916,2024-2025,gestion,19,M,Technologique,B,lycee_public,Non,0.6,27.0,70.3,14,19.3,30,2,8,7,1,8.64,6,2,2,5,2,F,bleu,mardi,645961,24/09/2024,7.56,1,
ETU-02128,2024-2025,Informatique,18,femme,GEN,P,lycee_prive,oui,"7,1",0.0,72.3,34,33.1,85,6,8,6,1,9.63,6,3,3,2,3,E,vert,mardi,318413,10 Sep 2024,11.27,0,
ETU-04979,2024-2025,STAPS,22,femme,Professionnel,ab,lycee_public,0,"10,2",0.0,73.4%,27,23.2,64,0,8,8,4,11.88,6,5,4,3,2,F,gris,mardi,440246,2024-09-10,16.24,0,Profil dans la moyenne.
ETU-01936,2024-2025,Gestion,23,h,techno,passable,lycee_public,oui,"5,8",19.0,"83,6",21,43.5,51,4,9,9,3,10.48,7,2,3,3,3,C,gris,vendredi,362572,06/09/2024,14.72,0,Profil dans la moyenne.
ETU-00401,2024-2025,Informatique,19,h,GEN,B,cfa,O,,0.0,"76,9",18,20.2,45,2,13,11,4,10.21,7,6,3,4,3,H,jaune,vendredi,779726,2024-09-20,14.94,0,Profil dans la moyenne.
ETU-03570,2024-2025,PSYCHOLOGIE,21,Femme,GEN,passable,lycee_prive,oui,7.7,,77.6,30,54.9,44,4,12,10,0,10.79,6,2,3,3,2,H,rouge,mercredi,276409,04 Sep 2024,15.69,0,Profil dans la moyenne.
ETU-03538,2024-2025,Biologie,19,h,techno,ab,lycee_public,Non,"16,7",0.0,54.7,21,41.6,38,6,13,10,2,15.98,6,6,4,3,2,E,rouge,mercredi,770332,11 Sep 2024,15.76,0,
ETU-00158,2024-2025,LETTRES,22,f,techno,P,lycee_prive,0,39.0,22.0,90.7,14,5.9,27,1,12,11,4,"14,27",6,5,5,5,3,F,rouge,jeudi,397835,2024-09-12,16.57,0,Travail sérieux et régulier.
ETU-03727,2024-2025,INFORMATIQUE,20,M,GEN,passable,lycee_public,O,7.8,0.0,77.5,21,19.4,29,3,8,7,3,"7,8",5,2,3,4,1,E,vert,mercredi,226529,25 Sep 2024,6.67,1,
ETU-04588,2024-2025,Biologie,23,H,PRO,ab,lycee_prive,Oui,13.3,0.0,78.0,53,97.7,90,3,10,10,4,6.68,6,3,,3,3,E,bleu,mardi,664928,03/09/2024,14.31,0,
ETU-03892,2024-2025, Droit ,18,NB,techno,B,lycee_public,0,1.8,,96.9,45,80.0,108,1,13,13,7,14.56,6,2,,4,4,B,rouge,mardi,481614,03/09/2024,18.16,0,Étudiant assidu et investi.
ETU-05106,2024-2025,Lettres,18,Femme,TECHNO,passable,lycee_public,Non,7.1,10.0,92.7,36,59.8,95,3,8,7,7,11.52,7,3,5,3,3,H,bleu,mardi,794242,17 Sep 2024,17.88,0,Suivi sans particularité.
ETU-04388,2024-2025,Informatique,21,h,general,passable,lycee_prive,N,6.5,0.0,91.2,62,93.6,110,4,12,11,6,"8,5",6,1,2,3,,F,bleu,lundi,918013,09/09/2024,15.79,0,"Motivation en berne, à accompagner."
ETU-04069,2024-2025,Informatique,19,Femme,PRO,passable,lycee_public,0,7.5,5.0,78.6,16,28.2,39,3,8,6,1,11.71,7,7,2,2,1,D,vert,jeudi,310041,26/09/2024,14.21,0,
ETU-01735,2024-2025,LETTRES,18,f,TECHNO,passable,lycee_public,Oui,7.1,5.0,70.3%,12,20.0,22,3,8,7,0,10.01,7,6,2,,2,A,vert,mardi,189866,10 Sep 2024,6.76,1,Semble peu engagé dans la formation.
ETU-04498,2024-2025,Biologie,20,Femme,Technologique,P,lycee_public,0,6.2,12.0,87.3,43,69.5,102,0,11,10,7,13.44,5,5,4,5,3,F,vert,jeudi,752724,12/09/2024,19.23,0,Étudiant assidu et investi.
ETU-03378,2024-2025,Gestion,19,femme,Technologique,Assez Bien,lycee_public,non,5.2 km,18.0,87.8,24,46.8,68,2,12,9,1,10.25,6,5,,3,3,A,vert,vendredi,119819,20 Sep 2024,14.75,0,Semble peu engagé dans la formation.
ETU-01411,2024-2025,GESTION,19,h,techno,TB,,0,14.6,0.0,"67,2",16,27.0,28,6,11,9,1,16.8,6,6,3,3,,H,gris,vendredi,401880,2024-09-20,17.39,0,
ETU-04276,2024-2025,staps,19,f,GEN,B,lycee_public,non,"9,1",0.0,70.6,14,11.3,52,6,12,6,0,9.87,6,2,3,3,2,A,jaune,mercredi,928960,11 Sep 2024,5.24,1,
ETU-00922,2024-2025,Gestion,18,H,techno,AB,lycee_prive,non,1.0 km,15.0,71.0%,7,7.4,25,3,10,8,1,9.46,5,4,3,2,3,A,rouge,mercredi,647528,2024-09-11,13.52,0,
ETU-00079,2024-2025,STAPS,21,Femme,techno,Très Bien,lycee_public,O,43.1,14.0,60.4,12,27.9,41,4,11,6,2,,5,3,2,3,,C,bleu,mardi,787900,2024-09-03,5.5,1,"Motivation en berne, à accompagner."
ETU-03783,2024-2025,Gestion,18,f, pro,Assez Bien,lycee_public,0,2.4,14.0,60.5,16,15.7,42,6,13,10,0,9.09,6,4,4,2,1,D,jaune,jeudi,151734,2024-09-05,3.8,1,
ETU-04241,2024-2025, Droit ,20,Homme,TECHNO,Assez Bien,lycee_public,non,20.2 km,0.0,74.7,29,59.5,58,3,9,8,2,11.68,5,2,4,4,2,D,vert,mercredi,622439,04/09/2024,16.67,0,
ETU-03507,2024-2025, Biologie ,19,H,Technologique,B,lycee_public,Non,1.9,3.0,75.3%,18,28.9,45,4,11,11,5,18.88,5,5,3,5,2,G,bleu,vendredi,265307,2024-09-27,18.82,0,
ETU-02785,2024-2025,Lettres,20,H,général ,Très Bien,lycee_public,1,"51,0",0.0,77.4%,35,28.1,90,1,8,7,2,"13,18",6,4,3,3,2,D,jaune,vendredi,407416,2024-09-13,17.49,0,"Bon semestre, résultats solides."
ETU-04791,2024-2025,GESTION,17,F,Generale,passable,lycee_prive,non,"23,0",22.0,93.8,30,42.3,68,2,12,9,3,13.7,6,6,5,5,,G,jaune,vendredi,701131,2024-09-20,18.79,0,Travail sérieux et régulier.
ETU-03716,2024-2025,Psychologie,18,F,Generale,P,lycee_public,non,,28.0,58.2,27,39.4,56,6,8,6,3,"10,02",6,2,1,1,1,E,jaune,jeudi,164142,05 Sep 2024,7.66,1,"Motivation en berne, à accompagner."
ETU-03782,2024-2025,LETTRES,18,F,GEN,AB,lycee_public,0,21.2,,"97,5",38,77.5,77,0,8,8,7,9.91,5,3,5,3,5,E,jaune,jeudi,237035,19 Sep 2024,16.6,0,
ETU-02533,2024-2025,GESTION,20,F,GEN,ab,lycee_prive,Oui,14.1,0.0,64.8,27,26.2,56,5,13,7,3,8.31,6,5,3,5,3,D,gris,mercredi,637007,25/09/2024,3.49,1,Profil dans la moyenne.
ETU-03768,2024-2025,droit,21,Femme,Général,Passable,lycee_public,Non,14.9,,84.9,26,32.8,64,8,12,8,4,"11,87",6,2,4,3,3,E,bleu,vendredi,824147,06/09/2024,7.57,1,
ETU-03897,2024-2025,Mathematiques,17,f,général ,Assez Bien,cfa,0,33.2,0.0,77.8,52,94.3,101,4,10,8,5,"9,67",7,6,5,4,3,D,gris,mercredi,613850,04/09/2024,16.43,0,Engagement en ligne remarquable.
ETU-04914,2024-2025,lettres,19,F,pro,Passable,lycee_public,Non,34.9,8.0,80.7,37,43.7,99,4,9,9,6,"12,72",5,4,5,4,4,E,jaune,jeudi,536864,26/09/2024,17.04,0,
ETU-03597,2024-2025, Informatique ,19,M,GEN,Assez Bien,cfa,Non,9.1,19.0,"72,4",40,43.5,61,5,9,8,7,"13,59",6,4,3,4,3,D,bleu,lundi,958323,2024-09-02,16.4,0,RAS.
ETU-00712,2024-2025,Gestion,21,H,général ,AB,cfa,N,13.5,13.0,"78,2",36,40.2,60,2,10,8,2,,6,3,4,5,2,H,jaune,mardi,283287,2024-09-17,17.63,0,"Bon semestre, résultats solides."
ETU-03941,2024-2025,Gestion,20,h,techno,passable,lycee_prive,1,"31,3",12.0,56.9%,8,15.0,21,3,12,7,0,7.78,6,1,1,3,1,G,jaune,jeudi,142728,05/09/2024,2.97,1,
ETU-02169,2024-2025,informatique,18,f,Général,passable,lycee_public,Non,8.9,15.0,91.9,44,64.0,118,1,10,9,3,16.29,6,6,5,3,3,G,jaune,jeudi,203520,2024-09-26,18.35,0,
ETU-00134,2024-2025,Gestion,19,f,général ,ab,lycee_public,O,30.8,,75.5,11,9.8,20,5,10,5,1,13.43,6,5,3,,,E,vert,jeudi,421392,12/09/2024,5.94,1,Peu actif sur la plateforme.
ETU-03191,2024-2025,Informatique,18,h,général ,Passable,lycee_prive,Oui,23.4,0.0,61.4,17,8.6,26,5,11,8,0,"11,08",6,4,1,3,2,H,bleu,jeudi,721909,12/09/2024,6.66,1,"Motivation en berne, à accompagner."
ETU-04911,2024-2025,BIOLOGIE,18,f,GEN,ab,lycee_public,oui,6.7,0.0,82.9,,32.7,54,3,10,10,4,8.22,7,5,5,4,4,H,jaune,jeudi,676688,12 Sep 2024,12.61,0,Suivi sans particularité.
ETU-02695,2024-2025,Lettres,23,h,GEN,passable,lycee_public,Oui,"25,5",0.0,58.1%,14,29.3,32,4,10,7,1,7.87,6,1,2,2,,H,gris,jeudi,920486,26/09/2024,10.49,0,En difficulté sur les évaluations.
ETU-00900,2024-2025,Biologie,19,femme,general,Passable,lycee_public,Non,11.3,19.0,66.8%,25,41.3,54,5,11,8,1,9.14,5,3,3,5,2,A,bleu,mercredi,614294,04 Sep 2024,12.05,0,
ETU-02203,2024-2025,Gestion,20,h,techno,Bien,lycee_public,Non,4.2,,92.2,28,27.1,63,0,12,12,8,12.44,5,2,4,4,5,F,rouge,mardi,912940,17 Sep 2024,17.76,0,
ETU-01030,2024-2025,Gestion,22,F,Technologique,AB,lycee_public,Non,7.5,6.0,"99,2",31,37.7,69,2,9,9,3,"12,8",6,6,2,4,4,H,rouge,jeudi,264874,26/09/2024,16.2,0,
ETU-03753,2024-2025, Biologie ,19,M,general,Assez Bien,lycee_prive,oui,"7,8",8.0,"86,0",20,39.1,47,7,8,7,1,14.95,6,6,4,4,4,A,gris,vendredi,190247,2024-09-06,17.64,0,Travail sérieux et régulier.
ETU-01340,2024-2025,Gestion,19,f,general,B,lycee_public,O,"26,1",9.0,65.3%,19,31.7,32,5,10,7,1,15.65,6,5,3,2,2,C,rouge,mardi,233591,24/09/2024,9.72,1,
ETU-00116,2024-2025,PSYCHOLOGIE,18,Femme,Technologique,AB,lycee_public,Non,1.6,11.0,"74,3",26,48.0,68,5,9,7,2,"10,88",5,3,2,4,5,B,gris,jeudi,712437,2024-09-19,6.32,1,"Motivation en berne, à accompagner."
ETU-04693,2024-2025,Lettres,20,M,TECHNO,Bien,lycee_public,Oui,26.4,,81.0,44,82.3,111,2,10,10,5,10.04,6,2,3,4,4,D,jaune,mardi,649175,24 Sep 2024,15.96,0,Très actif sur la plateforme.
ETU-02024,2024-2025,STAPS,19,femme,général ,AB,lycee_public,0,19.3,0.0,80.0,,96.0,62,4,9,9,6,13.58,5,4,5,4,5,G,rouge,vendredi,360095,2024-09-06,18.26,0,Travail sérieux et régulier.
ETU-04037,2024-2025,Gestion,25,F,PRO,AB,cfa,0,36.2,0.0,71.6%,43,59.5,107,1,13,12,3,7.19,6,3,2,2,2,C,jaune,lundi,587543,2024-09-09,13.93,0,Résultats fragiles aux partiels.
ETU-03959,2024-2025,Lettres,18,F,GEN,P,cfa,O,2.0,0.0,54.4%,19,36.8,46,6,11,8,0,"5,44",6,3,1,1,3,C,vert,lundi,558574,2024-09-09,2.98,1,"Absences répétées, situation préoccupante."
ETU-01358,2024-2025,Informatique,18,H,Generale,AB,lycee_prive,non,13.7,0.0,76.1,29,58.8,62,3,10,9,6,"15,04",6,4,5,4,4,G,bleu,jeudi,211397,2024-09-26,18.75,0,Travail sérieux et régulier.
ETU-00209,2024-2025,droit,20,femme,Professionnel,Très Bien,lycee_public,non,,8.0,80.8,32,56.7,67,3,10,9,1,,7,5,2,3,3,B,jaune,mardi,799811,24/09/2024,15.36,0,
ETU-02767,2024-2025,Lettres,19,femme,Général,Bien,lycee_public,O,12.0,,95.4,53,62.4,147,1,10,9,5,"15,72",6,6,5,3,4,D,rouge,jeudi,203159,05 Sep 2024,18.74,0,
ETU-02634,2024-2025, Droit ,20,Femme,PRO,P,lycee_public,Non,58.0,23.0,46.5,0,0.0,0,4,8,4,0,5.09,5,2,2,2,1,E,vert,vendredi,362260,2024-09-13,0.96,1,Forte baisse d'assiduité ce semestre.
ETU-01033,2024-2025,droit,18,h,Professionnel,AB,lycee_public,0,32.7,6.0,78.8%,25,32.2,42,3,8,8,6,"10,36",6,1,3,2,,C,jaune,jeudi,186900,26 Sep 2024,14.61,0,
ETU-00469,2024-2025,Biologie,22,F,Général,Bien,lycee_public,N,17.3,0.0,83.4%,29,35.8,74,2,12,11,4,11.75,6,6,3,4,2,G,vert,jeudi,576287,12/09/2024,15.27,0,
ETU-03335,2024-2025,Biologie,20,F,Technologique,passable,lycee_public,Non,4.9 km,0.0,75.6%,29,55.3,81,5,10,7,0,13.7,6,2,4,5,3,E,jaune,lundi,488386,23/09/2024,15.82,0,
ETU-00540,2024-2025, Psychologie ,18,M,general,Très Bien,,non,"15,2",19.0,93.2,42,79.9,126,1,9,7,9,12.67,6,3,4,4,3,C,bleu,mardi,711880,10 Sep 2024,16.04,0,
ETU-00836,2024-2025, Droit ,18,h,Technologique,Bien,lycee_public,0,11.7,0.0,59.2%,15,18.7,34,5,9,5,0,"8,22",5,2,3,3,5,G,gris,vendredi,286797,20/09/2024,4.17,1,
ETU-02577,2024-2025, Lettres ,18,Homme,général ,,lycee_public,N,0.9,12.0,95.7,44,75.2,136,1,12,12,10,13.08,5,4,5,5,3,H,vert,mercredi,146942,04/09/2024,18.45,0,Étudiant assidu et investi.
ETU-01941,2024-2025,Gestion,19,femme,TECHNO,passable,lycee_prive,0,"11,3",4.0,62.2,27,31.2,64,8,10,8,1,4.52,6,1,3,3,2,A,bleu,jeudi,992830,2024-09-05,10.57,0,En difficulté sur les évaluations.
ETU-04336,2024-2025,GESTION,18,F,général ,B,lycee_prive,Non,0.5 km,,"68,0",39,84.1,90,0,12,11,3,13.23,6,5,5,2,4,G,vert,vendredi,891442,2024-09-20,16.1,0,
ETU-01578,2024-2025,Gestion,22,h,general,ab,lycee_public,0,2.8,17.0,90.4,45,55.2,79,2,10,10,2,16.39,5,3,5,5,3,H,gris,vendredi,147287,20 Sep 2024,19.03,0,
ETU-00689,2024-2025,STAPS,18,Homme,Général,Très Bien,lycee_public,non,20.0,7.0,59.5,5,8.8,26,6,12,6,1,"11,61",6,5,3,,3,A,vert,jeudi,990764,12 Sep 2024,4.78,1,Engagement en ligne très faible.
ETU-04338,2024-2025,informatique,18,f,général ,Passable,autre,Oui,"33,1",0.0,"83,8",17,20.5,44,3,9,8,3,"11,45",7,6,2,4,3,B,rouge,vendredi,960748,2024-09-06,13.81,0,"Motivation en berne, à accompagner."
ETU-02468,2024-2025,PSYCHOLOGIE,23,f,GEN,P,lycee_public,oui,6.3,19.0,79.9,36,56.8,106,3,8,7,5,9.39,5,4,3,3,4,H,bleu,jeudi,491706,2024-09-05,14.82,0,RAS.
ETU-00264,2024-2025,INFORMATIQUE,18,Femme,GEN,P,lycee_public,0,11.7,,"82,3",31,60.1,44,2,9,8,3,12.22,6,2,4,3,2,A,vert,mardi,783542,2024-09-17,16.65,0,Travail sérieux et régulier.
ETU-01939,2024-2025,Droit,18,femme,Général,Bien,lycee_public,N,11.9,23.0,49.4,1,0.3,3,7,11,7,0,9.71,6,2,1,2,,G,rouge,jeudi,352006,12/09/2024,2.67,1,"Absences répétées, situation préoccupante."
ETU-03749,2024-2025,Informatique,18,M,Professionnel,passable,lycee_public,O,7.7 km,3.0,78.7,54,93.5,125,2,12,12,4,10.33,6,1,4,5,3,D,vert,mardi,896175,24/09/2024,14.83,0,
ETU-02968,2024-2025,LETTRES,18,F,TECHNO,Assez Bien,lycee_public,N,6.1,0.0,96.9,37,63.6,55,1,11,11,6,10.89,6,2,5,5,4,D,vert,mardi,332401,24/09/2024,17.99,0,
ETU-01962,2024-2025,staps,18,M,GEN,P,lycee_public,non,4.0,13.0,"72,9",20,22.5,55,1,8,6,2,"9,24",6,4,3,2,3,C,jaune,mardi,663734,17/09/2024,5.37,1,
ETU-05074,2024-2025,Psychologie,19,H,Technologique,AB,autre,N,"0,5",15.0,91.3,31,45.8,45,3,13,10,6,11.25,7,7,2,3,,D,rouge,mardi,433204,10 Sep 2024,17.15,0,
ETU-02479,2024-2025,Psychologie,21,femme,GEN,Passable,,Oui,8.8,17.0,84.3%,31,53.3,68,2,12,10,5,"11,1",7,5,3,2,3,B,rouge,jeudi,975435,05 Sep 2024,16.58,0,
ETU-04274,2024-2025,Psychologie,24,H,Technologique,ab,lycee_public,N,0.9 km,25.0,83.1,18,39.6,35,4,11,9,7,14.33,6,6,5,4,,B,vert,lundi,751674,2024-09-23,17.63,0,
ETU-00937,2024-2025,Informatique,18,F,général ,tres bien,lycee_public,Oui,"5,0",0.0,"93,2",20,37.2,33,3,10,8,4,"13,34",6,5,3,3,3,E,bleu,mercredi,549168,11 Sep 2024,16.59,0,Travail sérieux et régulier.
ETU-00307,2024-2025,Informatique,19,F,GEN,B,autre,N,"7,6",17.0,56.0,4,7.7,15,6,11,6,0,10.38,7,3,2,1,3,B,vert,mercredi,546296,2024-09-25,4.78,1,Peu actif sur la plateforme.
ETU-03241,2024-2025,psychologie,22,F,techno,tres bien,lycee_prive,non,20.2,8.0,"80,5",33,51.6,93,2,8,7,6,11.02,6,6,3,3,2,C,jaune,vendredi,283874,2024-09-20,14.93,0,RAS.
ETU-01226,2024-2025,Biologie,21,M,TECHNO,,lycee_public,O,"30,2",11.0,"71,7",16,10.6,37,3,11,9,1,13.58,6,5,3,3,3,A,jaune,lundi,232764,09 Sep 2024,9.43,1,
ETU-00083,2024-2025,Mathematiques,19,f,pro,P,lycee_prive,Oui,10.9,,98.2,35,69.3,100,1,10,9,9,"9,85",6,2,5,4,2,B,vert,mardi,322831,2024-09-17,16.77,0,RAS.
ETU-00349,2024-2025,STAPS,18,Femme,general,Passable,lycee_public,non,25.1,0.0,64.1,29,47.0,86,3,12,10,0,9.34,7,6,4,3,4,G,gris,mercredi,131212,11 Sep 2024,15.11,0,
ETU-02207,2024-2025,staps,18,Femme,GEN,,autre,O,"14,2",0.0,95.0,45,74.3,97,2,10,9,3,12.16,7,4,3,5,5,G,vert,jeudi,997494,2024-09-26,17.89,0,
ETU-04182,2024-2025, Droit ,20,h,general,ab,lycee_public,O,13.4,13.0,69.7%,24,25.7,74,5,11,10,4,"11,24",5,3,3,3,,H,rouge,mercredi,562242,18 Sep 2024,7.17,1,Profil dans la moyenne.
ETU-04250,2024-2025,Informatique,23,F,Technologique,passable,lycee_public,Non,"11,8",0.0,61.6,10,15.6,25,3,13,7,0,"7,51",7,3,1,1,2,F,vert,lundi,791729,2024-09-09,1.89,1,
ETU-03715,2024-2025,informatique,18,femme,général ,passable,lycee_public,non,4.3,13.0,"83,4",47,74.1,82,6,10,8,2,15.3,5,4,3,3,2,E,jaune,vendredi,809470,20/09/2024,18.8,0,Engagement en ligne remarquable.
ETU-02174,2024-2025,Droit,18,M,Technologique,Bien,lycee_public,0,38.8,0.0,63.5,20,31.0,34,6,13,11,2,"4,91",6,2,2,1,3,H,gris,lundi,382650,16/09/2024,1.68,1,Résultats fragiles aux partiels.
ETU-04619,2024-2025,biologie,26,H,Generale,passable,,N,18.2,11.0,62.9,32,81.8,56,3,12,9,1,14.73,6,3,,4,3,E,jaune,jeudi,496825,19 Sep 2024,17.03,0,Profil dans la moyenne.
ETU-03671,2024-2025,droit,21,h,TECHNO,ab,,O,"2,8",16.0,69.6%,57,103.9,131,2,9,9,1,11.19,5,4,3,5,5,D,gris,vendredi,660674,27/09/2024,17.66,0,
ETU-01750,2024-2025,MATHEMATIQUES,22,h,TECHNO,AB,lycee_prive,N,"2,2",0.0,79.9%,18,31.5,43,6,9,9,5,7.49,7,4,4,5,3,E,gris,mercredi,275362,18 Sep 2024,6.89,1,En difficulté sur les évaluations.
ETU-03613,2024-2025,BIOLOGIE,18,Femme,pro,TB,lycee_public,0,25.9,15.0,86.4,17,22.4,40,4,8,7,4,"9,69",7,5,3,5,1,F,jaune,mardi,419473,2024-09-03,12.79,0,
ETU-04920,2024-2025,Lettres,22,F,PRO,,lycee_prive,Oui,5.0,26.0,81.2,29,66.0,71,2,13,10,3,13.34,7,5,5,4,2,C,bleu,mercredi,699711,04/09/2024,16.83,0,
ETU-03376,2024-2025, Droit ,18,f,général ,Passable,lycee_public,Oui,7.6 km,6.0,73.4,37,56.7,73,5,8,5,1,13.13,6,6,2,4,2,G,rouge,mardi,325303,2024-09-24,17.13,0,
ETU-03190,2024-2025,PSYCHOLOGIE,17,femme,TECHNO,B,lycee_public,non,16.0,0.0,"99,1",52,76.1,79,0,9,9,6,"16,54",6,5,5,5,4,F,rouge,mardi,168146,17/09/2024,19.62,0,"Très bon investissement, en réussite."
ETU-04716,2024-2025,lettres,23,femme,general,Bien,lycee_public,N,,0.0,87.7,39,64.2,99,1,11,11,4,16.46,5,5,4,,5,H,vert,lundi,118188,02 Sep 2024,19.47,0,"Très bon investissement, en réussite."
ETU-01008,2024-2025,Biologie,19,femme,général ,AB,lycee_prive,1,12.0,24.0,62.4,32,68.0,38,4,11,10,6,13.91,6,4,4,5,4,C,vert,vendredi,176544,20 Sep 2024,16.34,0,RAS.
ETU-00711,2024-2025,biologie,19,h,general,ab,lycee_public,N,1.2,9.0,"75,4",27,32.1,78,4,9,6,3,12.91,6,2,3,,4,H,bleu,jeudi,906115,05 Sep 2024,14.11,0,
ETU-02997,2024-2025,INFORMATIQUE,18,Femme,techno,Bien,lycee_public,1,6.7,0.0,"94,3",34,41.8,74,3,13,11,5,10.82,6,6,3,3,4,D,jaune,mercredi,440937,18/09/2024,15.64,0,Suivi sans particularité.
ETU-00739,2024-2025,mathematiques,18,femme,général ,passable,lycee_prive,Non,,28.0,96.3,38,57.2,89,3,12,11,5,14.68,6,6,5,3,,D,jaune,lundi,372056,09 Sep 2024,18.19,0,Étudiant assidu et investi.
ETU-02402,2024-2025,psychologie,22,f,Technologique,Passable,lycee_public,1,"17,3",,81.4,4,7.0,6,1,11,8,2,9.94,5,2,4,3,3,D,gris,lundi,534560,23/09/2024,7.01,1,
ETU-05063,2024-2025, Droit ,18,Homme,GEN,Passable,lycee_public,1,"1,2",20.0,89.7,24,16.3,54,3,11,8,2,"10,12",5,5,5,3,3,F,rouge,lundi,361602,2024-09-09,14.97,0,Profil dans la moyenne.
ETU-00524,2024-2025,Lettres,19,F,GEN,P,lycee_public,1,"6,0",,85.8,34,59.1,80,1,11,10,7,9.88,6,2,2,4,4,H,rouge,mardi,310454,2024-09-17,14.92,0,
ETU-03215,2024-2025, Mathematiques ,22,Femme,Technologique,Très Bien,lycee_public,oui,5.1,0.0,77.8,13,17.1,13,5,10,6,2,7.62,6,3,3,3,4,F,jaune,jeudi,196240,2024-09-26,5.28,1,En difficulté sur les évaluations.
ETU-05003,2024-2025,Gestion,18,f,techno,passable,lycee_public,non,6.7,0.0,80.9,15,21.9,33,7,13,7,0,"2,44",5,1,,4,2,A,gris,mercredi,360306,25 Sep 2024,1.28,1,
ETU-05179,2024-2025,Mathematiques,17,h,TECHNO,Bien,lycee_public,N,22.6,,85.4%,34,13.8,93,3,9,8,5,"15,31",6,6,4,3,3,D,vert,mardi,314737,2024-09-03,17.39,0,"Très bon investissement, en réussite."
ETU-01723,2024-2025, Gestion ,18,f,techno,Passable,lycee_prive,N,30.6,10.0,73.3%,33,65.3,75,2,8,7,2,8.76,7,1,5,3,2,G,jaune,jeudi,294118,05/09/2024,14.52,0,Profil dans la moyenne.
ETU-04382,2024-2025,Psychologie,20,M,Technologique,ab,lycee_public,1,9.5,0.0,88.7,53,73.8,91,1,8,7,6,14.36,5,4,5,4,3,D,vert,mardi,406225,03 Sep 2024,18.39,0,
ETU-02786,2024-2025,Droit,20,F,général ,AB,lycee_prive,O,10.5,13.0,76.9,34,29.5,93,7,9,9,6,,7,5,5,2,4,D,vert,jeudi,571570,26 Sep 2024,15.47,0,
ETU-03140,2024-2025,Biologie,24,M,techno,B,lycee_public,Oui,"6,3",0.0,69.7,32,45.4,64,6,10,6,1,"7,19",6,2,4,2,3,B,bleu,mardi,277649,24 Sep 2024,3.48,1,
ETU-00779,2024-2025,Gestion,20,h,Technologique,Bien,lycee_public,non,2.2,0.0,"82,2",35,41.2,82,2,12,12,12,10.67,7,7,5,2,2,D,jaune,vendredi,239669,20/09/2024,17.5,0,Profil dans la moyenne.
ETU-02532,2024-2025, Informatique ,21,femme,GEN,AB,lycee_public,Non,"3,6",11.0,78.2,45,72.4,95,2,10,9,5,12.88,6,4,2,2,3,C,bleu,vendredi,987112,27 Sep 2024,17.38,0,
ETU-03012,2024-2025,Informatique,19,Homme,TECHNO,passable,lycee_public,oui,,8.0,86.4,20,21.8,27,2,10,9,3,12.29,7,4,4,5,4,E,gris,mardi,774686,17/09/2024,16.32,0,"Bon semestre, résultats solides."
ETU-04472,2024-2025,Psychologie,18,F,general,ab,lycee_public,non,5.9,10.0,70.0,29,56.3,51,5,8,7,4,8.38,7,4,2,3,3,D,vert,mercredi,132675,11/09/2024,12.96,0,
ETU-04938,2024-2025,Psychologie,17,F,TECHNO,Assez Bien,lycee_public,Oui,6.7,23.0,73.5,50,60.8,91,3,13,13,8,8.78,6,5,4,,4,E,gris,lundi,373836,16/09/2024,16.05,0,
ETU-04395,2024-2025,Lettres,17,f,général ,passable,autre,Non,5.8 km,19.0,72.1%,,33.7,35,7,11,10,4,,6,5,2,4,4,D,gris,jeudi,209670,19/09/2024,6.23,1,"Motivation en berne, à accompagner."
ETU-04923,2024-2025,STAPS,20,f,GEN,Bien,lycee_public,Oui,"7,4",9.0,92.2,26,39.8,52,3,13,12,3,14.01,6,4,4,,3,C,jaune,jeudi,753408,12 Sep 2024,17.32,0,"Bon semestre, résultats solides."
ETU-01273,2024-2025,gestion,19,F,general,Bien,lycee_public,N,9.3,28.0,84.6,22,34.9,43,4,8,7,5,11.7,6,6,5,4,5,C,vert,lundi,455328,02/09/2024,15.24,0,
ETU-03336,2024-2025,Gestion,19,Femme,general,Assez Bien,lycee_public,O,30.0 km,0.0,72.1,11,16.3,22,2,13,10,0,6.5,6,4,3,4,1,E,bleu,vendredi,464537,2024-09-06,11.65,0,En difficulté sur les évaluations.
ETU-02994,2024-2025,Biologie,25,femme,general,Passable,lycee_public,Non,5.3,10.0,80.9,38,44.5,109,5,8,5,4,10.11,5,4,2,4,2,F,jaune,mercredi,530352,2024-09-18,14.54,0,"Motivation en berne, à accompagner."
ETU-04093,2024-2025,Informatique,18,M,TECHNO,P,lycee_public,Non,16.3,0.0,79.2%,3,11.5,4,6,9,6,2,6.84,5,3,2,3,2,E,rouge,mardi,839284,03 Sep 2024,3.96,1,
ETU-03546,2024-2025,Informatique,18,femme,Technologique,Passable,lycee_public,Non,16.2,,99.1,56,88.2,139,6,10,10,4,12.32,6,4,4,5,5,E,gris,vendredi,929457,06/09/2024,16.24,0,Très actif sur la plateforme.
ETU-04402,2024-2025, Informatique ,18,Femme,GEN,passable,lycee_public,N,"1,4",18.0,76.5,32,71.1,61,4,12,9,5,12.7,6,6,,5,4,E,jaune,lundi,830790,23/09/2024,16.87,0,"Bon semestre, résultats solides."
ETU-02902,2024-2025,Informatique,17,Homme,Professionnel,ab,lycee_public,O,45.9,0.0,"71,7",23,32.7,45,4,12,11,2,6.27,6,3,3,3,5,C,gris,lundi,757032,02 Sep 2024,11.63,0,
ETU-00044,2024-2025,Droit,20,M,Général,Assez Bien,lycee_public,Non,31.9,24.0,83.5,54,96.8,128,2,13,13,4,,5,2,4,4,2,A,jaune,jeudi,971690,2024-09-05,5.31,1,
ETU-02170,2024-2025, Gestion ,18,h,Generale,P,lycee_public,0,"8,7",23.0,70.6,13,3.6,40,4,10,6,0,12.9,5,3,2,3,3,C,bleu,mardi,116191,10/09/2024,8.55,1,
ETU-02021,2024-2025,gestion,20,F,Technologique,,lycee_public,0,12.5,0.0,99.8,34,44.8,63,1,12,12,8,10.17,7,4,5,5,2,A,jaune,lundi,888456,16 Sep 2024,15.68,0,Profil dans la moyenne.
ETU-01570,2024-2025,Droit,18,femme,Generale,P,lycee_public,O,15.2,0.0,84.4,33,50.6,63,7,9,8,3,11.39,6,1,3,5,2,B,vert,vendredi,269925,27/09/2024,15.62,0,Suivi sans particularité.
ETU-01068,2024-2025,Biologie,21,F,Professionnel,ab,lycee_public,O,8.6,0.0,72.3,24,54.5,56,4,9,7,4,8.16,6,1,2,3,3,B,rouge,mardi,719162,10/09/2024,12.38,0,
ETU-01580,2024-2025,Psychologie,20,f,général ,Bien,lycee_public,N,4.1,7.0,80.4,44,54.8,91,2,12,11,1,9.89,5,4,5,4,5,C,vert,mardi,561573,17/09/2024,15.98,0,Engagement en ligne remarquable.
ETU-04753,2024-2025,Informatique,21,F,Technologique,ab,lycee_public,oui,39.0,,75.1,45,72.0,85,3,12,9,3,"14,6",6,3,,4,3,D,bleu,lundi,468259,02 Sep 2024,16.07,0,Très actif sur la plateforme.
ETU-00699,2024-2025,Gestion,17,Homme,Generale,ab,lycee_public,O,34.9,24.0,59.0,16,13.2,46,6,12,10,0,"7,0",7,4,3,1,2,H,rouge,vendredi,948633,13/09/2024,3.62,1,
ETU-02672,2024-2025,STAPS,23,femme,Technologique,AB,lycee_prive,non,"7,2",6.0,77.1,27,57.1,73,1,13,11,1,12.78,6,3,5,,3,H,gris,jeudi,271549,12/09/2024,16.0,0,
ETU-04130,2024-2025,Informatique,17,femme,général ,passable,lycee_public,0,"38,9",0.0,79.1,22,44.4,55,2,10,8,2,"16,65",5,5,5,5,2,C,vert,mercredi,523575,04/09/2024,18.85,0,
ETU-04782,2024-2025,Droit,22,femme,Général,P,lycee_prive,Non,"9,4",13.0,83.8,29,30.0,77,4,8,4,1,11.71,7,5,4,5,3,B,rouge,mardi,534864,2024-09-10,16.74,0,Suivi sans particularité.
ETU-00001,2024-2025, Mathematiques ,20,F,general,P,lycee_public,oui,6.4,19.0,"64,6",38,61.7,97,2,10,10,4,12.19,6,4,3,,3,E,vert,mercredi,235621,11 Sep 2024,16.29,0,Profil dans la moyenne.
ETU-02987,2024-2025, Biologie ,20,F,general,AB,autre,O,38.6,18.0,65.8,18,28.9,16,2,9,5,0,,6,1,3,4,1,G,bleu,vendredi,350357,13 Sep 2024,4.62,1,
ETU-01160,2024-2025,Droit,18,H,TECHNO,,lycee_public,N,43.5,10.0,96.0,45,58.5,103,2,8,8,6,11.49,7,6,3,,2,A,bleu,jeudi,242487,2024-09-12,16.76,0,
ETU-01490,2024-2025,Psychologie,20,Femme,GEN,passable,lycee_public,N,55.1 km,22.0,"70,9",15,27.6,29,6,9,6,0,"6,32",5,3,1,,2,G,vert,vendredi,492853,2024-09-20,3.2,1,Résultats fragiles aux partiels.
ETU-03431,2024-2025, STAPS ,17,femme,TECHNO,Bien,lycee_public,N,0.1,14.0,76.3,23,37.2,54,6,13,9,0,"6,15",6,1,1,2,3,F,bleu,lundi,371975,02 Sep 2024,11.34,0,
ETU-01561,2024-2025,Gestion,19,h,techno,Passable,lycee_public,N,"0,3",26.0,90.7%,47,109.3,113,0,11,11,6,13.33,6,4,3,5,5,C,vert,jeudi,523292,05/09/2024,18.53,0,
ETU-03518,2024-2025,Droit,19,f,TECHNO,ab,cfa,N,0.4,0.0,70.3,10,13.9,34,3,11,7,1,6.11,7,0,2,2,5,H,gris,vendredi,318147,20/09/2024,1.91,1,Résultats fragiles aux partiels.
ETU-03586,2024-2025, Biologie ,24,Femme,PRO,P,lycee_prive,1,0.8,11.0,80.4,3,5.6,19,4,10,7,0,7.86,6,1,3,2,2,C,jaune,mardi,323703,2024-09-10,3.56,1,Résultats fragiles aux partiels.
ETU-03870,2024-2025,INFORMATIQUE,21,femme,Technologique,Assez Bien,lycee_public,1,26.0 km,,98.1,49,81.7,101,6,12,10,4,14.83,7,7,5,2,2,B,rouge,vendredi,635626,2024-09-20,18.2,0,Étudiant assidu et investi.
ETU-00023,2024-2025,Informatique,22,h,général ,Assez Bien,lycee_prive,oui,"4,9",0.0,"74,6",,20.3,25,7,12,7,1,8.89,6,5,4,1,,F,vert,mercredi,404216,25/09/2024,11.14,0,
ETU-04340,2024-2025,INFORMATIQUE,19,Femme,Generale,AB,lycee_prive,non,,0.0,77.0,41,22.6,62,7,11,7,3,18.54,6,6,4,3,1,G,vert,mardi,462970,2024-09-10,18.88,0,Engagement en ligne remarquable.
ETU-02315,2024-2025,informatique,21,F, pro,Assez Bien,lycee_public,1,20.2,0.0,62.9,26,32.1,69,3,10,8,4,13.29,6,3,3,2,2,F,vert,mardi,945067,17 Sep 2024,16.09,0,
ETU-00886,2024-2025,Informatique,20,femme,Général,Passable,lycee_public,Oui,"7,0",7.0,70.7%,24,50.3,48,3,10,8,7,10.14,7,3,3,5,2,A,vert,vendredi,998056,13 Sep 2024,15.41,0,
ETU-02518,2024-2025,Lettres,23,f,Général,Assez Bien,lycee_public,oui,0.8,8.0,61.0,48,61.6,87,4,8,6,4,"9,83",6,2,3,1,3,B,jaune,lundi,483916,2024-09-16,15.51,0,
ETU-05041,2024-2025,PSYCHOLOGIE,20,Femme,techno,TB,lycee_public,oui,3.4,0.0,86.7,22,37.3,54,2,11,10,3,12.83,6,5,4,3,4,E,rouge,mercredi,203226,04 Sep 2024,17.24,0,"Bon semestre, résultats solides."
ETU-04054,2024-2025, Mathematiques ,18,F,Général,Passable,lycee_public,Oui,1.7,,91.4,49,95.4,101,7,12,12,3,11.69,6,6,4,5,4,E,rouge,mercredi,697239,2024-09-25,18.03,0,
ETU-03175,2024-2025,Biologie,21,F,général ,ab,lycee_public,O,67.0,7.0,99.0%,33,49.8,85,3,10,10,10,"8,76",5,3,2,4,2,B,vert,mardi,583034,2024-09-17,15.52,0,
ETU-03139,2024-2025, Biologie ,21,H,GEN,B,,non,9.2,28.0,"75,6",23,44.9,62,1,12,10,3,9.63,6,4,4,2,3,F,gris,mardi,516019,10 Sep 2024,12.95,0,Suivi sans particularité.
ETU-02858,2024-2025, Psychologie ,20,F,général ,passable,lycee_public,Non,13.4,,"74,2",40,61.8,94,5,9,6,2,9.46,6,3,3,4,2,C,gris,lundi,468754,2024-09-16,15.88,0,
ETU-01420,2024-2025,PSYCHOLOGIE,20,f,Generale,,lycee_public,0,8.0,0.0,"80,7",33,70.3,69,1,10,8,3,7.12,5,3,3,4,2,F,rouge,mercredi,151479,11 Sep 2024,15.25,0,
ETU-01357,2024-2025, Droit ,19,h,techno,Passable,lycee_public,O,12.2,6.0,51.9,11,9.4,36,4,13,8,0,7.32,6,0,1,2,5,E,bleu,lundi,706738,2024-09-09,2.34,1,Forte baisse d'assiduité ce semestre.
ETU-03423,2024-2025,INFORMATIQUE,22,Homme,général ,Bien,lycee_public,O,44.1,8.0,"77,0",36,73.4,85,3,11,9,3,8.57,6,5,4,5,2,E,rouge,mercredi,831280,11/09/2024,14.31,0,
ETU-01492,2024-2025,Gestion,19,Homme,Professionnel,,lycee_public,oui,5.1,9.0,"88,6",62,67.6,104,1,9,9,6,6.44,6,2,3,3,4,G,bleu,vendredi,328637,20 Sep 2024,14.27,0,En difficulté sur les évaluations.
ETU-04950,2024-2025, Biologie ,21,femme,Général,AB,cfa,Non,"3,8",12.0,91.0,25,41.7,55,4,13,13,4,10.55,7,3,2,,4,B,vert,mercredi,733573,18/09/2024,16.17,0,Semble peu engagé dans la formation.
ETU-01978,2024-2025,PSYCHOLOGIE,20,M,Général,P,lycee_public,0,13.4 km,,"85,0",27,45.6,61,1,10,9,1,8.59,7,4,2,3,1,E,rouge,mercredi,689066,25 Sep 2024,13.51,0,
ETU-01747,2024-2025,Psychologie,18,F,general,Passable,lycee_public,N,37.5 km,15.0,"75,8",36,52.2,103,2,12,11,0,11.7,6,5,4,3,3,G,jaune,jeudi,797917,12/09/2024,15.48,0,
ETU-05079,2024-2025, Informatique ,21,Homme,Général,Bien,lycee_public,O,"21,1",16.0,63.9,8,10.0,31,6,10,6,0,"10,33",5,3,3,2,1,B,bleu,jeudi,233355,2024-09-19,4.45,1,
ETU-03672,2024-2025,Biologie,21,H,Général,ab,,oui,9.2,,75.4%,15,29.7,25,7,13,12,0,10.92,6,3,1,2,,B,gris,vendredi,727302,27 Sep 2024,8.61,1,Semble peu engagé dans la formation.
ETU-02925,2024-2025,staps,18,f,general,P,lycee_public,0,,0.0,65.2%,24,34.1,41,5,9,5,0,"12,23",7,3,4,2,1,C,gris,vendredi,509885,13 Sep 2024,8.03,1,
ETU-02946,2024-2025,STAPS,20,f,techno,Très Bien,lycee_public,Non,1.4,8.0,53.7,7,12.9,20,5,11,7,0,12.65,7,4,1,4,3,E,gris,mardi,371249,10 Sep 2024,6.06,1,
ETU-03493,2024-2025,Droit,19,h,général ,ab,lycee_prive,Non,5.2,22.0,99.4,70,140.4,135,0,9,9,5,14.16,6,6,,4,3,D,vert,jeudi,336198,2024-09-26,19.6,0,
ETU-03795,2024-2025,Informatique,18,Homme,Generale,Assez Bien,lycee_public,non,14.1,27.0,71.4%,13,18.9,34,4,12,11,3,"13,69",5,5,4,3,3,B,rouge,mercredi,827643,2024-09-25,16.97,0,Suivi sans particularité.
ETU-00929,2024-2025,Informatique,19,F,général ,Assez Bien,lycee_public,Non,12.5,23.0,66.9%,23,25.7,48,4,10,9,1,12.83,6,5,3,2,3,G,jaune,lundi,330415,23/09/2024,16.49,0,
ETU-04956,2024-2025,INFORMATIQUE,24,Homme,Generale,Assez Bien,lycee_public,O,"28,7",13.0,90.7,42,74.3,80,2,10,10,6,13.95,5,4,4,4,4,F,gris,mardi,993252,2024-09-24,16.46,0,Étudiant assidu et investi.
ETU-01228,2024-2025,biologie,18,h,TECHNO,TB,lycee_public,0,16.5,9.0,69.5,23,50.9,41,7,11,7,1,8.64,6,4,2,3,1,B,vert,vendredi,206288,2024-09-20,3.8,1,"Motivation en berne, à accompagner."
ETU-01707,2024-2025,STAPS,18,femme,Professionnel,P,lycee_public,oui,,7.0,72.6%,19,15.8,50,1,8,6,1,9.33,6,2,3,,2,G,gris,vendredi,125645,13 Sep 2024,13.72,0,RAS.
ETU-00997,2024-2025,PSYCHOLOGIE,21,F,GEN,AB,lycee_public,0,,0.0,87.9,16,36.8,49,5,12,10,4,"15,94",7,7,5,5,5,H,jaune,mardi,759781,2024-09-17,18.93,0,"Bon semestre, résultats solides."
ETU-00145,2024-2025,droit,18,Femme,général ,Bien,lycee_public,O,"0,6",22.0,"73,2",28,19.0,56,5,13,11,1,"12,52",6,3,4,3,5,C,jaune,jeudi,131303,05 Sep 2024,15.08,0,
ETU-00291,2024-2025, Biologie ,19,femme,general,passable,lycee_prive,oui,0.5,23.0,72.9,19,19.5,62,1,10,7,2,8.14,6,1,2,,1,F,vert,lundi,906884,16 Sep 2024,10.94,0,"Motivation en berne, à accompagner."
ETU-03282,2024-2025,Mathematiques,21,Femme,Général,Très Bien,lycee_public,N,5.5,0.0,80.4,24,32.9,58,5,9,9,3,14.83,6,4,5,4,3,H,gris,lundi,505070,09/09/2024,17.72,0,
ETU-02737,2024-2025,Droit,18,Femme,Generale,Passable,autre,1,"13,1",10.0,81.3,15,13.9,42,4,10,9,11,8.91,7,6,3,3,1,G,bleu,jeudi,391498,2024-09-19,12.62,0,
ETU-02355,2024-2025, Lettres ,17,Homme,général ,Très Bien,lycee_public,N,,12.0,58.5,3,8.2,11,4,10,5,0,6.7,6,2,1,,1,C,bleu,vendredi,871841,06/09/2024,2.91,1,
ETU-02731,2024-2025, Informatique ,18,H,général ,TB,lycee_public,N,7.7,18.0,97.7,17,32.7,46,5,9,6,4,"12,88",7,7,4,2,2,G,jaune,mardi,383708,17 Sep 2024,15.67,0,Travail sérieux et régulier.
ETU-02218,2024-2025,Gestion,19,H,general,P,lycee_public,N,"34,8",0.0,"84,0",36,61.7,71,2,11,10,7,9.31,6,3,3,3,1,E,jaune,mercredi,320768,2024-09-04,15.91,0,Suivi sans particularité.
ETU-03439,2024-2025,LETTRES,19,H,general,Passable,lycee_prive,Non,22.3,,93.2,43,48.2,107,3,13,13,4,12.75,6,2,5,,4,B,gris,jeudi,457596,19 Sep 2024,18.69,0,Très actif sur la plateforme.
ETU-04451,2024-2025,Droit,18,F,Technologique,B,lycee_prive,non,46.8,0.0,"78,8",28,59.2,61,4,13,12,2,"9,88",6,4,3,2,2,H,bleu,mardi,198209,2024-09-03,14.0,0,
ETU-00414,2024-2025,STAPS,21,h,general,Passable,cfa,Oui,12.6,6.0,"80,2",28,55.7,77,4,9,7,6,10.28,6,3,3,3,4,B,gris,mercredi,820098,2024-09-25,14.72,0,Suivi sans particularité.
ETU-05059,2024-2025, Psychologie ,20,Homme,Generale,Assez Bien,lycee_public,Non,31.8,,89.0%,26,37.8,47,2,12,10,3,15.16,5,5,4,5,4,B,jaune,vendredi,589038,06 Sep 2024,17.7,0,
ETU-04327,2024-2025,Psychologie,22,h,TECHNO,AB,lycee_public,oui,25.5,13.0,"66,9",15,19.1,33,3,9,7,2,"6,12",6,0,1,3,3,E,jaune,vendredi,314014,2024-09-06,11.26,0,
ETU-04337,2024-2025,MATHEMATIQUES,20,H,Technologique,passable,lycee_public,non,11.6 km,10.0,87.1,37,47.9,61,6,10,8,2,14.05,5,1,3,4,2,A,gris,mardi,538220,2024-09-24,16.12,0,
ETU-02448,2024-2025,Droit,18,f,techno,tres bien,lycee_prive,0,9.1,26.0,99.3,51,67.8,142,4,12,12,4,16.2,6,4,5,5,5,F,vert,mercredi,341949,11 Sep 2024,18.16,0,
ETU-01651,2024-2025,Informatique,18,f,général ,B,lycee_public,oui,8.8,28.0,"71,6",38,57.9,106,2,8,7,4,16.04,7,6,5,5,2,G,jaune,mardi,432719,24/09/2024,19.46,0,
ETU-03528,2024-2025,Droit,18,Femme,PRO,Assez Bien,lycee_public,N,"13,9",18.0,"96,0",42,62.1,107,4,13,12,4,9.94,6,4,4,4,4,B,vert,lundi,523381,2024-09-09,16.22,0,Engagement en ligne remarquable.
ETU-02254,2024-2025, Lettres ,17,f,Generale,Bien,lycee_public,oui,21.0,20.0,81.0%,45,67.7,110,2,8,6,1,"15,37",5,4,5,3,4,H,rouge,mardi,925507,24 Sep 2024,18.77,0,
ETU-03444,2024-2025,Mathematiques,19,h,GEN,Bien,lycee_prive,1,21.0,0.0,71.0,28,47.2,56,2,8,6,1,12.8,5,5,4,5,3,E,rouge,mercredi,998081,11/09/2024,16.04,0,
ETU-05102,2024-2025, STAPS ,23,F,GEN,,cfa,Non,"8,5",0.0,84.9,,68.5,54,4,9,8,3,"15,55",6,6,4,,,H,gris,vendredi,639994,2024-09-20,17.51,0,"Bon semestre, résultats solides."
ETU-04387,2024-2025,Lettres,19,femme,Generale,Passable,lycee_public,oui,"2,2",0.0,77.5,4,4.7,1,8,10,9,1,13.82,5,4,4,5,4,B,jaune,mardi,303133,03/09/2024,16.61,0,
ETU-04098,2024-2025, Informatique ,21,H,Professionnel,P,lycee_public,1,2.6,12.0,79.3%,17,32.2,42,5,9,5,1,"7,0",6,2,1,5,3,F,rouge,mardi,740604,2024-09-17,10.4,0,Résultats fragiles aux partiels.
ETU-01985,2024-2025,staps,18,Femme,Technologique,Bien,lycee_prive,Non,7.0,12.0,79.5,37,18.7,81,4,13,11,2,8.44,6,4,,4,3,A,gris,mercredi,372111,25 Sep 2024,14.39,0,Suivi sans particularité.
ETU-00329,2024-2025,Biologie,19,femme,TECHNO,,,N,8.8,12.0,92.4,36,58.9,83,1,11,11,5,"12,65",6,4,5,4,5,B,jaune,lundi,417013,16 Sep 2024,18.13,0,Travail sérieux et régulier.
ETU-03580,2024-2025,STAPS,17,M,TECHNO,TB,lycee_public,non,19.6,3.0,62.8,3,1.7,11,5,10,8,2,12.91,7,6,2,3,1,H,rouge,mercredi,988232,2024-09-25,6.59,1,
ETU-04485,2024-2025,Biologie,20,M,Generale,Assez Bien,lycee_public,oui,1.5,15.0,76.3,49,86.0,80,6,9,7,5,11.92,5,5,5,4,3,H,gris,mercredi,743872,11 Sep 2024,16.67,0,Engagement en ligne remarquable.
ETU-05023,2024-2025,Gestion,19,Homme,Général,Passable,lycee_public,0,37.4 km,4.0,54.9,26,18.2,72,2,11,8,2,10.26,5,4,2,1,1,B,jaune,vendredi,623342,13 Sep 2024,5.92,1,
ETU-03061,2024-2025,gestion,22,f,Professionnel,passable,lycee_public,non,0.2 km,,77.5,32,34.2,97,7,12,12,6,8.67,5,2,3,4,1,A,rouge,mardi,216036,10 Sep 2024,12.49,0,RAS.
ETU-04358,2024-2025,Psychologie,19,H,Generale,ab,autre,0,"46,1",13.0,71.6%,35,40.0,87,3,9,9,1,16.47,6,6,4,4,4,H,jaune,mardi,995204,03 Sep 2024,18.97,0,
ETU-03824,2024-2025,STAPS,19,femme,pro,Assez Bien,lycee_prive,Non,"3,6",0.0,87.5%,,32.1,56,4,10,9,4,5.77,6,1,2,1,3,A,bleu,vendredi,520703,27/09/2024,10.95,0,
ETU-00389,2024-2025,gestion,20,M,techno,tres bien,lycee_prive,N,6.5,,88.6%,44,54.2,118,3,13,13,5,14.05,6,6,5,4,3,G,bleu,vendredi,814674,2024-09-13,18.51,0,
ETU-02193,2024-2025,STAPS,17,h,techno,P,lycee_public,non,2.7,0.0,"71,7",21,29.9,52,8,10,8,0,,6,2,1,3,2,C,jaune,lundi,112027,2024-09-16,10.83,0,En difficulté sur les évaluations.
ETU-02489,2024-2025,informatique,23,femme,général ,P,lycee_public,0,1.9 km,17.0,85.7,33,58.4,93,1,13,12,4,,6,3,2,2,3,F,jaune,vendredi,760555,06/09/2024,15.1,0,
ETU-00843,2024-2025,Mathematiques,24,femme,techno,AB,lycee_public,non,11.7,11.0,96.6,81,126.2,222,0,13,13,16,11.97,6,6,,5,5,A,jaune,mardi,859763,2024-09-24,19.41,0,
ETU-04737,2024-2025,Informatique,18,f,pro,AB,lycee_public,1,6.8,7.0,83.6,33,24.8,69,2,9,9,5,8.73,7,3,4,5,3,G,jaune,lundi,415343,2024-09-02,15.53,0,
ETU-02235,2024-2025, Biologie ,19,Homme,GEN,AB,lycee_public,N,"2,9",24.0,"61,8",3,3.9,3,3,11,3,0,11.92,6,4,1,3,1,F,bleu,mercredi,815660,2024-09-11,4.75,1,
ETU-05173,2024-2025,Biologie,19,M,Generale,Assez Bien,lycee_public,Non,10.6,0.0,75.2,13,27.3,44,3,8,5,1,9.66,5,2,4,4,2,F,gris,vendredi,193919,13 Sep 2024,14.9,0,RAS.
ETU-02404,2024-2025,INFORMATIQUE,18,M,general,tres bien,,non,26.7,26.0,98.7,65,95.4,128,2,8,8,3,17.33,7,7,5,4,5,D,vert,lundi,143163,2024-09-16,19.74,0,"Très bon investissement, en réussite."
ETU-02294,2024-2025,Lettres,19,M,général ,Assez Bien,lycee_public,oui,"3,5",0.0,67.7,13,16.3,31,7,8,7,0,10.99,7,3,2,2,4,E,jaune,mardi,690849,2024-09-24,5.88,1,"Motivation en berne, à accompagner."
ETU-02821,2024-2025, Gestion ,17,h,techno,Assez Bien,lycee_public,O,0.4,0.0,"80,5",22,26.3,50,1,9,8,3,11.12,5,5,4,5,3,G,rouge,vendredi,120491,20/09/2024,15.25,0,
ETU-04531,2024-2025,mathematiques,22,Femme,Technologique,Passable,lycee_public,O,18.2,0.0,90.0,52,80.5,129,2,12,11,6,15.04,7,5,4,4,2,E,rouge,jeudi,307402,19 Sep 2024,18.91,0,
ETU-02231,2024-2025,MATHEMATIQUES,21,Homme,techno,Passable,autre,O,23.0,0.0,"83,8",51,86.2,134,3,9,9,4,12.91,6,5,2,2,3,D,vert,mardi,205811,2024-09-03,18.35,0,"Motivation en berne, à accompagner."
ETU-03565,2024-2025, Informatique ,23,F,general,P,lycee_public,Non,22.5,4.0,81.9,27,42.5,56,1,12,7,4,10.63,6,4,,,1,H,rouge,jeudi,988432,05 Sep 2024,14.7,0,
ETU-02782,2024-2025,psychologie,18,Femme, pro,B,,Non,,9.0,79.3%,18,20.8,46,3,8,6,4,9.02,5,2,4,2,3,A,jaune,vendredi,454152,2024-09-27,14.55,0,Profil dans la moyenne.
ETU-03790,2024-2025,Mathematiques,18,f,Professionnel,Passable,autre,O,1.6,24.0,70.7,6,2.9,8,7,12,9,2,"7,22",6,2,3,2,1,G,jaune,lundi,593822,2024-09-23,1.32,1,
ETU-05069,2024-2025,Gestion,18,H,GEN,B,lycee_public,oui,21.1,0.0,84.3,,40.9,62,5,9,7,4,13.04,7,5,5,2,2,G,bleu,jeudi,144924,26 Sep 2024,15.71,0,
ETU-02107,2024-2025,Gestion,23,H,Technologique,passable,lycee_prive,O,29.0,26.0,74.9,,13.7,30,4,12,9,0,9.79,6,4,3,2,3,G,jaune,lundi,650408,2024-09-02,5.23,1,Engagement en ligne très faible.
ETU-00444,2024-2025,Gestion,23,F,GEN,,lycee_public,non,,8.0,"60,6",26,35.9,78,5,9,8,1,11.83,7,4,3,3,1,D,vert,lundi,432393,02/09/2024,14.29,0,Profil dans la moyenne.
ETU-03726,2024-2025,Biologie,23,f,techno,Bien,lycee_public,O,2.5,8.0,99.1,27,30.5,53,7,10,10,7,"13,59",7,7,3,3,3,C,rouge,vendredi,361846,2024-09-06,15.86,0,Travail sérieux et régulier.
ETU-02409,2024-2025,Psychologie,18,femme,techno,passable,lycee_prive,N,58.8,0.0,67.1,21,31.9,58,7,11,7,1,"9,67",7,1,2,,1,E,vert,vendredi,278220,06 Sep 2024,5.54,1,Semble peu engagé dans la formation.
ETU-00960,2024-2025,Biologie,20,H,general,Assez Bien,lycee_public,0,16.3,0.0,82.6,34,38.3,105,4,8,6,2,13.11,6,5,4,4,3,E,bleu,mercredi,794647,2024-09-25,16.69,0,
ETU-03210,2024-2025,STAPS,18,h,Technologique,B,lycee_prive,oui,24.0,18.0,63.5,26,37.0,67,4,12,9,0,9.16,6,1,2,3,5,C,bleu,mercredi,552491,2024-09-25,13.06,0,"Motivation en berne, à accompagner."
ETU-03348,2024-2025, Psychologie ,20,NR,PRO,tres bien,lycee_prive,N,3.8 km,0.0,"65,8",3,6.1,1,4,9,4,0,11.57,6,2,1,1,1,C,jaune,lundi,979300,2024-09-16,6.02,1,Engagement en ligne très faible.
ETU-00396,2024-2025,lettres,20,M,general,P,lycee_public,Oui,5.7 km,22.0,"78,5",37,56.5,81,2,8,8,4,13.83,6,4,2,5,3,F,gris,mercredi,137279,2024-09-25,17.37,0,Semble peu engagé dans la formation.
ETU-02788,2024-2025,STAPS,19,h,general,tres bien,lycee_prive,non,13.3,0.0,65.3,13,15.3,35,6,12,9,0,10.9,6,1,2,2,4,B,rouge,jeudi,432059,2024-09-26,4.95,1,"Motivation en berne, à accompagner."
ETU-04025,2024-2025, Informatique ,18,f,Général,Bien,lycee_public,N,16.6,24.0,"90,7",28,51.9,73,2,9,7,1,11.86,6,4,2,5,1,A,vert,lundi,911638,2024-09-23,16.16,0,
ETU-02178,2024-2025,Lettres,21,f,techno,tres bien,cfa,oui,22.8,11.0,47.5,8,3.7,12,6,9,6,1,"11,43",7,6,3,2,2,C,gris,mardi,598728,2024-09-17,4.88,1,
ETU-03769,2024-2025,Informatique,22,f,techno,Passable,cfa,Non,4.6,4.0,68.6,17,29.5,48,3,8,5,1,9.43,5,4,,3,1,G,vert,mardi,585858,10/09/2024,5.03,1,
ETU-01037,2024-2025,Informatique,22,H,Général,Bien,lycee_public,oui,,27.0,88.8,30,39.9,54,6,9,7,1,"13,06",5,3,4,3,2,F,gris,mercredi,951320,11 Sep 2024,16.19,0,
ETU-02941,2024-2025, Mathematiques ,23,h,GEN,AB,lycee_prive,O,3.9,,80.6,20,25.4,58,5,9,6,0,"14,24",5,0,3,2,,E,bleu,mardi,962503,2024-09-24,17.28,0,
ETU-00831,2024-2025,BIOLOGIE,20,Femme,Generale,P,lycee_public,1,10.8,10.0,97.2%,59,63.2,88,0,10,9,10,16.7,5,4,5,5,4,D,vert,lundi,753685,2024-09-02,19.48,0,"Très bon investissement, en réussite."
ETU-03550,2024-2025,Mathematiques,21,F,général ,Passable,lycee_public,oui,8.3,,60.6%,21,36.7,41,4,8,5,1,10.11,5,4,3,5,2,B,gris,jeudi,691561,2024-09-26,13.23,0,
ETU-05049,2024-2025,lettres,19,femme,techno,,lycee_public,Non,63.3,0.0,77.8%,33,42.8,68,6,12,9,2,13.7,6,6,3,,4,G,gris,vendredi,860226,06/09/2024,16.92,0,Travail sérieux et régulier.
ETU-04043,2024-2025,GESTION,19,H,Général,P,lycee_public,O,8.2,4.0,51.2,7,9.7,3,5,9,5,0,12.64,5,2,1,2,3,F,vert,vendredi,943922,06/09/2024,6.46,1,
ETU-02521,2024-2025,Informatique,19,Femme,techno,Bien,lycee_public,N,16.3 km,,75.1%,3,9.6,14,5,11,6,0,2.11,6,1,1,4,1,H,rouge,lundi,344138,02 Sep 2024,0.79,1,Résultats fragiles aux partiels.
ETU-03260,2024-2025,Lettres,19,M,Technologique,B,lycee_prive,0,4.9,,64.4,30,74.3,57,2,9,6,0,11.39,5,1,3,4,1,F,jaune,mardi,996287,24/09/2024,13.93,0,
ETU-00239,2024-2025,Psychologie,17,Femme,Technologique,Très Bien,lycee_prive,N,16.4,0.0,84.8,36,29.8,65,5,13,11,3,11.19,5,3,2,3,3,D,rouge,mardi,684636,17 Sep 2024,15.38,0,
ETU-00957,2024-2025,Lettres,18,F,techno,Assez Bien,lycee_public,N,3.4,9.0,72.3%,30,28.9,69,6,13,11,1,7.23,5,3,2,2,2,H,jaune,mercredi,409591,2024-09-11,14.2,0,En difficulté sur les évaluations.
ETU-03037,2024-2025,psychologie,20,M,Generale,passable,lycee_public,non,10.3,5.0,40.5%,21,19.3,26,8,13,9,1,11.92,6,4,2,3,3,A,vert,mardi,825142,2024-09-24,6.51,1,
ETU-03490,2024-2025,Droit,19,M,techno,ab,lycee_prive,O,2.3,7.0,88.2,29,41.7,56,2,12,10,4,"11,47",6,4,4,3,3,G,vert,lundi,954272,16/09/2024,14.35,0,
ETU-01654,2024-2025, Informatique ,19,h,GEN,Bien,cfa,N,6.6,0.0,81.2%,45,49.7,107,2,13,13,6,"16,13",6,6,5,3,3,G,rouge,vendredi,131783,2024-09-20,19.18,0,
ETU-03833,2024-2025,Gestion,19,Femme, pro,B,lycee_public,0,"3,5",0.0,89.8%,32,24.8,82,4,8,8,5,11.26,6,5,4,4,4,B,gris,lundi,451093,2024-09-16,18.05,0,Profil dans la moyenne.
ETU-02290,2024-2025,Psychologie,17,f,général ,passable,autre,non,16.5,13.0,64.9,23,19.8,42,7,12,8,0,10.98,7,7,2,2,3,C,vert,mardi,898095,17 Sep 2024,13.02,0,
ETU-03835,2024-2025,Lettres,23,femme,général ,Passable,lycee_prive,1,16.5 km,0.0,84.7,35,75.0,68,1,13,11,0,"10,66",5,3,3,2,3,G,jaune,lundi,740054,2024-09-09,16.64,0,RAS.
ETU-04533,2024-2025,Gestion,24,H,Technologique,AB,lycee_prive,Non,"12,8",0.0,77.8,18,35.5,45,4,11,8,1,11.8,5,5,3,1,4,F,vert,mardi,463991,2024-09-10,15.83,0,Suivi sans particularité.
ETU-04674,2024-2025,Lettres,20,Femme,Général,Passable,lycee_prive,Oui,"7,7",,69.6,29,69.4,71,5,8,8,5,15.89,6,3,4,3,3,D,rouge,mercredi,365390,2024-09-04,18.52,0,Suivi sans particularité.
ETU-01150,2024-2025,Droit,22,f,GEN,AB,lycee_public,O,4.4,0.0,78.1,14,10.9,12,5,8,5,1,9.79,5,3,1,2,2,H,bleu,mercredi,629471,18 Sep 2024,6.01,1,"Motivation en berne, à accompagner."
ETU-05015,2024-2025,Informatique,20,M,PRO,P,autre,Non,"2,7",0.0,69.7,34,39.4,45,2,12,12,4,9.01,7,6,2,3,,F,gris,jeudi,390367,2024-09-26,13.29,0,
ETU-01788,2024-2025,Informatique,17,Homme,GEN,ab,lycee_prive,0,,10.0,67.3,15,24.2,37,5,9,7,1,8.76,5,3,4,2,3,F,rouge,lundi,403324,23/09/2024,2.84,1,RAS.
ETU-00502,2024-2025,INFORMATIQUE,22,Homme,GEN,tres bien,lycee_public,0,11.6,,57.3,20,29.1,53,8,12,9,1,10.31,5,4,2,2,2,F,rouge,lundi,169461,2024-09-02,3.67,1,"Rendus souvent en retard, à relancer."
ETU-04445,2024-2025,Gestion,20,f,pro,Passable,lycee_public,O,10.1,0.0,81.0,46,80.2,106,0,11,11,2,"11,29",7,5,3,4,3,D,gris,vendredi,710026,20/09/2024,17.13,0,
ETU-00383,2024-2025,INFORMATIQUE,18,H,GEN,AB,cfa,non,24.8 km,3.0,89.8,32,32.2,57,3,12,9,3,11.46,6,5,4,3,3,A,rouge,lundi,164718,2024-09-16,15.99,0,Suivi sans particularité.
