age;mention_bac;distance_domicile_km;heures_travail_remunere_sem;taux_presence_pct;connexions_lms_30j;heures_lms_total;ressources_consultees;retards_rendus;nb_devoirs_rendus;messages_forum;motivation;satisfaction;sentiment_appartenance;date_inscription;moyenne_finale;abandon;ects_semestre;capacite_accueil;volume_horaire_s1;taux_reussite_historique_pct;filiere_Biologie;filiere_Droit;filiere_Gestion;filiere_Informatique;filiere_Lettres;filiere_Mathematiques;filiere_Psychologie;filiere_STAPS;bac_type_general;bac_type_pro;bac_type_techno;faculte_Droit-Science Po;faculte_Lettres & Langues;faculte_STAPS;faculte_Sciences & Technologies;faculte_Sciences Humaines;faculte_Économie-Gestion;etablissement_origine_autre;etablissement_origine_cfa;etablissement_origine_lycee_prive;etablissement_origine_lycee_public;etablissement_origine_nan
22;1.0;2.2;0.0;86.3;33.0;35.4;73;2;11;4;;3.0;;04-09-2024;15.06;0;30;830;282;65;0;1;0;0;0;0;0;0;0;0;1;1;0;0;0;0;0;0;0;0;1;0
19;0.0;18.8;9.0;77.5;45.0;56.7;114;3;10;7;3.0;5.0;3.0;27-09-2024;15.61;0;28;480;265;78;0;0;0;0;1;0;0;0;1;0;0;0;1;0;0;0;0;0;0;0;1;0
17;1.0;42.8;0.0;74.6;37.0;77.1;77;4;6;4;2.0;3.0;1.0;26-09-2024;14.85;0;28;480;265;78;0;0;0;0;1;0;0;0;1;0;0;0;1;0;0;0;0;0;0;0;1;0
20;2.0;12.0;15.0;68.2;22.0;46.7;30;5;5;4;4.0;3.0;4.0;19-09-2024;13.02;0;30;930;293;75;0;0;1;0;0;0;0;0;0;0;1;0;0;0;0;0;1;0;0;0;1;0
21;2.0;8.2;0.0;62.1;25.0;42.7;48;7;7;0;3.0;2.0;2.0;04-09-2024;4.79;1;28;710;325;60;1;0;0;0;0;0;0;0;1;0;0;0;0;0;1;0;0;0;0;0;1;0
21;0.0;31.1;13.0;63.4;40.0;52.3;81;7;9;2;1.0;3.0;2.0;19-09-2024;1.56;1;30;830;282;65;0;1;0;0;0;0;0;0;0;0;1;1;0;0;0;0;0;0;0;0;1;0
22;2.0;17.0;6.0;60.8;15.0;30.0;28;7;7;0;2.0;3.0;2.0;04-09-2024;3.14;1;28;480;265;78;0;0;0;0;1;0;0;0;1;0;0;0;1;0;0;0;0;0;0;0;1;0
17;1.0;16.4;;64.5;19.0;27.4;17;2;9;1;3.0;5.0;3.0;25-09-2024;15.06;0;30;810;265;81;0;0;0;0;0;0;1;0;1;0;0;0;0;0;0;1;0;0;0;1;0;0
19;1.0;17.1;0.0;63.6;17.0;32.1;27;7;7;0;1.0;2.0;1.0;03-09-2024;1.13;1;30;810;265;81;0;0;0;0;0;0;1;0;1;0;0;0;0;0;0;1;0;0;1;0;0;0
22;1.0;5.5;;95.3;37.0;75.0;65;3;8;3;3.0;3.0;4.0;05-09-2024;14.08;0;28;710;325;60;1;0;0;0;0;0;0;0;0;0;1;0;0;0;1;0;0;0;0;0;1;0
18;1.0;16.6;0.0;78.5;40.0;53.6;92;2;9;4;5.0;;3.0;18-09-2024;16.1;0;28;710;325;60;1;0;0;0;0;0;0;0;0;1;0;0;0;0;1;0;0;0;0;0;1;0
22;1.0;4.4;16.0;66.6;31.0;63.3;95;3;11;3;3.0;;4.0;12-09-2024;12.35;0;28;480;265;78;0;0;0;0;1;0;0;0;0;1;0;0;1;0;0;0;0;0;0;0;1;0
23;1.0;6.3;;76.2;22.0;41.7;61;4;10;2;3.0;5.0;4.0;26-09-2024;15.9;0;28;710;325;60;1;0;0;0;0;0;0;0;0;0;1;0;0;0;1;0;0;0;0;0;1;0
18;1.0;24.4;0.0;69.1;3.0;6.5;22;5;6;1;1.0;;2.0;27-09-2024;5.22;1;30;980;247;60;0;0;0;1;0;0;0;0;1;0;0;0;0;0;1;0;0;0;0;0;1;0
22;2.0;35.8;10.0;79.6;30.0;59.2;50;4;8;2;5.0;1.0;2.0;24-09-2024;14.53;0;30;980;247;60;0;0;0;1;0;0;0;0;1;0;0;0;0;0;1;0;0;0;1;0;0;0
17;0.0;;9.0;80.4;22.0;15.7;65;2;9;3;3.0;3.0;4.0;11-09-2024;13.8;0;30;810;265;81;0;0;0;0;0;0;1;0;0;1;0;0;0;0;0;1;0;0;0;0;1;0
19;1.0;98.9;25.0;64.1;18.0;24.2;28;7;8;0;2.0;2.0;;25-09-2024;10.63;0;30;980;247;60;0;0;0;1;0;0;0;0;1;0;0;0;0;0;1;0;0;0;0;1;0;0
19;1.0;29.6;;88.9;36.0;68.8;99;2;8;6;4.0;3.0;3.0;05-09-2024;17.06;0;30;930;293;75;0;0;1;0;0;0;0;0;1;0;0;0;0;0;0;0;1;0;0;0;1;0
18;1.0;15.8;18.0;82.8;27.0;36.3;53;7;7;4;4.0;3.0;4.0;12-09-2024;16.43;0;30;980;247;60;0;0;0;1;0;0;0;0;1;0;0;0;0;0;1;0;0;0;0;0;1;0
18;0.0;6.5;20.0;63.9;3.0;2.2;1;5;5;0;;1.0;4.0;03-09-2024;4.81;1;28;710;325;60;1;0;0;0;0;0;0;0;0;0;1;0;0;0;1;0;0;0;0;0;1;0
20;2.0;33.0;9.0;74.8;28.0;50.7;65;5;6;0;4.0;3.0;2.0;19-09-2024;16.13;0;30;980;247;60;0;0;0;1;0;0;0;0;1;0;0;0;0;0;1;0;0;0;0;0;1;0
22;1.0;76.4;7.0;85.9;39.0;60.2;76;3;10;8;2.0;5.0;3.0;05-09-2024;14.39;0;30;980;247;60;0;0;0;1;0;0;0;0;1;0;0;0;0;0;1;0;0;0;0;1;0;0
22;;37.7;8.0;96.7;26.0;20.9;44;4;9;3;3.0;2.0;4.0;25-09-2024;15.45;0;30;930;293;75;0;0;1;0;0;0;0;0;1;0;0;0;0;0;0;0;1;0;0;0;1;0
21;0.0;5.0;11.0;85.2;36.0;56.5;73;6;8;8;4.0;3.0;2.0;13-09-2024;15.29;0;30;980;247;60;0;0;0;1;0;0;0;0;0;0;1;0;0;0;1;0;0;0;0;0;1;0
18;0.0;;0.0;77.2;22.0;35.2;46;2;8;2;3.0;4.0;3.0;13-09-2024;13.17;0;30;620;263;66;0;0;0;0;0;0;0;1;1;0;0;0;0;1;0;0;0;0;0;0;1;0
19;;;;73.1;31.0;55.6;73;4;9;1;;1.0;1.0;27-09-2024;18.1;0;30;620;263;66;0;0;0;0;0;0;0;1;1;0;0;0;0;1;0;0;0;0;0;0;1;0
17;0.0;15.6;9.0;69.6;22.0;25.6;55;4;6;1;4.0;3.0;;12-09-2024;16.85;0;28;550;256;64;0;0;0;0;0;1;0;0;0;0;1;0;0;0;1;0;0;0;0;0;0;1
22;1.0;13.9;11.0;84.4;23.0;38.8;53;4;6;5;2.0;3.0;2.0;20-09-2024;15.72;0;30;980;247;60;0;0;0;1;0;0;0;0;0;0;1;0;0;0;1;0;0;0;0;1;0;0
21;2.0;9.9;8.0;60.3;3.0;6.4;5;4;9;0;1.0;2.0;2.0;04-09-2024;6.19;1;30;980;247;60;0;0;0;1;0;0;0;0;1;0;0;0;0;0;1;0;0;0;0;0;1;0
20;1.0;1.6;18.0;68.6;33.0;72.2;86;2;7;2;4.0;4.0;3.0;03-09-2024;16.18;0;28;710;325;60;1;0;0;0;0;0;0;0;1;0;0;0;0;0;1;0;0;0;1;0;0;0
20;0.0;16.4;20.0;78.0;27.0;32.1;45;6;7;3;1.0;3.0;4.0;05-09-2024;9.01;1;30;980;247;60;0;0;0;1;0;0;0;0;1;0;0;0;0;0;1;0;0;0;0;0;1;0
19;2.0;46.4;9.0;92.6;47.0;71.1;104;5;8;3;4.0;3.0;2.0;27-09-2024;16.75;0;30;980;247;60;0;0;0;1;0;0;0;0;1;0;0;0;0;0;1;0;0;0;0;1;0;0
19;2.0;14.8;27.0;70.6;;15.0;33;6;6;1;4.0;4.0;1.0;16-09-2024;3.94;1;30;930;293;75;0;0;1;0;0;0;0;0;0;0;1;0;0;0;0;0;1;0;0;0;1;0
20;0.0;12.0;26.0;75.9;53.0;65.6;135;2;9;0;3.0;;3.0;27-09-2024;15.25;0;30;810;265;81;0;0;0;0;0;0;1;0;0;0;1;0;0;0;0;1;0;0;0;0;1;0
19;1.0;5.1;10.0;76.3;9.0;11.1;20;3;8;2;3.0;4.0;2.0;04-09-2024;15.05;0;28;710;325;60;1;0;0;0;0;0;0;0;1;0;0;0;0;0;1;0;0;1;0;0;0;0
22;1.0;4.4;15.0;69.8;17.0;19.7;43;4;7;2;4.0;3.0;3.0;24-09-2024;6.03;1;30;930;293;75;0;0;1;0;0;0;0;0;0;0;1;0;0;0;0;0;1;0;0;0;1;0
22;1.0;4.7;11.0;76.4;15.0;27.3;23;1;6;4;3.0;1.0;4.0;16-09-2024;6.17;1;30;930;293;75;0;0;1;0;0;0;0;0;1;0;0;0;0;0;0;0;1;0;0;0;1;0
20;1.0;51.6;13.0;75.1;11.0;16.3;25;4;9;1;4.0;2.0;3.0;04-09-2024;1.54;1;30;810;265;81;0;0;0;0;0;0;1;0;0;0;1;0;0;0;0;1;0;0;0;0;1;0
18;0.0;17.2;11.0;81.6;17.0;19.3;22;6;7;2;2.0;3.0;1.0;19-09-2024;6.01;1;30;810;265;81;0;0;0;0;0;0;1;0;1;0;0;0;0;0;0;1;0;0;0;0;1;0
19;1.0;9.7;26.0;73.1;;31.3;69;6;9;2;4.0;4.0;4.0;19-09-2024;16.41;0;30;930;293;75;0;0;1;0;0;0;0;0;1;0;0;0;0;0;0;0;1;0;0;1;0;0
20;2.0;25.0;0.0;83.5;29.0;18.3;57;2;11;5;4.0;4.0;5.0;26-09-2024;19.61;0;30;830;282;65;0;1;0;0;0;0;0;0;1;0;0;1;0;0;0;0;0;0;0;1;0;0
18;;26.2;11.0;74.8;3.0;3.5;10;6;8;0;1.0;4.0;2.0;13-09-2024;0.95;1;30;980;247;60;0;0;0;1;0;0;0;0;1;0;0;0;0;0;1;0;0;0;0;1;0;0
18;0.0;6.7;11.0;70.6;3.0;1.4;2;2;6;3;3.0;4.0;3.0;26-09-2024;13.29;0;30;930;293;75;0;0;1;0;0;0;0;0;0;0;1;0;0;0;0;0;1;0;0;0;1;0
18;0.0;44.7;3.0;82.5;47.0;53.1;87;4;9;2;2.0;2.0;2.0;10-09-2024;1.57;1;30;810;265;81;0;0;0;0;0;0;1;0;1;0;0;0;0;0;0;1;0;0;0;1;0;0
24;0.0;29.8;0.0;80.8;51.0;52.5;134;2;13;2;4.0;3.0;5.0;03-09-2024;18.12;0;30;980;247;60;0;0;0;1;0;0;0;0;0;1;0;0;0;0;1;0;0;0;0;1;0;0
18;0.0;38.4;8.0;86.8;55.0;103.2;98;4;12;8;4.0;3.0;4.0;16-09-2024;17.75;0;28;710;325;60;1;0;0;0;0;0;0;0;0;0;1;0;0;0;1;0;0;0;0;0;1;0
20;3.0;51.4;;90.0;35.0;52.4;88;1;11;7;4.0;5.0;3.0;27-09-2024;19.25;0;30;810;265;81;0;0;0;0;0;0;1;0;0;1;0;0;0;0;0;1;0;0;0;1;0;0
20;1.0;7.5;0.0;84.6;21.0;25.7;41;6;6;0;3.0;3.0;4.0;04-09-2024;15.73;0;28;710;325;60;1;0;0;0;0;0;0;0;1;0;0;0;0;0;1;0;0;0;0;0;1;0
18;2.0;27.1;0.0;96.5;32.0;46.3;71;0;12;5;;;3.0;26-09-2024;18.8;0;30;980;247;60;0;0;0;1;0;0;0;0;1;0;0;0;0;0;1;0;0;0;0;0;1;0
18;0.0;34.8;;87.4;36.0;52.6;70;1;10;7;5.0;4.0;2.0;02-09-2024;18.35;0;28;480;265;78;0;0;0;0;1;0;0;0;1;0;0;0;1;0;0;0;0;0;0;0;1;0
20;0.0;27.9;3.0;71.1;30.0;47.8;58;3;8;6;5.0;3.0;2.0;06-09-2024;12.3;0;30;980;247;60;0;0;0;1;0;0;0;0;0;0;1;0;0;0;1;0;0;0;0;0;1;0
19;0.0;1.6;14.0;54.6;24.0;48.7;45;5;8;5;5.0;2.0;4.0;18-09-2024;13.22;0;30;930;293;75;0;0;1;0;0;0;0;0;0;0;1;0;0;0;0;0;1;0;0;0;1;0
18;0.0;7.9;;89.7;37.0;44.3;73;2;8;5;;4.0;3.0;26-09-2024;15.85;0;30;620;263;66;0;0;0;0;0;0;0;1;1;0;0;0;0;1;0;0;0;0;0;0;1;0
24;1.0;13.5;0.0;80.8;28.0;40.4;40;6;10;3;4.0;4.0;3.0;06-09-2024;17.35;0;30;810;265;81;0;0;0;0;0;0;1;0;1;0;0;0;0;0;0;1;0;0;1;0;0;0
22;1.0;20.9;0.0;71.9;8.0;13.9;18;3;8;4;5.0;4.0;3.0;20-09-2024;7.19;1;30;810;265;81;0;0;0;0;0;0;1;0;1;0;0;0;0;0;0;1;0;0;0;1;0;0
22;1.0;10.6;;72.2;;6.6;7;3;7;0;2.0;4.0;2.0;16-09-2024;3.33;1;30;620;263;66;0;0;0;0;0;0;0;1;1;0;0;0;0;1;0;0;0;0;0;1;0;0
23;0.0;19.3;18.0;85.4;43.0;23.9;83;1;9;4;5.0;4.0;4.0;27-09-2024;15.53;0;30;830;282;65;0;1;0;0;0;0;0;0;1;0;0;1;0;0;0;0;0;0;0;1;0;0
20;0.0;25.7;23.0;64.2;8.0;11.1;17;5;7;0;1.0;4.0;3.0;03-09-2024;1.64;1;30;930;293;75;0;0;1;0;0;0;0;0;1;0;0;0;0;0;0;0;1;0;0;0;1;0
24;0.0;1.4;;68.7;36.0;66.6;82;4;10;1;4.0;3.0;3.0;04-09-2024;17.01;0;30;930;293;75;0;0;1;0;0;0;0;0;1;0;0;0;0;0;0;0;1;0;0;0;1;0
22;0.0;6.6;10.0;78.3;21.0;28.7;37;7;7;1;3.0;4.0;3.0;10-09-2024;6.91;1;30;830;282;65;0;1;0;0;0;0;0;0;0;0;1;1;0;0;0;0;0;0;0;0;1;0
20;3.0;16.1;8.0;81.2;40.0;56.5;89;2;11;7;4.0;;4.0;16-09-2024;17.04;0;28;710;325;60;1;0;0;0;0;0;0;0;0;1;0;0;0;0;1;0;0;0;0;0;0;1
18;0.0;14.3;4.0;73.1;10.0;10.6;25;7;9;0;4.0;1.0;1.0;06-09-2024;14.4;0;30;620;263;66;0;0;0;0;0;0;0;1;1;0;0;0;0;1;0;0;0;0;0;0;1;0
20;;30.3;0.0;72.3;;48.3;50;6;6;4;5.0;;3.0;05-09-2024;16.84;0;30;980;247;60;0;0;0;1;0;0;0;0;0;0;1;0;0;0;1;0;0;0;0;1;0;0
19;0.0;;26.0;69.9;21.0;35.5;36;6;6;0;1.0;2.0;2.0;09-09-2024;3.98;1;28;550;256;64;0;0;0;0;0;1;0;0;0;0;1;0;0;0;1;0;0;0;0;0;1;0
23;0.0;4.8;5.0;77.5;32.0;31.5;72;3;8;3;5.0;4.0;3.0;24-09-2024;17.67;0;28;710;325;60;1;0;0;0;0;0;0;0;1;0;0;0;0;0;1;0;0;0;0;0;1;0
19;1.0;2.4;0.0;50.5;23.0;10.9;30;4;8;0;1.0;2.0;1.0;16-09-2024;8.62;1;30;830;282;65;0;1;0;0;0;0;0;0;0;0;1;1;0;0;0;0;0;0;0;0;0;1
19;3.0;;;92.7;54.0;55.7;131;4;10;10;4.0;4.0;5.0;19-09-2024;16.23;0;28;480;265;78;0;0;0;0;1;0;0;0;1;0;0;0;1;0;0;0;0;0;0;1;0;0
23;1.0;2.1;0.0;74.4;27.0;39.2;50;3;8;2;3.0;;2.0;17-09-2024;8.17;1;28;480;265;78;0;0;0;0;1;0;0;0;1;0;0;0;1;0;0;0;0;0;0;1;0;0
26;1.0;4.9;23.0;70.2;16.0;36.6;50;5;8;1;1.0;2.0;4.0;13-09-2024;7.99;1;30;810;265;81;0;0;0;0;0;0;1;0;1;0;0;0;0;0;0;1;0;0;0;0;1;0
20;1.0;24.1;18.0;84.5;32.0;59.7;67;4;9;5;3.0;2.0;2.0;13-09-2024;14.95;0;30;980;247;60;0;0;0;1;0;0;0;0;1;0;0;0;0;0;1;0;0;0;1;0;0;0
22;2.0;12.8;18.0;62.2;26.0;34.4;56;8;13;4;3.0;5.0;2.0;12-09-2024;4.0;1;28;710;325;60;1;0;0;0;0;0;0;0;0;1;0;0;0;0;1;0;0;0;0;0;1;0
18;0.0;9.6;10.0;84.9;36.0;50.2;89;7;8;2;;2.0;3.0;27-09-2024;12.66;0;30;980;247;60;0;0;0;1;0;0;0;0;0;1;0;0;0;0;1;0;0;0;0;1;0;0
18;1.0;6.1;16.0;69.1;38.0;86.7;102;5;9;3;2.0;3.0;2.0;27-09-2024;18.66;0;28;480;265;78;0;0;0;0;1;0;0;0;0;0;1;0;1;0;0;0;0;0;1;0;0;0
20;0.0;34.7;0.0;72.3;31.0;41.3;71;6;8;2;4.0;3.0;3.0;13-09-2024;12.86;0;28;550;256;64;0;0;0;0;0;1;0;0;0;1;0;0;0;0;1;0;0;0;0;0;1;0
19;0.0;8.2;10.0;79.9;33.0;55.4;63;5;10;4;5.0;4.0;2.0;04-09-2024;16.92;0;30;830;282;65;0;1;0;0;0;0;0;0;1;0;0;1;0;0;0;0;0;0;1;0;0;0
18;3.0;9.0;6.0;69.8;21.0;31.3;56;3;6;1;4.0;4.0;3.0;11-09-2024;16.02;0;30;620;263;66;0;0;0;0;0;0;0;1;0;0;1;0;0;1;0;0;0;0;0;1;0;0
21;0.0;18.0;0.0;77.3;22.0;20.6;35;5;7;2;4.0;4.0;;03-09-2024;15.0;0;28;550;256;64;0;0;0;0;0;1;0;0;1;0;0;0;0;0;1;0;0;0;0;1;0;0
18;1.0;2.0;6.0;70.6;25.0;26.3;39;4;10;3;1.0;3.0;4.0;10-09-2024;5.69;1;30;930;293;75;0;0;1;0;0;0;0;0;0;1;0;0;0;0;0;0;1;0;0;1;0;0
18;0.0;32.2;0.0;83.9;25.0;46.8;69;3;12;2;3.0;3.0;3.0;03-09-2024;14.01;0;30;980;247;60;0;0;0;1;0;0;0;0;1;0;0;0;0;0;1;0;0;0;0;0;1;0
21;2.0;2.9;;64.5;7.0;11.1;23;5;8;2;3.0;4.0;4.0;11-09-2024;9.7;1;30;810;265;81;0;0;0;0;0;0;1;0;1;0;0;0;0;0;0;1;0;0;0;0;1;0
17;2.0;22.6;26.0;88.3;14.0;6.4;33;2;5;4;3.0;4.0;1.0;04-09-2024;14.17;0;30;930;293;75;0;0;1;0;0;0;0;0;1;0;0;0;0;0;0;0;1;0;0;0;1;0
25;0.0;29.4;11.0;68.4;28.0;51.0;42;4;7;1;1.0;3.0;3.0;20-09-2024;6.71;1;30;830;282;65;0;1;0;0;0;0;0;0;1;0;0;1;0;0;0;0;0;0;0;0;1;0
23;1.0;6.1;15.0;83.9;33.0;60.8;81;4;11;4;4.0;3.0;3.0;06-09-2024;14.86;0;28;710;325;60;1;0;0;0;0;0;0;0;1;0;0;0;0;0;1;0;0;0;0;0;1;0
25;1.0;7.5;5.0;66.2;19.0;28.8;50;7;8;1;2.0;5.0;2.0;10-09-2024;2.65;1;30;810;265;81;0;0;0;0;0;0;1;0;0;1;0;0;0;0;0;1;0;0;0;0;1;0
18;1.0;6.0;9.0;84.4;31.0;43.4;80;6;8;3;3.0;2.0;3.0;19-09-2024;15.15;0;30;810;265;81;0;0;0;0;0;0;1;0;1;0;0;0;0;0;0;1;0;0;0;0;1;0
17;2.0;17.2;13.0;65.5;19.0;31.5;33;3;8;1;3.0;3.0;4.0;13-09-2024;9.45;1;28;710;325;60;1;0;0;0;0;0;0;0;1;0;0;0;0;0;1;0;0;0;1;0;0;0
20;2.0;5.8;7.0;83.6;40.0;58.4;71;1;13;3;5.0;4.0;3.0;20-09-2024;18.57;0;30;930;293;75;0;0;1;0;0;0;0;0;0;0;1;0;0;0;0;0;1;0;0;1;0;0
21;0.0;0.8;;70.8;8.0;9.6;14;6;8;3;;3.0;4.0;02-09-2024;5.94;1;30;930;293;75;0;0;1;0;0;0;0;0;1;0;0;0;0;0;0;0;1;0;0;0;1;0
24;2.0;17.3;0.0;71.5;37.0;63.6;92;2;8;3;3.0;2.0;5.0;03-09-2024;19.7;0;30;810;265;81;0;0;0;0;0;0;1;0;1;0;0;0;0;0;0;1;0;0;0;0;1;0
19;0.0;28.6;7.0;83.6;25.0;49.6;63;1;11;3;4.0;4.0;4.0;16-09-2024;18.58;0;30;980;247;60;0;0;0;1;0;0;0;0;1;0;0;0;0;0;1;0;0;0;0;1;0;0
20;2.0;0.6;5.0;77.3;;47.8;69;3;6;3;2.0;4.0;3.0;06-09-2024;14.57;0;28;480;265;78;0;0;0;0;1;0;0;0;1;0;0;0;1;0;0;0;0;0;0;1;0;0
17;1.0;53.7;21.0;79.0;22.0;26.4;64;7;7;0;1.0;2.0;1.0;02-09-2024;3.18;1;28;480;265;78;0;0;0;0;1;0;0;0;0;1;0;0;1;0;0;0;0;0;0;0;1;0
17;2.0;4.0;;78.1;44.0;53.8;97;2;8;6;5.0;3.0;;25-09-2024;17.86;0;28;710;325;60;1;0;0;0;0;0;0;0;1;0;0;0;0;0;1;0;0;0;1;0;0;0
23;1.0;;0.0;74.6;36.0;59.7;67;3;10;5;5.0;4.0;4.0;09-09-2024;18.82;0;30;810;265;81;0;0;0;0;0;0;1;0;0;0;1;0;0;0;0;1;0;0;0;0;1;0
21;2.0;4.0;3.0;89.5;40.0;67.3;103;1;10;6;4.0;3.0;3.0;23-09-2024;14.63;0;30;830;282;65;0;1;0;0;0;0;0;0;0;0;1;1;0;0;0;0;0;0;1;0;0;0
18;;1.3;3.0;57.7;17.0;19.8;40;5;5;0;2.0;4.0;3.0;04-09-2024;2.43;1;28;480;265;78;0;0;0;0;1;0;0;0;1;0;0;0;1;0;0;0;0;0;0;0;1;0
17;2.0;2.1;;80.1;13.0;10.7;22;6;8;1;2.0;3.0;4.0;20-09-2024;4.57;1;30;830;282;65;0;1;0;0;0;0;0;0;0;0;1;1;0;0;0;0;0;0;0;1;0;0
18;2.0;8.8;;70.5;6.0;5.9;12;7;7;0;1.0;3.0;2.0;19-09-2024;6.09;1;30;980;247;60;0;0;0;1;0;0;0;0;0;1;0;0;0;0;1;0;0;0;0;0;0;1
22;2.0;8.6;;88.1;45.0;93.7;96;4;9;2;3.0;2.0;2.0;23-09-2024;16.63;0;30;810;265;81;0;0;0;0;0;0;1;0;1;0;0;0;0;0;0;1;0;0;1;0;0;0
21;0.0;30.6;13.0;72.1;26.0;67.9;61;5;9;1;4.0;2.0;2.0;20-09-2024;14.25;0;28;710;325;60;1;0;0;0;0;0;0;0;0;0;1;0;0;0;1;0;0;0;0;0;1;0
20;2.0;9.7;0.0;58.6;12.0;27.8;22;3;6;5;5.0;1.0;3.0;19-09-2024;3.91;1;30;620;263;66;0;0;0;0;0;0;0;1;1;0;0;0;0;1;0;0;0;0;0;0;1;0
21;2.0;7.0;19.0;95.0;39.0;99.7;103;4;8;2;4.0;;1.0;10-09-2024;19.0;0;30;620;263;66;0;0;0;0;0;0;0;1;1;0;0;0;0;1;0;0;0;0;0;0;1;0
21;0.0;53.3;6.0;79.3;18.0;14.3;42;6;6;1;3.0;1.0;1.0;27-09-2024;6.13;1;30;810;265;81;0;0;0;0;0;0;1;0;0;0;1;0;0;0;0;1;0;0;0;0;1;0
20;0.0;37.0;;98.3;44.0;63.3;127;0;13;10;5.0;3.0;3.0;24-09-2024;19.25;0;30;980;247;60;0;0;0;1;0;0;0;0;0;0;1;0;0;0;1;0;0;0;0;1;0;0
22;1.0;23.1;0.0;76.7;22.0;22.6;43;8;8;4;2.0;5.0;3.0;16-09-2024;9.0;1;30;830;282;65;0;1;0;0;0;0;0;0;1;0;0;1;0;0;0;0;0;0;0;1;0;0
20;0.0;20.7;11.0;76.1;22.0;34.3;44;1;10;1;2.0;3.0;3.0;05-09-2024;16.24;0;30;830;282;65;0;1;0;0;0;0;0;0;1;0;0;1;0;0;0;0;0;0;0;0;1;0
18;0.0;6.2;14.0;78.4;28.0;55.2;80;3;7;1;5.0;4.0;4.0;27-09-2024;18.85;0;30;930;293;75;0;0;1;0;0;0;0;0;0;1;0;0;0;0;0;0;1;0;0;0;1;0
22;0.0;2.1;3.0;75.2;47.0;70.1;84;7;8;7;3.0;4.0;5.0;11-09-2024;13.75;0;30;810;265;81;0;0;0;0;0;0;1;0;0;1;0;0;0;0;0;1;0;0;0;0;1;0
21;0.0;15.5;0.0;79.3;31.0;66.7;78;5;8;5;5.0;;3.0;19-09-2024;19.54;0;28;710;325;60;1;0;0;0;0;0;0;0;1;0;0;0;0;0;1;0;0;0;0;1;0;0
18;2.0;0.9;25.0;74.6;25.0;41.2;62;4;9;3;4.0;4.0;4.0;03-09-2024;16.49;0;28;710;325;60;1;0;0;0;0;0;0;0;1;0;0;0;0;0;1;0;0;0;0;0;1;0
19;1.0;4.9;0.0;81.5;37.0;17.9;55;4;7;2;4.0;2.0;1.0;09-09-2024;18.16;0;30;810;265;81;0;0;0;0;0;0;1;0;1;0;0;0;0;0;0;1;0;0;0;0;1;0
18;0.0;19.6;0.0;99.2;52.0;115.4;136;0;13;10;5.0;4.0;5.0;19-09-2024;19.17;0;30;620;263;66;0;0;0;0;0;0;0;1;0;0;1;0;0;1;0;0;0;0;0;0;0;1
22;0.0;6.8;0.0;72.5;58.0;110.0;112;2;12;5;5.0;;4.0;27-09-2024;18.72;0;30;810;265;81;0;0;0;0;0;0;1;0;1;0;0;0;0;0;0;1;0;0;1;0;0;0
21;1.0;25.9;0.0;98.9;51.0;59.3;129;1;10;10;5.0;3.0;5.0;19-09-2024;18.94;0;30;830;282;65;0;1;0;0;0;0;0;0;1;0;0;1;0;0;0;0;0;0;0;1;0;0
21;1.0;0.4;0.0;74.0;29.0;33.0;72;5;9;1;2.0;1.0;3.0;13-09-2024;8.42;1;30;980;247;60;0;0;0;1;0;0;0;0;1;0;0;0;0;0;1;0;0;0;0;0;1;0
19;1.0;3.2;7.0;71.7;33.0;43.6;55;2;7;3;4.0;3.0;2.0;17-09-2024;16.03;0;30;810;265;81;0;0;0;0;0;0;1;0;0;1;0;0;0;0;0;1;0;0;0;0;1;0
19;1.0;8.4;14.0;80.6;31.0;50.4;85;10;11;2;4.0;4.0;2.0;27-09-2024;15.64;0;30;620;263;66;0;0;0;0;0;0;0;1;1;0;0;0;0;1;0;0;0;0;0;0;1;0
22;0.0;5.4;6.0;63.1;;32.5;38;3;9;2;3.0;3.0;4.0;17-09-2024;18.47;0;28;550;256;64;0;0;0;0;0;1;0;0;1;0;0;0;0;0;1;0;0;0;0;0;1;0
20;3.0;11.9;11.0;68.2;25.0;33.3;57;6;8;3;3.0;1.0;3.0;16-09-2024;4.75;1;30;810;265;81;0;0;0;0;0;0;1;0;0;1;0;0;0;0;0;1;0;0;0;0;1;0
19;;24.9;11.0;95.8;27.0;44.9;68;3;8;4;2.0;3.0;4.0;25-09-2024;13.01;0;30;930;293;75;0;0;1;0;0;0;0;0;1;0;0;0;0;0;0;0;1;0;0;0;1;0
19;0.0;38.2;15.0;80.4;46.0;51.9;114;3;13;6;5.0;5.0;2.0;20-09-2024;16.38;0;30;980;247;60;0;0;0;1;0;0;0;0;0;0;1;0;0;0;1;0;0;0;0;0;1;0
21;0.0;13.9;0.0;58.0;10.0;15.8;28;7;7;0;1.0;2.0;1.0;18-09-2024;0.72;1;30;930;293;75;0;0;1;0;0;0;0;0;0;0;1;0;0;0;0;0;1;0;0;0;1;0
18;3.0;;12.0;76.7;40.0;73.3;126;3;11;7;5.0;4.0;3.0;26-09-2024;18.02;0;30;930;293;75;0;0;1;0;0;0;0;0;1;0;0;0;0;0;0;0;1;0;0;0;1;0
20;0.0;;0.0;54.9;15.0;22.3;35;6;12;0;3.0;3.0;2.0;04-09-2024;12.34;0;30;930;293;75;0;0;1;0;0;0;0;0;0;0;1;0;0;0;0;0;1;0;0;0;1;0
19;1.0;16.9;0.0;78.4;3.0;11.2;10;7;9;1;1.0;2.0;3.0;02-09-2024;10.85;0;30;930;293;75;0;0;1;0;0;0;0;0;1;0;0;0;0;0;0;0;1;0;0;0;1;0
18;2.0;24.7;0.0;73.1;13.0;22.8;36;2;6;4;4.0;4.0;1.0;23-09-2024;16.87;0;30;980;247;60;0;0;0;1;0;0;0;0;1;0;0;0;0;0;1;0;0;0;0;0;1;0
17;2.0;5.2;;80.4;34.0;62.8;60;6;8;2;2.0;3.0;2.0;13-09-2024;12.18;0;30;830;282;65;0;1;0;0;0;0;0;0;0;0;1;1;0;0;0;0;0;0;0;1;0;0
20;0.0;2.5;0.0;97.6;52.0;60.6;120;0;7;5;4.0;4.0;3.0;11-09-2024;17.25;0;30;830;282;65;0;1;0;0;0;0;0;0;1;0;0;1;0;0;0;0;0;0;0;0;1;0
20;0.0;38.7;;89.5;22.0;30.1;58;2;11;3;5.0;5.0;2.0;24-09-2024;14.49;0;30;980;247;60;0;0;0;1;0;0;0;0;1;0;0;0;0;0;1;0;0;0;0;0;1;0
25;0.0;1.6;;78.4;43.0;58.2;92;4;6;3;2.0;3.0;4.0;06-09-2024;13.31;0;30;830;282;65;0;1;0;0;0;0;0;0;1;0;0;1;0;0;0;0;0;0;0;0;1;0
19;;8.0;21.0;91.8;18.0;25.8;35;1;10;0;4.0;4.0;;13-09-2024;15.87;0;30;930;293;75;0;0;1;0;0;0;0;0;1;0;0;0;0;0;0;0;1;0;0;0;1;0
17;0.0;31.2;14.0;87.4;;33.5;47;2;9;4;3.0;4.0;3.0;10-09-2024;15.67;0;30;830;282;65;0;1;0;0;0;0;0;0;1;0;0;1;0;0;0;0;0;0;0;0;0;1
22;1.0;45.5;0.0;84.4;30.0;47.2;82;1;10;3;3.0;2.0;3.0;11-09-2024;14.87;0;30;810;265;81;0;0;0;0;0;0;1;0;0;0;1;0;0;0;0;1;0;0;0;0;1;0
19;2.0;24.8;0.0;75.4;18.0;26.0;59;5;6;3;2.0;2.0;1.0;11-09-2024;4.66;1;30;810;265;81;0;0;0;0;0;0;1;0;1;0;0;0;0;0;0;1;0;0;1;0;0;0
17;;18.7;;66.9;28.0;39.1;72;4;4;1;3.0;1.0;2.0;17-09-2024;3.76;1;30;930;293;75;0;0;1;0;0;0;0;0;1;0;0;0;0;0;0;0;1;0;0;0;0;1
21;0.0;;10.0;78.9;28.0;39.9;55;1;10;4;4.0;3.0;4.0;11-09-2024;14.25;0;30;980;247;60;0;0;0;1;0;0;0;0;1;0;0;0;0;0;1;0;0;0;0;0;1;0
18;1.0;16.4;0.0;92.7;44.0;48.5;84;2;12;4;5.0;3.0;3.0;09-09-2024;18.52;0;30;810;265;81;0;0;0;0;0;0;1;0;1;0;0;0;0;0;0;1;0;0;0;0;1;0
23;3.0;1.6;0.0;91.5;39.0;72.4;77;3;9;4;3.0;4.0;;06-09-2024;17.02;0;30;980;247;60;0;0;0;1;0;0;0;0;0;0;1;0;0;0;1;0;0;0;0;1;0;0
20;0.0;18.7;0.0;99.1;50.0;91.8;96;2;12;10;5.0;5.0;4.0;17-09-2024;16.59;0;30;620;263;66;0;0;0;0;0;0;0;1;0;1;0;0;0;1;0;0;0;0;0;0;1;0
22;0.0;6.2;0.0;85.2;35.0;66.4;70;6;7;5;3.0;3.0;4.0;03-09-2024;18.18;0;28;550;256;64;0;0;0;0;0;1;0;0;1;0;0;0;0;0;1;0;0;0;0;0;1;0
20;2.0;4.1;28.0;59.2;11.0;11.0;22;5;6;0;1.0;;2.0;16-09-2024;3.21;1;30;930;293;75;0;0;1;0;0;0;0;0;1;0;0;0;0;0;0;0;1;0;0;0;1;0
19;0.0;8.6;0.0;80.2;35.0;77.6;75;0;9;4;3.0;4.0;4.0;09-09-2024;15.32;0;30;930;293;75;0;0;1;0;0;0;0;0;0;0;1;0;0;0;0;0;1;0;0;0;1;0
21;1.0;12.5;8.0;77.2;22.0;28.7;43;6;7;0;2.0;2.0;3.0;27-09-2024;12.91;0;28;550;256;64;0;0;0;0;0;1;0;0;1;0;0;0;0;0;1;0;0;0;0;1;0;0
18;0.0;9.5;3.0;86.0;10.0;21.2;14;2;8;6;2.0;3.0;2.0;19-09-2024;13.05;0;28;710;325;60;1;0;0;0;0;0;0;0;0;0;1;0;0;0;1;0;0;0;0;0;1;0
18;3.0;26.0;0.0;66.1;26.0;28.4;41;5;8;1;5.0;2.0;4.0;03-09-2024;18.41;0;30;930;293;75;0;0;1;0;0;0;0;0;1;0;0;0;0;0;0;0;1;0;0;1;0;0
18;1.0;19.4;;76.5;;38.5;38;3;7;2;2.0;3.0;3.0;27-09-2024;13.49;0;28;710;325;60;1;0;0;0;0;0;0;0;0;0;1;0;0;0;1;0;0;0;0;0;0;1
20;1.0;35.3;0.0;93.8;40.0;76.0;93;3;10;3;3.0;5.0;3.0;26-09-2024;16.56;0;30;810;265;81;0;0;0;0;0;0;1;0;0;0;1;0;0;0;0;1;0;0;0;0;0;1
20;0.0;5.9;;85.3;41.0;42.0;106;6;8;4;4.0;5.0;;11-09-2024;12.05;0;30;930;293;75;0;0;1;0;0;0;0;0;1;0;0;0;0;0;0;0;1;0;0;0;1;0
18;1.0;0.2;0.0;81.0;14.0;16.7;39;6;6;2;2.0;3.0;4.0;23-09-2024;11.37;0;30;830;282;65;0;1;0;0;0;0;0;0;1;0;0;1;0;0;0;0;0;0;0;0;0;1
22;1.0;0.9;3.0;70.5;27.0;37.7;79;4;9;3;3.0;3.0;3.0;10-09-2024;14.42;0;28;710;325;60;1;0;0;0;0;0;0;0;1;0;0;0;0;0;1;0;0;0;0;1;0;0
23;3.0;23.3;12.0;69.3;25.0;34.6;79;9;11;0;3.0;3.0;2.0;02-09-2024;16.62;0;30;980;247;60;0;0;0;1;0;0;0;0;1;0;0;0;0;0;1;0;0;0;0;0;1;0
19;2.0;8.3;0.0;72.9;17.0;30.7;27;6;7;1;4.0;2.0;1.0;16-09-2024;6.52;1;30;810;265;81;0;0;0;0;0;0;1;0;0;0;1;0;0;0;0;1;0;0;0;0;1;0
21;1.0;75.2;16.0;79.4;15.0;37.2;38;7;7;0;2.0;1.0;1.0;10-09-2024;12.9;0;30;980;247;60;0;0;0;1;0;0;0;0;0;0;1;0;0;0;1;0;0;0;0;1;0;0
18;1.0;3.6;12.0;82.5;36.0;47.7;72;3;8;1;2.0;4.0;5.0;10-09-2024;19.02;0;30;930;293;75;0;0;1;0;0;0;0;0;1;0;0;0;0;0;0;0;1;0;1;0;0;0
21;1.0;56.8;4.0;73.4;24.0;25.9;59;6;9;5;4.0;3.0;3.0;02-09-2024;15.16;0;30;930;293;75;0;0;1;0;0;0;0;0;1;0;0;0;0;0;0;0;1;0;0;1;0;0
20;1.0;0.7;15.0;61.8;20.0;21.6;74;4;4;1;3.0;3.0;1.0;12-09-2024;4.32;1;28;710;325;60;1;0;0;0;0;0;0;0;0;0;1;0;0;0;1;0;0;0;0;0;1;0
20;0.0;9.1;3.0;96.1;72.0;85.1;176;0;8;6;5.0;3.0;5.0;09-09-2024;16.08;0;30;620;263;66;0;0;0;0;0;0;0;1;0;1;0;0;0;1;0;0;0;0;0;0;1;0
17;3.0;9.1;24.0;91.5;43.0;74.8;94;2;9;5;5.0;5.0;3.0;25-09-2024;18.64;0;30;980;247;60;0;0;0;1;0;0;0;0;0;1;0;0;0;0;1;0;0;0;0;0;1;0
22;2.0;13.4;8.0;85.1;37.0;57.7;97;2;7;5;4.0;4.0;5.0;18-09-2024;16.45;0;28;480;265;78;0;0;0;0;1;0;0;0;1;0;0;0;1;0;0;0;0;0;0;0;1;0
18;0.0;2.9;11.0;96.4;49.0;90.1;84;0;9;8;5.0;3.0;5.0;19-09-2024;18.89;0;30;810;265;81;0;0;0;0;0;0;1;0;1;0;0;0;0;0;0;1;0;0;0;0;1;0
18;0.0;26.0;;72.9;39.0;61.0;58;4;8;1;1.0;3.0;1.0;02-09-2024;3.52;1;30;830;282;65;0;1;0;0;0;0;0;0;1;0;0;1;0;0;0;0;0;0;0;0;0;1
21;1.0;;16.0;99.0;42.0;24.4;114;2;10;5;5.0;;4.0;18-09-2024;17.99;0;28;710;325;60;1;0;0;0;0;0;0;0;1;0;0;0;0;0;1;0;0;0;0;0;1;0
18;0.0;17.1;11.0;75.4;6.0;11.3;8;6;6;0;2.0;3.0;3.0;02-09-2024;5.36;1;30;980;247;60;0;0;0;1;0;0;0;0;1;0;0;0;0;0;1;0;0;0;1;0;0;0
20;;;;78.4;29.0;31.7;53;3;11;1;3.0;3.0;3.0;11-09-2024;5.73;1;30;930;293;75;0;0;1;0;0;0;0;0;0;0;1;0;0;0;0;0;1;0;0;0;0;1
19;0.0;2.3;26.0;80.9;35.0;54.1;83;4;8;3;5.0;5.0;4.0;25-09-2024;17.93;0;28;550;256;64;0;0;0;0;0;1;0;0;1;0;0;0;0;0;1;0;0;0;0;1;0;0
18;1.0;9.2;4.0;56.5;8.0;7.8;6;5;8;0;;2.0;;12-09-2024;6.94;1;30;830;282;65;0;1;0;0;0;0;0;0;1;0;0;1;0;0;0;0;0;0;0;0;1;0
19;0.0;5.1;14.0;46.9;12.0;13.3;35;7;7;1;2.0;2.0;3.0;26-09-2024;5.26;1;30;930;293;75;0;0;1;0;0;0;0;0;0;1;0;0;0;0;0;0;1;0;0;0;1;0
19;1.0;28.5;22.0;97.6;22.0;34.0;27;2;9;9;5.0;5.0;3.0;25-09-2024;18.81;0;30;620;263;66;0;0;0;0;0;0;0;1;0;0;1;0;0;1;0;0;0;0;0;1;0;0
19;0.0;17.2;10.0;69.6;30.0;45.1;99;1;6;4;2.0;2.0;5.0;19-09-2024;13.51;0;30;810;265;81;0;0;0;0;0;0;1;0;0;0;1;0;0;0;0;1;0;0;0;0;1;0
18;2.0;12.5;16.0;77.8;31.0;52.1;72;5;5;2;3.0;3.0;3.0;20-09-2024;5.77;1;30;930;293;75;0;0;1;0;0;0;0;0;0;1;0;0;0;0;0;0;1;0;0;1;0;0
18;2.0;37.5;;72.1;34.0;73.5;57;6;7;3;;3.0;4.0;18-09-2024;4.31;1;28;710;325;60;1;0;0;0;0;0;0;0;0;0;1;0;0;0;1;0;0;0;0;0;1;0
19;1.0;44.8;8.0;64.2;24.0;37.4;44;5;6;2;4.0;1.0;3.0;12-09-2024;5.25;1;30;810;265;81;0;0;0;0;0;0;1;0;0;1;0;0;0;0;0;1;0;0;0;0;1;0
22;1.0;5.8;;94.2;31.0;62.4;54;1;10;4;3.0;3.0;3.0;02-09-2024;14.26;0;28;710;325;60;1;0;0;0;0;0;0;0;0;0;1;0;0;0;1;0;0;0;0;0;0;1
22;1.0;17.5;17.0;79.8;18.0;22.9;39;7;10;7;3.0;3.0;2.0;09-09-2024;15.78;0;30;980;247;60;0;0;0;1;0;0;0;0;1;0;0;0;0;0;1;0;0;0;1;0;0;0
17;1.0;2.3;10.0;80.6;41.0;79.1;96;8;9;8;3.0;3.0;2.0;13-09-2024;16.99;0;28;710;325;60;1;0;0;0;0;0;0;0;1;0;0;0;0;0;1;0;0;0;0;0;1;0
20;0.0;3.3;24.0;98.2;38.0;52.8;104;0;12;5;1.0;5.0;3.0;12-09-2024;14.14;0;30;810;265;81;0;0;0;0;0;0;1;0;0;1;0;0;0;0;0;1;0;0;1;0;0;0
19;0.0;5.6;;79.8;24.0;31.0;34;0;9;3;4.0;3.0;3.0;24-09-2024;16.55;0;30;620;263;66;0;0;0;0;0;0;0;1;1;0;0;0;0;1;0;0;0;0;0;0;1;0
18;1.0;12.3;;72.5;10.0;12.7;15;3;6;1;;4.0;2.0;26-09-2024;2.16;1;30;930;293;75;0;0;1;0;0;0;0;0;0;1;0;0;0;0;0;0;1;0;0;0;1;0
20;0.0;32.3;;98.4;44.0;52.5;78;1;8;6;5.0;4.0;3.0;13-09-2024;17.96;0;30;810;265;81;0;0;0;0;0;0;1;0;0;0;1;0;0;0;0;1;0;0;0;1;0;0
18;3.0;1.5;;79.6;28.0;61.8;59;7;10;2;3.0;4.0;;04-09-2024;15.12;0;30;810;265;81;0;0;0;0;0;0;1;0;1;0;0;0;0;0;0;1;0;0;0;0;1;0
19;1.0;11.0;0.0;82.7;23.0;35.4;63;1;8;1;3.0;;3.0;12-09-2024;12.84;0;30;980;247;60;0;0;0;1;0;0;0;0;0;0;1;0;0;0;1;0;0;0;0;0;1;0
19;0.0;3.6;8.0;74.5;21.0;20.9;48;3;8;4;4.0;5.0;4.0;27-09-2024;14.3;0;30;810;265;81;0;0;0;0;0;0;1;0;0;1;0;0;0;0;0;1;0;0;0;1;0;0
19;0.0;28.3;0.0;80.2;34.0;63.1;66;3;8;1;3.0;3.0;1.0;19-09-2024;17.05;0;30;620;263;66;0;0;0;0;0;0;0;1;1;0;0;0;0;1;0;0;0;0;0;0;1;0
18;1.0;1.0;0.0;58.9;50.0;77.3;110;0;12;6;3.0;3.0;5.0;20-09-2024;17.12;0;30;810;265;81;0;0;0;0;0;0;1;0;1;0;0;0;0;0;0;1;0;0;0;0;1;0
19;1.0;10.7;8.0;64.5;;21.8;25;2;10;2;3.0;3.0;4.0;02-09-2024;9.05;1;30;930;293;75;0;0;1;0;0;0;0;0;1;0;0;0;0;0;0;0;1;0;0;0;1;0
19;0.0;63.1;0.0;80.5;29.0;52.4;62;4;8;2;3.0;3.0;2.0;03-09-2024;18.18;0;30;620;263;66;0;0;0;0;0;0;0;1;1;0;0;0;0;1;0;0;0;0;0;0;1;0
20;2.0;13.2;8.0;77.6;19.0;31.5;33;5;6;0;3.0;4.0;1.0;03-09-2024;16.06;0;30;620;263;66;0;0;0;0;0;0;0;1;0;0;1;0;0;1;0;0;0;0;0;0;1;0
22;1.0;30.9;0.0;55.2;21.0;22.2;62;5;8;0;3.0;4.0;2.0;09-09-2024;11.74;0;30;810;265;81;0;0;0;0;0;0;1;0;1;0;0;0;0;0;0;1;0;1;0;0;0;0
17;0.0;3.8;3.0;95.0;36.0;54.2;82;0;12;3;4.0;4.0;5.0;16-09-2024;19.04;0;28;710;325;60;1;0;0;0;0;0;0;0;1;0;0;0;0;0;1;0;0;0;0;0;1;0
18;0.0;1.2;10.0;66.3;19.0;34.6;43;5;7;0;1.0;4.0;3.0;05-09-2024;6.94;1;30;980;247;60;0;0;0;1;0;0;0;0;1;0;0;0;0;0;1;0;0;0;0;1;0;0
20;0.0;14.4;0.0;60.3;8.0;11.5;9;7;7;0;4.0;4.0;2.0;18-09-2024;6.47;1;30;980;247;60;0;0;0;1;0;0;0;0;1;0;0;0;0;0;1;0;0;0;0;0;1;0
18;1.0;49.8;0.0;85.7;33.0;61.9;80;5;7;5;4.0;3.0;3.0;17-09-2024;17.3;0;28;480;265;78;0;0;0;0;1;0;0;0;1;0;0;0;1;0;0;0;0;0;0;1;0;0
21;1.0;13.1;10.0;69.3;29.0;49.4;65;6;11;3;5.0;3.0;1.0;02-09-2024;17.53;0;30;980;247;60;0;0;0;1;0;0;0;0;1;0;0;0;0;0;1;0;0;0;0;1;0;0
19;1.0;23.4;0.0;79.6;45.0;81.2;111;4;9;1;3.0;4.0;2.0;23-09-2024;15.6;0;30;830;282;65;0;1;0;0;0;0;0;0;0;0;1;1;0;0;0;0;0;0;0;0;1;0
18;0.0;7.8;0.0;79.6;16.0;12.9;25;1;9;2;2.0;2.0;4.0;13-09-2024;14.33;0;30;810;265;81;0;0;0;0;0;0;1;0;1;0;0;0;0;0;0;1;0;0;0;0;1;0
18;0.0;3.6;0.0;81.2;33.0;50.4;72;1;8;1;3.0;3.0;3.0;11-09-2024;14.54;0;28;550;256;64;0;0;0;0;0;1;0;0;1;0;0;0;0;0;1;0;0;0;0;1;0;0
21;1.0;13.4;0.0;83.0;38.0;39.1;111;3;7;7;5.0;3.0;5.0;02-09-2024;15.66;0;28;710;325;60;1;0;0;0;0;0;0;0;1;0;0;0;0;0;1;0;0;0;0;0;1;0
19;2.0;3.1;0.0;94.6;21.0;32.7;39;5;13;5;5.0;4.0;5.0;23-09-2024;17.12;0;30;830;282;65;0;1;0;0;0;0;0;0;0;0;1;1;0;0;0;0;0;0;0;1;0;0
20;0.0;11.3;;93.7;32.0;47.0;92;0;10;6;5.0;5.0;1.0;12-09-2024;16.21;0;28;710;325;60;1;0;0;0;0;0;0;0;1;0;0;0;0;0;1;0;0;0;0;0;1;0
20;0.0;91.7;0.0;87.6;31.0;37.8;61;3;11;2;5.0;4.0;1.0;20-09-2024;15.76;0;30;930;293;75;0;0;1;0;0;0;0;0;1;0;0;0;0;0;0;0;1;0;0;1;0;0
18;2.0;11.3;;70.8;21.0;11.7;57;4;6;0;2.0;4.0;1.0;27-09-2024;9.75;1;28;480;265;78;0;0;0;0;1;0;0;0;0;0;1;0;1;0;0;0;0;0;0;0;1;0
20;0.0;0.0;;66.2;30.0;35.6;75;5;6;5;4.0;;3.0;16-09-2024;13.24;0;30;810;265;81;0;0;0;0;0;0;1;0;0;1;0;0;0;0;0;1;0;0;0;0;1;0
22;1.0;3.5;;58.0;15.0;26.5;35;4;9;1;2.0;1.0;3.0;23-09-2024;3.37;1;30;930;293;75;0;0;1;0;0;0;0;0;1;0;0;0;0;0;0;0;1;1;0;0;0;0
21;0.0;1.3;0.0;80.6;41.0;56.0;63;4;7;3;4.0;5.0;5.0;11-09-2024;16.25;0;28;710;325;60;1;0;0;0;0;0;0;0;1;0;0;0;0;0;1;0;0;0;0;0;1;0
20;;4.4;0.0;83.6;44.0;46.1;94;3;7;6;4.0;4.0;3.0;16-09-2024;15.88;0;30;930;293;75;0;0;1;0;0;0;0;0;0;1;0;0;0;0;0;0;1;0;0;0;1;0
23;0.0;27.3;0.0;93.0;45.0;46.6;100;4;8;5;5.0;4.0;3.0;19-09-2024;16.18;0;28;480;265;78;0;0;0;0;1;0;0;0;1;0;0;0;1;0;0;0;0;0;1;0;0;0
19;0.0;4.1;;81.2;42.0;61.2;91;4;11;3;3.0;3.0;4.0;05-09-2024;17.24;0;28;710;325;60;1;0;0;0;0;0;0;0;1;0;0;0;0;0;1;0;0;1;0;0;0;0
18;0.0;18.2;20.0;69.3;10.0;9.1;20;4;8;0;3.0;3.0;1.0;11-09-2024;15.54;0;30;830;282;65;0;1;0;0;0;0;0;0;1;0;0;1;0;0;0;0;0;0;0;0;1;0
23;1.0;33.9;0.0;62.2;24.0;35.8;46;7;8;1;2.0;4.0;3.0;23-09-2024;9.51;1;30;810;265;81;0;0;0;0;0;0;1;0;1;0;0;0;0;0;0;1;0;0;0;0;1;0
17;2.0;6.2;;57.6;4.0;6.4;2;5;7;0;1.0;3.0;2.0;26-09-2024;5.11;1;30;620;263;66;0;0;0;0;0;0;0;1;0;0;1;0;0;1;0;0;0;0;0;1;0;0
21;0.0;2.9;24.0;98.9;41.0;60.1;78;2;11;3;5.0;5.0;4.0;19-09-2024;19.06;0;30;930;293;75;0;0;1;0;0;0;0;0;0;0;1;0;0;0;0;0;1;0;0;1;0;0
19;2.0;9.9;0.0;69.6;20.0;30.2;36;0;8;1;4.0;3.0;2.0;25-09-2024;8.59;1;28;710;325;60;1;0;0;0;0;0;0;0;1;0;0;0;0;0;1;0;0;0;0;0;1;0
20;0.0;8.2;;81.3;33.0;57.1;56;5;5;2;;4.0;2.0;11-09-2024;13.41;0;30;830;282;65;0;1;0;0;0;0;0;0;0;0;1;1;0;0;0;0;0;0;0;0;1;0
23;0.0;11.3;24.0;85.5;41.0;78.6;116;2;11;2;2.0;4.0;4.0;16-09-2024;14.77;0;30;980;247;60;0;0;0;1;0;0;0;0;1;0;0;0;0;0;1;0;0;0;0;0;0;1
21;0.0;1.3;26.0;76.4;52.0;77.9;133;3;9;8;4.0;2.0;4.0;17-09-2024;16.22;0;30;930;293;75;0;0;1;0;0;0;0;0;1;0;0;0;0;0;0;0;1;0;0;0;1;0
19;1.0;10.3;11.0;78.6;39.0;49.0;107;1;11;6;3.0;4.0;4.0;09-09-2024;18.37;0;28;710;325;60;1;0;0;0;0;0;0;0;1;0;0;0;0;0;1;0;0;0;0;0;1;0
27;2.0;1.8;21.0;50.6;0.0;0.0;0;5;5;0;1.0;3.0;3.0;09-09-2024;1.86;1;28;710;325;60;1;0;0;0;0;0;0;0;1;0;0;0;0;0;1;0;0;0;0;0;1;0
23;0.0;12.6;0.0;86.9;35.0;74.5;71;3;10;3;5.0;;2.0;17-09-2024;15.25;0;28;480;265;78;0;0;0;0;1;0;0;0;1;0;0;0;1;0;0;0;0;0;0;0;1;0
23;1.0;74.3;0.0;69.1;;38.2;90;4;7;2;2.0;;1.0;06-09-2024;4.64;1;30;810;265;81;0;0;0;0;0;0;1;0;0;1;0;0;0;0;0;1;0;0;0;0;0;1
24;2.0;12.5;24.0;37.2;0.0;0.0;0;1;1;0;2.0;4.0;3.0;11-09-2024;5.67;1;28;480;265;78;0;0;0;0;1;0;0;0;1;0;0;0;1;0;0;0;0;0;0;0;0;1
20;0.0;6.6;;89.0;38.0;39.0;57;4;12;0;2.0;2.0;2.0;26-09-2024;17.37;0;30;830;282;65;0;1;0;0;0;0;0;0;0;0;1;1;0;0;0;0;0;0;0;0;1;0
19;2.0;2.3;;93.6;30.0;47.8;64;0;8;1;4.0;4.0;2.0;25-09-2024;17.78;0;28;480;265;78;0;0;0;0;1;0;0;0;1;0;0;0;1;0;0;0;0;0;0;0;1;0
19;2.0;1.1;13.0;82.9;26.0;39.2;52;1;6;3;;3.0;4.0;16-09-2024;16.61;0;30;620;263;66;0;0;0;0;0;0;0;1;0;1;0;0;0;1;0;0;0;0;0;0;1;0
20;0.0;15.2;0.0;89.1;38.0;44.6;79;2;10;3;3.0;4.0;3.0;17-09-2024;15.79;0;28;710;325;60;1;0;0;0;0;0;0;0;0;0;1;0;0;0;1;0;0;0;0;0;1;0
20;1.0;5.4;0.0;86.3;52.0;72.1;92;2;10;2;5.0;4.0;3.0;12-09-2024;18.69;0;30;980;247;60;0;0;0;1;0;0;0;0;1;0;0;0;0;0;1;0;0;0;0;0;1;0
19;2.0;10.1;0.0;69.0;7.0;6.1;1;5;11;0;;4.0;2.0;16-09-2024;7.03;1;30;810;265;81;0;0;0;0;0;0;1;0;1;0;0;0;0;0;0;1;0;0;0;0;1;0
20;0.0;2.7;;65.3;34.0;58.6;62;7;7;0;3.0;;3.0;17-09-2024;4.96;1;30;830;282;65;0;1;0;0;0;0;0;0;1;0;0;1;0;0;0;0;0;0;0;0;0;1
19;1.0;4.4;28.0;84.1;33.0;56.0;98;4;9;4;2.0;3.0;2.0;12-09-2024;13.94;0;30;810;265;81;0;0;0;0;0;0;1;0;1;0;0;0;0;0;0;1;0;0;0;1;0;0
19;;4.8;24.0;92.2;44.0;63.3;130;1;12;7;4.0;5.0;4.0;04-09-2024;17.59;0;30;830;282;65;0;1;0;0;0;0;0;0;0;0;1;1;0;0;0;0;0;0;0;0;1;0
21;1.0;;;82.5;46.0;78.2;80;4;12;9;5.0;4.0;2.0;26-09-2024;17.6;0;30;830;282;65;0;1;0;0;0;0;0;0;1;0;0;1;0;0;0;0;0;0;0;0;1;0
22;2.0;14.1;23.0;87.6;31.0;30.1;70;2;8;6;5.0;4.0;4.0;12-09-2024;18.34;0;30;930;293;75;0;0;1;0;0;0;0;0;1;0;0;0;0;0;0;0;1;0;0;0;0;1
24;0.0;13.6;12.0;76.8;25.0;24.1;55;2;7;1;2.0;3.0;5.0;13-09-2024;13.57;0;30;930;293;75;0;0;1;0;0;0;0;0;1;0;0;0;0;0;0;0;1;1;0;0;0;0
20;;21.9;11.0;89.2;26.0;38.2;31;2;13;1;5.0;3.0;4.0;04-09-2024;16.71;0;30;930;293;75;0;0;1;0;0;0;0;0;1;0;0;0;0;0;0;0;1;0;0;0;1;0
18;0.0;2.8;11.0;81.8;39.0;77.3;80;0;7;10;5.0;4.0;3.0;27-09-2024;18.23;0;30;980;247;60;0;0;0;1;0;0;0;0;1;0;0;0;0;0;1;0;0;0;0;1;0;0
21;2.0;11.1;0.0;74.9;25.0;30.3;50;5;7;2;3.0;4.0;2.0;20-09-2024;14.37;0;28;550;256;64;0;0;0;0;0;1;0;0;1;0;0;0;0;0;1;0;0;0;0;1;0;0
18;0.0;0.8;10.0;94.3;56.0;82.9;118;1;8;5;4.0;5.0;5.0;10-09-2024;18.66;0;30;810;265;81;0;0;0;0;0;0;1;0;1;0;0;0;0;0;0;1;0;0;0;0;1;0
22;0.0;23.8;11.0;80.1;23.0;39.2;45;4;8;2;4.0;2.0;2.0;04-09-2024;17.27;0;28;480;265;78;0;0;0;0;1;0;0;0;1;0;0;0;1;0;0;0;0;0;0;0;1;0
18;0.0;22.5;0.0;78.9;23.0;25.3;37;2;9;5;3.0;3.0;4.0;23-09-2024;13.47;0;30;830;282;65;0;1;0;0;0;0;0;0;0;0;1;1;0;0;0;0;0;0;0;0;0;1
20;0.0;19.5;5.0;82.6;46.0;63.9;79;2;6;5;4.0;3.0;4.0;25-09-2024;16.67;0;30;810;265;81;0;0;0;0;0;0;1;0;1;0;0;0;0;0;0;1;0;0;0;0;1;0
21;0.0;28.0;18.0;59.1;3.0;2.9;1;7;7;2;3.0;1.0;3.0;11-09-2024;2.1;1;30;930;293;75;0;0;1;0;0;0;0;0;0;1;0;0;0;0;0;0;1;0;0;1;0;0
19;1.0;3.8;0.0;60.7;3.0;6.2;11;4;4;1;1.0;2.0;2.0;16-09-2024;1.98;1;28;710;325;60;1;0;0;0;0;0;0;0;0;1;0;0;0;0;1;0;0;0;0;1;0;0
21;1.0;25.7;11.0;69.3;38.0;83.5;90;1;6;1;4.0;4.0;;13-09-2024;16.06;0;30;620;263;66;0;0;0;0;0;0;0;1;0;0;1;0;0;1;0;0;0;0;0;1;0;0
23;0.0;9.6;;94.3;35.0;59.1;88;1;12;3;4.0;2.0;5.0;19-09-2024;15.34;0;30;810;265;81;0;0;0;0;0;0;1;0;1;0;0;0;0;0;0;1;0;0;1;0;0;0
24;0.0;13.1;8.0;76.8;;6.7;6;3;7;2;3.0;;;16-09-2024;11.62;0;30;620;263;66;0;0;0;0;0;0;0;1;0;1;0;0;0;1;0;0;0;1;0;0;0;0
19;1.0;12.7;7.0;72.1;13.0;22.4;33;4;5;2;4.0;5.0;;11-09-2024;16.61;0;30;930;293;75;0;0;1;0;0;0;0;0;1;0;0;0;0;0;0;0;1;0;0;0;1;0
21;0.0;1.1;24.0;65.6;24.0;23.4;56;3;10;2;3.0;4.0;3.0;24-09-2024;8.09;1;30;930;293;75;0;0;1;0;0;0;0;0;1;0;0;0;0;0;0;0;1;0;0;1;0;0
20;0.0;4.2;10.0;64.8;17.0;19.1;57;4;8;1;2.0;;3.0;18-09-2024;5.08;1;30;830;282;65;0;1;0;0;0;0;0;0;0;0;1;1;0;0;0;0;0;0;0;0;1;0
18;0.0;10.5;;75.3;40.0;56.3;84;3;8;2;3.0;4.0;3.0;05-09-2024;16.43;0;30;980;247;60;0;0;0;1;0;0;0;0;1;0;0;0;0;0;1;0;0;0;0;0;1;0
20;2.0;7.4;0.0;83.6;48.0;83.7;113;2;8;3;4.0;2.0;3.0;11-09-2024;17.52;0;30;810;265;81;0;0;0;0;0;0;1;0;1;0;0;0;0;0;0;1;0;0;0;0;1;0
20;;1.3;4.0;67.8;16.0;35.0;47;5;7;2;1.0;3.0;2.0;26-09-2024;4.68;1;30;830;282;65;0;1;0;0;0;0;0;0;0;0;1;1;0;0;0;0;0;0;0;1;0;0
22;;1.6;6.0;66.0;8.0;15.9;21;4;6;0;1.0;3.0;3.0;26-09-2024;6.69;1;30;930;293;75;0;0;1;0;0;0;0;0;1;0;0;0;0;0;0;0;1;0;0;0;1;0
17;;20.7;23.0;71.8;23.0;30.4;67;4;6;6;2.0;3.0;3.0;24-09-2024;7.21;1;30;810;265;81;0;0;0;0;0;0;1;0;0;0;1;0;0;0;0;1;0;0;0;0;1;0
21;2.0;7.5;23.0;92.8;19.0;34.6;41;4;8;3;2.0;4.0;3.0;03-09-2024;15.43;0;30;830;282;65;0;1;0;0;0;0;0;0;0;0;1;1;0;0;0;0;0;0;0;0;1;0
20;2.0;5.9;25.0;66.8;26.0;41.2;57;7;9;5;3.0;2.0;3.0;26-09-2024;13.22;0;30;620;263;66;0;0;0;0;0;0;0;1;1;0;0;0;0;1;0;0;0;0;0;0;0;1
18;1.0;7.6;12.0;69.9;11.0;14.1;11;4;5;0;3.0;2.0;1.0;24-09-2024;1.99;1;28;710;325;60;1;0;0;0;0;0;0;0;1;0;0;0;0;0;1;0;0;0;0;0;1;0
20;1.0;27.3;25.0;87.4;53.0;108.8;106;2;12;8;5.0;4.0;;13-09-2024;16.32;0;30;930;293;75;0;0;1;0;0;0;0;0;0;0;1;0;0;0;0;0;1;0;0;0;1;0
19;1.0;1.2;;64.3;17.0;18.8;42;3;11;1;4.0;2.0;3.0;19-09-2024;13.74;0;30;810;265;81;0;0;0;0;0;0;1;0;1;0;0;0;0;0;0;1;0;0;0;0;1;0
18;3.0;4.2;11.0;97.0;55.0;80.4;108;2;11;6;5.0;5.0;5.0;04-09-2024;19.38;0;30;620;263;66;0;0;0;0;0;0;0;1;0;1;0;0;0;1;0;0;0;1;0;0;0;0
20;1.0;43.0;0.0;90.8;21.0;38.5;40;1;8;6;4.0;4.0;1.0;17-09-2024;17.9;0;30;830;282;65;0;1;0;0;0;0;0;0;1;0;0;1;0;0;0;0;0;0;0;1;0;0
17;0.0;3.7;;76.0;28.0;59.1;59;6;9;3;2.0;4.0;;02-09-2024;11.24;0;30;810;265;81;0;0;0;0;0;0;1;0;1;0;0;0;0;0;0;1;0;0;0;1;0;0
24;1.0;8.1;;81.8;38.0;76.7;56;3;8;2;4.0;;2.0;16-09-2024;16.98;0;30;930;293;75;0;0;1;0;0;0;0;0;0;0;1;0;0;0;0;0;1;0;0;1;0;0
17;3.0;13.7;25.0;71.5;22.0;52.3;41;5;9;1;3.0;3.0;3.0;18-09-2024;12.28;0;30;980;247;60;0;0;0;1;0;0;0;0;0;0;1;0;0;0;1;0;0;0;0;0;1;0
19;2.0;3.2;23.0;79.8;8.0;9.5;21;6;7;0;3.0;4.0;2.0;26-09-2024;7.75;1;30;930;293;75;0;0;1;0;0;0;0;0;1;0;0;0;0;0;0;0;1;0;0;0;1;0
19;3.0;6.0;0.0;82.8;28.0;49.8;62;6;6;2;2.0;4.0;4.0;24-09-2024;12.22;0;28;710;325;60;1;0;0;0;0;0;0;0;0;0;1;0;0;0;1;0;0;0;0;1;0;0
19;1.0;0.8;24.0;96.6;68.0;64.5;199;0;8;8;5.0;5.0;5.0;27-09-2024;17.58;0;30;930;293;75;0;0;1;0;0;0;0;0;0;1;0;0;0;0;0;0;1;0;0;0;1;0
17;3.0;12.6;12.0;71.2;29.0;52.9;72;4;7;6;4.0;3.0;2.0;20-09-2024;13.43;0;30;830;282;65;0;1;0;0;0;0;0;0;1;0;0;1;0;0;0;0;0;0;0;1;0;0
19;2.0;7.2;0.0;63.4;26.0;48.4;53;6;7;4;2.0;3.0;;06-09-2024;5.99;1;28;710;325;60;1;0;0;0;0;0;0;0;1;0;0;0;0;0;1;0;0;0;0;0;1;0
18;1.0;16.5;9.0;86.2;52.0;71.1;119;1;7;1;4.0;5.0;3.0;27-09-2024;18.65;0;30;980;247;60;0;0;0;1;0;0;0;0;1;0;0;0;0;0;1;0;0;0;0;0;1;0
21;;6.3;13.0;86.7;31.0;39.7;49;0;9;1;3.0;5.0;4.0;17-09-2024;18.74;0;30;810;265;81;0;0;0;0;0;0;1;0;1;0;0;0;0;0;0;1;0;0;0;0;1;0
19;0.0;19.9;0.0;86.0;29.0;52.3;72;3;11;3;4.0;5.0;3.0;25-09-2024;15.01;0;30;980;247;60;0;0;0;1;0;0;0;0;1;0;0;0;0;0;1;0;0;0;0;0;1;0
19;1.0;22.2;0.0;92.4;49.0;38.2;104;1;10;4;5.0;4.0;2.0;05-09-2024;18.19;0;28;550;256;64;0;0;0;0;0;1;0;0;1;0;0;0;0;0;1;0;0;0;0;0;1;0
19;1.0;8.1;0.0;64.2;3.0;10.1;9;4;6;2;2.0;2.0;1.0;04-09-2024;4.39;1;30;810;265;81;0;0;0;0;0;0;1;0;1;0;0;0;0;0;0;1;0;0;0;0;1;0
19;2.0;10.9;0.0;95.1;52.0;94.2;145;1;10;9;5.0;4.0;4.0;20-09-2024;19.7;0;30;830;282;65;0;1;0;0;0;0;0;0;1;0;0;1;0;0;0;0;0;0;0;0;1;0
20;0.0;14.4;9.0;80.1;44.0;80.5;102;1;8;5;5.0;4.0;;06-09-2024;18.11;0;30;930;293;75;0;0;1;0;0;0;0;0;0;0;1;0;0;0;0;0;1;0;0;0;1;0
19;3.0;2.2;0.0;76.2;27.0;37.9;76;7;8;1;3.0;3.0;3.0;03-09-2024;7.41;1;30;810;265;81;0;0;0;0;0;0;1;0;1;0;0;0;0;0;0;1;0;0;0;0;1;0
18;2.0;13.9;0.0;88.8;44.0;74.4;104;4;10;4;4.0;2.0;3.0;04-09-2024;18.66;0;30;830;282;65;0;1;0;0;0;0;0;0;1;0;0;1;0;0;0;0;0;0;0;0;0;1
19;0.0;25.6;0.0;78.5;37.0;80.8;83;2;7;11;4.0;5.0;4.0;16-09-2024;17.43;0;30;980;247;60;0;0;0;1;0;0;0;0;1;0;0;0;0;0;1;0;0;0;0;0;1;0
21;0.0;1.0;13.0;85.1;30.0;35.9;48;5;11;2;3.0;5.0;4.0;11-09-2024;16.47;0;30;980;247;60;0;0;0;1;0;0;0;0;1;0;0;0;0;0;1;0;0;0;0;1;0;0
20;2.0;8.1;15.0;88.2;23.0;37.4;43;5;9;4;;3.0;3.0;13-09-2024;14.52;0;28;710;325;60;1;0;0;0;0;0;0;0;1;0;0;0;0;0;1;0;0;0;0;0;1;0
18;0.0;10.7;7.0;89.5;;63.3;83;0;7;4;2.0;4.0;4.0;23-09-2024;15.75;0;28;480;265;78;0;0;0;0;1;0;0;0;0;1;0;0;1;0;0;0;0;0;0;0;1;0
18;3.0;20.4;16.0;78.6;37.0;43.4;103;3;10;7;5.0;4.0;;18-09-2024;16.6;0;30;810;265;81;0;0;0;0;0;0;1;0;1;0;0;0;0;0;0;1;0;0;0;0;1;0
18;2.0;7.7;0.0;90.4;25.0;40.2;45;2;6;3;2.0;1.0;3.0;11-09-2024;12.5;0;30;930;293;75;0;0;1;0;0;0;0;0;1;0;0;0;0;0;0;0;1;0;0;0;1;0
20;2.0;4.0;0.0;81.8;;46.5;52;2;10;4;;;3.0;03-09-2024;18.03;0;30;930;293;75;0;0;1;0;0;0;0;0;1;0;0;0;0;0;0;0;1;0;0;1;0;0
21;0.0;14.0;0.0;85.9;25.0;44.1;45;4;5;2;2.0;;3.0;24-09-2024;13.06;0;30;830;282;65;0;1;0;0;0;0;0;0;0;0;1;1;0;0;0;0;0;0;0;0;1;0
18;1.0;1.7;0.0;81.2;28.0;49.5;63;2;11;1;5.0;3.0;2.0;18-09-2024;18.03;0;30;980;247;60;0;0;0;1;0;0;0;0;1;0;0;0;0;0;1;0;0;0;0;0;1;0
19;2.0;6.8;7.0;68.1;30.0;41.1;78;2;8;4;5.0;2.0;3.0;03-09-2024;14.12;0;30;830;282;65;0;1;0;0;0;0;0;0;1;0;0;1;0;0;0;0;0;0;0;0;1;0
24;3.0;6.4;24.0;76.8;32.0;48.1;72;6;7;6;4.0;2.0;1.0;09-09-2024;15.89;0;30;980;247;60;0;0;0;1;0;0;0;0;0;0;1;0;0;0;1;0;0;0;0;0;0;1
20;0.0;17.8;8.0;72.2;16.0;22.3;34;0;6;0;1.0;2.0;2.0;11-09-2024;16.32;0;30;980;247;60;0;0;0;1;0;0;0;0;0;0;1;0;0;0;1;0;0;0;0;0;1;0
17;1.0;17.9;0.0;85.9;27.0;45.7;65;3;9;8;4.0;3.0;;02-09-2024;12.86;0;30;930;293;75;0;0;1;0;0;0;0;0;0;0;1;0;0;0;0;0;1;0;0;1;0;0
24;2.0;0.0;24.0;77.0;38.0;78.7;72;6;10;2;4.0;2.0;3.0;11-09-2024;16.92;0;30;810;265;81;0;0;0;0;0;0;1;0;1;0;0;0;0;0;0;1;0;0;0;1;0;0
20;3.0;35.9;3.0;44.0;0.0;0.0;0;4;4;0;;1.0;1.0;25-09-2024;2.32;1;30;930;293;75;0;0;1;0;0;0;0;0;1;0;0;0;0;0;0;0;1;0;0;0;1;0
20;;5.5;13.0;94.9;39.0;74.0;93;3;10;3;5.0;3.0;4.0;16-09-2024;16.5;0;30;810;265;81;0;0;0;0;0;0;1;0;0;0;1;0;0;0;0;1;0;0;0;0;1;0
17;2.0;6.7;6.0;85.7;30.0;28.4;76;6;8;2;3.0;5.0;1.0;04-09-2024;15.8;0;30;980;247;60;0;0;0;1;0;0;0;0;1;0;0;0;0;0;1;0;0;0;0;0;1;0
18;2.0;12.2;10.0;70.1;25.0;13.4;63;6;11;2;4.0;3.0;1.0;06-09-2024;14.5;0;30;980;247;60;0;0;0;1;0;0;0;0;0;0;1;0;0;0;1;0;0;0;0;0;1;0
23;3.0;7.3;11.0;99.4;29.0;39.2;83;0;11;7;5.0;4.0;4.0;06-09-2024;14.48;0;28;480;265;78;0;0;0;0;1;0;0;0;0;0;1;0;1;0;0;0;0;0;0;0;1;0
19;1.0;15.5;20.0;68.1;17.0;24.9;34;6;7;4;2.0;3.0;2.0;12-09-2024;6.42;1;30;980;247;60;0;0;0;1;0;0;0;0;0;1;0;0;0;0;1;0;0;0;0;1;0;0
18;0.0;13.0;0.0;70.1;19.0;29.5;43;2;11;5;3.0;3.0;3.0;10-09-2024;15.82;0;30;620;263;66;0;0;0;0;0;0;0;1;1;0;0;0;0;1;0;0;0;0;0;0;1;0
18;1.0;0.5;;89.2;35.0;28.2;79;2;6;6;5.0;4.0;3.0;10-09-2024;17.83;0;28;550;256;64;0;0;0;0;0;1;0;0;1;0;0;0;0;0;1;0;0;0;0;0;1;0
21;0.0;33.1;8.0;62.2;25.0;45.5;52;6;12;1;1.0;4.0;2.0;12-09-2024;12.0;0;28;480;265;78;0;0;0;0;1;0;0;0;0;0;1;0;1;0;0;0;0;0;0;1;0;0
22;0.0;5.3;23.0;79.0;3.0;0.3;6;4;6;0;2.0;2.0;4.0;04-09-2024;1.98;1;30;830;282;65;0;1;0;0;0;0;0;0;1;0;0;1;0;0;0;0;0;0;0;0;1;0
22;0.0;23.9;0.0;63.7;23.0;38.1;63;6;8;0;2.0;4.0;2.0;05-09-2024;5.12;1;30;830;282;65;0;1;0;0;0;0;0;0;1;0;0;1;0;0;0;0;0;0;0;0;1;0
19;0.0;5.8;0.0;91.5;31.0;44.6;98;5;8;7;5.0;4.0;3.0;27-09-2024;18.71;0;28;550;256;64;0;0;0;0;0;1;0;0;1;0;0;0;0;0;1;0;0;0;0;0;1;0
21;3.0;2.6;11.0;53.3;7.0;12.0;18;4;4;0;2.0;2.0;2.0;19-09-2024;2.71;1;30;930;293;75;0;0;1;0;0;0;0;0;1;0;0;0;0;0;0;0;1;0;0;0;1;0
20;0.0;;8.0;81.5;15.0;28.6;40;2;8;2;3.0;3.0;1.0;09-09-2024;13.72;0;30;620;263;66;0;0;0;0;0;0;0;1;1;0;0;0;0;1;0;0;0;0;0;0;1;0
22;1.0;20.5;26.0;81.3;22.0;31.1;51;4;11;5;4.0;3.0;5.0;06-09-2024;17.68;0;30;980;247;60;0;0;0;1;0;0;0;0;1;0;0;0;0;0;1;0;0;0;0;0;1;0
21;1.0;5.1;0.0;80.1;55.0;79.0;136;1;8;6;2.0;3.0;5.0;16-09-2024;16.64;0;30;930;293;75;0;0;1;0;0;0;0;0;0;1;0;0;0;0;0;0;1;0;0;0;0;1
24;0.0;3.5;27.0;87.2;33.0;44.6;52;2;7;6;4.0;3.0;5.0;26-09-2024;16.24;0;30;930;293;75;0;0;1;0;0;0;0;0;1;0;0;0;0;0;0;0;1;0;0;0;1;0
19;0.0;11.2;0.0;60.4;11.0;4.2;30;7;7;1;3.0;2.0;2.0;18-09-2024;2.42;1;30;830;282;65;0;1;0;0;0;0;0;0;1;0;0;1;0;0;0;0;0;0;0;1;0;0
18;1.0;21.1;;65.7;27.0;44.0;56;3;7;1;2.0;3.0;5.0;23-09-2024;13.59;0;30;980;247;60;0;0;0;1;0;0;0;0;0;1;0;0;0;0;1;0;0;0;0;0;1;0
20;0.0;2.2;0.0;84.3;49.0;107.8;102;1;11;8;5.0;3.0;2.0;13-09-2024;17.6;0;30;830;282;65;0;1;0;0;0;0;0;0;1;0;0;1;0;0;0;0;0;0;0;0;1;0
17;1.0;2.3;0.0;84.4;61.0;78.2;134;2;10;6;3.0;4.0;;16-09-2024;18.4;0;30;810;265;81;0;0;0;0;0;0;1;0;0;0;1;0;0;0;0;1;0;0;1;0;0;0
20;1.0;4.6;9.0;83.2;26.0;33.2;63;4;8;3;3.0;2.0;2.0;05-09-2024;13.86;0;30;980;247;60;0;0;0;1;0;0;0;0;1;0;0;0;0;0;1;0;0;0;0;1;0;0
19;1.0;39.9;0.0;57.3;13.0;13.8;29;6;6;0;2.0;1.0;1.0;24-09-2024;2.31;1;30;830;282;65;0;1;0;0;0;0;0;0;0;0;1;1;0;0;0;0;0;0;1;0;0;0
20;1.0;4.6;15.0;70.1;29.0;57.7;82;6;6;1;1.0;3.0;2.0;05-09-2024;14.84;0;28;710;325;60;1;0;0;0;0;0;0;0;1;0;0;0;0;0;1;0;0;0;0;0;1;0
19;1.0;16.9;;73.4;48.0;76.9;103;2;8;3;5.0;5.0;3.0;19-09-2024;16.71;0;30;980;247;60;0;0;0;1;0;0;0;0;0;0;1;0;0;0;1;0;0;0;0;0;1;0
18;1.0;13.6;4.0;65.9;42.0;38.1;87;6;10;1;3.0;3.0;2.0;24-09-2024;16.86;0;30;930;293;75;0;0;1;0;0;0;0;0;0;0;1;0;0;0;0;0;1;0;0;0;1;0
24;0.0;6.5;17.0;81.5;31.0;34.7;98;4;12;2;2.0;3.0;2.0;03-09-2024;16.35;0;30;830;282;65;0;1;0;0;0;0;0;0;1;0;0;1;0;0;0;0;0;0;0;0;1;0
21;0.0;15.6;3.0;99.2;58.0;101.6;103;0;8;12;5.0;5.0;4.0;06-09-2024;18.4;0;28;710;325;60;1;0;0;0;0;0;0;0;1;0;0;0;0;0;1;0;0;1;0;0;0;0
21;1.0;4.5;9.0;78.3;31.0;42.7;87;3;8;2;4.0;5.0;3.0;11-09-2024;15.41;0;30;930;293;75;0;0;1;0;0;0;0;0;0;0;1;0;0;0;0;0;1;0;0;0;1;0
20;2.0;6.9;;84.4;22.0;32.4;53;3;10;3;3.0;4.0;3.0;23-09-2024;16.43;0;28;550;256;64;0;0;0;0;0;1;0;0;1;0;0;0;0;0;1;0;0;0;0;0;1;0
22;1.0;7.7;28.0;98.8;48.0;58.0;104;4;6;7;5.0;;5.0;03-09-2024;15.89;0;30;830;282;65;0;1;0;0;0;0;0;0;1;0;0;1;0;0;0;0;0;0;0;0;1;0
18;1.0;3.7;10.0;66.0;8.0;12.8;19;5;5;0;1.0;1.0;1.0;04-09-2024;3.53;1;30;930;293;75;0;0;1;0;0;0;0;0;1;0;0;0;0;0;0;0;1;0;0;0;0;1
17;2.0;36.4;;73.3;29.0;66.1;79;6;12;1;2.0;4.0;2.0;11-09-2024;13.23;0;30;930;293;75;0;0;1;0;0;0;0;0;1;0;0;0;0;0;0;0;1;0;0;0;1;0
20;0.0;0.1;0.0;84.9;22.0;36.0;51;3;9;1;3.0;3.0;4.0;13-09-2024;14.22;0;30;810;265;81;0;0;0;0;0;0;1;0;1;0;0;0;0;0;0;1;0;0;0;0;1;0
18;0.0;15.3;0.0;77.8;56.0;59.9;117;1;8;12;5.0;3.0;2.0;06-09-2024;17.09;0;30;980;247;60;0;0;0;1;0;0;0;0;0;0;1;0;0;0;1;0;0;1;0;0;0;0
17;0.0;6.3;15.0;87.3;44.0;68.4;88;2;8;11;4.0;3.0;5.0;25-09-2024;17.01;0;28;710;325;60;1;0;0;0;0;0;0;0;1;0;0;0;0;0;1;0;0;0;0;1;0;0
21;0.0;10.6;25.0;69.7;36.0;47.3;76;3;8;5;3.0;3.0;4.0;13-09-2024;15.43;0;30;930;293;75;0;0;1;0;0;0;0;0;1;0;0;0;0;0;0;0;1;0;0;0;1;0
18;0.0;;0.0;98.3;41.0;69.9;63;1;10;11;5.0;5.0;3.0;19-09-2024;17.52;0;30;620;263;66;0;0;0;0;0;0;0;1;0;0;1;0;0;1;0;0;0;0;0;0;1;0
19;0.0;4.6;7.0;90.9;53.0;90.8;125;0;9;3;5.0;;4.0;18-09-2024;18.61;0;30;810;265;81;0;0;0;0;0;0;1;0;1;0;0;0;0;0;0;1;0;0;0;0;1;0
22;3.0;4.9;23.0;83.6;34.0;48.3;59;7;7;2;3.0;3.0;1.0;20-09-2024;11.33;0;30;830;282;65;0;1;0;0;0;0;0;0;0;1;0;1;0;0;0;0;0;0;1;0;0;0
20;0.0;3.5;0.0;76.7;29.0;38.2;35;8;8;2;2.0;4.0;2.0;02-09-2024;4.14;1;30;830;282;65;0;1;0;0;0;0;0;0;0;1;0;1;0;0;0;0;0;0;0;0;1;0
18;2.0;;0.0;96.4;39.0;34.5;70;3;11;6;4.0;4.0;3.0;23-09-2024;15.65;0;30;830;282;65;0;1;0;0;0;0;0;0;0;0;1;1;0;0;0;0;0;1;0;0;0;0
19;1.0;22.3;;64.7;15.0;16.5;23;4;6;0;3.0;3.0;2.0;10-09-2024;8.84;1;30;620;263;66;0;0;0;0;0;0;0;1;1;0;0;0;0;1;0;0;0;0;0;0;1;0
20;1.0;10.6;6.0;85.5;43.0;80.8;89;5;11;6;;;3.0;06-09-2024;18.45;0;30;830;282;65;0;1;0;0;0;0;0;0;1;0;0;1;0;0;0;0;0;0;0;0;1;0
22;0.0;;10.0;88.9;27.0;9.4;57;5;9;3;4.0;5.0;4.0;04-09-2024;13.81;0;30;810;265;81;0;0;0;0;0;0;1;0;1;0;0;0;0;0;0;1;0;0;0;0;1;0
22;2.0;6.0;0.0;75.5;32.0;32.9;72;0;9;6;3.0;5.0;3.0;26-09-2024;17.75;0;30;980;247;60;0;0;0;1;0;0;0;0;1;0;0;0;0;0;1;0;0;0;0;0;1;0
19;2.0;44.1;23.0;63.9;19.0;22.3;42;4;6;0;2.0;3.0;1.0;24-09-2024;8.05;1;28;550;256;64;0;0;0;0;0;1;0;0;1;0;0;0;0;0;1;0;0;0;0;0;1;0
23;2.0;1.5;;71.5;18.0;27.5;39;1;7;4;5.0;3.0;4.0;13-09-2024;13.57;0;30;980;247;60;0;0;0;1;0;0;0;0;1;0;0;0;0;0;1;0;0;0;0;0;1;0
19;1.0;14.1;10.0;91.6;62.0;59.5;113;4;11;7;5.0;4.0;4.0;02-09-2024;16.52;0;30;620;263;66;0;0;0;0;0;0;0;1;1;0;0;0;0;1;0;0;0;0;0;0;1;0
21;0.0;20.0;16.0;88.3;28.0;44.9;76;3;13;5;5.0;4.0;3.0;24-09-2024;15.5;0;28;550;256;64;0;0;0;0;0;1;0;0;0;0;1;0;0;0;1;0;0;0;0;0;1;0
18;2.0;58.0;13.0;75.8;13.0;18.1;23;6;10;2;3.0;3.0;2.0;16-09-2024;15.54;0;30;620;263;66;0;0;0;0;0;0;0;1;1;0;0;0;0;1;0;0;0;0;0;0;1;0
19;1.0;22.1;28.0;70.4;;33.4;35;3;11;2;4.0;5.0;1.0;03-09-2024;14.98;0;30;620;263;66;0;0;0;0;0;0;0;1;0;1;0;0;0;1;0;0;0;0;0;0;0;1
19;0.0;3.3;4.0;88.0;24.0;19.5;45;4;10;4;4.0;1.0;2.0;10-09-2024;11.6;0;30;930;293;75;0;0;1;0;0;0;0;0;0;0;1;0;0;0;0;0;1;0;0;0;1;0
22;1.0;59.9;14.0;84.6;37.0;47.4;106;2;9;4;;4.0;3.0;04-09-2024;14.29;0;30;980;247;60;0;0;0;1;0;0;0;0;1;0;0;0;0;0;1;0;0;0;0;0;1;0
21;1.0;;0.0;93.7;51.0;42.6;134;0;7;8;4.0;3.0;5.0;03-09-2024;18.97;0;28;550;256;64;0;0;0;0;0;1;0;0;1;0;0;0;0;0;1;0;0;0;0;0;1;0
18;2.0;3.0;3.0;74.5;17.0;19.7;47;5;10;3;4.0;3.0;4.0;03-09-2024;7.27;1;30;980;247;60;0;0;0;1;0;0;0;0;0;0;1;0;0;0;1;0;0;0;1;0;0;0
19;1.0;5.8;8.0;76.7;22.0;46.6;48;4;8;2;3.0;1.0;2.0;20-09-2024;14.86;0;30;620;263;66;0;0;0;0;0;0;0;1;0;0;1;0;0;1;0;0;0;0;0;0;1;0
23;0.0;53.6;17.0;84.7;32.0;33.5;72;0;8;3;4.0;5.0;2.0;19-09-2024;15.89;0;30;620;263;66;0;0;0;0;0;0;0;1;1;0;0;0;0;1;0;0;0;0;0;1;0;0
23;2.0;7.7;5.0;97.7;36.0;41.1;66;1;12;7;4.0;4.0;3.0;17-09-2024;18.37;0;30;980;247;60;0;0;0;1;0;0;0;0;1;0;0;0;0;0;1;0;0;0;0;1;0;0
19;0.0;1.7;0.0;69.4;9.0;7.4;28;6;6;1;3.0;5.0;;06-09-2024;5.01;1;30;620;263;66;0;0;0;0;0;0;0;1;1;0;0;0;0;1;0;0;0;0;0;1;0;0
22;0.0;0.8;5.0;73.7;57.0;49.0;126;5;12;4;4.0;3.0;3.0;12-09-2024;15.86;0;30;810;265;81;0;0;0;0;0;0;1;0;0;0;1;0;0;0;0;1;0;0;0;0;1;0
21;1.0;36.4;0.0;66.8;16.0;27.9;17;5;6;1;2.0;5.0;1.0;12-09-2024;14.1;0;28;710;325;60;1;0;0;0;0;0;0;0;1;0;0;0;0;0;1;0;0;0;0;0;1;0
20;1.0;23.9;7.0;69.1;33.0;60.6;63;6;6;3;2.0;3.0;2.0;18-09-2024;6.9;1;30;930;293;75;0;0;1;0;0;0;0;0;1;0;0;0;0;0;0;0;1;0;0;0;1;0
22;0.0;3.3;9.0;79.3;27.0;53.5;65;7;10;3;3.0;3.0;2.0;02-09-2024;13.89;0;30;830;282;65;0;1;0;0;0;0;0;0;1;0;0;1;0;0;0;0;0;0;0;1;0;0
17;;15.8;;64.5;13.0;17.6;45;6;6;3;3.0;5.0;3.0;18-09-2024;3.57;1;30;810;265;81;0;0;0;0;0;0;1;0;1;0;0;0;0;0;0;1;0;0;0;0;1;0
21;3.0;46.8;0.0;85.9;27.0;39.7;60;4;7;2;1.0;3.0;1.0;13-09-2024;14.68;0;30;810;265;81;0;0;0;0;0;0;1;0;1;0;0;0;0;0;0;1;0;0;0;0;1;0
22;1.0;8.3;;87.4;36.0;59.4;82;6;11;3;3.0;2.0;3.0;11-09-2024;17.79;0;30;620;263;66;0;0;0;0;0;0;0;1;0;1;0;0;0;1;0;0;0;0;0;1;0;0
18;1.0;5.1;0.0;75.3;13.0;5.5;16;0;7;1;1.0;3.0;1.0;27-09-2024;7.09;1;30;830;282;65;0;1;0;0;0;0;0;0;1;0;0;1;0;0;0;0;0;0;0;0;1;0
20;2.0;18.4;24.0;69.4;44.0;39.7;98;1;8;3;4.0;5.0;3.0;24-09-2024;16.85;0;30;830;282;65;0;1;0;0;0;0;0;0;0;0;1;1;0;0;0;0;0;0;0;0;1;0
19;2.0;11.0;3.0;84.3;28.0;45.1;73;7;8;2;2.0;3.0;3.0;03-09-2024;7.21;1;30;930;293;75;0;0;1;0;0;0;0;0;1;0;0;0;0;0;0;0;1;0;0;0;1;0
19;0.0;9.7;0.0;63.3;38.0;55.7;94;3;8;3;3.0;1.0;4.0;26-09-2024;15.29;0;30;930;293;75;0;0;1;0;0;0;0;0;1;0;0;0;0;0;0;0;1;0;0;0;1;0
18;2.0;9.7;0.0;63.2;3.0;11.3;1;5;6;0;3.0;2.0;;20-09-2024;5.34;1;30;810;265;81;0;0;0;0;0;0;1;0;1;0;0;0;0;0;0;1;0;0;0;1;0;0
18;0.0;11.4;28.0;57.7;;11.5;32;7;7;0;1.0;1.0;1.0;10-09-2024;0.22;1;30;930;293;75;0;0;1;0;0;0;0;0;0;1;0;0;0;0;0;0;1;0;0;1;0;0
18;2.0;41.8;10.0;48.2;0.0;0.0;0;5;7;0;2.0;1.0;1.0;12-09-2024;2.14;1;28;550;256;64;0;0;0;0;0;1;0;0;0;1;0;0;0;0;1;0;0;0;0;0;1;0
18;0.0;24.7;0.0;70.9;30.0;42.0;82;6;7;2;3.0;5.0;2.0;02-09-2024;17.5;0;30;980;247;60;0;0;0;1;0;0;0;0;1;0;0;0;0;0;1;0;0;0;0;0;1;0
20;0.0;11.7;4.0;77.6;12.0;20.6;22;8;8;1;3.0;1.0;4.0;23-09-2024;7.76;1;30;930;293;75;0;0;1;0;0;0;0;0;1;0;0;0;0;0;0;0;1;0;0;0;1;0
20;1.0;3.5;7.0;98.5;31.0;58.5;70;6;13;2;3.0;2.0;4.0;04-09-2024;17.61;0;30;810;265;81;0;0;0;0;0;0;1;0;0;0;1;0;0;0;0;1;0;0;0;0;1;0
19;0.0;5.7;23.0;91.5;54.0;105.7;132;4;9;5;3.0;2.0;4.0;02-09-2024;16.84;0;30;810;265;81;0;0;0;0;0;0;1;0;1;0;0;0;0;0;0;1;0;0;0;0;1;0
22;1.0;8.6;0.0;85.1;31.0;56.8;77;3;10;1;2.0;5.0;2.0;17-09-2024;13.67;0;30;980;247;60;0;0;0;1;0;0;0;0;1;0;0;0;0;0;1;0;0;0;0;1;0;0
20;;24.9;0.0;97.9;41.0;60.5;78;7;9;4;4.0;4.0;3.0;06-09-2024;19.15;0;30;620;263;66;0;0;0;0;0;0;0;1;1;0;0;0;0;1;0;0;0;0;0;0;1;0
19;0.0;22.0;;81.1;29.0;51.9;50;1;6;3;4.0;3.0;2.0;04-09-2024;15.42;0;28;710;325;60;1;0;0;0;0;0;0;0;0;0;1;0;0;0;1;0;0;0;0;0;1;0
25;1.0;5.3;0.0;82.2;41.0;66.2;121;4;11;6;5.0;;4.0;16-09-2024;17.72;0;30;620;263;66;0;0;0;0;0;0;0;1;1;0;0;0;0;1;0;0;0;0;0;1;0;0
20;2.0;31.1;13.0;85.0;29.0;29.9;78;3;6;3;4.0;2.0;1.0;20-09-2024;12.76;0;30;930;293;75;0;0;1;0;0;0;0;0;0;1;0;0;0;0;0;0;1;0;0;0;1;0
21;0.0;31.5;0.0;85.3;31.0;33.7;75;6;7;7;4.0;4.0;3.0;04-09-2024;18.32;0;30;620;263;66;0;0;0;0;0;0;0;1;1;0;0;0;0;1;0;0;0;0;0;0;1;0
23;2.0;27.1;12.0;67.0;21.0;39.6;36;8;9;2;;3.0;2.0;09-09-2024;15.4;0;30;620;263;66;0;0;0;0;0;0;0;1;1;0;0;0;0;1;0;0;0;0;0;0;1;0
19;0.0;18.3;15.0;76.6;25.0;48.6;57;9;10;1;4.0;3.0;4.0;24-09-2024;12.19;0;30;980;247;60;0;0;0;1;0;0;0;0;0;0;1;0;0;0;1;0;0;1;0;0;0;0
21;3.0;10.2;0.0;63.8;14.0;16.6;17;6;6;0;3.0;3.0;2.0;17-09-2024;9.36;1;28;710;325;60;1;0;0;0;0;0;0;0;1;0;0;0;0;0;1;0;0;0;0;0;1;0
20;0.0;13.3;8.0;99.0;42.0;61.4;111;3;8;6;5.0;5.0;4.0;04-09-2024;19.29;0;30;930;293;75;0;0;1;0;0;0;0;0;0;1;0;0;0;0;0;0;1;0;1;0;0;0
18;1.0;12.2;13.0;96.3;48.0;87.2;82;0;9;3;5.0;5.0;5.0;05-09-2024;19.07;0;30;930;293;75;0;0;1;0;0;0;0;0;0;0;1;0;0;0;0;0;1;0;0;0;1;0
20;3.0;20.5;15.0;95.9;56.0;95.5;116;1;9;4;5.0;3.0;4.0;26-09-2024;19.64;0;30;930;293;75;0;0;1;0;0;0;0;0;1;0;0;0;0;0;0;0;1;0;0;1;0;0
21;0.0;38.0;19.0;64.9;10.0;10.5;17;6;6;0;3.0;3.0;3.0;09-09-2024;16.31;0;30;930;293;75;0;0;1;0;0;0;0;0;0;0;1;0;0;0;0;0;1;0;0;0;1;0
23;0.0;0.8;0.0;75.7;29.0;44.8;72;1;7;1;4.0;1.0;2.0;12-09-2024;16.39;0;30;830;282;65;0;1;0;0;0;0;0;0;1;0;0;1;0;0;0;0;0;0;0;0;1;0
22;0.0;79.2;0.0;67.3;34.0;59.6;90;3;6;3;4.0;2.0;2.0;19-09-2024;16.87;0;30;930;293;75;0;0;1;0;0;0;0;0;1;0;0;0;0;0;0;0;1;0;0;0;1;0
21;2.0;22.9;7.0;60.1;9.0;25.5;10;4;6;0;;2.0;1.0;09-09-2024;3.93;1;30;620;263;66;0;0;0;0;0;0;0;1;1;0;0;0;0;1;0;0;0;0;0;0;1;0
22;1.0;10.0;7.0;69.1;17.0;19.8;32;7;10;0;;3.0;3.0;25-09-2024;6.26;1;30;620;263;66;0;0;0;0;0;0;0;1;1;0;0;0;0;1;0;0;0;0;0;1;0;0
21;0.0;7.8;5.0;89.9;36.0;75.1;65;1;9;7;5.0;3.0;5.0;20-09-2024;16.73;0;28;710;325;60;1;0;0;0;0;0;0;0;1;0;0;0;0;0;1;0;0;0;0;0;1;0
18;3.0;4.5;6.0;57.6;23.0;29.5;56;8;8;0;4.0;;5.0;25-09-2024;16.04;0;30;810;265;81;0;0;0;0;0;0;1;0;1;0;0;0;0;0;0;1;0;0;0;0;1;0
19;2.0;9.6;;89.6;59.0;85.5;125;3;13;4;5.0;5.0;;24-09-2024;19.72;0;30;810;265;81;0;0;0;0;0;0;1;0;1;0;0;0;0;0;0;1;0;0;0;0;1;0
19;3.0;6.3;9.0;70.5;44.0;28.1;118;1;8;3;3.0;3.0;3.0;13-09-2024;16.75;0;30;980;247;60;0;0;0;1;0;0;0;0;0;0;1;0;0;0;1;0;0;0;0;1;0;0
17;1.0;4.8;0.0;63.7;8.0;9.3;11;5;6;0;3.0;2.0;3.0;20-09-2024;11.38;0;28;480;265;78;0;0;0;0;1;0;0;0;0;0;1;0;1;0;0;0;0;0;0;1;0;0
20;0.0;12.8;0.0;60.7;3.0;8.8;2;2;5;0;1.0;2.0;2.0;11-09-2024;2.24;1;30;980;247;60;0;0;0;1;0;0;0;0;0;0;1;0;0;0;1;0;0;0;0;1;0;0
19;2.0;84.3;10.0;75.7;26.0;26.4;44;4;10;1;3.0;2.0;2.0;19-09-2024;14.19;0;30;930;293;75;0;0;1;0;0;0;0;0;1;0;0;0;0;0;0;0;1;0;0;0;1;0
17;0.0;2.5;5.0;84.6;51.0;62.8;76;5;10;4;5.0;2.0;4.0;19-09-2024;16.34;0;28;710;325;60;1;0;0;0;0;0;0;0;1;0;0;0;0;0;1;0;0;0;0;0;1;0
21;1.0;76.8;11.0;85.7;33.0;45.4;78;6;9;3;4.0;5.0;4.0;06-09-2024;16.3;0;28;480;265;78;0;0;0;0;1;0;0;0;0;0;1;0;1;0;0;0;0;0;0;0;1;0
21;0.0;12.8;0.0;59.4;20.0;33.0;54;7;7;0;2.0;1.0;2.0;16-09-2024;0.74;1;30;930;293;75;0;0;1;0;0;0;0;0;1;0;0;0;0;0;0;0;1;0;0;0;1;0
18;2.0;8.6;16.0;79.0;42.0;91.8;107;2;8;5;4.0;4.0;2.0;20-09-2024;19.12;0;30;830;282;65;0;1;0;0;0;0;0;0;1;0;0;1;0;0;0;0;0;0;0;1;0;0
19;1.0;0.7;11.0;63.1;23.0;28.5;36;5;10;1;3.0;1.0;1.0;02-09-2024;14.27;0;28;710;325;60;1;0;0;0;0;0;0;0;1;0;0;0;0;0;1;0;0;0;0;0;1;0
21;1.0;21.6;5.0;90.2;41.0;64.2;80;3;6;6;4.0;3.0;3.0;20-09-2024;18.06;0;30;620;263;66;0;0;0;0;0;0;0;1;0;0;1;0;0;1;0;0;0;0;0;1;0;0
20;0.0;6.5;11.0;58.0;24.0;36.8;49;6;9;1;1.0;3.0;4.0;23-09-2024;11.2;0;28;710;325;60;1;0;0;0;0;0;0;0;0;1;0;0;0;0;1;0;0;1;0;0;0;0
18;0.0;7.0;8.0;99.6;41.0;66.4;96;3;7;4;4.0;5.0;5.0;12-09-2024;18.58;0;30;930;293;75;0;0;1;0;0;0;0;0;1;0;0;0;0;0;0;0;1;0;0;0;1;0
20;0.0;0.2;15.0;71.1;34.0;60.3;81;8;9;2;4.0;2.0;2.0;11-09-2024;14.76;0;30;620;263;66;0;0;0;0;0;0;0;1;0;0;1;0;0;1;0;0;0;0;0;1;0;0
19;1.0;4.5;15.0;93.8;31.0;31.0;99;3;10;4;3.0;4.0;4.0;20-09-2024;16.86;0;30;930;293;75;0;0;1;0;0;0;0;0;1;0;0;0;0;0;0;0;1;0;0;0;1;0
23;0.0;16.0;10.0;79.8;;53.7;60;6;6;1;3.0;2.0;4.0;16-09-2024;15.78;0;28;710;325;60;1;0;0;0;0;0;0;0;1;0;0;0;0;0;1;0;0;0;0;1;0;0
20;1.0;62.2;;99.1;43.0;71.1;123;4;7;7;5.0;4.0;3.0;13-09-2024;19.07;0;30;980;247;60;0;0;0;1;0;0;0;0;1;0;0;0;0;0;1;0;0;0;0;0;1;0
21;2.0;32.4;8.0;77.8;22.0;39.9;59;2;12;7;3.0;5.0;3.0;23-09-2024;15.95;0;30;930;293;75;0;0;1;0;0;0;0;0;0;1;0;0;0;0;0;0;1;0;0;0;1;0
20;0.0;15.8;24.0;84.2;29.0;38.7;78;7;12;1;2.0;2.0;2.0;04-09-2024;10.67;0;30;980;247;60;0;0;0;1;0;0;0;0;0;0;1;0;0;0;1;0;0;0;0;0;1;0
18;1.0;30.9;0.0;85.9;50.0;83.5;93;5;6;2;5.0;4.0;3.0;11-09-2024;18.34;0;28;710;325;60;1;0;0;0;0;0;0;0;1;0;0;0;0;0;1;0;0;0;0;1;0;0
23;;25.5;16.0;65.1;3.0;2.3;7;5;5;0;1.0;3.0;2.0;02-09-2024;3.25;1;30;830;282;65;0;1;0;0;0;0;0;0;0;1;0;1;0;0;0;0;0;0;0;0;1;0
19;0.0;17.2;21.0;76.4;37.0;51.5;102;4;6;1;5.0;2.0;;11-09-2024;15.16;0;30;620;263;66;0;0;0;0;0;0;0;1;0;1;0;0;0;1;0;0;0;0;0;1;0;0
18;1.0;1.2;14.0;63.9;11.0;19.4;25;4;8;0;3.0;2.0;3.0;26-09-2024;7.72;1;30;830;282;65;0;1;0;0;0;0;0;0;1;0;0;1;0;0;0;0;0;1;0;0;0;0
21;0.0;14.9;0.0;85.6;15.0;20.9;8;3;6;2;2.0;3.0;;19-09-2024;11.48;0;28;550;256;64;0;0;0;0;0;1;0;0;0;0;1;0;0;0;1;0;0;0;0;0;1;0
20;2.0;3.1;5.0;97.0;47.0;60.9;103;0;12;11;5.0;4.0;4.0;06-09-2024;18.61;0;30;830;282;65;0;1;0;0;0;0;0;0;1;0;0;1;0;0;0;0;0;1;0;0;0;0
19;1.0;25.6;0.0;84.5;56.0;90.8;159;4;9;11;5.0;3.0;3.0;02-09-2024;17.69;0;28;710;325;60;1;0;0;0;0;0;0;0;1;0;0;0;0;0;1;0;0;0;0;0;1;0
23;1.0;21.1;16.0;62.6;24.0;43.5;44;4;9;0;4.0;5.0;3.0;23-09-2024;15.37;0;30;830;282;65;0;1;0;0;0;0;0;0;1;0;0;1;0;0;0;0;0;0;1;0;0;0
17;0.0;14.5;0.0;59.0;3.0;3.8;6;8;10;0;2.0;2.0;2.0;27-09-2024;7.45;1;30;830;282;65;0;1;0;0;0;0;0;0;1;0;0;1;0;0;0;0;0;0;0;0;1;0
19;0.0;15.0;;72.7;12.0;11.4;30;5;8;0;1.0;3.0;1.0;23-09-2024;2.17;1;28;480;265;78;0;0;0;0;1;0;0;0;0;0;1;0;1;0;0;0;0;0;0;0;1;0
21;1.0;1.9;11.0;72.8;25.0;60.7;58;3;6;4;2.0;4.0;;10-09-2024;15.81;0;30;930;293;75;0;0;1;0;0;0;0;0;0;0;1;0;0;0;0;0;1;0;0;1;0;0
19;3.0;12.3;0.0;65.3;29.0;47.1;87;4;9;5;4.0;4.0;3.0;10-09-2024;17.16;0;28;550;256;64;0;0;0;0;0;1;0;0;1;0;0;0;0;0;1;0;0;0;0;0;1;0
19;0.0;8.6;0.0;69.7;7.0;13.9;20;5;10;1;3.0;3.0;2.0;23-09-2024;4.76;1;30;930;293;75;0;0;1;0;0;0;0;0;0;0;1;0;0;0;0;0;1;0;0;1;0;0
19;3.0;46.9;12.0;82.0;12.0;19.5;31;2;7;2;2.0;4.0;2.0;25-09-2024;8.98;1;30;930;293;75;0;0;1;0;0;0;0;0;1;0;0;0;0;0;0;0;1;0;0;1;0;0
18;1.0;6.0;12.0;86.6;21.0;23.8;45;3;11;7;3.0;4.0;4.0;02-09-2024;10.45;0;30;980;247;60;0;0;0;1;0;0;0;0;0;1;0;0;0;0;1;0;0;0;0;0;1;0
23;2.0;26.7;0.0;89.1;41.0;56.0;112;0;8;8;4.0;3.0;4.0;16-09-2024;17.7;0;30;810;265;81;0;0;0;0;0;0;1;0;0;0;1;0;0;0;0;1;0;0;0;0;1;0
22;1.0;37.3;17.0;66.6;24.0;41.1;45;4;6;3;3.0;3.0;2.0;13-09-2024;14.91;0;28;480;265;78;0;0;0;0;1;0;0;0;1;0;0;0;1;0;0;0;0;0;0;0;1;0
19;2.0;10.3;15.0;72.8;28.0;60.6;53;2;9;3;2.0;4.0;2.0;19-09-2024;15.84;0;30;930;293;75;0;0;1;0;0;0;0;0;0;0;1;0;0;0;0;0;1;0;0;0;1;0
22;1.0;17.6;12.0;98.7;66.0;89.7;100;0;13;7;4.0;3.0;3.0;19-09-2024;19.14;0;28;480;265;78;0;0;0;0;1;0;0;0;1;0;0;0;1;0;0;0;0;0;0;0;1;0
20;2.0;6.7;0.0;85.3;10.0;16.0;25;2;12;2;5.0;4.0;2.0;04-09-2024;17.66;0;30;980;247;60;0;0;0;1;0;0;0;0;1;0;0;0;0;0;1;0;0;0;0;0;1;0
20;2.0;17.9;21.0;75.7;41.0;65.6;110;4;8;5;4.0;4.0;3.0;02-09-2024;16.15;0;28;550;256;64;0;0;0;0;0;1;0;0;1;0;0;0;0;0;1;0;0;0;0;0;0;1
20;0.0;;;69.5;12.0;28.5;24;4;4;0;1.0;2.0;2.0;17-09-2024;4.06;1;28;550;256;64;0;0;0;0;0;1;0;0;0;0;1;0;0;0;1;0;0;0;0;0;1;0
19;0.0;4.9;12.0;72.4;33.0;35.1;81;5;8;2;;3.0;3.0;27-09-2024;15.2;0;30;810;265;81;0;0;0;0;0;0;1;0;1;0;0;0;0;0;0;1;0;0;0;0;1;0
21;0.0;;11.0;71.4;9.0;17.2;23;2;6;2;2.0;;3.0;05-09-2024;14.92;0;28;480;265;78;0;0;0;0;1;0;0;0;1;0;0;0;1;0;0;0;0;0;0;0;1;0
20;0.0;0.4;21.0;73.2;8.0;1.8;23;5;5;1;3.0;2.0;2.0;19-09-2024;4.77;1;28;550;256;64;0;0;0;0;0;1;0;0;1;0;0;0;0;0;1;0;0;0;0;0;1;0
18;1.0;0.1;;89.2;38.0;77.4;85;5;9;4;;3.0;;10-09-2024;14.97;0;28;710;325;60;1;0;0;0;0;0;0;0;0;0;1;0;0;0;1;0;0;0;0;1;0;0
20;1.0;10.7;0.0;81.6;36.0;34.8;94;1;9;5;5.0;5.0;3.0;26-09-2024;19.37;0;30;620;263;66;0;0;0;0;0;0;0;1;0;0;1;0;0;1;0;0;0;0;0;0;1;0
21;1.0;;13.0;83.9;23.0;38.5;59;4;7;5;4.0;2.0;2.0;27-09-2024;15.28;0;30;980;247;60;0;0;0;1;0;0;0;0;1;0;0;0;0;0;1;0;0;0;0;0;1;0
21;0.0;54.1;20.0;63.9;32.0;59.6;52;6;6;2;2.0;3.0;2.0;26-09-2024;12.88;0;28;550;256;64;0;0;0;0;0;1;0;0;0;0;1;0;0;0;1;0;0;0;0;1;0;0
20;0.0;8.3;11.0;77.7;31.0;44.0;48;6;8;3;4.0;3.0;3.0;18-09-2024;17.15;0;30;980;247;60;0;0;0;1;0;0;0;0;1;0;0;0;0;0;1;0;0;0;0;0;1;0
21;2.0;2.6;;58.9;25.0;34.1;63;5;10;3;4.0;3.0;2.0;20-09-2024;8.46;1;28;480;265;78;0;0;0;0;1;0;0;0;1;0;0;0;1;0;0;0;0;0;0;0;1;0
17;0.0;81.9;0.0;91.1;31.0;29.8;57;7;9;4;4.0;4.0;1.0;20-09-2024;12.15;0;30;930;293;75;0;0;1;0;0;0;0;0;0;0;1;0;0;0;0;0;1;1;0;0;0;0
17;0.0;22.2;13.0;75.7;35.0;37.6;107;2;7;1;3.0;4.0;3.0;20-09-2024;16.3;0;30;980;247;60;0;0;0;1;0;0;0;0;1;0;0;0;0;0;1;0;0;0;0;1;0;0
17;3.0;0.1;;78.6;35.0;55.7;73;3;7;3;5.0;4.0;3.0;24-09-2024;15.21;0;28;550;256;64;0;0;0;0;0;1;0;0;0;0;1;0;0;0;1;0;0;0;0;1;0;0
20;0.0;36.0;18.0;84.4;23.0;33.8;37;0;8;5;4.0;;4.0;27-09-2024;15.08;0;30;810;265;81;0;0;0;0;0;0;1;0;1;0;0;0;0;0;0;1;0;0;0;0;1;0
20;3.0;4.6;16.0;93.1;46.0;46.3;129;3;7;2;5.0;3.0;3.0;17-09-2024;16.29;0;30;930;293;75;0;0;1;0;0;0;0;0;1;0;0;0;0;0;0;0;1;0;0;0;1;0
18;0.0;4.2;14.0;89.6;42.0;62.0;113;1;11;8;5.0;;;19-09-2024;18.9;0;30;620;263;66;0;0;0;0;0;0;0;1;0;1;0;0;0;1;0;0;0;0;0;0;1;0
17;3.0;2.7;12.0;75.5;20.0;39.5;51;4;6;0;;3.0;3.0;09-09-2024;18.87;0;30;810;265;81;0;0;0;0;0;0;1;0;1;0;0;0;0;0;0;1;0;0;0;0;1;0
21;1.0;26.1;11.0;93.0;70.0;71.4;118;0;11;10;5.0;5.0;5.0;26-09-2024;19.15;0;28;710;325;60;1;0;0;0;0;0;0;0;1;0;0;0;0;0;1;0;0;0;0;0;0;1
17;1.0;0.4;8.0;92.5;29.0;24.7;68;8;8;4;3.0;3.0;4.0;05-09-2024;7.79;1;30;810;265;81;0;0;0;0;0;0;1;0;0;0;1;0;0;0;0;1;0;0;0;1;0;0
18;0.0;23.2;0.0;57.4;;48.1;50;2;10;5;3.0;4.0;2.0;06-09-2024;14.25;0;30;810;265;81;0;0;0;0;0;0;1;0;1;0;0;0;0;0;0;1;0;0;0;1;0;0
19;0.0;3.5;13.0;73.7;25.0;18.9;49;6;6;2;3.0;4.0;2.0;18-09-2024;5.15;1;30;810;265;81;0;0;0;0;0;0;1;0;0;0;1;0;0;0;0;1;0;0;0;0;1;0
20;0.0;8.7;9.0;81.0;44.0;69.6;124;1;10;8;4.0;4.0;2.0;25-09-2024;15.04;0;30;620;263;66;0;0;0;0;0;0;0;1;1;0;0;0;0;1;0;0;0;0;0;0;0;1
20;0.0;5.2;5.0;73.8;21.0;30.2;34;7;9;3;3.0;4.0;4.0;16-09-2024;1.76;1;30;980;247;60;0;0;0;1;0;0;0;0;1;0;0;0;0;0;1;0;0;0;0;1;0;0
21;1.0;3.1;0.0;90.5;45.0;62.4;120;0;13;6;3.0;4.0;4.0;26-09-2024;19.16;0;30;830;282;65;0;1;0;0;0;0;0;0;1;0;0;1;0;0;0;0;0;0;0;0;1;0
19;1.0;13.9;8.0;95.6;56.0;103.4;113;1;13;6;5.0;3.0;3.0;11-09-2024;19.87;0;30;830;282;65;0;1;0;0;0;0;0;0;1;0;0;1;0;0;0;0;0;0;0;0;0;1
19;2.0;1.0;12.0;60.9;13.0;7.4;34;7;7;2;3.0;3.0;2.0;24-09-2024;3.58;1;30;830;282;65;0;1;0;0;0;0;0;0;1;0;0;1;0;0;0;0;0;0;0;0;1;0
17;0.0;4.0;17.0;73.5;40.0;80.8;85;4;11;7;2.0;3.0;3.0;17-09-2024;13.65;0;28;710;325;60;1;0;0;0;0;0;0;0;1;0;0;0;0;0;1;0;0;0;1;0;0;0
18;0.0;;9.0;70.5;36.0;38.2;94;7;10;1;4.0;1.0;3.0;05-09-2024;14.74;0;30;930;293;75;0;0;1;0;0;0;0;0;1;0;0;0;0;0;0;0;1;0;0;0;1;0
19;1.0;;3.0;79.9;27.0;20.3;67;1;12;4;5.0;5.0;3.0;17-09-2024;18.98;0;30;980;247;60;0;0;0;1;0;0;0;0;1;0;0;0;0;0;1;0;0;0;0;1;0;0
20;1.0;38.4;13.0;60.4;18.0;40.5;25;3;8;1;2.0;4.0;;12-09-2024;5.51;1;30;830;282;65;0;1;0;0;0;0;0;0;1;0;0;1;0;0;0;0;0;0;0;0;1;0
22;1.0;37.0;24.0;71.4;40.0;37.2;116;5;12;5;4.0;3.0;2.0;04-09-2024;17.65;0;30;810;265;81;0;0;0;0;0;0;1;0;1;0;0;0;0;0;0;1;0;0;0;1;0;0
18;;5.4;18.0;74.4;24.0;30.9;49;2;8;0;2.0;4.0;1.0;19-09-2024;10.12;0;28;480;265;78;0;0;0;0;1;0;0;0;0;0;1;0;1;0;0;0;0;0;0;0;1;0
22;2.0;;23.0;64.2;8.0;18.1;7;3;10;1;3.0;3.0;2.0;11-09-2024;5.18;1;30;830;282;65;0;1;0;0;0;0;0;0;1;0;0;1;0;0;0;0;0;0;0;0;1;0
18;3.0;0.7;23.0;87.5;35.0;68.2;105;3;9;6;4.0;5.0;4.0;16-09-2024;15.74;0;30;930;293;75;0;0;1;0;0;0;0;0;1;0;0;0;0;0;0;0;1;0;0;0;1;0
21;1.0;0.7;10.0;90.5;52.0;40.9;86;2;8;9;3.0;3.0;4.0;19-09-2024;16.69;0;30;930;293;75;0;0;1;0;0;0;0;0;0;1;0;0;0;0;0;0;1;0;0;1;0;0
20;2.0;31.3;10.0;63.2;17.0;22.7;25;7;8;0;1.0;2.0;1.0;04-09-2024;0.85;1;30;620;263;66;0;0;0;0;0;0;0;1;1;0;0;0;0;1;0;0;0;0;1;0;0;0
18;1.0;53.7;15.0;82.2;23.0;33.9;37;3;10;2;;1.0;2.0;09-09-2024;16.62;0;30;810;265;81;0;0;0;0;0;0;1;0;1;0;0;0;0;0;0;1;0;0;0;0;1;0
20;0.0;36.6;;86.7;22.0;39.1;53;5;9;5;4.0;3.0;1.0;10-09-2024;12.85;0;30;620;263;66;0;0;0;0;0;0;0;1;1;0;0;0;0;1;0;0;0;1;0;0;0;0
21;2.0;5.4;0.0;38.2;0.0;0.0;0;4;4;0;1.0;1.0;1.0;05-09-2024;1.39;1;30;620;263;66;0;0;0;0;0;0;0;1;1;0;0;0;0;1;0;0;0;0;0;0;1;0
20;0.0;;18.0;84.5;38.0;65.0;76;1;9;3;2.0;3.0;1.0;03-09-2024;13.1;0;30;980;247;60;0;0;0;1;0;0;0;0;0;1;0;0;0;0;1;0;0;0;0;0;1;0
23;1.0;12.5;;70.1;15.0;17.3;24;9;9;1;;3.0;1.0;20-09-2024;3.56;1;28;550;256;64;0;0;0;0;0;1;0;0;1;0;0;0;0;0;1;0;0;0;0;0;1;0
21;0.0;8.5;11.0;60.4;11.0;16.1;3;4;9;0;1.0;;1.0;19-09-2024;1.3;1;30;810;265;81;0;0;0;0;0;0;1;0;0;0;1;0;0;0;0;1;0;0;0;0;1;0
20;0.0;1.8;19.0;59.7;3.0;4.0;1;4;7;0;4.0;1.0;2.0;23-09-2024;2.96;1;28;710;325;60;1;0;0;0;0;0;0;0;0;0;1;0;0;0;1;0;0;0;0;0;1;0
21;1.0;35.6;6.0;79.1;37.0;78.9;87;1;11;2;4.0;5.0;3.0;18-09-2024;15.52;0;30;830;282;65;0;1;0;0;0;0;0;0;0;0;1;1;0;0;0;0;0;0;0;0;1;0
19;1.0;4.4;4.0;77.4;37.0;78.7;99;2;8;3;2.0;2.0;2.0;11-09-2024;16.37;0;30;810;265;81;0;0;0;0;0;0;1;0;1;0;0;0;0;0;0;1;0;0;0;0;1;0
19;3.0;7.3;16.0;99.8;51.0;46.9;91;1;8;3;5.0;5.0;4.0;03-09-2024;19.89;0;30;620;263;66;0;0;0;0;0;0;0;1;1;0;0;0;0;1;0;0;0;1;0;0;0;0
17;2.0;15.3;0.0;77.6;33.0;40.0;57;5;9;3;;5.0;4.0;11-09-2024;19.08;0;30;930;293;75;0;0;1;0;0;0;0;0;1;0;0;0;0;0;0;0;1;0;0;0;1;0
18;2.0;25.1;28.0;64.4;31.0;29.8;61;7;8;2;4.0;4.0;1.0;04-09-2024;6.2;1;28;480;265;78;0;0;0;0;1;0;0;0;1;0;0;0;1;0;0;0;0;0;0;0;1;0
17;0.0;17.5;10.0;84.0;28.0;69.0;72;5;8;6;5.0;4.0;3.0;11-09-2024;14.0;0;28;480;265;78;0;0;0;0;1;0;0;0;0;1;0;0;1;0;0;0;0;0;0;0;0;1
18;0.0;27.4;11.0;78.0;18.0;24.4;43;7;7;1;3.0;;2.0;09-09-2024;4.41;1;30;830;282;65;0;1;0;0;0;0;0;0;1;0;0;1;0;0;0;0;0;0;0;0;1;0
18;2.0;1.0;0.0;80.5;34.0;52.4;75;2;9;0;3.0;3.0;3.0;09-09-2024;15.89;0;30;980;247;60;0;0;0;1;0;0;0;0;0;0;1;0;0;0;1;0;0;0;0;0;1;0
19;1.0;7.7;6.0;65.7;11.0;9.3;18;8;10;0;3.0;3.0;2.0;13-09-2024;6.15;1;30;830;282;65;0;1;0;0;0;0;0;0;1;0;0;1;0;0;0;0;0;0;0;0;1;0
17;0.0;7.5;4.0;70.7;64.0;112.9;164;3;9;3;3.0;3.0;1.0;26-09-2024;16.46;0;30;830;282;65;0;1;0;0;0;0;0;0;0;0;1;1;0;0;0;0;0;1;0;0;0;0
22;0.0;5.1;;89.7;40.0;52.5;100;2;12;6;5.0;5.0;5.0;10-09-2024;19.87;0;30;980;247;60;0;0;0;1;0;0;0;0;1;0;0;0;0;0;1;0;0;0;0;0;1;0
20;1.0;1.0;0.0;83.1;25.0;32.9;61;4;11;2;3.0;4.0;4.0;10-09-2024;18.68;0;28;550;256;64;0;0;0;0;0;1;0;0;1;0;0;0;0;0;1;0;0;0;0;0;1;0
20;1.0;11.0;18.0;61.5;22.0;34.2;43;6;7;0;1.0;3.0;1.0;04-09-2024;4.48;1;30;620;263;66;0;0;0;0;0;0;0;1;1;0;0;0;0;1;0;0;0;0;0;0;1;0
20;3.0;31.1;0.0;96.8;31.0;31.2;66;3;12;4;4.0;3.0;3.0;25-09-2024;19.06;0;30;980;247;60;0;0;0;1;0;0;0;0;1;0;0;0;0;0;1;0;0;0;0;1;0;0
23;1.0;7.7;8.0;67.3;18.0;18.5;50;9;9;1;1.0;3.0;2.0;20-09-2024;2.36;1;28;710;325;60;1;0;0;0;0;0;0;0;1;0;0;0;0;0;1;0;0;0;0;0;1;0
17;1.0;61.1;13.0;79.5;44.0;32.2;123;6;8;3;2.0;1.0;2.0;20-09-2024;14.21;0;30;980;247;60;0;0;0;1;0;0;0;0;1;0;0;0;0;0;1;0;0;0;1;0;0;0
20;1.0;19.0;;95.6;53.0;50.1;123;1;11;5;5.0;4.0;5.0;12-09-2024;19.57;0;28;710;325;60;1;0;0;0;0;0;0;0;1;0;0;0;0;0;1;0;0;1;0;0;0;0
17;0.0;0.3;23.0;96.6;41.0;81.8;112;1;11;7;;;5.0;12-09-2024;17.88;0;30;830;282;65;0;1;0;0;0;0;0;0;1;0;0;1;0;0;0;0;0;0;1;0;0;0
20;3.0;10.0;;85.7;49.0;94.6;108;2;11;5;5.0;4.0;3.0;02-09-2024;18.93;0;30;980;247;60;0;0;0;1;0;0;0;0;1;0;0;0;0;0;1;0;0;0;0;0;1;0
17;0.0;8.5;17.0;79.4;15.0;21.7;16;7;7;3;3.0;2.0;1.0;02-09-2024;3.55;1;28;710;325;60;1;0;0;0;0;0;0;0;1;0;0;0;0;0;1;0;0;0;0;1;0;0
18;0.0;12.2;8.0;77.2;20.0;57.9;42;2;8;5;4.0;4.0;2.0;26-09-2024;16.7;0;28;710;325;60;1;0;0;0;0;0;0;0;1;0;0;0;0;0;1;0;0;0;0;0;1;0
19;0.0;27.2;0.0;69.8;3.0;5.7;1;3;9;2;2.0;2.0;3.0;24-09-2024;6.85;1;30;930;293;75;0;0;1;0;0;0;0;0;1;0;0;0;0;0;0;0;1;0;0;0;0;1
22;2.0;4.6;23.0;64.0;16.0;12.2;44;5;10;2;3.0;3.0;;17-09-2024;7.06;1;30;830;282;65;0;1;0;0;0;0;0;0;1;0;0;1;0;0;0;0;0;1;0;0;0;0
19;0.0;10.2;22.0;63.5;11.0;10.8;11;6;7;6;2.0;2.0;2.0;20-09-2024;5.83;1;28;550;256;64;0;0;0;0;0;1;0;0;0;1;0;0;0;0;1;0;0;0;0;0;1;0
19;1.0;19.3;0.0;89.9;29.0;10.7;66;3;11;3;4.0;2.0;2.0;13-09-2024;16.77;0;30;980;247;60;0;0;0;1;0;0;0;0;0;1;0;0;0;0;1;0;0;0;0;0;1;0
22;1.0;;0.0;72.1;17.0;28.1;47;4;11;4;3.0;3.0;;05-09-2024;14.7;0;30;810;265;81;0;0;0;0;0;0;1;0;0;0;1;0;0;0;0;1;0;0;0;0;1;0
19;2.0;28.1;15.0;80.5;21.0;33.5;54;3;9;5;5.0;4.0;2.0;04-09-2024;15.48;0;30;980;247;60;0;0;0;1;0;0;0;0;0;1;0;0;0;0;1;0;0;0;0;0;1;0
21;1.0;;0.0;56.1;3.0;3.9;7;4;6;0;3.0;3.0;2.0;18-09-2024;5.02;1;28;480;265;78;0;0;0;0;1;0;0;0;0;0;1;0;1;0;0;0;0;0;0;0;1;0
20;0.0;10.9;21.0;62.3;;19.0;22;4;5;1;1.0;3.0;2.0;17-09-2024;6.05;1;30;830;282;65;0;1;0;0;0;0;0;0;1;0;0;1;0;0;0;0;0;0;0;0;1;0
20;0.0;1.0;8.0;66.0;9.0;8.7;25;4;7;0;2.0;3.0;2.0;06-09-2024;17.11;0;30;810;265;81;0;0;0;0;0;0;1;0;1;0;0;0;0;0;0;1;0;0;0;1;0;0
19;1.0;4.9;0.0;87.1;38.0;79.4;90;3;8;2;4.0;3.0;3.0;19-09-2024;17.42;0;30;930;293;75;0;0;1;0;0;0;0;0;1;0;0;0;0;0;0;0;1;0;0;0;1;0
24;1.0;28.6;0.0;60.1;7.0;9.4;19;2;5;1;1.0;3.0;1.0;24-09-2024;2.99;1;30;980;247;60;0;0;0;1;0;0;0;0;0;1;0;0;0;0;1;0;0;0;0;0;1;0
19;1.0;8.1;18.0;90.0;34.0;66.7;88;6;7;2;3.0;5.0;4.0;24-09-2024;15.73;0;30;810;265;81;0;0;0;0;0;0;1;0;1;0;0;0;0;0;0;1;0;0;1;0;0;0
17;1.0;0.4;11.0;67.3;28.0;36.6;71;4;6;4;3.0;3.0;2.0;27-09-2024;14.31;0;28;550;256;64;0;0;0;0;0;1;0;0;1;0;0;0;0;0;1;0;0;0;0;1;0;0
19;0.0;8.0;0.0;63.9;6.0;10.4;21;2;7;3;4.0;2.0;2.0;12-09-2024;12.27;0;28;710;325;60;1;0;0;0;0;0;0;0;1;0;0;0;0;0;1;0;0;0;0;1;0;0
20;0.0;39.7;7.0;68.5;20.0;11.8;40;6;6;2;1.0;3.0;1.0;26-09-2024;2.8;1;30;830;282;65;0;1;0;0;0;0;0;0;0;0;1;1;0;0;0;0;0;0;0;0;1;0
19;0.0;13.5;13.0;59.7;14.0;12.7;23;5;8;1;1.0;5.0;;04-09-2024;1.65;1;30;980;247;60;0;0;0;1;0;0;0;0;0;0;1;0;0;0;1;0;0;0;0;0;1;0
25;0.0;17.1;16.0;78.5;45.0;50.6;111;1;10;3;4.0;3.0;4.0;27-09-2024;17.34;0;30;810;265;81;0;0;0;0;0;0;1;0;1;0;0;0;0;0;0;1;0;0;0;1;0;0
19;0.0;29.5;;64.7;31.0;56.5;59;3;9;8;2.0;3.0;3.0;02-09-2024;7.05;1;28;710;325;60;1;0;0;0;0;0;0;0;0;0;1;0;0;0;1;0;0;0;0;0;1;0
21;3.0;43.8;15.0;81.2;17.0;37.3;40;5;6;2;3.0;;2.0;26-09-2024;5.62;1;28;550;256;64;0;0;0;0;0;1;0;0;0;1;0;0;0;0;1;0;0;0;0;1;0;0
18;0.0;63.9;11.0;80.4;45.0;58.8;92;4;9;1;4.0;2.0;1.0;12-09-2024;16.15;0;28;550;256;64;0;0;0;0;0;1;0;0;1;0;0;0;0;0;1;0;0;0;0;0;1;0
18;0.0;9.1;23.0;80.3;33.0;72.4;64;2;7;5;4.0;3.0;4.0;23-09-2024;18.23;0;30;930;293;75;0;0;1;0;0;0;0;0;1;0;0;0;0;0;0;0;1;0;0;0;1;0
20;3.0;0.5;;76.6;50.0;58.9;87;4;11;3;4.0;3.0;4.0;13-09-2024;17.48;0;30;810;265;81;0;0;0;0;0;0;1;0;0;0;1;0;0;0;0;1;0;0;0;0;1;0
19;1.0;11.3;;74.2;23.0;46.4;44;8;10;1;3.0;3.0;2.0;19-09-2024;14.74;0;30;930;293;75;0;0;1;0;0;0;0;0;1;0;0;0;0;0;0;0;1;0;0;0;1;0
20;0.0;37.4;0.0;81.8;39.0;85.3;77;3;9;1;3.0;4.0;2.0;16-09-2024;14.18;0;28;550;256;64;0;0;0;0;0;1;0;0;0;1;0;0;0;0;1;0;0;0;1;0;0;0
20;2.0;7.4;0.0;83.5;25.0;49.3;75;1;8;2;5.0;;1.0;04-09-2024;19.13;0;28;480;265;78;0;0;0;0;1;0;0;0;1;0;0;0;1;0;0;0;0;0;0;0;1;0
20;1.0;26.1;;79.3;3.0;5.9;1;6;6;0;2.0;3.0;3.0;03-09-2024;5.49;1;28;550;256;64;0;0;0;0;0;1;0;0;1;0;0;0;0;0;1;0;0;0;0;1;0;0
18;2.0;;0.0;90.5;23.0;25.8;34;1;8;5;3.0;5.0;3.0;19-09-2024;16.84;0;28;550;256;64;0;0;0;0;0;1;0;0;0;1;0;0;0;0;1;0;0;0;0;0;1;0
21;3.0;0.6;10.0;73.5;6.0;5.7;11;6;6;0;3.0;2.0;2.0;05-09-2024;3.21;1;30;810;265;81;0;0;0;0;0;0;1;0;0;1;0;0;0;0;0;1;0;0;0;1;0;0
17;3.0;13.8;0.0;63.3;20.0;36.2;48;7;9;0;3.0;2.0;1.0;19-09-2024;2.96;1;30;980;247;60;0;0;0;1;0;0;0;0;0;0;1;0;0;0;1;0;0;0;0;0;1;0
21;3.0;31.0;0.0;83.0;39.0;52.9;79;2;8;4;4.0;;1.0;27-09-2024;16.62;0;30;980;247;60;0;0;0;1;0;0;0;0;1;0;0;0;0;0;1;0;0;0;0;1;0;0
21;;12.8;0.0;79.5;37.0;73.2;83;2;10;5;3.0;4.0;3.0;17-09-2024;15.73;0;30;830;282;65;0;1;0;0;0;0;0;0;1;0;0;1;0;0;0;0;0;0;0;0;1;0
19;2.0;36.3;5.0;64.5;30.0;51.7;79;6;9;2;3.0;;2.0;02-09-2024;7.35;1;30;980;247;60;0;0;0;1;0;0;0;0;1;0;0;0;0;0;1;0;0;0;0;0;1;0
20;0.0;6.3;10.0;80.6;18.0;24.7;42;5;12;3;;2.0;3.0;03-09-2024;5.06;1;30;830;282;65;0;1;0;0;0;0;0;0;1;0;0;1;0;0;0;0;0;0;0;0;1;0
22;1.0;4.3;;70.7;27.0;32.5;43;1;11;4;4.0;;;05-09-2024;15.88;0;30;980;247;60;0;0;0;1;0;0;0;0;1;0;0;0;0;0;1;0;0;0;0;1;0;0
17;1.0;21.2;10.0;72.2;;9.7;22;5;5;1;3.0;2.0;1.0;17-09-2024;12.14;0;30;980;247;60;0;0;0;1;0;0;0;0;0;0;1;0;0;0;1;0;0;0;0;1;0;0
17;1.0;14.3;14.0;75.8;35.0;62.3;50;4;5;5;3.0;2.0;1.0;11-09-2024;12.68;0;30;830;282;65;0;1;0;0;0;0;0;0;1;0;0;1;0;0;0;0;0;0;0;0;1;0
20;0.0;6.2;0.0;64.0;17.0;22.1;26;10;10;0;3.0;2.0;3.0;13-09-2024;3.17;1;30;930;293;75;0;0;1;0;0;0;0;0;1;0;0;0;0;0;0;0;1;0;0;0;1;0
20;1.0;24.0;;59.9;23.0;30.5;56;2;9;1;1.0;4.0;3.0;09-09-2024;2.9;1;30;830;282;65;0;1;0;0;0;0;0;0;0;1;0;1;0;0;0;0;0;0;1;0;0;0
18;0.0;2.0;0.0;61.8;20.0;34.6;36;6;6;1;4.0;3.0;4.0;27-09-2024;14.43;0;30;620;263;66;0;0;0;0;0;0;0;1;1;0;0;0;0;1;0;0;0;0;0;0;1;0
18;0.0;61.9;0.0;87.7;40.0;55.0;71;5;8;3;3.0;5.0;2.0;06-09-2024;16.07;0;28;710;325;60;1;0;0;0;0;0;0;0;1;0;0;0;0;0;1;0;0;0;0;0;1;0
19;2.0;1.2;27.0;98.5;24.0;32.9;69;7;8;1;4.0;3.0;4.0;18-09-2024;14.23;0;28;710;325;60;1;0;0;0;0;0;0;0;1;0;0;0;0;0;1;0;0;0;0;1;0;0
20;1.0;20.2;23.0;93.0;45.0;52.1;113;4;9;5;4.0;5.0;4.0;25-09-2024;17.73;0;30;830;282;65;0;1;0;0;0;0;0;0;0;1;0;1;0;0;0;0;0;0;0;0;1;0
20;0.0;14.5;;76.8;35.0;48.0;81;6;9;2;4.0;;4.0;04-09-2024;18.37;0;30;620;263;66;0;0;0;0;0;0;0;1;1;0;0;0;0;1;0;0;0;0;0;0;1;0
21;1.0;10.5;14.0;88.3;31.0;54.2;50;4;7;5;5.0;4.0;3.0;24-09-2024;16.16;0;30;930;293;75;0;0;1;0;0;0;0;0;0;0;1;0;0;0;0;0;1;0;0;0;1;0
22;0.0;;4.0;88.3;43.0;62.9;104;4;8;8;5.0;3.0;5.0;13-09-2024;16.7;0;30;810;265;81;0;0;0;0;0;0;1;0;1;0;0;0;0;0;0;1;0;0;0;1;0;0
21;3.0;40.3;8.0;99.2;51.0;105.1;109;2;12;10;5.0;3.0;3.0;17-09-2024;19.72;0;30;830;282;65;0;1;0;0;0;0;0;0;1;0;0;1;0;0;0;0;0;0;0;0;1;0
18;1.0;20.5;10.0;61.6;9.0;19.6;1;6;6;1;1.0;1.0;1.0;03-09-2024;5.06;1;30;830;282;65;0;1;0;0;0;0;0;0;0;1;0;1;0;0;0;0;0;0;0;0;1;0
22;1.0;12.6;11.0;80.5;18.0;19.5;27;5;7;0;2.0;4.0;3.0;16-09-2024;4.43;1;30;930;293;75;0;0;1;0;0;0;0;0;1;0;0;0;0;0;0;0;1;0;0;1;0;0
19;0.0;0.1;8.0;50.4;29.0;42.9;78;8;8;0;4.0;2.0;1.0;17-09-2024;2.57;1;28;480;265;78;0;0;0;0;1;0;0;0;1;0;0;0;1;0;0;0;0;0;0;0;1;0
17;0.0;5.5;;61.3;18.0;33.3;31;5;5;0;1.0;2.0;1.0;10-09-2024;3.64;1;30;620;263;66;0;0;0;0;0;0;0;1;0;0;1;0;0;1;0;0;0;0;0;0;1;0
20;0.0;22.4;9.0;67.6;21.0;42.9;33;7;9;1;2.0;;4.0;10-09-2024;13.87;0;28;550;256;64;0;0;0;0;0;1;0;0;1;0;0;0;0;0;1;0;0;0;1;0;0;0
19;1.0;4.3;;61.4;29.0;59.3;56;6;6;2;2.0;4.0;3.0;16-09-2024;4.1;1;30;620;263;66;0;0;0;0;0;0;0;1;0;1;0;0;0;1;0;0;0;0;0;0;1;0
21;1.0;57.1;18.0;84.5;22.0;40.2;35;0;10;4;5.0;5.0;4.0;17-09-2024;18.95;0;28;550;256;64;0;0;0;0;0;1;0;0;1;0;0;0;0;0;1;0;0;0;0;0;1;0
17;1.0;13.1;0.0;74.7;35.0;44.1;48;6;10;5;5.0;3.0;;13-09-2024;17.14;0;28;710;325;60;1;0;0;0;0;0;0;0;1;0;0;0;0;0;1;0;0;0;0;0;1;0
20;1.0;38.0;0.0;81.0;33.0;26.8;53;5;7;4;5.0;3.0;3.0;06-09-2024;15.27;0;30;930;293;75;0;0;1;0;0;0;0;0;1;0;0;0;0;0;0;0;1;1;0;0;0;0
19;0.0;3.7;0.0;64.2;6.0;12.6;15;4;4;1;4.0;1.0;2.0;11-09-2024;3.77;1;28;710;325;60;1;0;0;0;0;0;0;0;1;0;0;0;0;0;1;0;0;0;0;1;0;0
21;0.0;9.1;12.0;57.0;20.0;20.3;66;4;5;0;2.0;1.0;;16-09-2024;3.19;1;30;620;263;66;0;0;0;0;0;0;0;1;0;0;1;0;0;1;0;0;0;0;0;1;0;0
19;;7.1;13.0;83.9;44.0;89.9;114;2;7;9;4.0;5.0;5.0;19-09-2024;16.48;0;30;980;247;60;0;0;0;1;0;0;0;0;1;0;0;0;0;0;1;0;0;0;0;1;0;0
20;0.0;0.9;15.0;89.4;29.0;32.4;53;4;10;6;4.0;4.0;5.0;25-09-2024;14.14;0;30;810;265;81;0;0;0;0;0;0;1;0;1;0;0;0;0;0;0;1;0;0;0;1;0;0
20;0.0;29.9;10.0;88.1;40.0;87.2;74;1;8;5;5.0;4.0;3.0;03-09-2024;17.27;0;30;930;293;75;0;0;1;0;0;0;0;0;1;0;0;0;0;0;0;0;1;1;0;0;0;0
18;1.0;;10.0;41.3;8.0;8.3;16;1;1;0;1.0;1.0;1.0;23-09-2024;3.09;1;30;620;263;66;0;0;0;0;0;0;0;1;1;0;0;0;0;1;0;0;0;0;0;0;0;1
20;0.0;2.1;24.0;79.5;17.0;20.0;44;0;7;2;3.0;4.0;4.0;04-09-2024;16.39;0;28;550;256;64;0;0;0;0;0;1;0;0;1;0;0;0;0;0;1;0;0;0;0;1;0;0
21;2.0;5.2;15.0;84.1;14.0;27.8;40;4;9;0;3.0;3.0;2.0;05-09-2024;15.79;0;30;830;282;65;0;1;0;0;0;0;0;0;1;0;0;1;0;0;0;0;0;0;0;0;1;0
18;1.0;2.7;0.0;98.8;39.0;56.7;85;1;10;14;5.0;3.0;4.0;17-09-2024;19.65;0;30;830;282;65;0;1;0;0;0;0;0;0;1;0;0;1;0;0;0;0;0;0;0;0;1;0
18;1.0;3.5;26.0;69.5;47.0;114.7;63;2;12;4;4.0;3.0;3.0;09-09-2024;13.92;0;30;830;282;65;0;1;0;0;0;0;0;0;0;0;1;1;0;0;0;0;0;0;0;0;1;0
20;;6.0;3.0;75.3;35.0;38.1;82;4;11;1;3.0;1.0;2.0;16-09-2024;14.98;0;30;620;263;66;0;0;0;0;0;0;0;1;0;1;0;0;0;1;0;0;0;0;0;0;1;0
19;2.0;44.3;27.0;65.3;3.0;0.3;1;1;6;3;4.0;5.0;1.0;06-09-2024;7.12;1;30;830;282;65;0;1;0;0;0;0;0;0;0;0;1;1;0;0;0;0;0;0;0;0;1;0
17;2.0;11.9;18.0;99.0;44.0;81.6;87;4;8;5;4.0;2.0;4.0;16-09-2024;19.23;0;30;810;265;81;0;0;0;0;0;0;1;0;1;0;0;0;0;0;0;1;0;0;0;1;0;0
18;1.0;22.8;7.0;73.9;9.0;10.7;20;3;6;0;2.0;3.0;3.0;12-09-2024;12.04;0;30;620;263;66;0;0;0;0;0;0;0;1;1;0;0;0;0;1;0;0;0;0;0;0;1;0
18;1.0;8.7;10.0;82.3;19.0;31.9;55;5;8;2;3.0;1.0;4.0;18-09-2024;14.22;0;30;930;293;75;0;0;1;0;0;0;0;0;1;0;0;0;0;0;0;0;1;0;0;0;1;0
22;0.0;11.7;8.0;67.0;11.0;22.9;40;7;8;0;2.0;3.0;;13-09-2024;4.64;1;28;550;256;64;0;0;0;0;0;1;0;0;1;0;0;0;0;0;1;0;0;0;0;0;1;0
20;0.0;5.9;0.0;65.4;23.0;30.7;48;4;5;1;2.0;2.0;2.0;02-09-2024;3.13;1;30;980;247;60;0;0;0;1;0;0;0;0;0;0;1;0;0;0;1;0;0;0;0;0;1;0
19;1.0;52.6;;96.9;35.0;33.4;57;1;11;7;5.0;5.0;;12-09-2024;19.15;0;30;980;247;60;0;0;0;1;0;0;0;0;1;0;0;0;0;0;1;0;0;0;0;0;1;0
22;1.0;6.9;13.0;98.4;64.0;101.9;131;3;9;5;5.0;4.0;5.0;23-09-2024;19.41;0;28;550;256;64;0;0;0;0;0;1;0;0;1;0;0;0;0;0;1;0;0;0;0;0;1;0
19;0.0;2.9;11.0;77.9;41.0;49.9;78;3;8;5;3.0;4.0;4.0;02-09-2024;12.41;0;30;830;282;65;0;1;0;0;0;0;0;0;0;0;1;1;0;0;0;0;0;0;0;1;0;0
18;1.0;19.5;26.0;87.2;;129.7;92;2;11;4;5.0;5.0;4.0;17-09-2024;18.1;0;28;480;265;78;0;0;0;0;1;0;0;0;0;0;1;0;1;0;0;0;0;0;0;1;0;0
24;;;0.0;91.8;43.0;69.4;96;8;12;1;2.0;3.0;3.0;11-09-2024;16.48;0;28;710;325;60;1;0;0;0;0;0;0;0;1;0;0;0;0;0;1;0;0;0;0;0;1;0
21;0.0;7.6;11.0;80.9;47.0;62.1;78;1;11;6;4.0;4.0;4.0;25-09-2024;16.83;0;28;710;325;60;1;0;0;0;0;0;0;0;0;1;0;0;0;0;1;0;0;0;0;1;0;0
20;3.0;4.0;11.0;78.2;32.0;26.1;94;3;9;2;4.0;4.0;3.0;26-09-2024;12.97;0;28;710;325;60;1;0;0;0;0;0;0;0;1;0;0;0;0;0;1;0;0;0;0;0;1;0
19;0.0;6.5;23.0;73.7;11.0;15.1;35;5;7;2;3.0;3.0;3.0;04-09-2024;5.41;1;30;980;247;60;0;0;0;1;0;0;0;0;1;0;0;0;0;0;1;0;0;0;0;0;1;0
17;1.0;14.0;;98.9;39.0;43.9;95;4;8;2;4.0;4.0;3.0;20-09-2024;15.46;0;30;810;265;81;0;0;0;0;0;0;1;0;0;0;1;0;0;0;0;1;0;0;0;0;1;0
20;0.0;1.8;0.0;73.6;26.0;48.8;68;3;9;4;3.0;3.0;4.0;12-09-2024;17.81;0;28;710;325;60;1;0;0;0;0;0;0;0;1;0;0;0;0;0;1;0;0;0;0;0;1;0
21;1.0;5.2;17.0;62.2;;54.7;62;5;6;1;1.0;4.0;;20-09-2024;11.42;0;28;480;265;78;0;0;0;0;1;0;0;0;1;0;0;0;1;0;0;0;0;0;0;1;0;0
23;2.0;12.0;0.0;88.5;;66.2;119;1;10;6;5.0;4.0;5.0;26-09-2024;17.96;0;30;830;282;65;0;1;0;0;0;0;0;0;1;0;0;1;0;0;0;0;0;0;1;0;0;0
19;0.0;17.2;8.0;98.7;44.0;87.8;117;0;11;7;5.0;5.0;4.0;20-09-2024;18.92;0;30;810;265;81;0;0;0;0;0;0;1;0;0;0;1;0;0;0;0;1;0;0;0;0;1;0
19;1.0;36.6;20.0;67.6;;9.7;70;3;10;3;5.0;;2.0;18-09-2024;15.82;0;30;930;293;75;0;0;1;0;0;0;0;0;0;0;1;0;0;0;0;0;1;0;0;0;1;0
21;;3.6;18.0;71.8;27.0;47.6;65;3;6;0;4.0;5.0;4.0;25-09-2024;16.22;0;30;930;293;75;0;0;1;0;0;0;0;0;1;0;0;0;0;0;0;0;1;0;1;0;0;0
17;2.0;43.5;21.0;77.2;27.0;49.2;66;6;6;2;3.0;1.0;2.0;05-09-2024;16.65;0;30;830;282;65;0;1;0;0;0;0;0;0;0;0;1;1;0;0;0;0;0;0;0;0;0;1
19;0.0;1.8;11.0;73.8;17.0;18.8;36;5;5;0;2.0;1.0;1.0;03-09-2024;3.25;1;30;810;265;81;0;0;0;0;0;0;1;0;1;0;0;0;0;0;0;1;0;0;0;0;1;0
17;0.0;4.6;13.0;89.0;58.0;108.9;135;2;10;9;4.0;5.0;4.0;20-09-2024;17.42;0;30;930;293;75;0;0;1;0;0;0;0;0;1;0;0;0;0;0;0;0;1;0;1;0;0;0
21;;;0.0;95.3;30.0;27.9;74;2;8;3;4.0;4.0;3.0;04-09-2024;15.93;0;28;480;265;78;0;0;0;0;1;0;0;0;1;0;0;0;1;0;0;0;0;0;0;0;1;0
21;2.0;3.3;11.0;80.2;32.0;51.7;75;3;6;3;3.0;3.0;4.0;26-09-2024;15.71;0;30;810;265;81;0;0;0;0;0;0;1;0;1;0;0;0;0;0;0;1;0;0;0;0;1;0
19;1.0;9.9;8.0;84.0;22.0;41.6;39;5;8;5;;3.0;4.0;24-09-2024;16.39;0;30;980;247;60;0;0;0;1;0;0;0;0;1;0;0;0;0;0;1;0;0;0;0;0;1;0
20;0.0;12.1;3.0;84.7;6.0;4.4;23;5;12;2;5.0;2.0;2.0;25-09-2024;17.1;0;30;620;263;66;0;0;0;0;0;0;0;1;1;0;0;0;0;1;0;0;0;0;0;0;0;1
18;1.0;25.4;18.0;57.8;17.0;20.8;36;3;7;1;2.0;1.0;3.0;05-09-2024;6.21;1;30;830;282;65;0;1;0;0;0;0;0;0;1;0;0;1;0;0;0;0;0;0;0;0;1;0
17;2.0;14.1;7.0;61.4;3.0;3.4;1;1;8;0;4.0;2.0;3.0;27-09-2024;13.9;0;30;810;265;81;0;0;0;0;0;0;1;0;1;0;0;0;0;0;0;1;0;0;1;0;0;0
21;0.0;5.5;0.0;76.5;21.0;35.3;57;5;6;1;2.0;4.0;4.0;03-09-2024;7.56;1;30;620;263;66;0;0;0;0;0;0;0;1;1;0;0;0;0;1;0;0;0;0;0;0;1;0
17;0.0;20.7;8.0;65.3;31.0;53.0;43;6;6;0;2.0;;2.0;10-09-2024;4.58;1;30;980;247;60;0;0;0;1;0;0;0;0;0;0;1;0;0;0;1;0;0;0;0;0;1;0
17;1.0;2.6;13.0;67.2;45.0;83.2;95;5;11;4;4.0;3.0;2.0;17-09-2024;13.0;0;30;980;247;60;0;0;0;1;0;0;0;0;0;1;0;0;0;0;1;0;0;0;0;1;0;0
24;0.0;4.9;8.0;90.4;33.0;34.5;67;2;10;6;5.0;5.0;5.0;19-09-2024;16.14;0;30;830;282;65;0;1;0;0;0;0;0;0;1;0;0;1;0;0;0;0;0;0;0;0;1;0
18;1.0;0.3;8.0;79.6;31.0;41.7;62;1;11;2;5.0;5.0;3.0;05-09-2024;18.63;0;30;980;247;60;0;0;0;1;0;0;0;0;1;0;0;0;0;0;1;0;0;0;0;0;1;0
17;0.0;11.7;7.0;79.3;24.0;41.9;49;7;10;0;3.0;;2.0;10-09-2024;11.76;0;28;480;265;78;0;0;0;0;1;0;0;0;0;1;0;0;1;0;0;0;0;0;0;0;1;0
18;1.0;13.1;9.0;77.6;41.0;67.2;61;1;9;3;5.0;4.0;5.0;16-09-2024;19.43;0;30;980;247;60;0;0;0;1;0;0;0;0;1;0;0;0;0;0;1;0;0;0;0;0;1;0
25;3.0;3.1;13.0;86.5;39.0;64.1;78;2;7;5;4.0;;5.0;18-09-2024;16.49;0;30;830;282;65;0;1;0;0;0;0;0;0;1;0;0;1;0;0;0;0;0;0;0;0;1;0
18;2.0;5.0;;70.6;38.0;41.8;56;6;11;5;1.0;3.0;1.0;04-09-2024;3.82;1;30;620;263;66;0;0;0;0;0;0;0;1;0;1;0;0;0;1;0;0;0;0;0;0;0;1
22;0.0;0.9;21.0;51.7;5.0;5.6;10;4;7;0;1.0;;2.0;12-09-2024;2.11;1;30;980;247;60;0;0;0;1;0;0;0;0;1;0;0;0;0;0;1;0;0;0;0;0;1;0
21;0.0;0.1;22.0;80.0;19.0;25.0;54;4;10;2;;2.0;1.0;12-09-2024;12.82;0;28;710;325;60;1;0;0;0;0;0;0;0;1;0;0;0;0;0;1;0;0;0;0;0;1;0
22;0.0;24.6;16.0;87.4;39.0;66.1;74;3;13;5;3.0;3.0;4.0;16-09-2024;12.66;0;30;620;263;66;0;0;0;0;0;0;0;1;0;0;1;0;0;1;0;0;0;0;0;0;1;0
21;1.0;15.4;4.0;72.4;52.0;94.0;113;3;12;0;4.0;3.0;3.0;06-09-2024;16.14;0;28;480;265;78;0;0;0;0;1;0;0;0;1;0;0;0;1;0;0;0;0;0;0;1;0;0
19;0.0;28.2;;72.7;22.0;47.4;29;3;8;1;2.0;2.0;1.0;12-09-2024;12.45;0;30;930;293;75;0;0;1;0;0;0;0;0;1;0;0;0;0;0;0;0;1;0;0;0;1;0
19;0.0;1.6;27.0;59.8;13.0;14.8;42;3;8;0;2.0;3.0;;11-09-2024;6.34;1;30;980;247;60;0;0;0;1;0;0;0;0;1;0;0;0;0;0;1;0;0;1;0;0;0;0
22;0.0;42.5;0.0;99.6;71.0;102.2;135;0;13;9;5.0;5.0;3.0;02-09-2024;19.34;0;28;550;256;64;0;0;0;0;0;1;0;0;0;0;1;0;0;0;1;0;0;0;0;0;1;0
18;;4.6;4.0;87.0;23.0;36.9;52;7;11;3;4.0;4.0;2.0;23-09-2024;13.58;0;28;480;265;78;0;0;0;0;1;0;0;0;1;0;0;0;1;0;0;0;0;0;0;0;1;0
19;1.0;15.7;0.0;62.1;45.0;79.4;102;3;10;0;3.0;4.0;3.0;24-09-2024;18.31;0;28;710;325;60;1;0;0;0;0;0;0;0;0;0;1;0;0;0;1;0;0;0;0;0;1;0
24;0.0;7.1;0.0;69.5;28.0;50.7;38;4;7;2;2.0;2.0;2.0;11-09-2024;2.33;1;30;810;265;81;0;0;0;0;0;0;1;0;0;1;0;0;0;0;0;1;0;0;0;0;1;0
21;1.0;7.4;0.0;91.5;35.0;60.6;88;3;9;6;5.0;;4.0;04-09-2024;18.73;0;30;830;282;65;0;1;0;0;0;0;0;0;1;0;0;1;0;0;0;0;0;0;0;0;1;0
20;0.0;17.4;19.0;77.6;22.0;30.7;34;5;7;2;3.0;3.0;3.0;17-09-2024;13.91;0;28;710;325;60;1;0;0;0;0;0;0;0;1;0;0;0;0;0;1;0;0;0;0;1;0;0
18;0.0;0.6;0.0;80.8;;30.4;42;2;6;0;4.0;3.0;1.0;18-09-2024;14.95;0;30;930;293;75;0;0;1;0;0;0;0;0;1;0;0;0;0;0;0;0;1;0;0;0;1;0
20;1.0;4.8;;87.4;39.0;53.7;80;7;11;8;3.0;4.0;4.0;12-09-2024;14.36;0;30;810;265;81;0;0;0;0;0;0;1;0;0;0;1;0;0;0;0;1;0;0;0;0;1;0
21;3.0;3.2;23.0;95.2;61.0;107.4;165;0;7;7;5.0;5.0;5.0;24-09-2024;19.85;0;30;620;263;66;0;0;0;0;0;0;0;1;1;0;0;0;0;1;0;0;0;0;0;0;1;0
19;1.0;43.6;18.0;76.3;20.0;19.3;30;7;7;0;1.0;2.0;2.0;17-09-2024;4.6;1;28;480;265;78;0;0;0;0;1;0;0;0;0;0;1;0;1;0;0;0;0;0;0;0;1;0
23;1.0;1.4;13.0;91.5;35.0;44.3;98;6;10;4;2.0;4.0;3.0;26-09-2024;15.48;0;30;620;263;66;0;0;0;0;0;0;0;1;1;0;0;0;0;1;0;0;0;0;0;0;1;0
21;0.0;3.9;0.0;59.7;18.0;15.6;43;4;8;0;2.0;;2.0;05-09-2024;2.47;1;30;930;293;75;0;0;1;0;0;0;0;0;0;0;1;0;0;0;0;0;1;1;0;0;0;0
22;0.0;5.4;8.0;51.0;19.0;40.5;37;5;5;3;4.0;3.0;3.0;27-09-2024;1.03;1;30;980;247;60;0;0;0;1;0;0;0;0;0;1;0;0;0;0;1;0;0;1;0;0;0;0
20;3.0;8.5;17.0;87.1;27.0;47.8;77;4;7;1;3.0;3.0;3.0;20-09-2024;17.32;0;30;930;293;75;0;0;1;0;0;0;0;0;1;0;0;0;0;0;0;0;1;0;0;1;0;0
21;2.0;33.5;11.0;70.7;10.0;13.5;19;5;8;1;3.0;2.0;1.0;19-09-2024;15.93;0;30;620;263;66;0;0;0;0;0;0;0;1;1;0;0;0;0;1;0;0;0;0;0;0;1;0
19;1.0;2.3;9.0;80.4;29.0;58.9;73;3;6;1;;3.0;4.0;26-09-2024;14.99;0;30;620;263;66;0;0;0;0;0;0;0;1;1;0;0;0;0;1;0;0;0;0;0;0;1;0
22;2.0;9.7;0.0;79.4;27.0;46.3;54;3;6;5;5.0;4.0;3.0;24-09-2024;14.81;0;28;710;325;60;1;0;0;0;0;0;0;0;1;0;0;0;0;0;1;0;0;0;0;0;1;0
19;2.0;10.9;15.0;74.3;43.0;38.7;114;4;11;6;5.0;4.0;4.0;03-09-2024;16.91;0;30;930;293;75;0;0;1;0;0;0;0;0;1;0;0;0;0;0;0;0;1;0;0;0;1;0
18;2.0;1.1;8.0;90.1;18.0;37.3;44;3;9;2;4.0;3.0;3.0;17-09-2024;15.98;0;28;710;325;60;1;0;0;0;0;0;0;0;1;0;0;0;0;0;1;0;0;0;0;0;1;0
19;2.0;14.3;25.0;86.8;15.0;23.7;34;6;6;0;1.0;3.0;2.0;20-09-2024;2.75;1;30;810;265;81;0;0;0;0;0;0;1;0;0;0;1;0;0;0;0;1;0;0;0;1;0;0
22;0.0;4.5;0.0;75.0;28.0;38.3;73;3;7;3;3.0;4.0;5.0;27-09-2024;17.9;0;30;930;293;75;0;0;1;0;0;0;0;0;0;0;1;0;0;0;0;0;1;0;0;0;1;0
18;;11.2;13.0;99.9;67.0;61.3;124;0;9;6;5.0;5.0;;05-09-2024;18.83;0;30;980;247;60;0;0;0;1;0;0;0;0;1;0;0;0;0;0;1;0;0;0;0;0;0;1
20;2.0;13.2;10.0;77.5;3.0;9.3;11;3;7;2;4.0;2.0;3.0;10-09-2024;13.14;0;28;550;256;64;0;0;0;0;0;1;0;0;1;0;0;0;0;0;1;0;0;0;1;0;0;0
22;2.0;36.9;5.0;73.4;31.0;17.7;67;6;9;0;1.0;2.0;1.0;11-09-2024;13.3;0;30;830;282;65;0;1;0;0;0;0;0;0;1;0;0;1;0;0;0;0;0;0;0;1;0;0
21;1.0;6.1;18.0;60.0;4.0;11.0;1;6;10;0;2.0;2.0;2.0;25-09-2024;6.48;1;30;620;263;66;0;0;0;0;0;0;0;1;1;0;0;0;0;1;0;0;0;0;0;1;0;0
17;2.0;14.6;19.0;92.1;31.0;69.3;80;2;12;6;5.0;5.0;5.0;09-09-2024;19.67;0;30;810;265;81;0;0;0;0;0;0;1;0;1;0;0;0;0;0;0;1;0;0;0;0;1;0
17;1.0;4.8;0.0;57.7;11.0;15.4;27;2;6;1;4.0;2.0;3.0;23-09-2024;5.07;1;28;480;265;78;0;0;0;0;1;0;0;0;0;0;1;0;1;0;0;0;0;0;0;0;1;0
20;1.0;61.0;24.0;71.4;21.0;43.6;44;4;6;1;;3.0;;18-09-2024;3.74;1;30;980;247;60;0;0;0;1;0;0;0;0;0;1;0;0;0;0;1;0;0;0;0;0;1;0
26;0.0;48.9;0.0;91.5;30.0;58.2;64;3;10;5;2.0;5.0;3.0;11-09-2024;18.46;0;28;710;325;60;1;0;0;0;0;0;0;0;1;0;0;0;0;0;1;0;0;0;0;0;1;0
18;1.0;6.9;0.0;91.5;35.0;58.4;70;5;12;10;5.0;4.0;3.0;10-09-2024;18.1;0;30;980;247;60;0;0;0;1;0;0;0;0;1;0;0;0;0;0;1;0;0;0;0;0;1;0
21;;5.4;15.0;85.8;10.0;15.9;34;4;7;6;4.0;5.0;2.0;10-09-2024;14.4;0;30;830;282;65;0;1;0;0;0;0;0;0;0;0;1;1;0;0;0;0;0;0;0;1;0;0
18;0.0;12.0;0.0;98.8;40.0;77.1;89;2;11;8;3.0;4.0;5.0;12-09-2024;16.59;0;28;550;256;64;0;0;0;0;0;1;0;0;1;0;0;0;0;0;1;0;0;0;0;0;1;0
21;0.0;12.7;0.0;66.2;35.0;25.2;76;3;5;0;;4.0;1.0;13-09-2024;5.56;1;30;980;247;60;0;0;0;1;0;0;0;0;0;0;1;0;0;0;1;0;0;0;0;0;1;0
20;1.0;22.1;0.0;66.0;17.0;28.8;38;4;11;4;3.0;3.0;2.0;17-09-2024;11.98;0;30;980;247;60;0;0;0;1;0;0;0;0;1;0;0;0;0;0;1;0;0;0;0;1;0;0
21;2.0;1.0;10.0;86.9;44.0;65.6;106;2;13;8;2.0;4.0;4.0;16-09-2024;19.32;0;30;980;247;60;0;0;0;1;0;0;0;0;1;0;0;0;0;0;1;0;0;0;0;0;1;0
18;0.0;2.4;0.0;72.6;8.0;10.3;21;6;8;0;2.0;4.0;4.0;20-09-2024;3.45;1;30;830;282;65;0;1;0;0;0;0;0;0;0;0;1;1;0;0;0;0;0;0;0;0;0;1
22;2.0;1.8;28.0;80.5;22.0;41.2;70;3;6;1;2.0;3.0;1.0;05-09-2024;12.31;0;30;830;282;65;0;1;0;0;0;0;0;0;1;0;0;1;0;0;0;0;0;0;0;0;0;1
21;1.0;32.8;11.0;87.9;32.0;63.9;71;1;8;2;3.0;5.0;1.0;16-09-2024;13.42;0;30;810;265;81;0;0;0;0;0;0;1;0;1;0;0;0;0;0;0;1;0;0;0;0;1;0
20;0.0;12.5;13.0;86.9;42.0;58.5;111;1;11;9;2.0;4.0;3.0;11-09-2024;15.24;0;30;980;247;60;0;0;0;1;0;0;0;0;0;1;0;0;0;0;1;0;0;0;0;0;1;0
24;1.0;27.4;9.0;70.9;;34.4;56;5;12;2;4.0;3.0;3.0;09-09-2024;16.23;0;30;980;247;60;0;0;0;1;0;0;0;0;0;1;0;0;0;0;1;0;0;0;0;1;0;0
17;1.0;1.7;0.0;84.7;34.0;50.1;78;2;11;6;5.0;4.0;3.0;12-09-2024;16.73;0;30;810;265;81;0;0;0;0;0;0;1;0;1;0;0;0;0;0;0;1;0;0;0;0;1;0
21;1.0;37.9;8.0;69.4;29.0;29.4;66;6;10;3;2.0;5.0;3.0;02-09-2024;6.47;1;28;710;325;60;1;0;0;0;0;0;0;0;1;0;0;0;0;0;1;0;0;0;0;1;0;0
20;0.0;4.1;12.0;77.9;37.0;80.7;77;4;9;0;3.0;3.0;4.0;16-09-2024;14.7;0;30;810;265;81;0;0;0;0;0;0;1;0;1;0;0;0;0;0;0;1;0;0;0;0;1;0
18;1.0;20.9;20.0;56.7;14.0;23.5;21;6;9;0;4.0;5.0;;25-09-2024;7.87;1;30;930;293;75;0;0;1;0;0;0;0;0;1;0;0;0;0;0;0;0;1;0;0;1;0;0
19;0.0;29.8;11.0;68.3;3.0;2.7;1;4;5;1;1.0;2.0;3.0;11-09-2024;5.6;1;30;810;265;81;0;0;0;0;0;0;1;0;1;0;0;0;0;0;0;1;0;0;0;0;1;0
18;;9.0;0.0;99.2;55.0;36.6;125;1;10;6;5.0;4.0;3.0;09-09-2024;18.58;0;30;980;247;60;0;0;0;1;0;0;0;0;0;0;1;0;0;0;1;0;0;0;1;0;0;0
23;1.0;10.2;10.0;91.8;31.0;56.1;92;1;11;6;5.0;4.0;4.0;02-09-2024;17.78;0;30;620;263;66;0;0;0;0;0;0;0;1;1;0;0;0;0;1;0;0;0;0;0;1;0;0
22;1.0;3.5;0.0;83.4;18.0;29.0;36;6;8;2;3.0;2.0;4.0;17-09-2024;11.93;0;28;480;265;78;0;0;0;0;1;0;0;0;1;0;0;0;1;0;0;0;0;0;0;1;0;0
22;2.0;;0.0;66.1;3.0;8.0;4;5;8;0;;3.0;3.0;16-09-2024;3.55;1;28;710;325;60;1;0;0;0;0;0;0;0;1;0;0;0;0;0;1;0;0;0;0;1;0;0
19;2.0;;0.0;62.8;12.0;25.2;18;4;4;0;2.0;3.0;1.0;06-09-2024;3.83;1;28;480;265;78;0;0;0;0;1;0;0;0;1;0;0;0;1;0;0;0;0;0;0;0;0;1
20;0.0;7.1;14.0;93.6;33.0;42.1;58;3;6;2;2.0;1.0;2.0;16-09-2024;16.08;0;28;550;256;64;0;0;0;0;0;1;0;0;1;0;0;0;0;0;1;0;0;0;0;0;1;0
19;0.0;13.8;0.0;79.3;25.0;33.4;62;5;11;0;4.0;3.0;1.0;09-09-2024;18.7;0;28;480;265;78;0;0;0;0;1;0;0;0;1;0;0;0;1;0;0;0;0;0;0;0;1;0
19;1.0;15.1;26.0;89.7;22.0;54.2;43;5;10;2;5.0;3.0;3.0;06-09-2024;16.78;0;30;830;282;65;0;1;0;0;0;0;0;0;1;0;0;1;0;0;0;0;0;0;0;0;1;0
17;2.0;;13.0;81.1;10.0;24.0;34;6;6;4;2.0;4.0;4.0;26-09-2024;14.64;0;30;810;265;81;0;0;0;0;0;0;1;0;0;0;1;0;0;0;0;1;0;0;0;0;1;0
20;0.0;17.7;5.0;99.2;30.0;63.7;90;1;6;3;5.0;;3.0;09-09-2024;17.77;0;28;480;265;78;0;0;0;0;1;0;0;0;0;1;0;0;1;0;0;0;0;0;0;0;1;0
18;0.0;2.7;11.0;88.8;42.0;80.4;108;3;9;5;3.0;4.0;3.0;19-09-2024;15.16;0;30;810;265;81;0;0;0;0;0;0;1;0;1;0;0;0;0;0;0;1;0;0;0;0;1;0
23;0.0;6.0;20.0;78.9;25.0;52.4;55;3;7;3;3.0;1.0;3.0;05-09-2024;13.54;0;28;550;256;64;0;0;0;0;0;1;0;0;1;0;0;0;0;0;1;0;0;0;0;1;0;0
18;1.0;5.2;8.0;58.9;31.0;43.8;72;5;10;0;3.0;3.0;3.0;13-09-2024;6.68;1;28;550;256;64;0;0;0;0;0;1;0;0;1;0;0;0;0;0;1;0;0;0;0;0;1;0
21;1.0;1.6;14.0;82.0;53.0;111.4;103;4;8;10;4.0;2.0;5.0;17-09-2024;18.21;0;30;980;247;60;0;0;0;1;0;0;0;0;0;0;1;0;0;0;1;0;0;0;0;0;1;0
19;1.0;11.1;;69.3;32.0;38.4;61;5;6;2;;2.0;4.0;06-09-2024;15.54;0;28;550;256;64;0;0;0;0;0;1;0;0;1;0;0;0;0;0;1;0;0;0;0;0;1;0
19;2.0;1.9;15.0;72.2;45.0;65.0;130;8;8;6;3.0;3.0;3.0;27-09-2024;13.67;0;30;980;247;60;0;0;0;1;0;0;0;0;1;0;0;0;0;0;1;0;0;0;0;0;1;0
20;0.0;8.6;14.0;90.2;61.0;84.6;134;1;9;6;5.0;3.0;3.0;06-09-2024;19.12;0;28;550;256;64;0;0;0;0;0;1;0;0;1;0;0;0;0;0;1;0;0;0;0;0;1;0
22;1.0;0.5;0.0;85.4;32.0;39.2;74;10;11;5;;3.0;;10-09-2024;15.96;0;30;830;282;65;0;1;0;0;0;0;0;0;0;0;1;1;0;0;0;0;0;0;0;0;1;0
20;0.0;79.5;6.0;97.1;;87.6;125;2;11;5;4.0;4.0;4.0;17-09-2024;19.37;0;28;550;256;64;0;0;0;0;0;1;0;0;1;0;0;0;0;0;1;0;0;0;0;0;1;0
23;0.0;11.4;26.0;64.1;11.0;10.1;17;4;9;2;2.0;3.0;3.0;19-09-2024;5.87;1;28;480;265;78;0;0;0;0;1;0;0;0;0;1;0;0;1;0;0;0;0;0;0;0;0;1
20;0.0;50.0;14.0;97.0;42.0;60.2;81;1;9;8;5.0;5.0;3.0;09-09-2024;17.14;0;30;620;263;66;0;0;0;0;0;0;0;1;0;0;1;0;0;1;0;0;0;0;0;0;1;0
18;0.0;19.1;8.0;99.9;40.0;59.5;87;4;12;2;2.0;4.0;2.0;09-09-2024;12.92;0;28;550;256;64;0;0;0;0;0;1;0;0;0;1;0;0;0;0;1;0;0;0;1;0;0;0
22;0.0;9.0;14.0;60.4;3.0;1.5;1;7;7;0;1.0;2.0;1.0;06-09-2024;2.81;1;28;710;325;60;1;0;0;0;0;0;0;0;0;0;1;0;0;0;1;0;0;0;0;0;1;0
23;1.0;3.0;20.0;75.4;27.0;28.3;38;3;8;5;3.0;3.0;5.0;24-09-2024;12.89;0;30;830;282;65;0;1;0;0;0;0;0;0;0;0;1;1;0;0;0;0;0;0;0;1;0;0
17;;13.4;0.0;78.8;;33.3;27;2;10;3;3.0;2.0;;20-09-2024;11.72;0;28;550;256;64;0;0;0;0;0;1;0;0;0;1;0;0;0;0;1;0;0;0;0;1;0;0
19;1.0;2.0;3.0;64.5;26.0;21.9;80;3;12;1;3.0;3.0;1.0;25-09-2024;17.33;0;28;710;325;60;1;0;0;0;0;0;0;0;1;0;0;0;0;0;1;0;0;0;1;0;0;0
18;1.0;17.3;0.0;55.7;18.0;46.0;51;5;7;2;2.0;3.0;4.0;17-09-2024;6.92;1;30;930;293;75;0;0;1;0;0;0;0;0;1;0;0;0;0;0;0;0;1;0;0;1;0;0
19;1.0;7.8;;55.2;3.0;3.3;12;6;6;0;1.0;1.0;1.0;24-09-2024;1.53;1;28;550;256;64;0;0;0;0;0;1;0;0;1;0;0;0;0;0;1;0;0;0;0;1;0;0
22;0.0;4.8;12.0;60.9;11.0;9.2;17;5;5;0;1.0;3.0;;23-09-2024;1.43;1;28;710;325;60;1;0;0;0;0;0;0;0;0;0;1;0;0;0;1;0;0;0;1;0;0;0
17;1.0;32.9;5.0;93.8;20.0;19.8;40;6;10;6;4.0;5.0;3.0;20-09-2024;14.13;0;30;930;293;75;0;0;1;0;0;0;0;0;1;0;0;0;0;0;0;0;1;0;0;1;0;0
22;2.0;;23.0;97.1;35.0;54.9;100;1;12;5;5.0;;3.0;12-09-2024;19.57;0;28;710;325;60;1;0;0;0;0;0;0;0;1;0;0;0;0;0;1;0;0;0;0;0;1;0
24;0.0;21.8;8.0;81.0;35.0;36.6;89;4;9;2;3.0;3.0;3.0;11-09-2024;16.65;0;28;710;325;60;1;0;0;0;0;0;0;0;1;0;0;0;0;0;1;0;0;0;0;0;1;0
21;1.0;;0.0;85.3;33.0;49.0;95;4;7;4;5.0;1.0;3.0;05-09-2024;14.11;0;30;620;263;66;0;0;0;0;0;0;0;1;0;0;1;0;0;1;0;0;0;0;0;1;0;0
23;1.0;12.8;12.0;99.8;31.0;37.9;98;2;13;6;4.0;5.0;5.0;05-09-2024;17.56;0;30;620;263;66;0;0;0;0;0;0;0;1;1;0;0;0;0;1;0;0;0;0;0;0;1;0
20;2.0;2.9;13.0;66.0;;29.9;38;5;5;2;1.0;3.0;1.0;11-09-2024;2.88;1;30;810;265;81;0;0;0;0;0;0;1;0;0;0;1;0;0;0;0;1;0;0;0;0;1;0
21;2.0;;11.0;55.8;12.0;22.4;30;6;6;0;1.0;2.0;1.0;16-09-2024;2.69;1;30;830;282;65;0;1;0;0;0;0;0;0;0;1;0;1;0;0;0;0;0;0;0;0;1;0
22;0.0;14.7;0.0;62.6;3.0;7.3;11;6;7;1;1.0;4.0;2.0;13-09-2024;10.82;0;30;810;265;81;0;0;0;0;0;0;1;0;0;0;1;0;0;0;0;1;0;0;0;0;1;0
21;3.0;15.9;12.0;84.4;31.0;49.2;56;0;12;2;5.0;2.0;4.0;12-09-2024;14.97;0;30;930;293;75;0;0;1;0;0;0;0;0;1;0;0;0;0;0;0;0;1;0;0;0;1;0
20;1.0;41.7;0.0;83.7;33.0;52.9;46;4;12;3;5.0;3.0;4.0;10-09-2024;16.79;0;28;710;325;60;1;0;0;0;0;0;0;0;1;0;0;0;0;0;1;0;0;0;0;0;1;0
21;0.0;29.8;;82.0;37.0;37.4;63;1;8;4;1.0;5.0;5.0;16-09-2024;16.0;0;28;550;256;64;0;0;0;0;0;1;0;0;0;1;0;0;0;0;1;0;0;0;0;0;1;0
23;1.0;4.5;7.0;70.2;22.0;47.7;52;7;7;0;1.0;;;04-09-2024;4.87;1;30;830;282;65;0;1;0;0;0;0;0;0;0;0;1;1;0;0;0;0;0;0;0;1;0;0
18;2.0;12.6;15.0;82.3;23.0;16.3;47;2;8;10;4.0;;2.0;23-09-2024;18.79;0;28;480;265;78;0;0;0;0;1;0;0;0;0;1;0;0;1;0;0;0;0;0;0;0;1;0
21;2.0;2.5;11.0;70.8;44.0;84.6;44;4;11;1;3.0;3.0;3.0;03-09-2024;18.18;0;30;830;282;65;0;1;0;0;0;0;0;0;1;0;0;1;0;0;0;0;0;0;0;1;0;0
19;2.0;19.1;18.0;81.1;41.0;40.8;78;1;9;4;4.0;;2.0;04-09-2024;17.31;0;28;710;325;60;1;0;0;0;0;0;0;0;1;0;0;0;0;0;1;0;0;0;0;0;1;0
21;1.0;5.1;0.0;64.9;28.0;34.9;60;8;8;3;3.0;2.0;2.0;26-09-2024;15.33;0;28;480;265;78;0;0;0;0;1;0;0;0;1;0;0;0;1;0;0;0;0;0;0;0;1;0
19;1.0;3.3;13.0;99.1;66.0;101.1;159;0;8;7;5.0;5.0;4.0;16-09-2024;19.63;0;28;480;265;78;0;0;0;0;1;0;0;0;0;0;1;0;1;0;0;0;0;0;0;0;1;0
19;1.0;22.7;18.0;87.8;23.0;33.8;43;6;9;4;3.0;2.0;4.0;17-09-2024;14.09;0;30;980;247;60;0;0;0;1;0;0;0;0;1;0;0;0;0;0;1;0;0;0;0;0;1;0
20;0.0;13.9;0.0;80.2;33.0;25.9;71;3;7;2;3.0;;;12-09-2024;14.36;0;30;810;265;81;0;0;0;0;0;0;1;0;0;0;1;0;0;0;0;1;0;0;0;0;1;0
20;0.0;10.1;0.0;55.7;45.0;49.8;84;6;8;4;;3.0;3.0;17-09-2024;5.07;1;28;480;265;78;0;0;0;0;1;0;0;0;0;1;0;0;1;0;0;0;0;0;0;1;0;0
23;1.0;10.3;18.0;70.3;29.0;60.7;78;3;7;3;3.0;2.0;3.0;24-09-2024;17.4;0;30;810;265;81;0;0;0;0;0;0;1;0;1;0;0;0;0;0;0;1;0;0;0;1;0;0
23;2.0;3.7;8.0;73.9;20.0;23.6;37;6;7;0;1.0;3.0;3.0;11-09-2024;4.42;1;30;810;265;81;0;0;0;0;0;0;1;0;0;0;1;0;0;0;0;1;0;1;0;0;0;0
20;0.0;11.6;26.0;92.0;43.0;64.2;74;2;9;6;5.0;5.0;4.0;09-09-2024;18.43;0;30;930;293;75;0;0;1;0;0;0;0;0;1;0;0;0;0;0;0;0;1;0;0;1;0;0
21;3.0;24.1;0.0;68.8;25.0;45.5;48;1;8;1;1.0;3.0;2.0;19-09-2024;14.07;0;30;830;282;65;0;1;0;0;0;0;0;0;1;0;0;1;0;0;0;0;0;0;0;0;1;0
23;0.0;3.0;0.0;72.3;20.0;22.6;35;3;11;4;3.0;4.0;;20-09-2024;12.18;0;30;810;265;81;0;0;0;0;0;0;1;0;1;0;0;0;0;0;0;1;0;0;0;0;1;0
17;0.0;;13.0;79.9;24.0;37.6;52;4;11;1;2.0;5.0;3.0;20-09-2024;12.55;0;30;930;293;75;0;0;1;0;0;0;0;0;0;0;1;0;0;0;0;0;1;0;0;1;0;0
20;2.0;19.2;13.0;59.5;12.0;16.4;24;8;9;0;3.0;1.0;2.0;23-09-2024;7.01;1;30;810;265;81;0;0;0;0;0;0;1;0;1;0;0;0;0;0;0;1;0;0;0;0;1;0
22;0.0;1.3;9.0;94.4;32.0;33.4;52;3;8;2;4.0;4.0;4.0;19-09-2024;18.49;0;30;930;293;75;0;0;1;0;0;0;0;0;1;0;0;0;0;0;0;0;1;0;0;0;1;0
19;2.0;23.6;28.0;57.6;7.0;18.2;18;6;6;5;2.0;2.0;;19-09-2024;4.98;1;28;710;325;60;1;0;0;0;0;0;0;0;0;1;0;0;0;0;1;0;0;0;0;1;0;0
20;1.0;15.0;21.0;82.5;55.0;70.7;125;1;9;9;4.0;;4.0;17-09-2024;18.73;0;30;810;265;81;0;0;0;0;0;0;1;0;0;0;1;0;0;0;0;1;0;0;0;1;0;0
23;1.0;14.4;18.0;76.0;28.0;55.0;69;2;8;0;2.0;4.0;3.0;03-09-2024;13.57;0;30;930;293;75;0;0;1;0;0;0;0;0;1;0;0;0;0;0;0;0;1;0;0;0;1;0
22;0.0;26.5;0.0;77.7;18.0;35.8;30;7;10;2;1.0;4.0;3.0;17-09-2024;11.22;0;30;810;265;81;0;0;0;0;0;0;1;0;0;1;0;0;0;0;0;1;0;0;0;0;1;0
21;1.0;7.3;0.0;87.1;28.0;11.1;52;2;6;9;4.0;5.0;3.0;23-09-2024;16.89;0;28;550;256;64;0;0;0;0;0;1;0;0;0;1;0;0;0;0;1;0;0;1;0;0;0;0
25;2.0;41.1;13.0;78.8;24.0;34.8;53;2;8;4;2.0;5.0;2.0;17-09-2024;15.94;0;30;930;293;75;0;0;1;0;0;0;0;0;1;0;0;0;0;0;0;0;1;0;0;0;1;0
18;0.0;9.9;8.0;69.0;19.0;32.2;28;3;11;5;3.0;2.0;4.0;23-09-2024;16.56;0;28;550;256;64;0;0;0;0;0;1;0;0;1;0;0;0;0;0;1;0;0;0;0;0;1;0
20;2.0;8.9;13.0;88.5;31.0;55.7;81;1;10;6;5.0;5.0;5.0;25-09-2024;16.58;0;28;480;265;78;0;0;0;0;1;0;0;0;0;0;1;0;1;0;0;0;0;0;0;0;1;0
19;1.0;3.8;12.0;68.2;27.0;51.7;75;6;10;1;1.0;4.0;5.0;26-09-2024;18.53;0;28;550;256;64;0;0;0;0;0;1;0;0;1;0;0;0;0;0;1;0;0;0;0;0;1;0
23;0.0;;5.0;71.2;12.0;27.9;23;4;4;0;3.0;4.0;4.0;05-09-2024;11.82;0;30;930;293;75;0;0;1;0;0;0;0;0;0;1;0;0;0;0;0;0;1;0;0;0;1;0
19;1.0;30.4;0.0;70.0;14.0;19.6;35;4;7;1;1.0;2.0;;17-09-2024;4.18;1;28;710;325;60;1;0;0;0;0;0;0;0;1;0;0;0;0;0;1;0;0;0;0;0;1;0
22;1.0;5.3;;65.3;36.0;61.1;102;4;9;2;3.0;3.0;1.0;10-09-2024;13.9;0;30;620;263;66;0;0;0;0;0;0;0;1;1;0;0;0;0;1;0;0;0;0;0;1;0;0
18;1.0;3.6;7.0;58.0;19.0;21.6;29;1;10;6;2.0;3.0;2.0;18-09-2024;14.87;0;28;550;256;64;0;0;0;0;0;1;0;0;1;0;0;0;0;0;1;0;0;0;0;1;0;0
18;2.0;6.3;0.0;88.0;32.0;53.5;87;4;10;2;4.0;2.0;4.0;02-09-2024;14.35;0;30;620;263;66;0;0;0;0;0;0;0;1;1;0;0;0;0;1;0;0;0;0;0;0;1;0
20;3.0;33.1;0.0;81.0;22.0;23.4;56;1;7;2;2.0;3.0;2.0;24-09-2024;16.37;0;30;830;282;65;0;1;0;0;0;0;0;0;0;1;0;1;0;0;0;0;0;0;0;0;1;0
18;1.0;6.9;23.0;65.4;42.0;81.0;63;3;8;1;4.0;;5.0;18-09-2024;17.3;0;30;930;293;75;0;0;1;0;0;0;0;0;1;0;0;0;0;0;0;0;1;0;0;0;1;0
17;;48.8;9.0;72.1;33.0;43.3;97;5;11;0;3.0;3.0;2.0;24-09-2024;13.3;0;28;550;256;64;0;0;0;0;0;1;0;0;1;0;0;0;0;0;1;0;0;0;0;0;1;0
20;2.0;28.5;12.0;74.5;29.0;64.8;49;1;8;1;;3.0;4.0;18-09-2024;9.18;1;30;980;247;60;0;0;0;1;0;0;0;0;0;0;1;0;0;0;1;0;0;0;0;0;1;0
20;3.0;12.5;16.0;59.1;3.0;3.2;8;4;4;0;2.0;3.0;1.0;16-09-2024;3.83;1;28;710;325;60;1;0;0;0;0;0;0;0;0;0;1;0;0;0;1;0;0;0;0;0;1;0
17;3.0;10.7;0.0;86.3;18.0;22.7;30;3;11;1;4.0;3.0;1.0;17-09-2024;15.75;0;28;710;325;60;1;0;0;0;0;0;0;0;1;0;0;0;0;0;1;0;0;0;0;0;1;0
23;2.0;44.2;;62.8;14.0;19.5;47;3;7;4;5.0;2.0;3.0;16-09-2024;8.38;1;30;830;282;65;0;1;0;0;0;0;0;0;0;0;1;1;0;0;0;0;0;0;0;0;1;0
21;0.0;0.7;0.0;72.2;15.0;32.0;29;5;6;3;4.0;4.0;2.0;17-09-2024;4.35;1;30;620;263;66;0;0;0;0;0;0;0;1;1;0;0;0;0;1;0;0;0;1;0;0;0;0
20;1.0;;12.0;75.4;10.0;10.8;16;2;9;0;3.0;2.0;1.0;04-09-2024;9.14;1;30;830;282;65;0;1;0;0;0;0;0;0;1;0;0;1;0;0;0;0;0;0;0;1;0;0
19;0.0;26.3;0.0;61.4;16.0;30.8;25;6;7;0;4.0;2.0;4.0;17-09-2024;15.75;0;30;830;282;65;0;1;0;0;0;0;0;0;1;0;0;1;0;0;0;0;0;0;0;0;1;0
22;0.0;23.3;0.0;77.5;12.0;11.8;17;4;7;3;3.0;3.0;2.0;17-09-2024;15.16;0;30;930;293;75;0;0;1;0;0;0;0;0;1;0;0;0;0;0;0;0;1;0;0;0;1;0
20;1.0;2.7;9.0;85.9;19.0;27.0;40;3;9;5;1.0;2.0;3.0;16-09-2024;3.33;1;30;930;293;75;0;0;1;0;0;0;0;0;0;1;0;0;0;0;0;0;1;0;0;0;1;0
20;1.0;16.3;20.0;46.1;0.0;0.0;0;7;8;0;1.0;4.0;3.0;13-09-2024;2.22;1;30;980;247;60;0;0;0;1;0;0;0;0;1;0;0;0;0;0;1;0;0;0;1;0;0;0
17;0.0;10.9;7.0;82.5;;85.0;114;4;7;6;2.0;;3.0;10-09-2024;15.0;0;30;830;282;65;0;1;0;0;0;0;0;0;0;0;1;1;0;0;0;0;0;0;0;1;0;0
20;1.0;;;58.6;26.0;29.6;74;3;7;2;3.0;4.0;4.0;17-09-2024;17.85;0;28;550;256;64;0;0;0;0;0;1;0;0;1;0;0;0;0;0;1;0;0;1;0;0;0;0
19;2.0;1.7;0.0;74.2;28.0;44.6;55;4;8;6;3.0;3.0;4.0;18-09-2024;16.13;0;30;830;282;65;0;1;0;0;0;0;0;0;0;0;1;1;0;0;0;0;0;0;0;0;1;0
19;;1.1;0.0;67.5;;6.8;15;3;6;1;;1.0;4.0;03-09-2024;3.23;1;30;810;265;81;0;0;0;0;0;0;1;0;0;1;0;0;0;0;0;1;0;0;0;0;1;0
20;3.0;86.4;23.0;76.9;15.0;24.6;41;9;9;1;;3.0;;13-09-2024;7.84;1;30;980;247;60;0;0;0;1;0;0;0;0;1;0;0;0;0;0;1;0;0;0;1;0;0;0
18;;1.9;14.0;72.9;41.0;79.3;88;5;10;2;4.0;4.0;4.0;20-09-2024;15.31;0;30;620;263;66;0;0;0;0;0;0;0;1;0;0;1;0;0;1;0;0;0;0;0;0;1;0
17;2.0;2.8;0.0;68.1;3.0;1.1;19;6;6;0;1.0;2.0;4.0;06-09-2024;6.27;1;28;710;325;60;1;0;0;0;0;0;0;0;1;0;0;0;0;0;1;0;0;0;0;0;1;0
18;3.0;3.7;0.0;65.8;35.0;75.3;51;2;9;4;3.0;2.0;;11-09-2024;16.74;0;30;620;263;66;0;0;0;0;0;0;0;1;1;0;0;0;0;1;0;0;0;0;0;0;1;0
18;1.0;1.4;6.0;88.7;24.0;64.6;39;6;10;3;3.0;4.0;4.0;25-09-2024;11.28;0;30;810;265;81;0;0;0;0;0;0;1;0;0;0;1;0;0;0;0;1;0;0;0;0;1;0
17;0.0;51.8;18.0;94.5;37.0;46.2;68;0;11;3;5.0;3.0;3.0;13-09-2024;16.17;0;28;710;325;60;1;0;0;0;0;0;0;0;0;0;1;0;0;0;1;0;0;1;0;0;0;0
19;2.0;0.9;0.0;69.3;38.0;55.9;53;4;13;5;5.0;;3.0;03-09-2024;14.88;0;28;480;265;78;0;0;0;0;1;0;0;0;1;0;0;0;1;0;0;0;0;1;0;0;0;0
22;1.0;28.1;0.0;66.5;20.0;17.4;36;2;6;1;3.0;2.0;2.0;05-09-2024;4.28;1;30;930;293;75;0;0;1;0;0;0;0;0;0;0;1;0;0;0;0;0;1;0;0;0;1;0
22;1.0;3.4;10.0;67.6;13.0;13.1;45;4;7;2;;2.0;3.0;27-09-2024;11.51;0;30;980;247;60;0;0;0;1;0;0;0;0;0;1;0;0;0;0;1;0;0;0;0;1;0;0
20;0.0;4.1;28.0;72.3;28.0;41.1;59;5;11;0;4.0;3.0;4.0;13-09-2024;17.08;0;30;930;293;75;0;0;1;0;0;0;0;0;0;0;1;0;0;0;0;0;1;0;0;0;1;0
19;0.0;26.2;16.0;87.9;40.0;32.5;83;2;7;1;4.0;2.0;3.0;17-09-2024;17.22;0;30;980;247;60;0;0;0;1;0;0;0;0;1;0;0;0;0;0;1;0;0;0;0;1;0;0
23;2.0;2.4;24.0;80.4;26.0;61.6;50;2;7;4;4.0;3.0;3.0;06-09-2024;15.95;0;30;830;282;65;0;1;0;0;0;0;0;0;1;0;0;1;0;0;0;0;0;0;1;0;0;0
19;0.0;10.6;25.0;94.5;34.0;43.8;95;2;9;5;3.0;4.0;3.0;27-09-2024;16.07;0;30;830;282;65;0;1;0;0;0;0;0;0;0;0;1;1;0;0;0;0;0;0;0;0;1;0
22;0.0;9.6;0.0;70.1;33.0;45.2;76;4;7;4;4.0;3.0;;12-09-2024;13.62;0;30;980;247;60;0;0;0;1;0;0;0;0;0;0;1;0;0;0;1;0;0;0;1;0;0;0
21;1.0;62.1;;73.6;23.0;32.0;53;2;11;6;4.0;4.0;;09-09-2024;9.33;1;30;930;293;75;0;0;1;0;0;0;0;0;0;0;1;0;0;0;0;0;1;0;0;0;1;0
22;2.0;22.3;13.0;67.2;10.0;17.8;22;4;10;3;4.0;4.0;4.0;12-09-2024;6.96;1;28;550;256;64;0;0;0;0;0;1;0;0;1;0;0;0;0;0;1;0;0;0;0;0;1;0
18;2.0;11.3;;81.8;20.0;32.1;30;1;9;5;4.0;3.0;4.0;23-09-2024;17.01;0;30;830;282;65;0;1;0;0;0;0;0;0;1;0;0;1;0;0;0;0;0;1;0;0;0;0
24;1.0;2.5;18.0;95.7;37.0;43.5;83;2;11;6;4.0;4.0;4.0;02-09-2024;17.36;0;28;710;325;60;1;0;0;0;0;0;0;0;0;0;1;0;0;0;1;0;0;0;0;1;0;0
22;0.0;2.6;;69.9;24.0;42.6;39;7;9;0;2.0;4.0;1.0;17-09-2024;3.92;1;30;810;265;81;0;0;0;0;0;0;1;0;0;0;1;0;0;0;0;1;0;0;0;0;1;0
22;0.0;18.4;11.0;68.4;48.0;52.3;81;8;9;0;3.0;;2.0;12-09-2024;15.69;0;30;620;263;66;0;0;0;0;0;0;0;1;1;0;0;0;0;1;0;0;0;0;0;0;1;0
19;2.0;8.7;3.0;96.5;51.0;68.6;118;4;11;3;5.0;2.0;;24-09-2024;19.75;0;30;620;263;66;0;0;0;0;0;0;0;1;1;0;0;0;0;1;0;0;0;0;1;0;0;0
18;3.0;10.6;15.0;84.9;29.0;42.0;60;5;12;4;5.0;;;18-09-2024;18.33;0;30;980;247;60;0;0;0;1;0;0;0;0;1;0;0;0;0;0;1;0;0;0;0;0;1;0
19;0.0;;;92.7;53.0;79.1;110;2;11;7;5.0;4.0;2.0;11-09-2024;18.55;0;30;930;293;75;0;0;1;0;0;0;0;0;1;0;0;0;0;0;0;0;1;0;0;0;1;0
20;2.0;9.8;;88.4;29.0;17.0;29;0;13;5;;5.0;4.0;17-09-2024;17.05;0;30;830;282;65;0;1;0;0;0;0;0;0;1;0;0;1;0;0;0;0;0;0;0;0;0;1
18;0.0;14.7;9.0;87.9;40.0;79.7;82;3;11;8;4.0;4.0;5.0;10-09-2024;16.48;0;30;810;265;81;0;0;0;0;0;0;1;0;0;0;1;0;0;0;0;1;0;0;0;1;0;0
20;0.0;15.7;;87.2;3.0;4.4;7;7;7;3;3.0;3.0;3.0;03-09-2024;4.34;1;28;480;265;78;0;0;0;0;1;0;0;0;0;0;1;0;1;0;0;0;0;0;1;0;0;0
25;1.0;2.8;;89.3;25.0;54.3;53;2;11;5;4.0;4.0;5.0;27-09-2024;18.87;0;30;980;247;60;0;0;0;1;0;0;0;0;0;0;1;0;0;0;1;0;0;0;0;0;1;0
20;3.0;7.3;;80.5;38.0;40.9;51;3;8;6;4.0;3.0;3.0;23-09-2024;18.72;0;30;930;293;75;0;0;1;0;0;0;0;0;1;0;0;0;0;0;0;0;1;0;0;1;0;0
19;1.0;9.1;5.0;75.7;52.0;63.0;111;3;10;2;4.0;4.0;1.0;02-09-2024;18.78;0;28;710;325;60;1;0;0;0;0;0;0;0;0;0;1;0;0;0;1;0;0;0;0;0;1;0
22;1.0;9.5;8.0;63.6;32.0;24.8;83;2;9;1;3.0;2.0;5.0;24-09-2024;14.27;0;30;980;247;60;0;0;0;1;0;0;0;0;1;0;0;0;0;0;1;0;0;0;0;0;1;0
18;0.0;;12.0;88.7;39.0;49.3;100;0;10;7;3.0;5.0;3.0;09-09-2024;15.74;0;30;830;282;65;0;1;0;0;0;0;0;0;0;0;1;1;0;0;0;0;0;0;0;0;1;0
19;1.0;0.1;21.0;85.0;28.0;53.3;43;3;6;5;5.0;5.0;4.0;17-09-2024;15.57;0;28;550;256;64;0;0;0;0;0;1;0;0;0;0;1;0;0;0;1;0;0;0;0;0;1;0
21;0.0;;22.0;69.2;25.0;44.3;76;5;10;1;2.0;3.0;2.0;12-09-2024;5.16;1;30;980;247;60;0;0;0;1;0;0;0;0;0;0;1;0;0;0;1;0;0;0;0;0;1;0
20;0.0;11.2;8.0;79.5;7.0;12.3;23;1;7;5;2.0;3.0;2.0;02-09-2024;16.94;0;28;550;256;64;0;0;0;0;0;1;0;0;1;0;0;0;0;0;1;0;0;0;0;1;0;0
19;0.0;37.7;9.0;81.5;39.0;32.5;65;1;13;4;4.0;3.0;4.0;13-09-2024;14.94;0;28;480;265;78;0;0;0;0;1;0;0;0;1;0;0;0;1;0;0;0;0;0;0;0;1;0
20;0.0;15.1;10.0;98.8;24.0;2.1;54;4;9;4;3.0;4.0;4.0;17-09-2024;14.83;0;30;930;293;75;0;0;1;0;0;0;0;0;0;0;1;0;0;0;0;0;1;0;0;0;1;0
20;0.0;21.6;10.0;67.9;17.0;26.6;34;6;6;4;3.0;3.0;2.0;03-09-2024;4.36;1;30;830;282;65;0;1;0;0;0;0;0;0;1;0;0;1;0;0;0;0;0;0;0;0;1;0
17;2.0;6.4;22.0;76.9;12.0;2.4;32;4;10;3;3.0;4.0;3.0;02-09-2024;4.04;1;28;480;265;78;0;0;0;0;1;0;0;0;0;0;1;0;1;0;0;0;0;0;0;0;1;0
20;2.0;;11.0;78.3;23.0;37.7;53;6;6;1;5.0;4.0;3.0;24-09-2024;19.54;0;28;550;256;64;0;0;0;0;0;1;0;0;1;0;0;0;0;0;1;0;0;0;0;0;1;0
19;1.0;9.4;11.0;81.1;35.0;42.8;83;2;7;5;5.0;4.0;5.0;06-09-2024;17.19;0;28;550;256;64;0;0;0;0;0;1;0;0;1;0;0;0;0;0;1;0;0;0;0;0;1;0
18;0.0;4.5;19.0;98.2;42.0;86.9;104;2;8;6;;5.0;5.0;10-09-2024;19.11;0;28;710;325;60;1;0;0;0;0;0;0;0;0;0;1;0;0;0;1;0;0;0;0;1;0;0
19;1.0;3.6;0.0;88.8;42.0;60.4;103;2;8;4;5.0;5.0;3.0;11-09-2024;18.95;0;30;930;293;75;0;0;1;0;0;0;0;0;1;0;0;0;0;0;0;0;1;0;0;0;1;0
18;0.0;1.1;6.0;77.4;44.0;63.5;106;0;11;7;5.0;5.0;3.0;10-09-2024;17.14;0;30;810;265;81;0;0;0;0;0;0;1;0;0;0;1;0;0;0;0;1;0;0;0;0;1;0
17;0.0;1.5;;95.4;19.0;37.8;37;3;10;3;5.0;5.0;5.0;24-09-2024;16.68;0;30;930;293;75;0;0;1;0;0;0;0;0;0;0;1;0;0;0;0;0;1;0;0;1;0;0
18;0.0;20.5;0.0;71.1;28.0;35.1;50;1;9;3;3.0;5.0;3.0;04-09-2024;11.97;0;28;710;325;60;1;0;0;0;0;0;0;0;1;0;0;0;0;0;1;0;0;0;0;0;1;0
19;1.0;12.8;6.0;69.1;25.0;51.1;67;1;6;2;3.0;3.0;1.0;10-09-2024;8.26;1;28;710;325;60;1;0;0;0;0;0;0;0;1;0;0;0;0;0;1;0;0;0;0;1;0;0
20;0.0;53.9;8.0;55.2;;41.3;35;4;8;0;3.0;3.0;1.0;05-09-2024;6.65;1;30;980;247;60;0;0;0;1;0;0;0;0;1;0;0;0;0;0;1;0;0;0;0;1;0;0
17;3.0;15.2;0.0;69.3;14.0;21.1;31;4;9;3;4.0;2.0;2.0;19-09-2024;9.92;1;30;930;293;75;0;0;1;0;0;0;0;0;1;0;0;0;0;0;0;0;1;0;0;0;1;0
19;2.0;34.4;0.0;69.4;17.0;42.1;31;6;6;2;3.0;2.0;;12-09-2024;10.18;0;28;480;265;78;0;0;0;0;1;0;0;0;0;1;0;0;1;0;0;0;0;1;0;0;0;0
22;1.0;2.1;13.0;73.5;;54.6;99;5;7;3;3.0;3.0;2.0;18-09-2024;16.21;0;30;830;282;65;0;1;0;0;0;0;0;0;0;0;1;1;0;0;0;0;0;1;0;0;0;0
21;1.0;10.1;17.0;70.0;29.0;27.5;60;5;9;2;5.0;2.0;3.0;24-09-2024;15.46;0;28;480;265;78;0;0;0;0;1;0;0;0;1;0;0;0;1;0;0;0;0;0;0;0;1;0
20;0.0;8.4;;74.7;23.0;29.7;51;3;11;1;3.0;2.0;1.0;12-09-2024;13.95;0;28;710;325;60;1;0;0;0;0;0;0;0;1;0;0;0;0;0;1;0;0;0;0;0;1;0
19;2.0;38.7;0.0;72.6;21.0;31.7;72;6;8;2;2.0;2.0;2.0;17-09-2024;7.6;1;30;830;282;65;0;1;0;0;0;0;0;0;0;0;1;1;0;0;0;0;0;0;0;1;0;0
26;1.0;0.4;15.0;82.5;28.0;47.7;63;4;6;1;3.0;3.0;4.0;19-09-2024;11.61;0;30;930;293;75;0;0;1;0;0;0;0;0;1;0;0;0;0;0;0;0;1;0;0;0;1;0
18;0.0;10.3;0.0;69.3;28.0;58.9;66;2;9;2;3.0;;3.0;03-09-2024;16.44;0;30;830;282;65;0;1;0;0;0;0;0;0;0;0;1;1;0;0;0;0;0;0;0;1;0;0
23;0.0;2.9;;81.6;30.0;36.3;61;6;9;1;3.0;;2.0;05-09-2024;12.52;0;30;810;265;81;0;0;0;0;0;0;1;0;0;1;0;0;0;0;0;1;0;0;0;0;1;0
21;1.0;11.9;0.0;80.4;30.0;25.4;56;3;12;5;5.0;5.0;3.0;19-09-2024;17.81;0;30;930;293;75;0;0;1;0;0;0;0;0;1;0;0;0;0;0;0;0;1;0;0;0;1;0
20;2.0;9.8;18.0;92.6;51.0;68.2;112;4;11;6;3.0;3.0;4.0;06-09-2024;16.12;0;30;980;247;60;0;0;0;1;0;0;0;0;0;0;1;0;0;0;1;0;0;0;0;0;1;0
18;0.0;3.9;23.0;77.0;24.0;39.2;36;3;7;4;3.0;;3.0;25-09-2024;14.73;0;30;980;247;60;0;0;0;1;0;0;0;0;0;1;0;0;0;0;1;0;0;0;0;0;1;0
20;0.0;3.3;0.0;73.8;35.0;46.8;83;3;12;8;4.0;2.0;2.0;11-09-2024;13.15;0;30;830;282;65;0;1;0;0;0;0;0;0;0;0;1;1;0;0;0;0;0;0;0;0;1;0
20;2.0;27.7;;81.1;;40.0;44;1;12;0;4.0;;4.0;04-09-2024;17.92;0;28;550;256;64;0;0;0;0;0;1;0;0;0;0;1;0;0;0;1;0;0;0;0;1;0;0
19;1.0;11.6;13.0;53.1;24.0;21.2;66;6;8;0;1.0;2.0;1.0;17-09-2024;0.92;1;30;980;247;60;0;0;0;1;0;0;0;0;0;0;1;0;0;0;1;0;0;0;0;0;1;0
20;0.0;1.8;12.0;60.9;3.0;2.2;16;5;5;1;3.0;2.0;;05-09-2024;5.63;1;30;830;282;65;0;1;0;0;0;0;0;0;1;0;0;1;0;0;0;0;0;0;0;0;1;0
21;2.0;8.9;15.0;69.9;28.0;27.8;60;4;9;4;;5.0;2.0;17-09-2024;18.16;0;30;930;293;75;0;0;1;0;0;0;0;0;1;0;0;0;0;0;0;0;1;0;0;0;0;1
22;3.0;62.7;0.0;91.0;41.0;80.6;86;0;12;8;5.0;4.0;3.0;03-09-2024;19.52;0;30;810;265;81;0;0;0;0;0;0;1;0;1;0;0;0;0;0;0;1;0;0;0;0;1;0
21;1.0;;6.0;82.3;30.0;41.6;70;5;7;3;4.0;4.0;2.0;26-09-2024;15.27;0;30;830;282;65;0;1;0;0;0;0;0;0;1;0;0;1;0;0;0;0;0;0;0;0;1;0
20;0.0;3.5;;67.1;16.0;13.9;26;2;6;1;2.0;1.0;2.0;24-09-2024;6.54;1;30;980;247;60;0;0;0;1;0;0;0;0;1;0;0;0;0;0;1;0;0;0;0;0;1;0
17;1.0;12.2;;90.8;31.0;26.1;75;6;12;1;4.0;4.0;5.0;11-09-2024;17.1;0;28;480;265;78;0;0;0;0;1;0;0;0;1;0;0;0;1;0;0;0;0;0;0;0;1;0
22;1.0;26.1;28.0;68.7;23.0;17.2;30;8;8;1;2.0;3.0;3.0;03-09-2024;15.42;0;30;980;247;60;0;0;0;1;0;0;0;0;1;0;0;0;0;0;1;0;0;0;0;0;1;0
24;;3.3;8.0;77.2;;7.6;24;1;11;2;3.0;2.0;3.0;18-09-2024;11.84;0;28;550;256;64;0;0;0;0;0;1;0;0;0;0;1;0;0;0;1;0;0;0;0;0;1;0
21;1.0;14.0;10.0;80.2;12.0;22.3;24;3;6;3;3.0;4.0;2.0;09-09-2024;14.85;0;30;620;263;66;0;0;0;0;0;0;0;1;1;0;0;0;0;1;0;0;0;0;0;0;1;0
20;1.0;1.8;;70.3;16.0;21.2;28;8;8;3;4.0;3.0;3.0;24-09-2024;5.79;1;30;980;247;60;0;0;0;1;0;0;0;0;1;0;0;0;0;0;1;0;0;0;0;0;1;0
19;0.0;15.9;;82.4;21.0;36.5;55;4;6;1;3.0;5.0;5.0;13-09-2024;12.88;0;30;980;247;60;0;0;0;1;0;0;0;0;0;0;1;0;0;0;1;0;0;0;0;0;1;0
20;2.0;28.6;0.0;77.0;19.0;34.6;42;5;7;3;3.0;4.0;4.0;11-09-2024;17.29;0;30;830;282;65;0;1;0;0;0;0;0;0;1;0;0;1;0;0;0;0;0;0;0;0;1;0
19;3.0;19.9;13.0;86.7;27.0;43.5;60;2;6;4;5.0;3.0;;16-09-2024;17.09;0;30;930;293;75;0;0;1;0;0;0;0;0;0;0;1;0;0;0;0;0;1;0;1;0;0;0
19;0.0;0.6;0.0;73.9;20.0;47.5;36;1;9;2;3.0;2.0;2.0;11-09-2024;17.1;0;30;980;247;60;0;0;0;1;0;0;0;0;1;0;0;0;0;0;1;0;0;0;0;1;0;0
20;1.0;34.0;5.0;91.0;33.0;44.2;73;4;6;9;4.0;3.0;3.0;26-09-2024;13.07;0;30;980;247;60;0;0;0;1;0;0;0;0;0;1;0;0;0;0;1;0;0;0;0;0;1;0
22;3.0;9.0;26.0;77.6;;27.8;60;1;6;2;2.0;3.0;3.0;20-09-2024;17.29;0;30;810;265;81;0;0;0;0;0;0;1;0;1;0;0;0;0;0;0;1;0;0;0;1;0;0
21;1.0;1.7;6.0;84.3;43.0;87.8;107;2;8;2;3.0;5.0;2.0;20-09-2024;17.6;0;30;930;293;75;0;0;1;0;0;0;0;0;0;0;1;0;0;0;0;0;1;0;0;1;0;0
17;0.0;3.1;10.0;69.8;18.0;22.9;37;3;7;2;2.0;2.0;2.0;20-09-2024;6.34;1;30;980;247;60;0;0;0;1;0;0;0;0;1;0;0;0;0;0;1;0;0;0;0;0;0;1
19;0.0;5.1;26.0;74.0;17.0;23.3;44;5;9;2;4.0;2.0;;18-09-2024;5.93;1;30;980;247;60;0;0;0;1;0;0;0;0;0;1;0;0;0;0;1;0;0;0;0;1;0;0
18;1.0;3.2;28.0;75.4;35.0;64.6;106;4;9;2;4.0;2.0;1.0;17-09-2024;13.62;0;28;550;256;64;0;0;0;0;0;1;0;0;0;1;0;0;0;0;1;0;0;0;0;0;1;0
20;3.0;;8.0;78.7;43.0;86.3;111;2;7;3;3.0;4.0;;03-09-2024;16.9;0;30;930;293;75;0;0;1;0;0;0;0;0;1;0;0;0;0;0;0;0;1;0;0;0;1;0
19;0.0;0.2;19.0;98.3;46.0;72.8;64;2;9;7;5.0;;4.0;23-09-2024;16.7;0;30;810;265;81;0;0;0;0;0;0;1;0;0;0;1;0;0;0;0;1;0;0;0;0;1;0
18;0.0;18.8;;61.7;27.0;31.3;79;7;8;2;2.0;2.0;2.0;23-09-2024;5.7;1;30;830;282;65;0;1;0;0;0;0;0;0;0;0;1;1;0;0;0;0;0;0;0;1;0;0
18;1.0;7.1;10.0;65.8;20.0;26.9;69;5;8;1;3.0;3.0;3.0;12-09-2024;5.14;1;30;620;263;66;0;0;0;0;0;0;0;1;0;0;1;0;0;1;0;0;0;0;0;0;1;0
23;0.0;44.5;0.0;62.2;6.0;6.1;4;6;6;1;1.0;1.0;2.0;20-09-2024;3.85;1;28;480;265;78;0;0;0;0;1;0;0;0;0;0;1;0;1;0;0;0;0;0;0;0;1;0
21;1.0;2.7;28.0;54.8;11.0;10.0;34;4;10;0;;2.0;2.0;26-09-2024;2.42;1;30;980;247;60;0;0;0;1;0;0;0;0;1;0;0;0;0;0;1;0;0;0;0;0;1;0
21;1.0;5.6;26.0;59.8;20.0;19.6;65;4;10;1;2.0;4.0;1.0;23-09-2024;2.27;1;30;930;293;75;0;0;1;0;0;0;0;0;0;0;1;0;0;0;0;0;1;0;0;0;1;0
17;0.0;17.1;;56.8;25.0;32.6;67;5;6;5;1.0;;3.0;11-09-2024;5.77;1;28;550;256;64;0;0;0;0;0;1;0;0;1;0;0;0;0;0;1;0;0;0;0;1;0;0
19;0.0;7.1;6.0;84.2;37.0;36.0;90;0;8;2;4.0;;5.0;09-09-2024;16.68;0;30;930;293;75;0;0;1;0;0;0;0;0;0;1;0;0;0;0;0;0;1;0;0;1;0;0
23;0.0;5.1;0.0;83.3;27.0;52.2;41;6;11;0;5.0;1.0;;05-09-2024;15.66;0;28;550;256;64;0;0;0;0;0;1;0;0;1;0;0;0;0;0;1;0;0;0;0;0;1;0
19;2.0;16.0;20.0;78.3;24.0;28.9;46;2;9;1;3.0;1.0;2.0;05-09-2024;11.77;0;28;710;325;60;1;0;0;0;0;0;0;0;0;1;0;0;0;0;1;0;0;0;0;1;0;0
20;0.0;13.0;0.0;91.2;36.0;51.7;68;4;8;8;4.0;5.0;3.0;04-09-2024;18.61;0;30;830;282;65;0;1;0;0;0;0;0;0;0;1;0;1;0;0;0;0;0;0;0;0;1;0
26;0.0;17.9;10.0;79.5;26.0;35.8;58;2;7;3;3.0;3.0;3.0;06-09-2024;12.54;0;28;710;325;60;1;0;0;0;0;0;0;0;0;0;1;0;0;0;1;0;0;0;0;0;1;0
19;2.0;3.7;8.0;83.5;39.0;48.7;78;3;10;5;5.0;2.0;4.0;24-09-2024;17.71;0;28;710;325;60;1;0;0;0;0;0;0;0;1;0;0;0;0;0;1;0;0;0;0;0;1;0
19;0.0;8.3;15.0;84.2;31.0;36.6;41;5;8;7;;5.0;2.0;20-09-2024;14.64;0;30;810;265;81;0;0;0;0;0;0;1;0;1;0;0;0;0;0;0;1;0;0;0;0;1;0
20;1.0;0.6;11.0;79.3;34.0;69.0;61;3;7;6;4.0;;4.0;16-09-2024;15.98;0;30;930;293;75;0;0;1;0;0;0;0;0;0;1;0;0;0;0;0;0;1;0;0;0;1;0
21;;53.6;21.0;81.5;36.0;83.1;90;1;10;4;5.0;4.0;2.0;12-09-2024;17.18;0;30;980;247;60;0;0;0;1;0;0;0;0;0;1;0;0;0;0;1;0;0;0;0;0;1;0
20;2.0;9.1;8.0;67.0;27.0;53.6;62;6;8;2;3.0;3.0;2.0;23-09-2024;9.38;1;28;480;265;78;0;0;0;0;1;0;0;0;0;0;1;0;1;0;0;0;0;0;0;1;0;0
17;2.0;11.5;16.0;86.4;41.0;61.8;85;6;7;6;5.0;5.0;5.0;12-09-2024;15.53;0;28;710;325;60;1;0;0;0;0;0;0;0;0;1;0;0;0;0;1;0;0;0;0;0;1;0
18;0.0;1.8;0.0;87.3;44.0;74.4;107;0;13;6;5.0;5.0;5.0;04-09-2024;18.63;0;28;710;325;60;1;0;0;0;0;0;0;0;0;0;1;0;0;0;1;0;0;0;0;0;1;0
24;1.0;11.6;0.0;75.0;44.0;53.7;127;3;7;1;5.0;3.0;2.0;04-09-2024;13.1;0;30;930;293;75;0;0;1;0;0;0;0;0;1;0;0;0;0;0;0;0;1;0;0;0;1;0
18;0.0;26.8;11.0;91.9;50.0;51.4;84;0;8;8;4.0;;3.0;20-09-2024;13.18;0;30;930;293;75;0;0;1;0;0;0;0;0;1;0;0;0;0;0;0;0;1;0;0;1;0;0
18;3.0;0.3;15.0;61.7;13.0;30.3;50;7;7;1;1.0;4.0;4.0;06-09-2024;3.74;1;30;930;293;75;0;0;1;0;0;0;0;0;1;0;0;0;0;0;0;0;1;0;0;0;1;0
19;0.0;;18.0;81.9;46.0;73.8;127;1;8;3;4.0;5.0;4.0;10-09-2024;17.07;0;28;550;256;64;0;0;0;0;0;1;0;0;1;0;0;0;0;0;1;0;0;0;0;0;1;0
18;2.0;0.9;;97.1;45.0;71.2;117;5;8;2;4.0;5.0;2.0;12-09-2024;15.72;0;28;710;325;60;1;0;0;0;0;0;0;0;0;0;1;0;0;0;1;0;0;0;0;0;1;0
21;2.0;6.6;13.0;89.0;21.0;31.5;40;8;10;5;;3.0;5.0;13-09-2024;13.76;0;30;980;247;60;0;0;0;1;0;0;0;0;1;0;0;0;0;0;1;0;0;0;0;1;0;0
20;0.0;22.5;17.0;74.8;25.0;45.2;50;7;9;4;3.0;3.0;4.0;16-09-2024;12.24;0;28;710;325;60;1;0;0;0;0;0;0;0;0;0;1;0;0;0;1;0;0;0;0;1;0;0
20;1.0;14.3;0.0;97.1;71.0;135.6;201;1;10;2;5.0;5.0;5.0;12-09-2024;19.64;0;28;480;265;78;0;0;0;0;1;0;0;0;1;0;0;0;1;0;0;0;0;0;0;0;0;1
21;2.0;22.8;0.0;72.6;16.0;23.4;35;5;5;0;3.0;3.0;2.0;25-09-2024;6.24;1;28;710;325;60;1;0;0;0;0;0;0;0;0;0;1;0;0;0;1;0;0;0;0;0;1;0
18;1.0;2.8;24.0;71.0;25.0;51.8;46;5;8;1;2.0;3.0;3.0;24-09-2024;13.04;0;30;980;247;60;0;0;0;1;0;0;0;0;0;1;0;0;0;0;1;0;0;0;0;0;1;0
18;3.0;19.2;0.0;82.4;22.0;25.3;44;4;9;1;4.0;4.0;;11-09-2024;16.81;0;30;930;293;75;0;0;1;0;0;0;0;0;0;0;1;0;0;0;0;0;1;0;0;1;0;0
20;1.0;23.2;7.0;74.5;13.0;19.0;18;6;6;0;;1.0;2.0;24-09-2024;2.19;1;30;930;293;75;0;0;1;0;0;0;0;0;1;0;0;0;0;0;0;0;1;0;0;1;0;0
18;1.0;26.9;17.0;83.0;35.0;35.6;96;7;11;4;4.0;4.0;2.0;02-09-2024;17.46;0;28;480;265;78;0;0;0;0;1;0;0;0;1;0;0;0;1;0;0;0;0;0;0;0;1;0
20;1.0;0.3;0.0;70.1;28.0;55.9;74;6;6;2;2.0;1.0;;23-09-2024;14.28;0;30;980;247;60;0;0;0;1;0;0;0;0;0;1;0;0;0;0;1;0;0;0;0;0;1;0
18;;0.9;16.0;79.7;37.0;50.0;71;3;9;6;5.0;3.0;;16-09-2024;17.18;0;30;980;247;60;0;0;0;1;0;0;0;0;1;0;0;0;0;0;1;0;0;0;0;0;1;0
20;;6.9;9.0;57.5;17.0;25.2;22;7;7;1;3.0;2.0;2.0;11-09-2024;7.02;1;28;480;265;78;0;0;0;0;1;0;0;0;0;0;1;0;1;0;0;0;0;0;0;0;1;0
20;1.0;28.3;;89.6;28.0;15.9;85;3;8;3;5.0;3.0;4.0;17-09-2024;14.01;0;28;710;325;60;1;0;0;0;0;0;0;0;0;0;1;0;0;0;1;0;0;0;0;0;1;0
18;1.0;6.2;19.0;96.4;57.0;72.1;100;0;10;9;5.0;4.0;5.0;09-09-2024;18.23;0;28;550;256;64;0;0;0;0;0;1;0;0;0;0;1;0;0;0;1;0;0;0;0;1;0;0
18;;2.9;8.0;75.6;33.0;44.2;71;6;6;0;1.0;4.0;2.0;18-09-2024;2.48;1;30;980;247;60;0;0;0;1;0;0;0;0;0;1;0;0;0;0;1;0;0;0;0;1;0;0
19;1.0;40.9;0.0;80.5;23.0;43.6;62;3;6;2;3.0;2.0;3.0;02-09-2024;14.67;0;28;550;256;64;0;0;0;0;0;1;0;0;1;0;0;0;0;0;1;0;0;0;0;0;1;0
19;2.0;;20.0;78.3;52.0;63.4;105;1;11;8;5.0;3.0;4.0;09-09-2024;19.59;0;28;710;325;60;1;0;0;0;0;0;0;0;1;0;0;0;0;0;1;0;0;0;0;0;1;0
18;;10.3;9.0;84.8;32.0;54.5;92;2;8;3;1.0;3.0;2.0;25-09-2024;19.28;0;30;620;263;66;0;0;0;0;0;0;0;1;1;0;0;0;0;1;0;0;0;0;0;0;0;1
17;1.0;12.4;0.0;78.1;18.0;25.6;27;4;12;5;4.0;4.0;3.0;16-09-2024;16.61;0;30;980;247;60;0;0;0;1;0;0;0;0;1;0;0;0;0;0;1;0;0;0;1;0;0;0
22;2.0;0.2;;66.2;;36.6;39;2;9;0;2.0;3.0;3.0;26-09-2024;14.37;0;28;480;265;78;0;0;0;0;1;0;0;0;1;0;0;0;1;0;0;0;0;0;0;1;0;0
20;1.0;7.5;6.0;83.8;36.0;48.0;86;4;9;4;3.0;3.0;3.0;23-09-2024;16.01;0;30;810;265;81;0;0;0;0;0;0;1;0;1;0;0;0;0;0;0;1;0;0;0;1;0;0
23;0.0;11.5;8.0;58.6;39.0;65.1;93;2;8;0;3.0;3.0;2.0;24-09-2024;14.0;0;28;710;325;60;1;0;0;0;0;0;0;0;0;1;0;0;0;0;1;0;0;0;1;0;0;0
20;2.0;;7.0;79.8;33.0;33.4;54;8;11;2;4.0;4.0;2.0;06-09-2024;15.55;0;30;620;263;66;0;0;0;0;0;0;0;1;1;0;0;0;0;1;0;0;0;0;0;0;0;1
21;0.0;2.7;8.0;90.6;;81.2;111;1;13;6;4.0;5.0;4.0;13-09-2024;18.38;0;28;710;325;60;1;0;0;0;0;0;0;0;0;0;1;0;0;0;1;0;0;0;0;1;0;0
19;1.0;16.1;15.0;63.5;20.0;36.9;44;4;7;6;3.0;4.0;2.0;04-09-2024;16.86;0;28;550;256;64;0;0;0;0;0;1;0;0;0;1;0;0;0;0;1;0;0;0;0;0;1;0
19;3.0;24.1;;64.9;17.0;30.1;36;6;6;0;3.0;1.0;1.0;05-09-2024;9.2;1;30;810;265;81;0;0;0;0;0;0;1;0;1;0;0;0;0;0;0;1;0;0;0;0;1;0
19;0.0;12.9;22.0;68.9;19.0;40.7;47;2;6;0;4.0;2.0;;11-09-2024;7.33;1;30;980;247;60;0;0;0;1;0;0;0;0;1;0;0;0;0;0;1;0;0;0;0;0;1;0
18;1.0;25.8;;72.9;28.0;28.5;72;6;8;3;3.0;3.0;4.0;05-09-2024;13.34;0;30;810;265;81;0;0;0;0;0;0;1;0;0;0;1;0;0;0;0;1;0;1;0;0;0;0
17;1.0;0.2;0.0;82.7;15.0;30.6;27;6;6;0;2.0;3.0;;06-09-2024;4.22;1;30;620;263;66;0;0;0;0;0;0;0;1;0;1;0;0;0;1;0;0;0;0;0;0;0;1
19;0.0;1.0;0.0;79.1;15.0;28.7;20;3;6;2;1.0;4.0;2.0;05-09-2024;4.99;1;28;710;325;60;1;0;0;0;0;0;0;0;1;0;0;0;0;0;1;0;0;0;0;0;1;0
20;0.0;11.4;0.0;83.4;28.0;22.6;60;4;7;2;5.0;3.0;4.0;16-09-2024;19.0;0;28;550;256;64;0;0;0;0;0;1;0;0;1;0;0;0;0;0;1;0;0;0;0;0;1;0
20;1.0;0.1;7.0;88.6;15.0;18.8;31;3;10;7;4.0;4.0;2.0;09-09-2024;14.73;0;28;710;325;60;1;0;0;0;0;0;0;0;0;1;0;0;0;0;1;0;0;0;0;0;1;0
17;;4.3;;64.6;34.0;65.1;58;3;8;3;3.0;3.0;4.0;13-09-2024;14.23;0;28;710;325;60;1;0;0;0;0;0;0;0;1;0;0;0;0;0;1;0;0;0;0;0;1;0
21;0.0;1.0;17.0;73.6;22.0;35.3;56;2;7;0;3.0;4.0;1.0;13-09-2024;13.52;0;30;930;293;75;0;0;1;0;0;0;0;0;1;0;0;0;0;0;0;0;1;0;0;0;1;0
17;2.0;1.4;6.0;59.2;14.0;29.3;44;5;8;1;2.0;;2.0;19-09-2024;3.7;1;30;980;247;60;0;0;0;1;0;0;0;0;1;0;0;0;0;0;1;0;0;0;0;0;1;0
22;2.0;1.1;0.0;72.3;32.0;55.3;67;2;12;4;;2.0;5.0;03-09-2024;15.77;0;28;710;325;60;1;0;0;0;0;0;0;0;0;0;1;0;0;0;1;0;0;0;0;0;1;0
22;2.0;19.6;9.0;66.6;33.0;55.0;50;3;8;1;4.0;;3.0;03-09-2024;14.5;0;30;810;265;81;0;0;0;0;0;0;1;0;1;0;0;0;0;0;0;1;0;0;0;0;0;1
20;1.0;23.8;0.0;64.8;16.0;21.5;29;2;10;0;2.0;;3.0;09-09-2024;13.85;0;28;550;256;64;0;0;0;0;0;1;0;0;1;0;0;0;0;0;1;0;0;0;0;0;1;0
24;0.0;2.2;0.0;81.0;;43.4;62;6;8;3;5.0;5.0;2.0;09-09-2024;15.29;0;28;550;256;64;0;0;0;0;0;1;0;0;1;0;0;0;0;0;1;0;0;0;1;0;0;0
18;2.0;34.5;19.0;77.5;36.0;74.5;80;1;10;6;5.0;4.0;;13-09-2024;19.09;0;30;830;282;65;0;1;0;0;0;0;0;0;1;0;0;1;0;0;0;0;0;0;0;0;1;0
19;1.0;45.6;6.0;74.2;45.0;81.3;76;4;12;2;4.0;3.0;3.0;12-09-2024;18.0;0;30;930;293;75;0;0;1;0;0;0;0;0;0;0;1;0;0;0;0;0;1;0;0;0;1;0
18;2.0;8.9;0.0;70.0;8.0;14.4;26;5;7;0;2.0;2.0;3.0;25-09-2024;3.38;1;28;550;256;64;0;0;0;0;0;1;0;0;1;0;0;0;0;0;1;0;0;0;0;0;1;0
22;0.0;16.8;10.0;61.4;5.0;3.4;1;5;9;1;4.0;4.0;3.0;25-09-2024;4.61;1;30;620;263;66;0;0;0;0;0;0;0;1;1;0;0;0;0;1;0;0;0;0;0;0;1;0
23;1.0;6.5;22.0;99.5;51.0;61.3;147;1;9;10;5.0;5.0;5.0;12-09-2024;17.89;0;28;550;256;64;0;0;0;0;0;1;0;0;1;0;0;0;0;0;1;0;0;0;0;0;1;0
19;0.0;;15.0;72.7;38.0;99.6;105;5;8;3;3.0;3.0;1.0;05-09-2024;15.66;0;28;550;256;64;0;0;0;0;0;1;0;0;0;0;1;0;0;0;1;0;0;0;0;1;0;0
21;0.0;6.6;27.0;52.8;22.0;45.1;68;4;9;0;2.0;2.0;1.0;02-09-2024;5.65;1;30;810;265;81;0;0;0;0;0;0;1;0;1;0;0;0;0;0;0;1;0;0;0;0;1;0
20;1.0;18.3;26.0;78.0;41.0;100.7;103;2;8;3;4.0;5.0;5.0;18-09-2024;16.76;0;28;710;325;60;1;0;0;0;0;0;0;0;1;0;0;0;0;0;1;0;0;0;0;0;1;0
18;2.0;16.6;24.0;90.7;28.0;51.9;73;2;7;1;2.0;5.0;1.0;23-09-2024;16.16;0;30;980;247;60;0;0;0;1;0;0;0;0;1;0;0;0;0;0;1;0;0;0;0;0;1;0
20;1.0;7.5;0.0;58.2;17.0;33.6;49;4;6;2;2.0;2.0;4.0;04-09-2024;4.11;1;30;810;265;81;0;0;0;0;0;0;1;0;0;1;0;0;0;0;0;1;0;0;0;0;1;0
18;1.0;21.3;26.0;67.6;31.0;55.8;76;6;6;4;3.0;5.0;4.0;16-09-2024;5.86;1;28;710;325;60;1;0;0;0;0;0;0;0;1;0;0;0;0;0;1;0;0;0;1;0;0;0
21;1.0;1.6;21.0;63.8;20.0;43.1;46;3;6;1;1.0;2.0;4.0;10-09-2024;10.55;0;28;710;325;60;1;0;0;0;0;0;0;0;0;0;1;0;0;0;1;0;0;0;0;0;1;0
18;1.0;7.9;25.0;69.2;23.0;14.1;43;6;10;0;3.0;4.0;3.0;04-09-2024;15.74;0;28;710;325;60;1;0;0;0;0;0;0;0;1;0;0;0;0;0;1;0;0;0;0;1;0;0
19;1.0;0.1;27.0;54.3;23.0;28.2;41;6;6;0;1.0;1.0;2.0;19-09-2024;0.55;1;30;830;282;65;0;1;0;0;0;0;0;0;0;0;1;1;0;0;0;0;0;0;0;1;0;0
22;0.0;20.0;10.0;68.2;30.0;53.0;55;3;8;2;3.0;1.0;4.0;03-09-2024;11.3;0;30;930;293;75;0;0;1;0;0;0;0;0;1;0;0;0;0;0;0;0;1;0;0;1;0;0
24;0.0;53.6;;80.6;21.0;41.8;28;2;10;2;3.0;4.0;1.0;11-09-2024;12.92;0;30;980;247;60;0;0;0;1;0;0;0;0;0;0;1;0;0;0;1;0;0;0;0;0;1;0
19;3.0;51.0;;72.5;8.0;8.3;25;5;5;0;3.0;3.0;1.0;16-09-2024;6.63;1;30;620;263;66;0;0;0;0;0;0;0;1;1;0;0;0;0;1;0;0;0;0;0;0;1;0
18;1.0;49.0;27.0;79.5;32.0;72.9;88;2;8;5;3.0;4.0;3.0;16-09-2024;15.22;0;30;930;293;75;0;0;1;0;0;0;0;0;0;0;1;0;0;0;0;0;1;0;0;0;1;0
17;2.0;0.0;8.0;75.4;25.0;19.3;56;8;8;0;3.0;3.0;2.0;24-09-2024;14.59;0;30;830;282;65;0;1;0;0;0;0;0;0;1;0;0;1;0;0;0;0;0;0;0;0;1;0
21;1.0;41.4;;81.5;13.0;14.1;24;6;7;0;;2.0;3.0;20-09-2024;14.55;0;30;980;247;60;0;0;0;1;0;0;0;0;1;0;0;0;0;0;1;0;0;0;0;1;0;0
22;0.0;;0.0;82.8;18.0;22.7;60;3;9;5;3.0;4.0;3.0;24-09-2024;15.63;0;28;550;256;64;0;0;0;0;0;1;0;0;1;0;0;0;0;0;1;0;0;0;0;0;1;0
19;0.0;7.8;8.0;67.1;17.0;23.7;31;4;5;0;1.0;3.0;3.0;12-09-2024;2.85;1;30;620;263;66;0;0;0;0;0;0;0;1;0;0;1;0;0;1;0;0;0;0;1;0;0;0
19;1.0;0.5;0.0;81.5;31.0;45.7;73;5;9;4;3.0;5.0;4.0;03-09-2024;18.1;0;28;550;256;64;0;0;0;0;0;1;0;0;1;0;0;0;0;0;1;0;0;0;0;0;1;0
22;0.0;1.1;15.0;83.4;54.0;72.9;95;1;12;7;2.0;4.0;3.0;20-09-2024;15.97;0;28;480;265;78;0;0;0;0;1;0;0;0;1;0;0;0;1;0;0;0;0;1;0;0;0;0
18;0.0;2.6;;67.0;29.0;51.2;48;3;9;2;5.0;2.0;3.0;18-09-2024;7.1;1;30;980;247;60;0;0;0;1;0;0;0;0;1;0;0;0;0;0;1;0;0;0;0;0;1;0
18;2.0;27.1;23.0;77.8;14.0;18.9;37;5;11;4;3.0;3.0;1.0;27-09-2024;13.8;0;30;810;265;81;0;0;0;0;0;0;1;0;1;0;0;0;0;0;0;1;0;0;0;0;1;0
21;1.0;1.5;23.0;59.7;17.0;25.5;30;4;6;1;1.0;2.0;;11-09-2024;4.85;1;30;930;293;75;0;0;1;0;0;0;0;0;0;1;0;0;0;0;0;0;1;0;0;1;0;0
18;1.0;17.9;15.0;79.0;26.0;72.2;69;6;9;2;2.0;4.0;4.0;23-09-2024;14.65;0;30;830;282;65;0;1;0;0;0;0;0;0;0;1;0;1;0;0;0;0;0;0;0;0;1;0
18;1.0;;;67.4;17.0;20.9;28;7;7;0;1.0;3.0;1.0;04-09-2024;3.13;1;30;620;263;66;0;0;0;0;0;0;0;1;1;0;0;0;0;1;0;0;0;0;0;0;1;0
22;1.0;21.8;0.0;68.8;29.0;34.4;65;3;9;6;4.0;2.0;2.0;25-09-2024;6.33;1;28;550;256;64;0;0;0;0;0;1;0;0;0;0;1;0;0;0;1;0;0;0;0;0;1;0
22;0.0;;0.0;97.4;44.0;81.5;112;2;10;9;;5.0;5.0;02-09-2024;17.89;0;30;620;263;66;0;0;0;0;0;0;0;1;0;0;1;0;0;1;0;0;0;0;0;0;1;0
19;2.0;42.6;6.0;67.8;16.0;29.5;34;7;7;0;4.0;2.0;2.0;06-09-2024;13.47;0;30;980;247;60;0;0;0;1;0;0;0;0;1;0;0;0;0;0;1;0;0;0;0;0;1;0
18;0.0;7.2;;93.6;15.0;29.2;30;4;9;3;4.0;;3.0;26-09-2024;14.62;0;30;620;263;66;0;0;0;0;0;0;0;1;1;0;0;0;0;1;0;0;0;0;0;0;1;0
21;0.0;6.7;0.0;71.2;35.0;40.2;73;3;8;4;4.0;4.0;4.0;19-09-2024;19.52;0;30;980;247;60;0;0;0;1;0;0;0;0;0;0;1;0;0;0;1;0;0;0;0;0;1;0
20;1.0;6.2;0.0;75.0;32.0;34.7;70;3;11;8;5.0;;3.0;19-09-2024;15.94;0;28;550;256;64;0;0;0;0;0;1;0;0;0;0;1;0;0;0;1;0;0;0;0;1;0;0
19;0.0;7.0;21.0;93.7;27.0;44.3;56;6;7;4;2.0;3.0;5.0;05-09-2024;17.77;0;30;830;282;65;0;1;0;0;0;0;0;0;1;0;0;1;0;0;0;0;0;0;0;0;1;0
20;0.0;7.1;0.0;80.7;20.0;34.5;46;3;10;1;3.0;4.0;1.0;27-09-2024;3.5;1;30;620;263;66;0;0;0;0;0;0;0;1;1;0;0;0;0;1;0;0;0;0;0;0;1;0
22;3.0;69.1;12.0;89.0;52.0;97.9;117;0;11;2;5.0;;1.0;25-09-2024;19.71;0;28;710;325;60;1;0;0;0;0;0;0;0;1;0;0;0;0;0;1;0;0;0;0;0;1;0
21;0.0;2.5;20.0;68.1;15.0;19.0;31;2;7;1;2.0;4.0;5.0;25-09-2024;5.07;1;30;980;247;60;0;0;0;1;0;0;0;0;0;0;1;0;0;0;1;0;0;0;0;1;0;0
24;3.0;9.2;27.0;66.0;17.0;23.9;38;4;7;1;1.0;1.0;2.0;23-09-2024;4.36;1;30;810;265;81;0;0;0;0;0;0;1;0;0;1;0;0;0;0;0;1;0;0;0;0;1;0
20;1.0;13.7;0.0;84.1;28.0;36.7;42;5;8;2;1.0;;2.0;09-09-2024;12.13;0;30;830;282;65;0;1;0;0;0;0;0;0;0;1;0;1;0;0;0;0;0;0;0;1;0;0
17;2.0;19.4;0.0;70.7;9.0;11.7;4;7;7;0;1.0;;;24-09-2024;2.24;1;30;930;293;75;0;0;1;0;0;0;0;0;0;1;0;0;0;0;0;0;1;0;1;0;0;0
20;2.0;38.4;;64.2;15.0;25.8;30;3;8;0;4.0;2.0;2.0;27-09-2024;7.92;1;30;830;282;65;0;1;0;0;0;0;0;0;1;0;0;1;0;0;0;0;0;0;0;0;1;0
18;2.0;21.1;0.0;84.3;;40.9;62;5;7;4;5.0;2.0;2.0;26-09-2024;15.71;0;30;930;293;75;0;0;1;0;0;0;0;0;1;0;0;0;0;0;0;0;1;0;0;0;1;0
18;1.0;25.5;19.0;82.8;39.0;63.6;64;4;10;2;4.0;3.0;2.0;19-09-2024;15.81;0;30;930;293;75;0;0;1;0;0;0;0;0;1;0;0;0;0;0;0;0;1;0;1;0;0;0
19;0.0;28.2;8.0;64.9;29.0;44.5;73;3;6;2;;4.0;2.0;19-09-2024;7.09;1;28;480;265;78;0;0;0;0;1;0;0;0;1;0;0;0;1;0;0;0;0;0;0;0;1;0
19;0.0;18.4;0.0;71.4;3.0;4.6;3;5;6;0;1.0;1.0;4.0;10-09-2024;2.83;1;28;480;265;78;0;0;0;0;1;0;0;0;1;0;0;0;1;0;0;0;0;0;0;0;1;0
21;1.0;16.1;11.0;79.9;23.0;19.4;31;1;7;1;2.0;3.0;3.0;27-09-2024;19.4;0;30;980;247;60;0;0;0;1;0;0;0;0;1;0;0;0;0;0;1;0;0;0;0;0;1;0
18;;1.2;0.0;73.6;42.0;72.9;76;3;6;1;4.0;3.0;5.0;26-09-2024;15.81;0;28;710;325;60;1;0;0;0;0;0;0;0;0;1;0;0;0;0;1;0;0;0;0;0;1;0
17;2.0;32.4;;54.6;14.0;25.1;30;6;6;0;1.0;2.0;2.0;12-09-2024;5.42;1;30;930;293;75;0;0;1;0;0;0;0;0;1;0;0;0;0;0;0;0;1;0;0;0;1;0
20;1.0;;0.0;57.3;18.0;18.9;39;7;7;0;1.0;3.0;3.0;25-09-2024;2.49;1;28;550;256;64;0;0;0;0;0;1;0;0;1;0;0;0;0;0;1;0;0;0;0;0;1;0
20;1.0;13.9;;83.3;35.0;82.2;43;3;8;5;4.0;;5.0;03-09-2024;18.82;0;30;980;247;60;0;0;0;1;0;0;0;0;0;0;1;0;0;0;1;0;0;0;0;1;0;0
21;3.0;0.9;0.0;83.4;18.0;22.9;35;3;9;3;3.0;5.0;2.0;12-09-2024;12.78;0;30;810;265;81;0;0;0;0;0;0;1;0;1;0;0;0;0;0;0;1;0;0;0;0;1;0
20;0.0;3.5;14.0;62.6;13.0;13.9;22;5;5;0;1.0;3.0;3.0;25-09-2024;4.08;1;30;980;247;60;0;0;0;1;0;0;0;0;1;0;0;0;0;0;1;0;0;0;0;0;1;0
19;0.0;14.1;11.0;98.8;47.0;70.4;92;1;9;8;5.0;5.0;4.0;26-09-2024;18.61;0;30;980;247;60;0;0;0;1;0;0;0;0;1;0;0;0;0;0;1;0;0;1;0;0;0;0
20;1.0;10.7;0.0;94.3;38.0;29.7;77;0;11;9;;5.0;4.0;03-09-2024;17.99;0;28;710;325;60;1;0;0;0;0;0;0;0;1;0;0;0;0;0;1;0;0;0;0;0;1;0
20;1.0;7.6;0.0;90.2;32.0;38.0;55;1;7;6;5.0;3.0;4.0;03-09-2024;18.28;0;28;550;256;64;0;0;0;0;0;1;0;0;1;0;0;0;0;0;1;0;0;0;0;0;0;1
19;0.0;4.8;9.0;88.0;18.0;27.5;40;6;9;5;3.0;3.0;3.0;20-09-2024;14.37;0;30;930;293;75;0;0;1;0;0;0;0;0;1;0;0;0;0;0;0;0;1;0;1;0;0;0
18;1.0;9.1;10.0;81.3;49.0;56.3;137;2;6;2;3.0;2.0;2.0;09-09-2024;14.3;0;28;550;256;64;0;0;0;0;0;1;0;0;1;0;0;0;0;0;1;0;0;0;0;1;0;0
19;1.0;;10.0;96.0;45.0;85.1;81;0;9;12;5.0;5.0;5.0;17-09-2024;19.74;0;30;980;247;60;0;0;0;1;0;0;0;0;1;0;0;0;0;0;1;0;0;0;0;0;1;0
17;3.0;7.9;14.0;77.2;30.0;36.8;88;6;7;2;3.0;3.0;2.0;11-09-2024;14.8;0;30;830;282;65;0;1;0;0;0;0;0;0;1;0;0;1;0;0;0;0;0;0;0;0;1;0
19;0.0;5.2;10.0;82.9;20.0;26.7;40;3;9;0;3.0;3.0;4.0;20-09-2024;12.99;0;28;710;325;60;1;0;0;0;0;0;0;0;0;1;0;0;0;0;1;0;0;0;0;0;1;0
21;0.0;12.9;0.0;99.8;48.0;90.6;99;0;9;12;5.0;2.0;5.0;02-09-2024;18.16;0;30;620;263;66;0;0;0;0;0;0;0;1;1;0;0;0;0;1;0;0;0;0;0;0;1;0
21;2.0;32.4;14.0;80.6;29.0;32.7;66;2;11;6;3.0;3.0;3.0;12-09-2024;14.93;0;28;480;265;78;0;0;0;0;1;0;0;0;0;0;1;0;1;0;0;0;0;0;0;0;1;0
18;3.0;6.7;0.0;85.1;45.0;97.8;128;2;12;4;5.0;4.0;3.0;17-09-2024;19.7;0;30;620;263;66;0;0;0;0;0;0;0;1;1;0;0;0;0;1;0;0;0;0;0;0;1;0
20;1.0;7.6;17.0;93.0;35.0;64.5;99;1;10;4;3.0;4.0;3.0;05-09-2024;14.18;0;30;830;282;65;0;1;0;0;0;0;0;0;0;0;1;1;0;0;0;0;0;0;0;0;1;0
17;0.0;1.8;0.0;59.1;8.0;20.7;7;2;6;1;1.0;2.0;2.0;24-09-2024;4.44;1;28;710;325;60;1;0;0;0;0;0;0;0;1;0;0;0;0;0;1;0;0;0;0;1;0;0
24;0.0;5.2;11.0;50.6;26.0;39.2;59;3;6;0;2.0;4.0;2.0;24-09-2024;6.58;1;28;710;325;60;1;0;0;0;0;0;0;0;1;0;0;0;0;0;1;0;0;0;0;0;1;0
20;1.0;6.8;0.0;95.0;38.0;62.2;80;3;12;7;3.0;5.0;5.0;03-09-2024;13.6;0;30;830;282;65;0;1;0;0;0;0;0;0;1;0;0;1;0;0;0;0;0;0;0;1;0;0
19;0.0;7.4;0.0;63.3;9.0;19.7;12;3;5;0;3.0;3.0;2.0;09-09-2024;3.09;1;30;830;282;65;0;1;0;0;0;0;0;0;1;0;0;1;0;0;0;0;0;0;0;0;1;0
17;0.0;3.0;;52.1;0.0;0.0;0;6;6;0;2.0;;1.0;13-09-2024;2.87;1;30;830;282;65;0;1;0;0;0;0;0;0;1;0;0;1;0;0;0;0;0;1;0;0;0;0
18;3.0;10.6;19.0;74.2;35.0;62.1;68;5;8;1;3.0;4.0;4.0;06-09-2024;17.1;0;30;830;282;65;0;1;0;0;0;0;0;0;0;0;1;1;0;0;0;0;0;0;0;0;1;0
18;1.0;13.7;0.0;92.2;29.0;44.1;39;1;10;3;4.0;2.0;2.0;04-09-2024;17.47;0;30;620;263;66;0;0;0;0;0;0;0;1;0;1;0;0;0;1;0;0;0;0;0;0;1;0
19;0.0;;8.0;50.7;0.0;0.0;0;5;9;0;3.0;2.0;2.0;27-09-2024;5.8;1;28;480;265;78;0;0;0;0;1;0;0;0;1;0;0;0;1;0;0;0;0;0;0;0;1;0
19;;5.3;23.0;93.3;36.0;49.8;87;4;11;5;5.0;3.0;5.0;23-09-2024;18.54;0;30;810;265;81;0;0;0;0;0;0;1;0;1;0;0;0;0;0;0;1;0;0;0;0;1;0
24;3.0;56.7;0.0;81.1;16.0;29.8;34;4;9;0;4.0;2.0;1.0;06-09-2024;16.23;0;28;480;265;78;0;0;0;0;1;0;0;0;1;0;0;0;1;0;0;0;0;0;0;0;1;0
20;0.0;7.5;12.0;87.4;19.0;37.4;57;1;8;5;3.0;3.0;4.0;19-09-2024;18.12;0;28;480;265;78;0;0;0;0;1;0;0;0;1;0;0;0;1;0;0;0;0;0;0;0;1;0
17;2.0;11.2;10.0;70.8;16.0;26.3;42;1;9;3;4.0;2.0;1.0;11-09-2024;16.14;0;30;930;293;75;0;0;1;0;0;0;0;0;0;1;0;0;0;0;0;0;1;0;0;0;1;0
20;0.0;2.1;0.0;91.7;27.0;26.3;62;2;12;5;4.0;5.0;3.0;02-09-2024;14.9;0;30;930;293;75;0;0;1;0;0;0;0;0;1;0;0;0;0;0;0;0;1;0;0;1;0;0
17;1.0;46.9;18.0;80.0;24.0;44.4;54;4;8;3;3.0;5.0;1.0;10-09-2024;13.72;0;30;830;282;65;0;1;0;0;0;0;0;0;1;0;0;1;0;0;0;0;0;0;0;0;1;0
20;2.0;43.4;19.0;62.4;;2.5;3;5;5;0;3.0;3.0;1.0;25-09-2024;3.4;1;28;480;265;78;0;0;0;0;1;0;0;0;1;0;0;0;1;0;0;0;0;0;0;0;1;0
21;0.0;29.5;;85.5;58.0;102.3;115;2;11;3;4.0;3.0;4.0;03-09-2024;19.15;0;28;550;256;64;0;0;0;0;0;1;0;0;1;0;0;0;0;0;1;0;0;0;0;0;1;0
18;2.0;0.1;0.0;85.7;14.0;30.3;43;1;7;1;3.0;1.0;2.0;26-09-2024;15.36;0;28;710;325;60;1;0;0;0;0;0;0;0;1;0;0;0;0;0;1;0;0;0;0;0;1;0
19;1.0;19.3;9.0;81.2;8.0;14.1;19;6;9;1;2.0;3.0;2.0;03-09-2024;4.45;1;30;810;265;81;0;0;0;0;0;0;1;0;1;0;0;0;0;0;0;1;0;0;0;0;1;0
22;1.0;29.5;14.0;48.7;5.0;4.8;5;6;6;0;2.0;3.0;3.0;03-09-2024;1.79;1;28;480;265;78;0;0;0;0;1;0;0;0;0;0;1;0;1;0;0;0;0;0;0;0;1;0
19;1.0;4.4;20.0;74.0;;44.2;85;5;7;7;3.0;4.0;4.0;27-09-2024;16.2;0;30;620;263;66;0;0;0;0;0;0;0;1;0;0;1;0;0;1;0;0;0;0;0;0;1;0
20;0.0;0.5;15.0;91.8;43.0;81.2;88;3;13;5;4.0;4.0;2.0;18-09-2024;17.35;0;28;550;256;64;0;0;0;0;0;1;0;0;1;0;0;0;0;0;1;0;0;0;0;0;1;0
21;1.0;13.7;0.0;95.2;49.0;58.4;129;3;10;5;5.0;5.0;2.0;26-09-2024;18.15;0;30;980;247;60;0;0;0;1;0;0;0;0;1;0;0;0;0;0;1;0;0;0;0;0;1;0
21;0.0;4.8;;73.5;38.0;68.7;91;8;8;1;4.0;4.0;2.0;24-09-2024;15.35;0;28;550;256;64;0;0;0;0;0;1;0;0;1;0;0;0;0;0;1;0;0;1;0;0;0;0
20;0.0;21.9;12.0;81.5;44.0;41.1;131;2;10;2;3.0;4.0;5.0;13-09-2024;18.15;0;28;710;325;60;1;0;0;0;0;0;0;0;1;0;0;0;0;0;1;0;0;0;0;1;0;0
21;0.0;8.4;23.0;72.7;16.0;28.8;32;7;7;3;1.0;;;10-09-2024;0.93;1;30;620;263;66;0;0;0;0;0;0;0;1;0;0;1;0;0;1;0;0;0;0;0;0;1;0
18;1.0;10.9;12.0;71.9;26.0;32.8;59;4;11;3;4.0;3.0;3.0;06-09-2024;16.77;0;30;980;247;60;0;0;0;1;0;0;0;0;1;0;0;0;0;0;1;0;0;1;0;0;0;0
20;2.0;3.7;3.0;66.0;3.0;3.7;12;8;8;1;3.0;3.0;2.0;12-09-2024;3.08;1;30;930;293;75;0;0;1;0;0;0;0;0;0;0;1;0;0;0;0;0;1;0;0;0;1;0
20;0.0;6.0;0.0;79.4;;45.2;72;4;10;6;3.0;4.0;3.0;06-09-2024;16.74;0;30;830;282;65;0;1;0;0;0;0;0;0;1;0;0;1;0;0;0;0;0;0;0;0;0;1
20;3.0;8.3;11.0;80.2;53.0;112.7;108;1;10;2;4.0;4.0;3.0;13-09-2024;18.14;0;30;980;247;60;0;0;0;1;0;0;0;0;1;0;0;0;0;0;1;0;0;0;0;0;1;0
23;2.0;25.2;19.0;88.3;31.0;54.1;69;0;7;3;5.0;5.0;2.0;20-09-2024;16.63;0;30;980;247;60;0;0;0;1;0;0;0;0;1;0;0;0;0;0;1;0;0;0;0;1;0;0
18;1.0;;14.0;63.1;18.0;18.0;17;1;7;1;1.0;3.0;3.0;20-09-2024;2.7;1;30;620;263;66;0;0;0;0;0;0;0;1;1;0;0;0;0;1;0;0;0;0;1;0;0;0
21;1.0;0.1;8.0;78.9;35.0;40.0;69;3;11;1;3.0;4.0;3.0;11-09-2024;16.2;0;28;710;325;60;1;0;0;0;0;0;0;0;1;0;0;0;0;0;1;0;0;0;0;1;0;0
18;1.0;35.9;6.0;92.6;42.0;54.4;101;4;11;4;;3.0;2.0;13-09-2024;15.64;0;28;480;265;78;0;0;0;0;1;0;0;0;1;0;0;0;1;0;0;0;0;0;0;0;0;1
19;0.0;3.0;17.0;89.7;38.0;43.6;61;4;8;7;5.0;3.0;3.0;05-09-2024;16.16;0;30;810;265;81;0;0;0;0;0;0;1;0;0;0;1;0;0;0;0;1;0;0;0;1;0;0
17;2.0;;0.0;88.5;52.0;89.1;90;2;9;5;4.0;4.0;5.0;26-09-2024;18.54;0;30;830;282;65;0;1;0;0;0;0;0;0;1;0;0;1;0;0;0;0;0;0;0;0;1;0
22;1.0;16.8;7.0;83.0;56.0;55.2;123;1;10;4;;5.0;;19-09-2024;18.44;0;28;710;325;60;1;0;0;0;0;0;0;0;0;0;1;0;0;0;1;0;0;0;0;0;1;0
18;0.0;0.6;9.0;65.8;17.0;22.1;41;5;5;0;2.0;3.0;3.0;12-09-2024;7.28;1;30;620;263;66;0;0;0;0;0;0;0;1;1;0;0;0;0;1;0;0;0;0;0;0;1;0
18;0.0;0.4;23.0;60.7;4.0;9.5;1;5;5;0;1.0;2.0;1.0;24-09-2024;1.11;1;30;810;265;81;0;0;0;0;0;0;1;0;1;0;0;0;0;0;0;1;0;0;1;0;0;0
20;1.0;21.0;9.0;78.9;26.0;64.1;53;5;11;8;4.0;4.0;;17-09-2024;17.07;0;30;810;265;81;0;0;0;0;0;0;1;0;1;0;0;0;0;0;0;1;0;0;0;0;1;0
18;2.0;24.7;11.0;67.4;46.0;85.8;109;5;8;7;5.0;;3.0;24-09-2024;17.2;0;28;480;265;78;0;0;0;0;1;0;0;0;0;0;1;0;1;0;0;0;0;0;0;1;0;0
20;1.0;17.6;0.0;68.6;3.0;2.0;9;7;8;0;3.0;2.0;1.0;27-09-2024;3.62;1;30;930;293;75;0;0;1;0;0;0;0;0;0;0;1;0;0;0;0;0;1;0;0;0;0;1
17;2.0;23.0;7.0;60.5;3.0;3.9;1;6;10;0;1.0;1.0;1.0;03-09-2024;4.73;1;28;710;325;60;1;0;0;0;0;0;0;0;1;0;0;0;0;0;1;0;0;0;0;0;1;0
24;1.0;4.5;7.0;97.4;31.0;44.9;54;6;6;3;4.0;4.0;4.0;11-09-2024;16.68;0;28;550;256;64;0;0;0;0;0;1;0;0;1;0;0;0;0;0;1;0;0;0;0;1;0;0
20;0.0;;17.0;58.5;11.0;27.7;23;6;6;1;3.0;3.0;2.0;18-09-2024;7.79;1;30;620;263;66;0;0;0;0;0;0;0;1;1;0;0;0;0;1;0;0;0;0;0;0;1;0
20;1.0;21.6;;57.7;14.0;29.0;20;4;9;0;2.0;3.0;1.0;19-09-2024;13.3;0;30;980;247;60;0;0;0;1;0;0;0;0;1;0;0;0;0;0;1;0;0;0;0;1;0;0
19;1.0;10.7;5.0;97.0;40.0;74.5;76;0;10;6;5.0;5.0;4.0;12-09-2024;19.31;0;28;710;325;60;1;0;0;0;0;0;0;0;1;0;0;0;0;0;1;0;0;0;0;0;1;0
18;0.0;17.0;8.0;80.9;38.0;53.8;97;2;9;5;4.0;3.0;3.0;05-09-2024;15.01;0;30;830;282;65;0;1;0;0;0;0;0;0;0;1;0;1;0;0;0;0;0;0;0;1;0;0
23;3.0;;18.0;94.0;34.0;36.7;65;1;10;6;5.0;5.0;4.0;12-09-2024;14.6;0;30;620;263;66;0;0;0;0;0;0;0;1;0;1;0;0;0;1;0;0;0;0;0;0;1;0
19;1.0;2.5;12.0;77.6;13.0;12.6;21;6;6;0;1.0;2.0;2.0;18-09-2024;3.3;1;30;830;282;65;0;1;0;0;0;0;0;0;0;0;1;1;0;0;0;0;0;0;1;0;0;0
18;0.0;28.7;8.0;73.2;18.0;32.6;48;3;9;4;2.0;2.0;4.0;06-09-2024;3.06;1;28;710;325;60;1;0;0;0;0;0;0;0;0;1;0;0;0;0;1;0;0;0;0;0;1;0
21;;4.6;;97.7;53.0;44.1;106;4;13;6;4.0;4.0;4.0;23-09-2024;18.42;0;30;620;263;66;0;0;0;0;0;0;0;1;0;0;1;0;0;1;0;0;0;0;0;0;1;0
20;3.0;28.9;0.0;64.1;4.0;8.1;35;2;8;2;3.0;2.0;2.0;06-09-2024;7.38;1;30;930;293;75;0;0;1;0;0;0;0;0;1;0;0;0;0;0;0;0;1;0;0;0;1;0
18;0.0;8.9;11.0;74.1;33.0;43.1;89;5;8;1;3.0;2.0;4.0;13-09-2024;5.58;1;30;620;263;66;0;0;0;0;0;0;0;1;0;0;1;0;0;1;0;0;0;0;1;0;0;0
18;0.0;32.2;20.0;77.0;38.0;65.4;115;4;7;7;5.0;4.0;3.0;03-09-2024;16.58;0;30;810;265;81;0;0;0;0;0;0;1;0;1;0;0;0;0;0;0;1;0;0;0;0;1;0
19;2.0;87.6;0.0;91.2;40.0;60.9;71;4;8;5;4.0;3.0;2.0;16-09-2024;15.05;0;28;710;325;60;1;0;0;0;0;0;0;0;0;0;1;0;0;0;1;0;0;0;0;0;1;0
21;;11.6;;57.9;13.0;14.6;16;5;5;0;1.0;2.0;2.0;10-09-2024;4.06;1;28;550;256;64;0;0;0;0;0;1;0;0;0;1;0;0;0;0;1;0;0;0;0;0;1;0
20;3.0;10.3;23.0;69.4;27.0;47.1;54;1;6;3;3.0;3.0;4.0;10-09-2024;15.76;0;30;620;263;66;0;0;0;0;0;0;0;1;1;0;0;0;0;1;0;0;0;0;0;0;1;0
23;1.0;;;95.8;53.0;76.6;126;2;9;10;5.0;5.0;5.0;18-09-2024;19.77;0;30;830;282;65;0;1;0;0;0;0;0;0;1;0;0;1;0;0;0;0;0;0;0;0;1;0
19;2.0;12.4;15.0;76.8;16.0;20.8;44;2;7;1;4.0;5.0;2.0;27-09-2024;15.6;0;30;980;247;60;0;0;0;1;0;0;0;0;0;0;1;0;0;0;1;0;0;0;0;0;1;0
19;1.0;10.9;11.0;90.2;46.0;45.1;118;1;10;4;3.0;4.0;5.0;06-09-2024;18.22;0;28;480;265;78;0;0;0;0;1;0;0;0;0;0;1;0;1;0;0;0;0;0;0;0;1;0
18;1.0;29.9;0.0;93.5;30.0;43.1;63;5;8;2;3.0;2.0;3.0;09-09-2024;16.07;0;28;480;265;78;0;0;0;0;1;0;0;0;1;0;0;0;1;0;0;0;0;0;0;0;1;0
19;0.0;24.3;10.0;74.5;13.0;25.6;32;8;8;4;2.0;3.0;3.0;25-09-2024;11.4;0;30;810;265;81;0;0;0;0;0;0;1;0;0;0;1;0;0;0;0;1;0;0;0;0;1;0
22;1.0;4.1;4.0;66.1;40.0;85.9;101;3;7;3;3.0;3.0;4.0;25-09-2024;13.2;0;30;830;282;65;0;1;0;0;0;0;0;0;0;0;1;1;0;0;0;0;0;0;0;0;1;0
20;2.0;15.4;5.0;67.1;20.0;28.4;34;3;9;0;2.0;5.0;1.0;26-09-2024;13.13;0;30;810;265;81;0;0;0;0;0;0;1;0;1;0;0;0;0;0;0;1;0;0;0;1;0;0
18;0.0;31.8;28.0;93.4;54.0;68.1;143;1;8;4;3.0;5.0;3.0;05-09-2024;19.2;0;28;710;325;60;1;0;0;0;0;0;0;0;1;0;0;0;0;0;1;0;0;0;0;0;1;0
18;0.0;10.1;6.0;88.4;47.0;71.0;88;0;8;9;4.0;5.0;;05-09-2024;19.17;0;30;810;265;81;0;0;0;0;0;0;1;0;1;0;0;0;0;0;0;1;0;1;0;0;0;0
20;1.0;27.9;14.0;66.8;16.0;21.4;37;2;8;0;1.0;1.0;1.0;24-09-2024;3.06;1;30;980;247;60;0;0;0;1;0;0;0;0;0;0;1;0;0;0;1;0;0;0;1;0;0;0
20;1.0;9.7;11.0;96.9;50.0;58.1;147;2;9;13;5.0;4.0;5.0;16-09-2024;17.68;0;30;810;265;81;0;0;0;0;0;0;1;0;1;0;0;0;0;0;0;1;0;0;0;0;0;1
20;0.0;34.0;0.0;75.2;51.0;69.4;111;3;10;2;3.0;3.0;1.0;06-09-2024;16.68;0;30;830;282;65;0;1;0;0;0;0;0;0;1;0;0;1;0;0;0;0;0;0;0;0;1;0
22;1.0;3.4;0.0;71.7;33.0;52.6;98;0;9;5;3.0;2.0;4.0;23-09-2024;18.97;0;30;810;265;81;0;0;0;0;0;0;1;0;0;0;1;0;0;0;0;1;0;0;0;1;0;0
18;2.0;16.5;;80.6;13.0;18.8;45;7;10;0;1.0;4.0;2.0;11-09-2024;14.87;0;30;810;265;81;0;0;0;0;0;0;1;0;0;0;1;0;0;0;0;1;0;0;0;0;1;0
18;0.0;7.8;16.0;92.6;;36.5;99;5;7;5;3.0;4.0;3.0;17-09-2024;15.1;0;30;980;247;60;0;0;0;1;0;0;0;0;0;0;1;0;0;0;1;0;0;0;0;0;1;0
20;0.0;29.3;0.0;93.5;33.0;26.8;67;6;7;9;5.0;5.0;2.0;27-09-2024;17.34;0;28;710;325;60;1;0;0;0;0;0;0;0;1;0;0;0;0;0;1;0;0;0;0;1;0;0
21;0.0;9.7;8.0;73.1;38.0;69.8;85;1;11;4;5.0;2.0;4.0;04-09-2024;19.0;0;28;710;325;60;1;0;0;0;0;0;0;0;0;0;1;0;0;0;1;0;0;1;0;0;0;0
21;2.0;0.9;21.0;52.4;6.0;6.4;12;4;4;1;;1.0;2.0;05-09-2024;8.21;1;30;980;247;60;0;0;0;1;0;0;0;0;0;0;1;0;0;0;1;0;0;0;0;0;1;0
20;0.0;4.5;19.0;73.0;22.0;43.1;46;2;7;4;5.0;4.0;4.0;27-09-2024;14.14;0;30;980;247;60;0;0;0;1;0;0;0;0;1;0;0;0;0;0;1;0;0;0;0;0;0;1
23;0.0;1.5;7.0;72.2;29.0;71.2;72;6;6;1;2.0;4.0;;02-09-2024;13.61;0;28;710;325;60;1;0;0;0;0;0;0;0;1;0;0;0;0;0;1;0;0;0;0;1;0;0
26;1.0;5.7;0.0;90.4;61.0;64.1;128;0;12;5;5.0;5.0;4.0;23-09-2024;18.76;0;30;830;282;65;0;1;0;0;0;0;0;0;0;0;1;1;0;0;0;0;0;0;0;1;0;0
19;0.0;1.6;22.0;88.6;24.0;23.2;57;5;11;6;3.0;4.0;3.0;12-09-2024;15.74;0;28;710;325;60;1;0;0;0;0;0;0;0;1;0;0;0;0;0;1;0;0;0;0;1;0;0
19;2.0;;;78.7;37.0;77.2;84;2;9;2;3.0;4.0;3.0;19-09-2024;18.14;0;30;930;293;75;0;0;1;0;0;0;0;0;1;0;0;0;0;0;0;0;1;0;0;0;1;0
19;0.0;5.8;0.0;71.5;8.0;6.7;12;6;6;0;2.0;4.0;2.0;26-09-2024;5.68;1;30;830;282;65;0;1;0;0;0;0;0;0;1;0;0;1;0;0;0;0;0;0;0;1;0;0
17;0.0;6.3;0.0;61.3;25.0;30.4;61;4;11;0;2.0;2.0;5.0;10-09-2024;14.34;0;30;930;293;75;0;0;1;0;0;0;0;0;1;0;0;0;0;0;0;0;1;0;0;0;1;0
18;3.0;3.8;0.0;77.9;35.0;32.7;96;2;8;7;5.0;3.0;3.0;26-09-2024;18.07;0;28;550;256;64;0;0;0;0;0;1;0;0;0;0;1;0;0;0;1;0;0;0;0;0;1;0
18;;20.9;21.0;75.8;26.0;36.2;51;1;8;5;4.0;4.0;2.0;26-09-2024;15.72;0;30;830;282;65;0;1;0;0;0;0;0;0;0;0;1;1;0;0;0;0;0;0;0;1;0;0
20;2.0;43.0;7.0;70.2;55.0;91.7;132;4;10;5;5.0;3.0;4.0;27-09-2024;18.41;0;30;980;247;60;0;0;0;1;0;0;0;0;1;0;0;0;0;0;1;0;0;0;0;1;0;0
19;2.0;23.2;7.0;61.4;29.0;56.5;51;5;6;5;3.0;2.0;4.0;26-09-2024;5.72;1;28;480;265;78;0;0;0;0;1;0;0;0;1;0;0;0;1;0;0;0;0;0;0;0;0;1
21;;15.4;10.0;63.4;25.0;68.2;38;4;7;4;4.0;1.0;3.0;09-09-2024;8.02;1;30;810;265;81;0;0;0;0;0;0;1;0;0;0;1;0;0;0;0;1;0;0;0;1;0;0
20;1.0;15.6;15.0;79.6;8.0;0.3;22;2;10;5;2.0;5.0;2.0;13-09-2024;15.91;0;30;980;247;60;0;0;0;1;0;0;0;0;0;0;1;0;0;0;1;0;0;0;0;1;0;0
19;1.0;6.7;28.0;97.3;44.0;88.0;126;3;12;4;5.0;5.0;5.0;11-09-2024;17.17;0;28;710;325;60;1;0;0;0;0;0;0;0;0;0;1;0;0;0;1;0;0;0;0;0;1;0
22;0.0;71.0;20.0;71.2;19.0;47.0;22;3;8;1;2.0;3.0;1.0;10-09-2024;9.49;1;28;710;325;60;1;0;0;0;0;0;0;0;1;0;0;0;0;0;1;0;0;0;0;1;0;0
20;3.0;48.9;13.0;85.4;44.0;74.2;114;1;11;3;2.0;3.0;2.0;02-09-2024;14.09;0;30;810;265;81;0;0;0;0;0;0;1;0;1;0;0;0;0;0;0;1;0;0;0;1;0;0
21;3.0;20.0;18.0;62.5;7.0;8.3;20;5;6;0;2.0;2.0;1.0;23-09-2024;1.94;1;30;830;282;65;0;1;0;0;0;0;0;0;1;0;0;1;0;0;0;0;0;0;0;1;0;0
19;0.0;36.0;11.0;77.9;34.0;72.9;74;3;10;6;3.0;3.0;;26-09-2024;14.16;0;30;830;282;65;0;1;0;0;0;0;0;0;0;0;1;1;0;0;0;0;0;0;0;0;1;0
20;0.0;10.0;0.0;74.3;27.0;35.9;44;3;8;1;3.0;2.0;5.0;02-09-2024;12.49;0;30;930;293;75;0;0;1;0;0;0;0;0;1;0;0;0;0;0;0;0;1;0;0;0;1;0
17;2.0;;;80.9;25.0;45.1;49;0;11;0;4.0;4.0;3.0;20-09-2024;15.26;0;28;550;256;64;0;0;0;0;0;1;0;0;1;0;0;0;0;0;1;0;0;0;0;0;1;0
18;0.0;;24.0;64.3;32.0;62.0;77;5;8;1;3.0;3.0;2.0;20-09-2024;4.83;1;30;830;282;65;0;1;0;0;0;0;0;0;0;0;1;1;0;0;0;0;0;0;0;0;1;0
19;1.0;40.5;8.0;96.3;40.0;43.9;68;1;13;9;5.0;5.0;4.0;11-09-2024;18.08;0;30;620;263;66;0;0;0;0;0;0;0;1;1;0;0;0;0;1;0;0;0;0;0;0;1;0
21;0.0;35.2;10.0;95.4;25.0;45.0;56;1;12;5;;4.0;4.0;10-09-2024;14.96;0;30;830;282;65;0;1;0;0;0;0;0;0;1;0;0;1;0;0;0;0;0;0;0;0;1;0
20;2.0;7.6;;85.0;25.0;42.7;40;3;7;1;2.0;4.0;3.0;13-09-2024;16.06;0;30;830;282;65;0;1;0;0;0;0;0;0;1;0;0;1;0;0;0;0;0;0;0;0;1;0
21;2.0;65.4;;67.3;37.0;59.3;74;6;11;1;2.0;2.0;2.0;02-09-2024;13.31;0;30;930;293;75;0;0;1;0;0;0;0;0;1;0;0;0;0;0;0;0;1;0;0;0;1;0
17;1.0;14.7;8.0;75.8;36.0;54.0;69;7;7;1;3.0;4.0;2.0;09-09-2024;15.61;0;30;930;293;75;0;0;1;0;0;0;0;0;1;0;0;0;0;0;0;0;1;0;0;0;1;0
18;1.0;9.6;21.0;78.7;;35.0;68;5;6;0;1.0;;2.0;02-09-2024;12.07;0;30;830;282;65;0;1;0;0;0;0;0;0;1;0;0;1;0;0;0;0;0;0;0;1;0;0
17;2.0;;18.0;97.1;60.0;93.5;107;1;10;9;5.0;3.0;;13-09-2024;19.73;0;30;620;263;66;0;0;0;0;0;0;0;1;0;0;1;0;0;1;0;0;0;0;0;1;0;0
18;2.0;10.8;0.0;63.7;19.0;32.7;32;8;9;3;4.0;3.0;3.0;12-09-2024;15.2;0;28;480;265;78;0;0;0;0;1;0;0;0;1;0;0;0;1;0;0;0;0;0;0;0;1;0
21;1.0;21.1;;78.3;40.0;81.5;106;3;6;3;2.0;3.0;1.0;18-09-2024;15.45;0;30;930;293;75;0;0;1;0;0;0;0;0;0;0;1;0;0;0;0;0;1;0;0;1;0;0
19;3.0;13.8;0.0;69.8;3.0;3.9;1;2;9;0;2.0;2.0;2.0;26-09-2024;8.77;1;28;710;325;60;1;0;0;0;0;0;0;0;1;0;0;0;0;0;1;0;0;0;0;0;1;0
22;1.0;17.0;15.0;69.9;3.0;5.2;1;4;7;1;1.0;3.0;1.0;18-09-2024;2.22;1;28;710;325;60;1;0;0;0;0;0;0;0;1;0;0;0;0;0;1;0;0;0;0;0;0;1
18;0.0;30.3;0.0;78.7;11.0;20.0;18;7;9;2;1.0;4.0;1.0;11-09-2024;8.87;1;30;980;247;60;0;0;0;1;0;0;0;0;1;0;0;0;0;0;1;0;0;0;0;0;1;0
17;0.0;9.4;0.0;86.9;47.0;46.3;88;4;10;7;5.0;5.0;;11-09-2024;17.8;0;30;830;282;65;0;1;0;0;0;0;0;0;1;0;0;1;0;0;0;0;0;0;0;0;1;0
22;2.0;7.5;20.0;77.5;12.0;12.8;27;2;9;4;2.0;4.0;2.0;27-09-2024;14.34;0;30;810;265;81;0;0;0;0;0;0;1;0;1;0;0;0;0;0;0;1;0;0;0;0;1;0
18;2.0;20.6;11.0;54.8;21.0;34.2;77;5;7;0;4.0;1.0;2.0;27-09-2024;16.51;0;28;550;256;64;0;0;0;0;0;1;0;0;0;0;1;0;0;0;1;0;0;0;0;1;0;0
22;1.0;2.3;18.0;83.6;51.0;105.9;135;2;10;4;4.0;3.0;3.0;17-09-2024;16.73;0;30;980;247;60;0;0;0;1;0;0;0;0;0;1;0;0;0;0;1;0;0;0;0;0;1;0
20;0.0;18.8;5.0;98.5;48.0;55.0;71;0;11;5;5.0;3.0;5.0;06-09-2024;17.88;0;28;710;325;60;1;0;0;0;0;0;0;0;1;0;0;0;0;0;1;0;0;0;0;0;1;0
19;0.0;35.0;3.0;90.9;57.0;94.1;99;0;10;6;5.0;5.0;2.0;10-09-2024;17.22;0;30;980;247;60;0;0;0;1;0;0;0;0;1;0;0;0;0;0;1;0;0;0;0;1;0;0
19;0.0;2.8;0.0;60.8;11.0;20.1;16;6;6;0;2.0;4.0;1.0;16-09-2024;0.89;1;28;480;265;78;0;0;0;0;1;0;0;0;0;1;0;0;1;0;0;0;0;0;0;0;1;0
20;0.0;4.9;17.0;98.8;69.0;96.8;155;0;10;10;5.0;5.0;5.0;18-09-2024;19.35;0;30;810;265;81;0;0;0;0;0;0;1;0;1;0;0;0;0;0;0;1;0;0;0;0;1;0
20;1.0;28.9;6.0;80.8;31.0;33.6;79;7;10;3;3.0;2.0;3.0;10-09-2024;12.8;0;28;710;325;60;1;0;0;0;0;0;0;0;0;1;0;0;0;0;1;0;0;0;0;0;1;0
20;1.0;2.1;;81.8;10.0;16.2;18;6;6;1;2.0;3.0;2.0;19-09-2024;6.93;1;28;550;256;64;0;0;0;0;0;1;0;0;0;0;1;0;0;0;1;0;0;0;1;0;0;0
20;0.0;2.3;15.0;67.2;13.0;20.3;17;6;9;2;3.0;2.0;3.0;25-09-2024;3.37;1;28;550;256;64;0;0;0;0;0;1;0;0;1;0;0;0;0;0;1;0;0;0;0;1;0;0
18;2.0;5.9;27.0;96.7;54.0;100.4;153;0;8;8;3.0;5.0;5.0;12-09-2024;19.28;0;30;930;293;75;0;0;1;0;0;0;0;0;1;0;0;0;0;0;0;0;1;0;0;0;1;0
20;2.0;16.3;8.0;95.2;43.0;58.0;67;5;11;2;5.0;3.0;4.0;03-09-2024;15.69;0;28;480;265;78;0;0;0;0;1;0;0;0;0;0;1;0;1;0;0;0;0;0;0;0;0;1
19;1.0;4.9;18.0;76.0;28.0;63.5;55;4;6;4;4.0;4.0;3.0;13-09-2024;16.51;0;30;980;247;60;0;0;0;1;0;0;0;0;1;0;0;0;0;0;1;0;0;0;0;0;1;0
21;3.0;4.2;15.0;77.7;34.0;37.5;81;2;8;8;4.0;5.0;3.0;26-09-2024;13.95;0;30;830;282;65;0;1;0;0;0;0;0;0;1;0;0;1;0;0;0;0;0;0;0;0;1;0
18;0.0;3.6;0.0;78.9;3.0;1.2;8;3;12;2;3.0;4.0;3.0;25-09-2024;13.19;0;28;480;265;78;0;0;0;0;1;0;0;0;1;0;0;0;1;0;0;0;0;1;0;0;0;0
18;0.0;9.2;17.0;78.6;33.0;56.1;85;7;11;3;3.0;4.0;3.0;27-09-2024;16.13;0;30;620;263;66;0;0;0;0;0;0;0;1;1;0;0;0;0;1;0;0;0;0;0;1;0;0
21;0.0;15.6;18.0;67.1;12.0;20.0;23;1;7;2;3.0;1.0;;06-09-2024;4.93;1;30;810;265;81;0;0;0;0;0;0;1;0;1;0;0;0;0;0;0;1;0;0;0;0;1;0
19;2.0;22.2;13.0;69.9;18.0;26.7;54;4;8;2;3.0;5.0;;27-09-2024;12.09;0;30;620;263;66;0;0;0;0;0;0;0;1;1;0;0;0;0;1;0;0;0;0;0;0;1;0
20;;;14.0;86.7;35.0;31.2;95;4;6;5;;4.0;4.0;06-09-2024;17.26;0;28;550;256;64;0;0;0;0;0;1;0;0;0;1;0;0;0;0;1;0;0;0;0;0;1;0
21;3.0;15.9;24.0;61.0;;5.9;12;3;11;0;;3.0;2.0;17-09-2024;2.9;1;30;930;293;75;0;0;1;0;0;0;0;0;0;0;1;0;0;0;0;0;1;0;0;1;0;0
20;;15.4;25.0;93.7;37.0;64.7;76;3;6;6;4.0;2.0;4.0;03-09-2024;18.13;0;30;980;247;60;0;0;0;1;0;0;0;0;0;0;1;0;0;0;1;0;0;0;0;0;1;0
22;1.0;0.7;19.0;97.8;38.0;42.4;111;7;10;1;3.0;4.0;3.0;13-09-2024;15.7;0;30;930;293;75;0;0;1;0;0;0;0;0;0;1;0;0;0;0;0;0;1;0;0;0;1;0
21;1.0;21.7;5.0;92.6;45.0;67.6;94;3;7;6;5.0;5.0;3.0;06-09-2024;17.42;0;30;830;282;65;0;1;0;0;0;0;0;0;0;0;1;1;0;0;0;0;0;0;0;1;0;0
21;2.0;15.8;0.0;96.7;59.0;49.1;137;1;13;13;5.0;5.0;5.0;27-09-2024;19.65;0;30;980;247;60;0;0;0;1;0;0;0;0;0;1;0;0;0;0;1;0;0;0;0;0;1;0
19;2.0;17.4;16.0;65.5;15.0;19.9;33;7;7;0;3.0;2.0;1.0;18-09-2024;3.75;1;28;710;325;60;1;0;0;0;0;0;0;0;0;0;1;0;0;0;1;0;0;0;0;0;1;0
21;2.0;37.7;;78.8;25.0;45.2;65;3;11;1;4.0;4.0;3.0;17-09-2024;16.82;0;30;620;263;66;0;0;0;0;0;0;0;1;1;0;0;0;0;1;0;0;0;0;0;0;1;0
18;2.0;24.3;17.0;59.0;6.0;3.5;17;5;7;0;2.0;3.0;2.0;11-09-2024;8.48;1;30;810;265;81;0;0;0;0;0;0;1;0;1;0;0;0;0;0;0;1;0;0;0;0;1;0
19;2.0;3.1;15.0;91.3;35.0;40.8;60;4;8;4;3.0;4.0;1.0;13-09-2024;14.46;0;30;930;293;75;0;0;1;0;0;0;0;0;1;0;0;0;0;0;0;0;1;0;0;1;0;0
20;0.0;1.4;0.0;67.8;30.0;53.4;43;8;8;3;4.0;3.0;2.0;24-09-2024;13.02;0;30;620;263;66;0;0;0;0;0;0;0;1;1;0;0;0;0;1;0;0;0;0;0;0;0;1
18;0.0;1.9;28.0;74.0;10.0;19.1;25;3;6;1;1.0;3.0;2.0;18-09-2024;18.06;0;28;710;325;60;1;0;0;0;0;0;0;0;1;0;0;0;0;0;1;0;0;0;0;0;0;1
25;1.0;97.3;0.0;67.3;19.0;21.6;45;3;12;3;1.0;4.0;2.0;12-09-2024;10.26;0;30;930;293;75;0;0;1;0;0;0;0;0;1;0;0;0;0;0;0;0;1;0;0;0;1;0
22;0.0;2.5;23.0;76.1;32.0;45.4;71;6;10;3;2.0;2.0;3.0;10-09-2024;7.37;1;30;810;265;81;0;0;0;0;0;0;1;0;0;1;0;0;0;0;0;1;0;0;0;0;1;0
19;;27.6;15.0;75.9;10.0;27.9;29;3;8;2;4.0;4.0;1.0;23-09-2024;4.82;1;30;980;247;60;0;0;0;1;0;0;0;0;0;1;0;0;0;0;1;0;0;0;0;0;1;0
21;1.0;5.1;3.0;63.4;7.0;9.4;25;7;7;0;2.0;;1.0;03-09-2024;7.15;1;30;930;293;75;0;0;1;0;0;0;0;0;0;0;1;0;0;0;0;0;1;0;0;0;1;0
18;0.0;25.2;9.0;81.5;14.0;25.7;34;7;8;0;1.0;2.0;1.0;13-09-2024;3.38;1;28;550;256;64;0;0;0;0;0;1;0;0;1;0;0;0;0;0;1;0;0;0;1;0;0;0
18;1.0;2.2;;52.9;5.0;12.7;19;8;8;4;3.0;2.0;1.0;23-09-2024;13.04;0;28;550;256;64;0;0;0;0;0;1;0;0;1;0;0;0;0;0;1;0;0;0;0;1;0;0
19;;93.7;23.0;78.4;23.0;28.7;58;5;7;0;3.0;2.0;;09-09-2024;6.57;1;28;710;325;60;1;0;0;0;0;0;0;0;1;0;0;0;0;0;1;0;0;0;0;0;1;0
22;2.0;10.6;12.0;68.8;31.0;43.7;44;5;11;4;3.0;2.0;3.0;03-09-2024;15.39;0;30;830;282;65;0;1;0;0;0;0;0;0;0;0;1;1;0;0;0;0;0;0;0;0;1;0
18;1.0;20.5;0.0;93.0;31.0;67.1;75;1;10;4;4.0;5.0;3.0;10-09-2024;17.46;0;30;810;265;81;0;0;0;0;0;0;1;0;1;0;0;0;0;0;0;1;0;0;0;0;1;0
19;2.0;6.7;10.0;80.5;20.0;32.7;42;4;11;4;5.0;4.0;2.0;25-09-2024;13.69;0;30;930;293;75;0;0;1;0;0;0;0;0;1;0;0;0;0;0;0;0;1;0;0;0;1;0
20;2.0;3.7;19.0;74.4;34.0;48.1;69;8;8;3;4.0;3.0;2.0;19-09-2024;15.49;0;30;810;265;81;0;0;0;0;0;0;1;0;0;0;1;0;0;0;0;1;0;0;0;1;0;0
19;1.0;1.3;24.0;84.8;21.0;45.0;51;5;8;2;4.0;3.0;5.0;13-09-2024;15.23;0;30;810;265;81;0;0;0;0;0;0;1;0;1;0;0;0;0;0;0;1;0;0;0;0;1;0
23;0.0;2.5;23.0;90.0;29.0;43.6;63;2;7;2;4.0;4.0;3.0;10-09-2024;15.56;0;30;930;293;75;0;0;1;0;0;0;0;0;1;0;0;0;0;0;0;0;1;0;0;0;1;0
19;1.0;2.7;10.0;82.3;23.0;33.2;54;7;9;0;3.0;3.0;2.0;26-09-2024;13.84;0;28;710;325;60;1;0;0;0;0;0;0;0;0;1;0;0;0;0;1;0;0;0;1;0;0;0
20;1.0;28.0;0.0;59.2;18.0;20.4;52;2;12;6;2.0;4.0;1.0;12-09-2024;9.08;1;30;930;293;75;0;0;1;0;0;0;0;0;0;1;0;0;0;0;0;0;1;0;0;0;1;0
20;3.0;36.6;12.0;82.6;27.0;39.3;76;3;10;5;4.0;4.0;3.0;06-09-2024;17.93;0;30;980;247;60;0;0;0;1;0;0;0;0;1;0;0;0;0;0;1;0;0;0;0;0;1;0
17;1.0;2.6;18.0;60.4;3.0;3.0;1;6;6;1;3.0;3.0;3.0;26-09-2024;1.1;1;30;810;265;81;0;0;0;0;0;0;1;0;0;1;0;0;0;0;0;1;0;0;0;0;1;0
21;0.0;24.7;24.0;67.8;32.0;55.1;58;4;9;2;3.0;3.0;3.0;02-09-2024;12.9;0;30;620;263;66;0;0;0;0;0;0;0;1;1;0;0;0;0;1;0;0;0;0;0;0;1;0
19;2.0;4.1;0.0;59.1;3.0;4.1;9;7;7;0;1.0;4.0;;13-09-2024;4.12;1;30;620;263;66;0;0;0;0;0;0;0;1;1;0;0;0;0;1;0;0;0;0;0;0;1;0
21;0.0;;0.0;59.0;25.0;40.0;61;4;7;1;3.0;;3.0;05-09-2024;12.24;0;30;830;282;65;0;1;0;0;0;0;0;0;0;1;0;1;0;0;0;0;0;0;0;0;1;0
18;1.0;13.2;7.0;75.0;16.0;20.0;26;5;11;3;3.0;3.0;;24-09-2024;16.69;0;28;710;325;60;1;0;0;0;0;0;0;0;0;0;1;0;0;0;1;0;0;0;0;0;1;0
18;1.0;;0.0;75.2;21.0;33.9;37;5;7;2;3.0;2.0;3.0;04-09-2024;13.87;0;30;830;282;65;0;1;0;0;0;0;0;0;1;0;0;1;0;0;0;0;0;0;0;0;1;0
22;1.0;9.3;15.0;64.7;27.0;59.2;55;5;5;0;3.0;1.0;4.0;13-09-2024;4.56;1;30;930;293;75;0;0;1;0;0;0;0;0;1;0;0;0;0;0;0;0;1;0;0;0;1;0
20;0.0;11.9;11.0;85.2;;41.5;100;2;11;7;5.0;;4.0;25-09-2024;17.99;0;28;710;325;60;1;0;0;0;0;0;0;0;1;0;0;0;0;0;1;0;0;0;0;0;1;0
18;3.0;20.7;0.0;93.8;;70.0;80;2;12;6;5.0;5.0;5.0;16-09-2024;16.97;0;30;620;263;66;0;0;0;0;0;0;0;1;1;0;0;0;0;1;0;0;0;0;0;0;1;0
23;1.0;17.8;7.0;45.6;0.0;0.0;0;7;7;0;2.0;1.0;1.0;17-09-2024;2.4;1;30;980;247;60;0;0;0;1;0;0;0;0;1;0;0;0;0;0;1;0;0;0;0;0;1;0
20;0.0;10.2;11.0;74.3;28.0;38.1;43;8;10;3;4.0;3.0;3.0;23-09-2024;12.01;0;30;810;265;81;0;0;0;0;0;0;1;0;0;0;1;0;0;0;0;1;0;0;0;0;1;0
20;2.0;1.7;;61.8;13.0;25.2;28;5;6;0;3.0;4.0;3.0;09-09-2024;13.45;0;28;480;265;78;0;0;0;0;1;0;0;0;1;0;0;0;1;0;0;0;0;0;0;0;1;0
18;1.0;11.4;0.0;68.6;26.0;43.0;42;4;9;3;3.0;4.0;2.0;18-09-2024;15.49;0;30;620;263;66;0;0;0;0;0;0;0;1;1;0;0;0;0;1;0;0;0;0;0;0;1;0
21;0.0;;21.0;84.6;24.0;27.6;66;2;6;1;2.0;3.0;3.0;17-09-2024;17.56;0;30;810;265;81;0;0;0;0;0;0;1;0;1;0;0;0;0;0;0;1;0;0;0;0;1;0
22;3.0;3.5;0.0;88.9;25.0;34.7;59;2;10;3;4.0;5.0;3.0;17-09-2024;16.76;0;30;930;293;75;0;0;1;0;0;0;0;0;1;0;0;0;0;0;0;0;1;0;0;0;0;1
21;1.0;11.6;25.0;77.2;36.0;71.1;88;2;11;0;3.0;2.0;1.0;25-09-2024;19.07;0;30;830;282;65;0;1;0;0;0;0;0;0;1;0;0;1;0;0;0;0;0;0;0;0;1;0
17;1.0;23.5;0.0;80.1;47.0;85.3;83;5;6;5;3.0;3.0;4.0;16-09-2024;15.19;0;28;480;265;78;0;0;0;0;1;0;0;0;0;0;1;0;1;0;0;0;0;0;0;0;1;0
22;0.0;6.9;10.0;72.9;19.0;26.7;31;7;11;3;2.0;3.0;3.0;09-09-2024;5.97;1;30;980;247;60;0;0;0;1;0;0;0;0;1;0;0;0;0;0;1;0;0;0;0;0;1;0
18;1.0;11.1;17.0;62.4;28.0;37.7;60;3;9;1;1.0;5.0;2.0;26-09-2024;6.07;1;28;550;256;64;0;0;0;0;0;1;0;0;0;0;1;0;0;0;1;0;0;0;0;0;1;0
20;3.0;4.7;23.0;67.7;21.0;43.2;40;6;7;0;1.0;2.0;3.0;24-09-2024;3.6;1;30;810;265;81;0;0;0;0;0;0;1;0;0;1;0;0;0;0;0;1;0;0;0;0;1;0
18;1.0;9.9;;74.8;18.0;9.3;55;8;8;0;2.0;3.0;2.0;19-09-2024;15.57;0;30;980;247;60;0;0;0;1;0;0;0;0;1;0;0;0;0;0;1;0;0;0;0;0;1;0
20;1.0;4.8;8.0;89.2;42.0;98.4;77;2;7;2;3.0;4.0;2.0;06-09-2024;15.21;0;30;830;282;65;0;1;0;0;0;0;0;0;1;0;0;1;0;0;0;0;0;0;0;0;1;0
20;3.0;3.9;0.0;70.6;28.0;61.1;56;6;9;5;4.0;4.0;4.0;17-09-2024;13.03;0;28;710;325;60;1;0;0;0;0;0;0;0;1;0;0;0;0;0;1;0;0;0;0;0;1;0
21;1.0;0.8;0.0;94.0;31.0;62.9;67;4;11;5;4.0;4.0;3.0;10-09-2024;19.5;0;30;980;247;60;0;0;0;1;0;0;0;0;1;0;0;0;0;0;1;0;0;0;0;1;0;0
20;2.0;2.7;0.0;80.7;27.0;40.3;51;5;9;1;;2.0;5.0;03-09-2024;16.2;0;30;930;293;75;0;0;1;0;0;0;0;0;0;0;1;0;0;0;0;0;1;0;0;1;0;0
17;0.0;41.3;13.0;75.0;;42.8;64;3;9;2;3.0;4.0;;25-09-2024;13.09;0;30;980;247;60;0;0;0;1;0;0;0;0;0;0;1;0;0;0;1;0;0;0;0;0;1;0
20;1.0;41.9;0.0;76.8;37.0;60.5;82;3;7;3;3.0;3.0;2.0;23-09-2024;10.47;0;30;980;247;60;0;0;0;1;0;0;0;0;1;0;0;0;0;0;1;0;0;0;0;0;1;0
21;;11.0;16.0;75.3;21.0;34.6;45;5;8;2;3.0;2.0;4.0;16-09-2024;16.87;0;28;550;256;64;0;0;0;0;0;1;0;0;1;0;0;0;0;0;1;0;0;0;1;0;0;0
20;1.0;14.1;23.0;75.0;19.0;18.4;26;4;9;4;2.0;5.0;2.0;13-09-2024;13.03;0;28;710;325;60;1;0;0;0;0;0;0;0;1;0;0;0;0;0;1;0;0;0;0;0;1;0
21;0.0;3.6;0.0;62.8;30.0;46.3;60;4;7;2;4.0;3.0;;13-09-2024;15.85;0;30;830;282;65;0;1;0;0;0;0;0;0;1;0;0;1;0;0;0;0;0;0;0;0;1;0
19;2.0;14.8;6.0;81.3;20.0;35.5;37;4;11;3;5.0;3.0;5.0;24-09-2024;19.65;0;28;550;256;64;0;0;0;0;0;1;0;0;1;0;0;0;0;0;1;0;0;0;0;0;1;0
18;3.0;;21.0;89.1;24.0;58.9;46;3;10;6;5.0;;3.0;18-09-2024;18.22;0;28;480;265;78;0;0;0;0;1;0;0;0;1;0;0;0;1;0;0;0;0;0;0;0;0;1
22;1.0;7.0;0.0;89.3;28.0;35.2;53;1;7;4;3.0;4.0;3.0;12-09-2024;17.07;0;30;930;293;75;0;0;1;0;0;0;0;0;1;0;0;0;0;0;0;0;1;0;0;0;1;0
20;1.0;;0.0;80.4;16.0;21.8;29;0;11;3;;3.0;2.0;09-09-2024;17.03;0;28;550;256;64;0;0;0;0;0;1;0;0;1;0;0;0;0;0;1;0;0;0;0;0;1;0
17;1.0;24.7;0.0;73.2;42.0;57.5;105;3;10;2;4.0;1.0;1.0;06-09-2024;17.83;0;30;980;247;60;0;0;0;1;0;0;0;0;1;0;0;0;0;0;1;0;0;0;0;0;1;0
19;0.0;4.3;0.0;86.9;27.0;33.9;57;3;11;5;3.0;3.0;3.0;26-09-2024;11.89;0;30;830;282;65;0;1;0;0;0;0;0;0;0;1;0;1;0;0;0;0;0;0;0;0;1;0
19;2.0;;0.0;74.6;22.0;23.1;43;7;7;2;3.0;5.0;2.0;06-09-2024;15.59;0;30;980;247;60;0;0;0;1;0;0;0;0;1;0;0;0;0;0;1;0;0;0;0;0;1;0
19;1.0;8.1;6.0;81.1;41.0;72.7;123;3;8;8;3.0;2.0;5.0;12-09-2024;16.63;0;30;980;247;60;0;0;0;1;0;0;0;0;1;0;0;0;0;0;1;0;0;0;0;0;1;0
21;1.0;18.4;0.0;75.6;29.0;33.7;64;5;8;1;2.0;4.0;3.0;17-09-2024;8.37;1;30;980;247;60;0;0;0;1;0;0;0;0;1;0;0;0;0;0;1;0;0;0;0;0;1;0
19;0.0;7.3;;67.0;;13.0;13;5;5;0;2.0;1.0;2.0;26-09-2024;2.59;1;30;930;293;75;0;0;1;0;0;0;0;0;1;0;0;0;0;0;0;0;1;0;0;0;1;0
17;0.0;3.3;3.0;99.1;42.0;49.5;90;0;13;4;5.0;4.0;5.0;06-09-2024;16.0;0;28;550;256;64;0;0;0;0;0;1;0;0;0;1;0;0;0;0;1;0;0;0;1;0;0;0
22;2.0;14.6;14.0;84.4;35.0;45.9;73;4;10;3;4.0;;4.0;03-09-2024;17.57;0;30;810;265;81;0;0;0;0;0;0;1;0;1;0;0;0;0;0;0;1;0;0;0;0;1;0
22;1.0;3.4;0.0;92.7;59.0;109.5;145;0;13;5;5.0;3.0;4.0;06-09-2024;17.48;0;28;710;325;60;1;0;0;0;0;0;0;0;0;0;1;0;0;0;1;0;0;0;0;0;0;1
18;0.0;26.5;0.0;82.8;45.0;66.1;84;4;7;6;3.0;4.0;3.0;18-09-2024;16.19;0;30;810;265;81;0;0;0;0;0;0;1;0;0;0;1;0;0;0;0;1;0;0;1;0;0;0
22;1.0;4.9;0.0;80.8;27.0;35.6;43;4;9;3;4.0;3.0;4.0;06-09-2024;13.48;0;30;810;265;81;0;0;0;0;0;0;1;0;0;0;1;0;0;0;0;1;0;0;1;0;0;0
22;2.0;1.4;0.0;73.5;20.0;19.7;41;2;8;5;3.0;3.0;2.0;10-09-2024;11.97;0;30;810;265;81;0;0;0;0;0;0;1;0;0;1;0;0;0;0;0;1;0;0;0;0;1;0
18;2.0;38.6;;72.2;23.0;26.1;48;6;9;2;1.0;4.0;2.0;27-09-2024;10.86;0;30;980;247;60;0;0;0;1;0;0;0;0;1;0;0;0;0;0;1;0;0;0;0;0;1;0
20;1.0;27.2;0.0;92.4;32.0;44.0;56;1;13;3;3.0;5.0;4.0;17-09-2024;16.37;0;30;980;247;60;0;0;0;1;0;0;0;0;1;0;0;0;0;0;1;0;0;0;0;0;1;0
18;1.0;16.2;0.0;57.5;26.0;38.4;62;6;8;4;5.0;4.0;3.0;25-09-2024;15.93;0;30;810;265;81;0;0;0;0;0;0;1;0;1;0;0;0;0;0;0;1;0;0;0;0;1;0
18;1.0;8.5;7.0;69.7;38.0;88.3;84;2;8;2;4.0;2.0;3.0;26-09-2024;18.76;0;30;830;282;65;0;1;0;0;0;0;0;0;1;0;0;1;0;0;0;0;0;0;1;0;0;0
21;;2.6;0.0;96.3;57.0;105.4;123;2;10;8;5.0;5.0;3.0;12-09-2024;19.66;0;30;980;247;60;0;0;0;1;0;0;0;0;1;0;0;0;0;0;1;0;0;0;0;1;0;0
20;2.0;3.4;0.0;56.9;5.0;6.5;13;5;8;0;;1.0;1.0;17-09-2024;13.23;0;30;830;282;65;0;1;0;0;0;0;0;0;1;0;0;1;0;0;0;0;0;0;0;0;0;1
23;1.0;4.1;8.0;70.4;27.0;24.0;36;7;10;0;2.0;2.0;2.0;24-09-2024;16.87;0;28;710;325;60;1;0;0;0;0;0;0;0;1;0;0;0;0;0;1;0;0;0;0;1;0;0
19;1.0;0.0;0.0;79.5;11.0;7.5;17;2;11;0;3.0;3.0;2.0;20-09-2024;16.5;0;30;980;247;60;0;0;0;1;0;0;0;0;1;0;0;0;0;0;1;0;0;1;0;0;0;0
18;3.0;11.9;0.0;79.2;47.0;82.6;103;4;8;5;5.0;5.0;2.0;25-09-2024;16.23;0;28;550;256;64;0;0;0;0;0;1;0;0;0;0;1;0;0;0;1;0;0;0;0;0;1;0
20;1.0;34.9;0.0;67.3;37.0;84.0;61;5;7;0;2.0;1.0;2.0;09-09-2024;13.47;0;30;810;265;81;0;0;0;0;0;0;1;0;1;0;0;0;0;0;0;1;0;0;0;0;1;0
21;0.0;11.6;0.0;77.8;25.0;44.4;74;4;11;3;;;1.0;05-09-2024;11.53;0;28;480;265;78;0;0;0;0;1;0;0;0;0;0;1;0;1;0;0;0;0;0;0;0;0;1
19;0.0;8.5;22.0;71.8;40.0;41.3;94;3;9;2;3.0;1.0;;24-09-2024;17.47;0;30;620;263;66;0;0;0;0;0;0;0;1;0;1;0;0;0;1;0;0;0;1;0;0;0;0
21;3.0;14.4;0.0;76.5;26.0;36.5;41;2;8;3;3.0;2.0;;03-09-2024;13.99;0;30;980;247;60;0;0;0;1;0;0;0;0;0;0;1;0;0;0;1;0;0;0;0;1;0;0
18;0.0;11.2;0.0;81.6;38.0;44.4;54;4;8;7;3.0;4.0;3.0;09-09-2024;16.38;0;30;810;265;81;0;0;0;0;0;0;1;0;0;0;1;0;0;0;0;1;0;0;0;0;1;0
23;0.0;63.5;0.0;78.5;16.0;29.4;31;3;7;7;4.0;3.0;3.0;26-09-2024;13.83;0;30;810;265;81;0;0;0;0;0;0;1;0;0;0;1;0;0;0;0;1;0;0;0;0;1;0
22;0.0;0.7;21.0;80.3;34.0;23.0;67;4;6;3;4.0;3.0;4.0;17-09-2024;14.69;0;30;980;247;60;0;0;0;1;0;0;0;0;1;0;0;0;0;0;1;0;0;1;0;0;0;0
17;;11.3;23.0;64.7;25.0;36.3;39;5;5;0;3.0;;3.0;25-09-2024;4.89;1;30;930;293;75;0;0;1;0;0;0;0;0;0;0;1;0;0;0;0;0;1;0;0;0;1;0
23;0.0;6.3;13.0;88.9;19.0;14.6;32;4;7;12;4.0;2.0;2.0;20-09-2024;13.65;0;28;480;265;78;0;0;0;0;1;0;0;0;0;0;1;0;1;0;0;0;0;0;0;0;1;0
18;1.0;;;80.7;23.0;35.9;34;4;6;2;1.0;5.0;2.0;11-09-2024;11.52;0;30;830;282;65;0;1;0;0;0;0;0;0;1;0;0;1;0;0;0;0;0;0;0;0;1;0
19;0.0;3.1;3.0;98.9;64.0;74.4;159;0;11;6;5.0;5.0;4.0;20-09-2024;18.57;0;30;930;293;75;0;0;1;0;0;0;0;0;0;0;1;0;0;0;0;0;1;0;0;1;0;0
23;2.0;7.5;;73.6;28.0;54.8;55;5;8;3;3.0;3.0;2.0;16-09-2024;16.47;0;30;980;247;60;0;0;0;1;0;0;0;0;0;0;1;0;0;0;1;0;0;0;0;1;0;0
18;0.0;;13.0;68.2;21.0;23.1;50;9;9;1;2.0;4.0;4.0;02-09-2024;8.16;1;30;830;282;65;0;1;0;0;0;0;0;0;1;0;0;1;0;0;0;0;0;0;0;0;1;0
20;0.0;43.3;4.0;77.8;23.0;40.6;74;5;9;5;4.0;4.0;3.0;12-09-2024;16.54;0;30;980;247;60;0;0;0;1;0;0;0;0;1;0;0;0;0;0;1;0;0;0;0;0;1;0
20;3.0;39.8;0.0;94.6;51.0;43.6;123;2;13;4;3.0;3.0;3.0;03-09-2024;17.5;0;30;980;247;60;0;0;0;1;0;0;0;0;0;0;1;0;0;0;1;0;0;0;1;0;0;0
21;2.0;16.3;7.0;64.7;27.0;60.3;55;1;10;5;3.0;4.0;1.0;26-09-2024;15.27;0;28;710;325;60;1;0;0;0;0;0;0;0;1;0;0;0;0;0;1;0;0;0;0;1;0;0
20;2.0;0.9;0.0;81.3;32.0;21.3;46;2;12;4;4.0;4.0;3.0;24-09-2024;15.7;0;30;810;265;81;0;0;0;0;0;0;1;0;1;0;0;0;0;0;0;1;0;0;0;0;1;0
20;2.0;21.7;0.0;85.0;37.0;55.4;89;2;7;2;3.0;4.0;5.0;11-09-2024;18.05;0;30;830;282;65;0;1;0;0;0;0;0;0;0;1;0;1;0;0;0;0;0;0;0;0;1;0
18;0.0;21.1;0.0;99.7;14.0;25.9;30;0;9;3;2.0;4.0;3.0;26-09-2024;15.29;0;30;930;293;75;0;0;1;0;0;0;0;0;1;0;0;0;0;0;0;0;1;0;0;0;1;0
20;0.0;22.4;0.0;61.4;4.0;10.7;14;4;8;1;2.0;2.0;3.0;16-09-2024;6.49;1;30;810;265;81;0;0;0;0;0;0;1;0;1;0;0;0;0;0;0;1;0;0;1;0;0;0
19;0.0;4.2;0.0;91.8;41.0;61.9;106;2;8;4;2.0;5.0;3.0;13-09-2024;18.6;0;30;810;265;81;0;0;0;0;0;0;1;0;0;0;1;0;0;0;0;1;0;0;0;0;1;0
20;2.0;2.4;0.0;75.4;18.0;28.2;32;4;9;3;3.0;4.0;3.0;12-09-2024;16.11;0;30;980;247;60;0;0;0;1;0;0;0;0;1;0;0;0;0;0;1;0;0;0;0;1;0;0
18;;35.5;15.0;86.5;48.0;65.3;103;2;13;7;5.0;5.0;3.0;03-09-2024;17.95;0;30;830;282;65;0;1;0;0;0;0;0;0;1;0;0;1;0;0;0;0;0;0;0;0;0;1
17;;5.3;13.0;78.4;8.0;11.0;14;6;10;0;;4.0;3.0;10-09-2024;13.12;0;30;830;282;65;0;1;0;0;0;0;0;0;1;0;0;1;0;0;0;0;0;0;0;0;1;0
21;;22.9;11.0;90.1;32.0;37.6;73;3;8;7;3.0;4.0;4.0;17-09-2024;16.47;0;30;810;265;81;0;0;0;0;0;0;1;0;1;0;0;0;0;0;0;1;0;0;0;0;1;0
21;2.0;0.6;;98.0;;128.2;92;0;10;8;5.0;5.0;5.0;10-09-2024;19.63;0;30;930;293;75;0;0;1;0;0;0;0;0;0;0;1;0;0;0;0;0;1;0;0;0;1;0
18;0.0;34.9;7.0;71.7;8.0;9.5;9;4;7;2;4.0;3.0;4.0;23-09-2024;4.87;1;30;930;293;75;0;0;1;0;0;0;0;0;1;0;0;0;0;0;0;0;1;0;0;0;1;0
17;0.0;6.1;23.0;89.7;26.0;49.2;71;2;12;7;3.0;5.0;4.0;26-09-2024;13.79;0;30;980;247;60;0;0;0;1;0;0;0;0;0;0;1;0;0;0;1;0;0;0;0;1;0;0
18;3.0;17.9;0.0;90.6;33.0;27.3;84;3;10;1;3.0;4.0;2.0;11-09-2024;15.1;0;28;480;265;78;0;0;0;0;1;0;0;0;1;0;0;0;1;0;0;0;0;0;0;0;1;0
18;1.0;16.3;25.0;70.5;14.0;18.6;37;1;10;2;4.0;3.0;4.0;24-09-2024;15.83;0;30;810;265;81;0;0;0;0;0;0;1;0;1;0;0;0;0;0;0;1;0;0;0;0;1;0
20;0.0;12.8;8.0;66.6;28.0;71.4;65;1;7;6;5.0;5.0;5.0;26-09-2024;19.36;0;28;550;256;64;0;0;0;0;0;1;0;0;1;0;0;0;0;0;1;0;0;0;0;1;0;0
23;0.0;4.3;28.0;94.9;49.0;53.2;77;1;11;6;4.0;5.0;5.0;17-09-2024;17.42;0;30;830;282;65;0;1;0;0;0;0;0;0;0;1;0;1;0;0;0;0;0;0;0;0;1;0
20;;0.5;0.0;92.6;30.0;19.8;74;1;11;5;3.0;5.0;1.0;05-09-2024;19.04;0;28;550;256;64;0;0;0;0;0;1;0;0;0;0;1;0;0;0;1;0;0;0;0;0;1;0
18;2.0;47.7;18.0;69.7;49.0;42.3;105;2;8;5;3.0;4.0;4.0;12-09-2024;16.01;0;30;810;265;81;0;0;0;0;0;0;1;0;1;0;0;0;0;0;0;1;0;0;0;0;1;0
21;2.0;13.0;10.0;91.7;51.0;74.9;137;0;8;6;3.0;4.0;4.0;25-09-2024;17.35;0;28;550;256;64;0;0;0;0;0;1;0;0;0;1;0;0;0;0;1;0;0;0;0;0;1;0
17;1.0;24.0;;89.7;29.0;22.9;84;2;11;5;;;5.0;04-09-2024;16.26;0;30;810;265;81;0;0;0;0;0;0;1;0;0;1;0;0;0;0;0;1;0;0;0;0;1;0
19;0.0;8.3;;88.6;30.0;53.9;43;3;10;3;4.0;4.0;3.0;19-09-2024;16.82;0;28;550;256;64;0;0;0;0;0;1;0;0;1;0;0;0;0;0;1;0;0;0;0;1;0;0
18;1.0;18.0;11.0;60.4;25.0;41.5;65;2;9;5;4.0;2.0;3.0;25-09-2024;17.91;0;30;830;282;65;0;1;0;0;0;0;0;0;1;0;0;1;0;0;0;0;0;0;0;0;1;0
19;0.0;17.0;0.0;70.1;37.0;53.1;76;2;7;1;1.0;2.0;3.0;03-09-2024;14.9;0;28;550;256;64;0;0;0;0;0;1;0;0;1;0;0;0;0;0;1;0;0;0;0;0;1;0
19;0.0;2.6;16.0;81.0;63.0;93.8;158;2;13;7;4.0;4.0;4.0;19-09-2024;15.87;0;30;810;265;81;0;0;0;0;0;0;1;0;1;0;0;0;0;0;0;1;0;0;0;0;1;0
21;0.0;0.5;;95.4;24.0;61.1;57;4;9;4;3.0;3.0;4.0;11-09-2024;15.89;0;28;710;325;60;1;0;0;0;0;0;0;0;1;0;0;0;0;0;1;0;0;0;0;0;1;0
20;2.0;4.4;15.0;73.6;19.0;25.9;36;4;4;2;4.0;3.0;1.0;05-09-2024;8.1;1;28;480;265;78;0;0;0;0;1;0;0;0;0;0;1;0;1;0;0;0;0;0;0;0;1;0
20;3.0;17.8;8.0;66.5;21.0;7.0;39;4;8;2;3.0;2.0;4.0;09-09-2024;8.36;1;30;980;247;60;0;0;0;1;0;0;0;0;0;0;1;0;0;0;1;0;0;0;0;0;0;1
19;0.0;15.9;25.0;81.5;26.0;32.6;61;3;10;6;3.0;4.0;4.0;17-09-2024;15.03;0;30;620;263;66;0;0;0;0;0;0;0;1;1;0;0;0;0;1;0;0;0;0;0;0;1;0
17;1.0;1.5;0.0;84.2;52.0;78.4;116;5;8;6;5.0;4.0;3.0;10-09-2024;18.47;0;30;620;263;66;0;0;0;0;0;0;0;1;1;0;0;0;0;1;0;0;0;0;0;1;0;0
17;1.0;18.0;;76.7;23.0;45.2;53;7;8;0;1.0;4.0;3.0;04-09-2024;5.68;1;30;810;265;81;0;0;0;0;0;0;1;0;1;0;0;0;0;0;0;1;0;0;0;0;1;0
18;1.0;21.1;11.0;68.3;43.0;57.8;85;4;12;4;3.0;5.0;2.0;04-09-2024;16.11;0;30;930;293;75;0;0;1;0;0;0;0;0;1;0;0;0;0;0;0;0;1;0;1;0;0;0
22;2.0;0.6;6.0;94.5;37.0;13.2;99;1;10;8;5.0;5.0;2.0;06-09-2024;18.86;0;30;810;265;81;0;0;0;0;0;0;1;0;0;0;1;0;0;0;0;1;0;0;0;0;1;0
19;1.0;;0.0;79.9;33.0;32.3;85;2;7;10;4.0;4.0;4.0;26-09-2024;15.21;0;28;550;256;64;0;0;0;0;0;1;0;0;0;0;1;0;0;0;1;0;0;0;0;0;1;0
20;0.0;25.5;10.0;72.8;24.0;42.7;45;6;6;0;2.0;3.0;2.0;25-09-2024;6.83;1;30;980;247;60;0;0;0;1;0;0;0;0;1;0;0;0;0;0;1;0;0;0;0;0;1;0
21;0.0;30.7;19.0;73.0;22.0;28.2;30;3;11;3;2.0;2.0;2.0;20-09-2024;3.98;1;30;830;282;65;0;1;0;0;0;0;0;0;1;0;0;1;0;0;0;0;0;0;0;0;1;0
19;0.0;36.2;27.0;83.3;35.0;44.4;82;6;10;2;2.0;4.0;1.0;20-09-2024;13.17;0;30;830;282;65;0;1;0;0;0;0;0;0;1;0;0;1;0;0;0;0;0;0;0;0;1;0
18;1.0;0.2;19.0;70.8;25.0;27.1;66;5;13;3;3.0;4.0;;06-09-2024;12.43;0;30;620;263;66;0;0;0;0;0;0;0;1;0;0;1;0;0;1;0;0;0;0;0;0;1;0
19;1.0;7.0;0.0;83.9;19.0;28.1;33;6;6;3;4.0;2.0;3.0;16-09-2024;14.03;0;28;550;256;64;0;0;0;0;0;1;0;0;0;0;1;0;0;0;1;0;0;0;0;0;1;0
18;2.0;10.0;14.0;78.5;39.0;57.3;92;2;10;5;5.0;5.0;4.0;25-09-2024;18.24;0;30;930;293;75;0;0;1;0;0;0;0;0;1;0;0;0;0;0;0;0;1;0;0;0;1;0
20;1.0;10.2;21.0;75.9;22.0;31.4;50;4;8;5;;5.0;4.0;19-09-2024;18.04;0;30;620;263;66;0;0;0;0;0;0;0;1;1;0;0;0;0;1;0;0;0;0;0;0;1;0
18;1.0;33.0;21.0;83.9;10.0;16.5;21;7;7;2;3.0;5.0;2.0;13-09-2024;3.91;1;28;480;265;78;0;0;0;0;1;0;0;0;0;0;1;0;1;0;0;0;0;0;1;0;0;0
18;0.0;28.5;20.0;83.3;19.0;31.0;45;4;6;0;3.0;3.0;2.0;18-09-2024;5.24;1;28;550;256;64;0;0;0;0;0;1;0;0;0;1;0;0;0;0;1;0;0;0;0;0;1;0
23;0.0;5.5;16.0;76.7;56.0;136.2;132;1;13;4;5.0;4.0;4.0;16-09-2024;19.5;0;28;710;325;60;1;0;0;0;0;0;0;0;1;0;0;0;0;0;1;0;0;0;0;1;0;0
22;1.0;14.0;0.0;76.3;13.0;21.9;12;5;7;2;2.0;2.0;2.0;12-09-2024;5.29;1;30;830;282;65;0;1;0;0;0;0;0;0;1;0;0;1;0;0;0;0;0;0;0;0;1;0
24;1.0;;15.0;93.4;52.0;92.2;92;0;8;2;5.0;4.0;5.0;04-09-2024;19.38;0;28;710;325;60;1;0;0;0;0;0;0;0;1;0;0;0;0;0;1;0;0;0;0;1;0;0
20;2.0;21.9;;78.0;19.0;28.7;27;6;6;6;3.0;5.0;2.0;27-09-2024;5.05;1;30;830;282;65;0;1;0;0;0;0;0;0;0;1;0;1;0;0;0;0;0;0;0;0;1;0
19;2.0;101.5;26.0;62.8;30.0;41.6;57;1;11;2;4.0;;2.0;12-09-2024;6.39;1;30;830;282;65;0;1;0;0;0;0;0;0;0;1;0;1;0;0;0;0;0;0;0;0;1;0
20;0.0;30.7;0.0;83.6;22.0;27.3;66;2;9;7;4.0;4.0;3.0;03-09-2024;13.16;0;28;710;325;60;1;0;0;0;0;0;0;0;1;0;0;0;0;0;1;0;0;0;0;0;1;0
20;1.0;52.2;16.0;99.4;;77.8;101;3;8;7;4.0;3.0;;06-09-2024;17.91;0;30;930;293;75;0;0;1;0;0;0;0;0;1;0;0;0;0;0;0;0;1;0;0;0;1;0
23;0.0;20.2;;90.7;30.0;53.5;72;3;6;2;2.0;4.0;2.0;17-09-2024;12.11;0;30;830;282;65;0;1;0;0;0;0;0;0;0;1;0;1;0;0;0;0;0;0;0;0;0;1
19;3.0;21.4;;67.7;55.0;59.7;138;6;6;5;5.0;5.0;4.0;10-09-2024;17.02;0;28;710;325;60;1;0;0;0;0;0;0;0;1;0;0;0;0;0;1;0;0;1;0;0;0;0
19;1.0;6.1;0.0;85.2;25.0;40.7;57;1;9;3;3.0;4.0;3.0;25-09-2024;13.96;0;30;620;263;66;0;0;0;0;0;0;0;1;1;0;0;0;0;1;0;0;0;0;0;0;1;0
26;3.0;34.7;15.0;70.1;18.0;26.0;51;2;12;3;2.0;3.0;2.0;03-09-2024;12.16;0;28;710;325;60;1;0;0;0;0;0;0;0;0;1;0;0;0;0;1;0;0;0;0;1;0;0
21;3.0;1.2;3.0;55.6;14.0;23.0;34;3;9;3;5.0;2.0;2.0;03-09-2024;8.92;1;30;930;293;75;0;0;1;0;0;0;0;0;1;0;0;0;0;0;0;0;1;0;0;0;1;0
19;0.0;2.0;;97.6;39.0;48.2;90;0;9;6;4.0;5.0;3.0;18-09-2024;19.79;0;28;480;265;78;0;0;0;0;1;0;0;0;1;0;0;0;1;0;0;0;0;1;0;0;0;0
19;0.0;5.6;0.0;84.4;48.0;35.8;112;1;11;3;5.0;2.0;5.0;05-09-2024;15.22;0;30;930;293;75;0;0;1;0;0;0;0;0;0;1;0;0;0;0;0;0;1;0;0;0;1;0
19;3.0;37.2;0.0;65.5;30.0;39.1;74;4;7;2;2.0;2.0;2.0;27-09-2024;15.88;0;30;980;247;60;0;0;0;1;0;0;0;0;0;0;1;0;0;0;1;0;0;0;0;0;1;0
20;1.0;61.8;0.0;61.4;3.0;8.3;9;5;5;0;1.0;4.0;1.0;19-09-2024;2.31;1;28;710;325;60;1;0;0;0;0;0;0;0;1;0;0;0;0;0;1;0;0;0;0;0;1;0
23;2.0;24.0;;78.4;19.0;23.8;26;1;8;3;3.0;4.0;4.0;16-09-2024;16.4;0;30;980;247;60;0;0;0;1;0;0;0;0;1;0;0;0;0;0;1;0;0;0;0;0;1;0
19;0.0;32.5;8.0;65.8;6.0;11.6;21;6;10;1;2.0;2.0;3.0;09-09-2024;8.71;1;30;930;293;75;0;0;1;0;0;0;0;0;1;0;0;0;0;0;0;0;1;0;0;0;1;0
21;2.0;44.6;28.0;79.2;15.0;23.1;13;4;6;1;2.0;3.0;2.0;17-09-2024;4.86;1;30;930;293;75;0;0;1;0;0;0;0;0;0;0;1;0;0;0;0;0;1;0;0;0;1;0
23;2.0;;0.0;80.1;18.0;25.0;41;2;11;3;4.0;5.0;3.0;03-09-2024;17.8;0;28;710;325;60;1;0;0;0;0;0;0;0;1;0;0;0;0;0;1;0;0;0;0;0;1;0
19;1.0;0.9;;65.6;3.0;11.2;6;5;5;0;3.0;2.0;2.0;02-09-2024;6.57;1;30;830;282;65;0;1;0;0;0;0;0;0;1;0;0;1;0;0;0;0;0;0;1;0;0;0
18;0.0;5.8;13.0;64.4;17.0;33.3;54;7;7;0;1.0;3.0;4.0;18-09-2024;4.91;1;28;550;256;64;0;0;0;0;0;1;0;0;0;0;1;0;0;0;1;0;0;0;0;0;1;0
20;3.0;14.5;8.0;64.5;18.0;31.2;62;8;9;0;3.0;2.0;3.0;27-09-2024;7.08;1;30;930;293;75;0;0;1;0;0;0;0;0;1;0;0;0;0;0;0;0;1;0;1;0;0;0
21;0.0;2.2;13.0;66.1;;7.4;4;4;11;1;4.0;;2.0;03-09-2024;3.05;1;30;830;282;65;0;1;0;0;0;0;0;0;0;0;1;1;0;0;0;0;0;0;0;0;1;0
19;1.0;3.0;14.0;75.1;34.0;25.2;76;3;7;4;3.0;4.0;1.0;16-09-2024;15.97;0;30;830;282;65;0;1;0;0;0;0;0;0;1;0;0;1;0;0;0;0;0;0;0;0;0;1
18;1.0;;11.0;94.6;42.0;63.4;87;0;9;10;4.0;;3.0;03-09-2024;16.77;0;30;930;293;75;0;0;1;0;0;0;0;0;0;0;1;0;0;0;0;0;1;0;0;1;0;0
18;2.0;32.5;8.0;70.4;18.0;38.6;32;5;5;3;2.0;4.0;3.0;10-09-2024;12.77;0;30;620;263;66;0;0;0;0;0;0;0;1;0;0;1;0;0;1;0;0;0;0;0;0;1;0
20;0.0;38.1;19.0;74.2;19.0;23.2;49;2;8;3;3.0;4.0;1.0;27-09-2024;5.51;1;28;710;325;60;1;0;0;0;0;0;0;0;1;0;0;0;0;0;1;0;0;0;0;0;1;0
18;1.0;13.6;18.0;69.4;18.0;38.3;33;4;7;2;2.0;1.0;4.0;09-09-2024;11.96;0;30;830;282;65;0;1;0;0;0;0;0;0;1;0;0;1;0;0;0;0;0;0;0;0;1;0
19;3.0;;0.0;92.0;42.0;66.3;106;0;8;5;4.0;;5.0;16-09-2024;19.51;0;28;550;256;64;0;0;0;0;0;1;0;0;1;0;0;0;0;0;1;0;0;0;0;1;0;0
18;2.0;22.7;19.0;59.2;;41.5;47;5;7;0;4.0;4.0;1.0;04-09-2024;15.52;0;30;980;247;60;0;0;0;1;0;0;0;0;1;0;0;0;0;0;1;0;0;0;0;0;1;0
21;1.0;8.7;;81.5;25.0;31.9;70;2;11;4;4.0;3.0;4.0;09-09-2024;17.03;0;28;550;256;64;0;0;0;0;0;1;0;0;0;0;1;0;0;0;1;0;0;0;0;0;0;1
18;0.0;11.0;8.0;78.1;20.0;26.3;37;4;7;2;3.0;2.0;3.0;20-09-2024;4.87;1;28;480;265;78;0;0;0;0;1;0;0;0;1;0;0;0;1;0;0;0;0;0;0;0;1;0
19;1.0;26.4;11.0;65.2;20.0;37.9;33;4;8;2;2.0;5.0;2.0;16-09-2024;6.56;1;28;710;325;60;1;0;0;0;0;0;0;0;1;0;0;0;0;0;1;0;0;0;0;0;1;0
22;;42.4;23.0;78.1;39.0;70.6;65;3;6;4;4.0;5.0;3.0;19-09-2024;17.45;0;30;830;282;65;0;1;0;0;0;0;0;0;0;0;1;1;0;0;0;0;0;0;0;0;1;0
20;;14.1;6.0;83.0;13.0;12.0;24;3;8;3;3.0;5.0;2.0;27-09-2024;15.1;0;30;620;263;66;0;0;0;0;0;0;0;1;0;0;1;0;0;1;0;0;0;0;0;0;1;0
18;0.0;1.8;10.0;91.7;23.0;28.2;39;4;7;1;3.0;2.0;1.0;24-09-2024;2.25;1;28;710;325;60;1;0;0;0;0;0;0;0;0;1;0;0;0;0;1;0;0;0;0;0;1;0
21;1.0;;0.0;54.1;6.0;11.9;19;4;4;0;2.0;2.0;1.0;24-09-2024;3.39;1;28;710;325;60;1;0;0;0;0;0;0;0;1;0;0;0;0;0;1;0;0;0;0;0;0;1
19;2.0;16.8;;96.6;38.0;53.8;83;3;12;2;5.0;4.0;3.0;05-09-2024;18.11;0;30;930;293;75;0;0;1;0;0;0;0;0;0;0;1;0;0;0;0;0;1;0;0;0;1;0
21;2.0;;;84.1;33.0;54.9;51;8;10;2;3.0;4.0;2.0;09-09-2024;14.79;0;30;980;247;60;0;0;0;1;0;0;0;0;0;0;1;0;0;0;1;0;0;1;0;0;0;0
19;1.0;26.9;0.0;64.4;30.0;38.4;48;6;7;4;5.0;4.0;1.0;04-09-2024;18.91;0;28;550;256;64;0;0;0;0;0;1;0;0;1;0;0;0;0;0;1;0;0;0;0;0;1;0
18;2.0;0.2;7.0;77.3;13.0;17.3;25;1;8;6;3.0;5.0;3.0;11-09-2024;12.21;0;30;830;282;65;0;1;0;0;0;0;0;0;0;0;1;1;0;0;0;0;0;0;0;1;0;0
19;3.0;7.0;10.0;81.2;58.0;94.7;165;3;13;1;5.0;4.0;5.0;05-09-2024;18.83;0;30;930;293;75;0;0;1;0;0;0;0;0;1;0;0;0;0;0;0;0;1;0;0;0;1;0
20;0.0;9.9;25.0;69.9;62.0;76.4;165;1;10;4;4.0;5.0;3.0;06-09-2024;17.11;0;30;620;263;66;0;0;0;0;0;0;0;1;1;0;0;0;0;1;0;0;0;0;0;0;1;0
20;0.0;5.0;18.0;93.3;35.0;34.4;82;6;6;3;4.0;4.0;;19-09-2024;14.69;0;30;620;263;66;0;0;0;0;0;0;0;1;1;0;0;0;0;1;0;0;0;1;0;0;0;0
19;1.0;4.1;8.0;65.8;9.0;17.0;23;8;8;2;3.0;3.0;4.0;20-09-2024;2.0;1;30;930;293;75;0;0;1;0;0;0;0;0;1;0;0;0;0;0;0;0;1;0;0;0;1;0
19;3.0;0.9;;87.8;34.0;66.5;61;0;8;7;5.0;5.0;3.0;05-09-2024;19.31;0;28;550;256;64;0;0;0;0;0;1;0;0;0;0;1;0;0;0;1;0;0;0;0;0;1;0
18;1.0;0.5;15.0;71.5;15.0;5.6;20;6;9;0;1.0;2.0;1.0;19-09-2024;4.27;1;30;930;293;75;0;0;1;0;0;0;0;0;0;1;0;0;0;0;0;0;1;0;0;0;1;0
21;0.0;13.5;15.0;87.3;;63.8;95;4;11;8;3.0;4.0;4.0;10-09-2024;15.18;0;28;710;325;60;1;0;0;0;0;0;0;0;0;0;1;0;0;0;1;0;0;0;0;1;0;0
19;1.0;31.4;0.0;96.9;37.0;73.6;84;3;11;6;;4.0;3.0;20-09-2024;18.54;0;30;810;265;81;0;0;0;0;0;0;1;0;1;0;0;0;0;0;0;1;0;0;0;0;1;0
20;1.0;28.9;0.0;73.5;37.0;73.3;64;5;5;0;1.0;2.0;1.0;11-09-2024;4.3;1;30;980;247;60;0;0;0;1;0;0;0;0;0;0;1;0;0;0;1;0;0;0;0;1;0;0
18;0.0;4.2;14.0;75.1;30.0;48.8;65;5;7;3;4.0;3.0;;16-09-2024;17.52;0;30;810;265;81;0;0;0;0;0;0;1;0;1;0;0;0;0;0;0;1;0;0;0;0;1;0
18;0.0;23.8;12.0;54.1;10.0;15.3;26;6;6;0;1.0;4.0;;12-09-2024;2.26;1;28;480;265;78;0;0;0;0;1;0;0;0;1;0;0;0;1;0;0;0;0;0;0;0;1;0
22;2.0;5.9;;78.6;37.0;57.2;89;8;10;2;2.0;3.0;;17-09-2024;14.78;0;28;480;265;78;0;0;0;0;1;0;0;0;1;0;0;0;1;0;0;0;0;0;0;0;1;0
22;1.0;;15.0;79.7;43.0;74.2;66;6;6;0;2.0;5.0;1.0;23-09-2024;12.54;0;28;710;325;60;1;0;0;0;0;0;0;0;1;0;0;0;0;0;1;0;0;0;0;1;0;0
22;0.0;6.9;24.0;73.7;32.0;63.4;94;6;10;5;4.0;;4.0;16-09-2024;14.65;0;30;930;293;75;0;0;1;0;0;0;0;0;1;0;0;0;0;0;0;0;1;0;0;0;1;0
20;0.0;14.4;16.0;63.6;12.0;5.8;18;6;7;0;2.0;2.0;1.0;27-09-2024;1.42;1;30;810;265;81;0;0;0;0;0;0;1;0;0;0;1;0;0;0;0;1;0;0;0;0;1;0
25;1.0;8.4;7.0;75.6;15.0;24.3;19;5;10;2;2.0;;3.0;16-09-2024;14.26;0;30;810;265;81;0;0;0;0;0;0;1;0;1;0;0;0;0;0;0;1;0;0;0;1;0;0
17;1.0;10.3;16.0;91.0;51.0;70.8;123;2;9;0;3.0;4.0;5.0;02-09-2024;17.54;0;30;980;247;60;0;0;0;1;0;0;0;0;0;1;0;0;0;0;1;0;0;0;0;0;1;0
21;1.0;33.5;0.0;99.6;52.0;76.2;94;1;9;4;4.0;4.0;4.0;16-09-2024;16.23;0;30;980;247;60;0;0;0;1;0;0;0;0;1;0;0;0;0;0;1;0;0;0;0;0;1;0
25;0.0;5.9;23.0;92.8;45.0;65.8;125;5;9;5;4.0;4.0;4.0;26-09-2024;15.11;0;30;810;265;81;0;0;0;0;0;0;1;0;0;0;1;0;0;0;0;1;0;0;0;1;0;0
21;3.0;;27.0;78.9;4.0;3.5;21;5;5;0;2.0;3.0;2.0;24-09-2024;6.92;1;30;620;263;66;0;0;0;0;0;0;0;1;1;0;0;0;0;1;0;0;0;0;0;0;1;0
18;0.0;0.7;0.0;91.5;62.0;118.2;143;0;10;12;5.0;;5.0;10-09-2024;19.81;0;30;980;247;60;0;0;0;1;0;0;0;0;1;0;0;0;0;0;1;0;0;0;0;0;1;0
18;0.0;7.5;8.0;82.2;17.0;30.3;55;0;9;1;3.0;4.0;4.0;02-09-2024;14.01;0;30;930;293;75;0;0;1;0;0;0;0;0;1;0;0;0;0;0;0;0;1;0;0;1;0;0
21;1.0;9.4;0.0;46.6;20.0;27.1;46;7;8;1;3.0;3.0;1.0;03-09-2024;6.78;1;30;980;247;60;0;0;0;1;0;0;0;0;1;0;0;0;0;0;1;0;0;0;0;1;0;0
22;3.0;13.5;9.0;69.4;15.0;33.5;22;7;7;1;;4.0;3.0;19-09-2024;6.36;1;30;830;282;65;0;1;0;0;0;0;0;0;1;0;0;1;0;0;0;0;0;0;0;0;1;0
23;2.0;14.1;14.0;74.3;22.0;40.6;62;6;9;3;3.0;;3.0;02-09-2024;11.86;0;30;620;263;66;0;0;0;0;0;0;0;1;0;0;1;0;0;1;0;0;0;0;0;0;1;0
19;2.0;4.5;0.0;79.2;35.0;41.3;88;3;8;2;4.0;2.0;4.0;18-09-2024;14.58;0;30;930;293;75;0;0;1;0;0;0;0;0;0;0;1;0;0;0;0;0;1;0;0;1;0;0
18;1.0;18.7;;68.5;15.0;14.4;45;6;6;0;3.0;3.0;2.0;23-09-2024;4.65;1;30;810;265;81;0;0;0;0;0;0;1;0;0;0;1;0;0;0;0;1;0;0;0;0;1;0
18;2.0;1.4;0.0;91.1;53.0;115.3;119;0;8;7;;;;16-09-2024;19.64;0;30;930;293;75;0;0;1;0;0;0;0;0;0;0;1;0;0;0;0;0;1;0;0;0;1;0
24;1.0;47.4;7.0;74.8;;48.0;46;7;9;1;4.0;2.0;2.0;16-09-2024;6.05;1;28;550;256;64;0;0;0;0;0;1;0;0;1;0;0;0;0;0;1;0;0;0;0;0;1;0
23;0.0;11.4;9.0;56.5;17.0;21.7;29;7;8;1;2.0;4.0;1.0;05-09-2024;2.55;1;30;930;293;75;0;0;1;0;0;0;0;0;0;0;1;0;0;0;0;0;1;0;0;0;1;0
19;2.0;46.8;3.0;88.1;41.0;72.8;60;4;13;3;5.0;3.0;;24-09-2024;19.69;0;30;980;247;60;0;0;0;1;0;0;0;0;1;0;0;0;0;0;1;0;0;0;0;1;0;0
26;1.0;31.5;10.0;81.7;3.0;11.5;8;5;10;3;2.0;4.0;1.0;17-09-2024;12.32;0;30;830;282;65;0;1;0;0;0;0;0;0;1;0;0;1;0;0;0;0;0;0;0;0;1;0
21;1.0;35.1;14.0;64.3;22.0;40.7;54;7;8;2;2.0;5.0;1.0;17-09-2024;6.83;1;30;620;263;66;0;0;0;0;0;0;0;1;1;0;0;0;0;1;0;0;0;0;0;0;1;0
22;0.0;12.2;;67.6;3.0;1.8;1;8;8;0;;2.0;2.0;10-09-2024;5.17;1;30;980;247;60;0;0;0;1;0;0;0;0;1;0;0;0;0;0;1;0;0;0;0;0;1;0
18;0.0;10.0;0.0;97.2;58.0;85.0;98;0;8;8;5.0;;5.0;19-09-2024;18.67;0;30;980;247;60;0;0;0;1;0;0;0;0;0;1;0;0;0;0;1;0;0;0;0;1;0;0
22;;15.9;9.0;61.6;6.0;9.9;15;6;7;1;2.0;2.0;1.0;20-09-2024;4.48;1;30;980;247;60;0;0;0;1;0;0;0;0;0;0;1;0;0;0;1;0;0;0;0;0;1;0
23;2.0;23.5;;96.8;46.0;46.8;63;1;11;3;5.0;3.0;4.0;12-09-2024;17.18;0;30;980;247;60;0;0;0;1;0;0;0;0;0;0;1;0;0;0;1;0;0;0;0;0;1;0
18;;26.8;;88.5;49.0;64.2;131;1;7;7;4.0;3.0;2.0;19-09-2024;18.08;0;30;830;282;65;0;1;0;0;0;0;0;0;1;0;0;1;0;0;0;0;0;0;0;0;1;0
18;0.0;29.8;10.0;52.9;0.0;0.0;0;5;5;0;3.0;2.0;3.0;17-09-2024;3.12;1;28;550;256;64;0;0;0;0;0;1;0;0;1;0;0;0;0;0;1;0;0;0;0;0;1;0
18;1.0;8.9;10.0;63.3;22.0;30.3;45;5;9;2;3.0;4.0;3.0;23-09-2024;14.41;0;28;710;325;60;1;0;0;0;0;0;0;0;1;0;0;0;0;0;1;0;0;0;0;0;1;0
22;0.0;9.1;0.0;81.5;3.0;0.3;15;4;9;0;2.0;2.0;2.0;18-09-2024;2.28;1;30;830;282;65;0;1;0;0;0;0;0;0;0;0;1;1;0;0;0;0;0;0;0;0;1;0
21;1.0;22.8;13.0;88.6;40.0;49.2;78;3;10;1;4.0;4.0;4.0;17-09-2024;15.09;0;30;810;265;81;0;0;0;0;0;0;1;0;1;0;0;0;0;0;0;1;0;0;0;0;1;0
18;1.0;13.0;7.0;81.0;42.0;74.4;85;4;12;3;3.0;5.0;3.0;17-09-2024;15.56;0;30;620;263;66;0;0;0;0;0;0;0;1;1;0;0;0;0;1;0;0;0;0;0;0;1;0
20;1.0;6.3;;80.8;;3.5;21;1;7;2;3.0;3.0;1.0;16-09-2024;17.77;0;30;930;293;75;0;0;1;0;0;0;0;0;1;0;0;0;0;0;0;0;1;0;0;0;1;0
18;3.0;11.8;0.0;86.1;44.0;44.7;101;0;8;8;4.0;3.0;;10-09-2024;18.73;0;30;830;282;65;0;1;0;0;0;0;0;0;1;0;0;1;0;0;0;0;0;0;0;0;1;0
17;1.0;13.8;0.0;68.1;18.0;29.9;25;7;7;0;4.0;4.0;2.0;26-09-2024;7.73;1;28;710;325;60;1;0;0;0;0;0;0;0;0;0;1;0;0;0;1;0;0;0;0;0;1;0
19;0.0;22.8;20.0;92.2;32.0;48.1;67;6;9;4;4.0;4.0;1.0;02-09-2024;15.17;0;30;980;247;60;0;0;0;1;0;0;0;0;1;0;0;0;0;0;1;0;0;0;0;0;0;1
18;1.0;38.3;0.0;83.4;16.0;28.2;25;2;6;0;2.0;4.0;2.0;24-09-2024;11.85;0;30;620;263;66;0;0;0;0;0;0;0;1;0;0;1;0;0;1;0;0;0;0;0;0;1;0
18;1.0;15.5;;79.7;33.0;30.8;57;5;11;3;3.0;3.0;2.0;10-09-2024;15.77;0;30;980;247;60;0;0;0;1;0;0;0;0;0;0;1;0;0;0;1;0;0;0;0;0;1;0
21;2.0;16.3;0.0;90.3;45.0;94.3;87;8;8;2;4.0;5.0;3.0;05-09-2024;17.22;0;28;710;325;60;1;0;0;0;0;0;0;0;0;0;1;0;0;0;1;0;0;0;0;1;0;0
21;1.0;19.7;8.0;81.9;47.0;73.3;134;2;10;6;5.0;3.0;;02-09-2024;18.78;0;28;550;256;64;0;0;0;0;0;1;0;0;0;0;1;0;0;0;1;0;0;0;0;1;0;0
19;0.0;70.6;7.0;70.1;19.0;15.3;41;2;8;1;3.0;2.0;2.0;27-09-2024;4.69;1;30;980;247;60;0;0;0;1;0;0;0;0;0;1;0;0;0;0;1;0;0;0;0;0;1;0
20;2.0;2.1;11.0;96.6;54.0;75.9;148;1;13;10;5.0;5.0;5.0;19-09-2024;19.9;0;30;980;247;60;0;0;0;1;0;0;0;0;1;0;0;0;0;0;1;0;0;0;0;0;1;0
22;1.0;17.4;0.0;90.3;51.0;97.9;117;6;8;2;3.0;3.0;2.0;13-09-2024;18.33;0;28;480;265;78;0;0;0;0;1;0;0;0;1;0;0;0;1;0;0;0;0;0;0;0;1;0
22;2.0;;22.0;70.1;21.0;25.6;33;6;9;1;2.0;4.0;2.0;18-09-2024;6.04;1;30;810;265;81;0;0;0;0;0;0;1;0;1;0;0;0;0;0;0;1;0;0;0;1;0;0
20;0.0;25.8;;91.5;49.0;83.5;107;1;11;10;5.0;5.0;4.0;03-09-2024;16.45;0;30;980;247;60;0;0;0;1;0;0;0;0;0;1;0;0;0;0;1;0;0;0;0;0;1;0
20;0.0;27.8;0.0;81.0;9.0;11.2;28;4;10;4;3.0;2.0;2.0;02-09-2024;4.77;1;28;550;256;64;0;0;0;0;0;1;0;0;0;0;1;0;0;0;1;0;0;0;0;0;1;0
20;1.0;29.9;13.0;65.1;3.0;2.0;20;5;9;1;1.0;3.0;1.0;05-09-2024;4.67;1;28;710;325;60;1;0;0;0;0;0;0;0;0;1;0;0;0;0;1;0;0;0;0;0;1;0
20;1.0;13.4;0.0;77.1;23.0;37.6;36;2;6;2;5.0;5.0;3.0;05-09-2024;18.37;0;30;930;293;75;0;0;1;0;0;0;0;0;1;0;0;0;0;0;0;0;1;0;0;0;1;0
19;1.0;40.1;9.0;68.9;23.0;30.6;66;7;7;0;2.0;3.0;1.0;27-09-2024;10.15;0;30;930;293;75;0;0;1;0;0;0;0;0;0;0;1;0;0;0;0;0;1;0;0;0;1;0
20;0.0;8.0;8.0;91.9;;51.2;46;0;9;1;3.0;5.0;3.0;12-09-2024;16.53;0;28;480;265;78;0;0;0;0;1;0;0;0;1;0;0;0;1;0;0;0;0;0;0;0;1;0
19;1.0;36.0;7.0;69.3;14.0;21.9;32;3;8;0;4.0;2.0;2.0;25-09-2024;9.06;1;30;830;282;65;0;1;0;0;0;0;0;0;1;0;0;1;0;0;0;0;0;0;0;0;1;0
18;0.0;24.1;3.0;55.2;9.0;16.1;25;4;8;0;;4.0;2.0;06-09-2024;3.71;1;30;830;282;65;0;1;0;0;0;0;0;0;1;0;0;1;0;0;0;0;0;0;0;0;1;0
20;0.0;11.6;0.0;85.8;33.0;100.2;67;2;9;3;5.0;5.0;3.0;26-09-2024;17.79;0;28;710;325;60;1;0;0;0;0;0;0;0;1;0;0;0;0;0;1;0;0;1;0;0;0;0
17;2.0;35.6;0.0;70.6;25.0;30.0;59;1;8;2;;4.0;2.0;19-09-2024;16.95;0;28;550;256;64;0;0;0;0;0;1;0;0;1;0;0;0;0;0;1;0;0;0;0;0;1;0
22;1.0;20.1;6.0;70.4;7.0;16.0;17;7;7;0;2.0;4.0;2.0;25-09-2024;5.14;1;28;710;325;60;1;0;0;0;0;0;0;0;1;0;0;0;0;0;1;0;0;0;0;0;1;0
19;0.0;11.0;24.0;89.3;29.0;74.0;39;5;11;3;4.0;4.0;2.0;18-09-2024;14.84;0;28;550;256;64;0;0;0;0;0;1;0;0;0;0;1;0;0;0;1;0;0;0;0;0;1;0
21;;;21.0;72.0;26.0;43.4;55;1;8;0;5.0;2.0;1.0;17-09-2024;17.21;0;30;810;265;81;0;0;0;0;0;0;1;0;1;0;0;0;0;0;0;1;0;0;0;1;0;0
21;1.0;;5.0;62.1;13.0;13.1;54;5;5;0;1.0;4.0;1.0;17-09-2024;3.45;1;30;810;265;81;0;0;0;0;0;0;1;0;1;0;0;0;0;0;0;1;0;0;0;1;0;0
20;0.0;50.6;15.0;84.5;47.0;30.9;89;1;9;4;4.0;2.0;2.0;03-09-2024;17.8;0;28;710;325;60;1;0;0;0;0;0;0;0;0;0;1;0;0;0;1;0;0;0;0;1;0;0
25;0.0;3.8;;55.9;25.0;37.6;42;3;7;1;2.0;3.0;2.0;05-09-2024;5.0;1;30;930;293;75;0;0;1;0;0;0;0;0;1;0;0;0;0;0;0;0;1;0;0;0;1;0
19;0.0;8.7;20.0;74.2;28.0;48.1;46;4;9;1;2.0;3.0;3.0;16-09-2024;13.47;0;30;830;282;65;0;1;0;0;0;0;0;0;0;0;1;1;0;0;0;0;0;0;0;0;1;0
23;3.0;8.3;0.0;79.3;43.0;71.4;70;3;8;6;4.0;;3.0;16-09-2024;18.81;0;30;830;282;65;0;1;0;0;0;0;0;0;1;0;0;1;0;0;0;0;0;0;0;0;1;0
20;2.0;6.0;17.0;72.6;13.0;12.5;26;4;11;4;3.0;;2.0;05-09-2024;9.58;1;30;980;247;60;0;0;0;1;0;0;0;0;1;0;0;0;0;0;1;0;0;0;0;0;1;0
22;2.0;21.5;7.0;79.4;47.0;80.2;117;4;5;3;5.0;5.0;2.0;17-09-2024;18.15;0;30;830;282;65;0;1;0;0;0;0;0;0;1;0;0;1;0;0;0;0;0;0;0;0;1;0
18;0.0;19.5;0.0;64.8;31.0;37.1;87;4;8;2;2.0;2.0;1.0;02-09-2024;6.95;1;28;710;325;60;1;0;0;0;0;0;0;0;1;0;0;0;0;0;1;0;0;0;0;0;1;0
22;0.0;8.1;14.0;82.5;42.0;31.9;78;5;7;2;5.0;4.0;4.0;18-09-2024;14.44;0;30;980;247;60;0;0;0;1;0;0;0;0;0;0;1;0;0;0;1;0;0;0;0;1;0;0
20;1.0;3.9;10.0;71.4;15.0;23.8;29;6;8;1;4.0;2.0;4.0;17-09-2024;8.24;1;30;980;247;60;0;0;0;1;0;0;0;0;0;0;1;0;0;0;1;0;0;0;0;0;1;0
21;0.0;5.2;;98.3;51.0;69.9;100;0;11;9;5.0;5.0;4.0;02-09-2024;19.59;0;30;930;293;75;0;0;1;0;0;0;0;0;1;0;0;0;0;0;0;0;1;0;0;1;0;0
21;1.0;33.7;;99.3;54.0;70.3;92;0;8;7;4.0;4.0;5.0;20-09-2024;18.92;0;30;620;263;66;0;0;0;0;0;0;0;1;1;0;0;0;0;1;0;0;0;0;0;0;1;0
19;;7.8;24.0;61.1;27.0;22.6;40;7;8;1;4.0;4.0;3.0;26-09-2024;3.88;1;30;830;282;65;0;1;0;0;0;0;0;0;0;0;1;1;0;0;0;0;0;0;0;0;1;0
20;3.0;;10.0;83.1;33.0;37.8;53;8;9;5;5.0;3.0;4.0;11-09-2024;18.96;0;28;550;256;64;0;0;0;0;0;1;0;0;1;0;0;0;0;0;1;0;0;0;0;0;1;0
22;1.0;11.6;21.0;80.2;11.0;16.3;27;5;5;0;3.0;2.0;2.0;11-09-2024;5.32;1;30;980;247;60;0;0;0;1;0;0;0;0;1;0;0;0;0;0;1;0;0;0;0;0;1;0
22;0.0;0.8;27.0;66.8;;3.8;28;6;9;4;;3.0;3.0;04-09-2024;9.78;1;30;810;265;81;0;0;0;0;0;0;1;0;1;0;0;0;0;0;0;1;0;0;0;1;0;0
18;0.0;18.4;0.0;60.2;24.0;35.9;41;5;6;2;2.0;2.0;1.0;18-09-2024;5.73;1;30;810;265;81;0;0;0;0;0;0;1;0;1;0;0;0;0;0;0;1;0;0;0;0;1;0
20;1.0;49.4;15.0;67.3;15.0;22.7;51;1;5;1;1.0;1.0;3.0;24-09-2024;5.66;1;30;930;293;75;0;0;1;0;0;0;0;0;1;0;0;0;0;0;0;0;1;0;1;0;0;0
19;1.0;16.3;10.0;93.7;49.0;105.2;103;0;9;5;5.0;;5.0;06-09-2024;19.75;0;28;480;265;78;0;0;0;0;1;0;0;0;1;0;0;0;1;0;0;0;0;0;0;0;1;0
21;1.0;28.4;28.0;70.7;24.0;35.8;42;2;6;1;3.0;5.0;;05-09-2024;14.67;0;28;710;325;60;1;0;0;0;0;0;0;0;0;0;1;0;0;0;1;0;0;0;0;1;0;0
20;0.0;0.5;23.0;98.6;45.0;46.9;97;1;10;6;;4.0;4.0;27-09-2024;16.5;0;30;620;263;66;0;0;0;0;0;0;0;1;1;0;0;0;0;1;0;0;0;0;0;0;1;0
18;2.0;6.7;0.0;82.3;33.0;70.1;75;5;7;2;4.0;5.0;2.0;27-09-2024;17.69;0;30;930;293;75;0;0;1;0;0;0;0;0;1;0;0;0;0;0;0;0;1;0;0;0;1;0
22;0.0;;6.0;76.4;28.0;35.6;67;4;8;3;3.0;3.0;4.0;02-09-2024;16.41;0;30;980;247;60;0;0;0;1;0;0;0;0;1;0;0;0;0;0;1;0;0;0;0;0;1;0
21;0.0;49.0;3.0;82.3;38.0;54.4;107;2;9;7;4.0;3.0;3.0;19-09-2024;16.62;0;30;980;247;60;0;0;0;1;0;0;0;0;0;0;1;0;0;0;1;0;0;1;0;0;0;0
19;0.0;1.1;14.0;77.9;25.0;39.7;35;7;7;5;3.0;2.0;3.0;12-09-2024;2.83;1;30;810;265;81;0;0;0;0;0;0;1;0;0;0;1;0;0;0;0;1;0;0;0;0;1;0
22;1.0;24.4;11.0;89.5;38.0;71.1;86;3;12;6;4.0;3.0;4.0;26-09-2024;18.13;0;30;620;263;66;0;0;0;0;0;0;0;1;1;0;0;0;0;1;0;0;0;0;0;0;1;0
19;1.0;8.1;0.0;84.5;26.0;33.9;64;2;10;2;4.0;5.0;4.0;02-09-2024;18.08;0;28;710;325;60;1;0;0;0;0;0;0;0;1;0;0;0;0;0;1;0;0;0;0;1;0;0
18;0.0;5.8;0.0;75.6;22.0;36.5;49;4;8;2;2.0;3.0;4.0;03-09-2024;4.93;1;30;810;265;81;0;0;0;0;0;0;1;0;1;0;0;0;0;0;0;1;0;0;0;1;0;0
20;3.0;0.9;0.0;79.4;;80.7;108;2;10;4;5.0;4.0;3.0;17-09-2024;18.38;0;30;830;282;65;0;1;0;0;0;0;0;0;0;1;0;1;0;0;0;0;0;0;0;0;1;0
21;2.0;0.8;23.0;81.3;26.0;39.0;59;3;7;4;3.0;;3.0;26-09-2024;14.6;0;28;480;265;78;0;0;0;0;1;0;0;0;0;0;1;0;1;0;0;0;0;0;0;1;0;0
18;0.0;5.2;0.0;84.9;18.0;22.3;64;2;9;1;3.0;4.0;3.0;09-09-2024;15.32;0;30;930;293;75;0;0;1;0;0;0;0;0;1;0;0;0;0;0;0;0;1;0;0;1;0;0
18;2.0;4.7;19.0;80.3;8.0;6.8;39;1;7;5;3.0;3.0;2.0;26-09-2024;17.74;0;28;550;256;64;0;0;0;0;0;1;0;0;1;0;0;0;0;0;1;0;0;0;0;0;1;0
19;2.0;16.7;14.0;78.9;34.0;74.7;58;2;7;3;2.0;4.0;3.0;16-09-2024;17.52;0;30;830;282;65;0;1;0;0;0;0;0;0;1;0;0;1;0;0;0;0;0;0;0;0;1;0
22;2.0;4.0;0.0;71.2;21.0;33.1;63;4;10;1;3.0;2.0;2.0;10-09-2024;13.92;0;30;980;247;60;0;0;0;1;0;0;0;0;0;0;1;0;0;0;1;0;0;0;0;0;1;0
19;2.0;9.2;10.0;92.7;;79.2;94;5;6;2;;3.0;4.0;27-09-2024;16.89;0;30;930;293;75;0;0;1;0;0;0;0;0;1;0;0;0;0;0;0;0;1;0;0;0;1;0
21;3.0;15.6;0.0;56.4;15.0;27.4;22;8;8;3;3.0;1.0;5.0;25-09-2024;5.61;1;30;930;293;75;0;0;1;0;0;0;0;0;0;0;1;0;0;0;0;0;1;1;0;0;0;0
17;1.0;7.8;14.0;79.3;24.0;22.4;34;7;9;6;4.0;5.0;3.0;13-09-2024;16.51;0;30;810;265;81;0;0;0;0;0;0;1;0;1;0;0;0;0;0;0;1;0;0;0;0;1;0
19;2.0;16.4;15.0;74.8;18.0;34.9;40;5;6;2;4.0;4.0;3.0;17-09-2024;15.66;0;30;930;293;75;0;0;1;0;0;0;0;0;1;0;0;0;0;0;0;0;1;0;0;0;0;1
20;1.0;17.6;6.0;96.6;32.0;25.2;88;2;8;2;2.0;4.0;3.0;12-09-2024;16.0;0;28;550;256;64;0;0;0;0;0;1;0;0;1;0;0;0;0;0;1;0;0;0;0;1;0;0
23;0.0;7.9;0.0;65.6;25.0;45.0;57;3;8;3;4.0;3.0;;17-09-2024;7.85;1;30;930;293;75;0;0;1;0;0;0;0;0;0;0;1;0;0;0;0;0;1;0;0;1;0;0
21;0.0;1.3;0.0;72.1;39.0;31.1;110;6;9;3;4.0;1.0;;23-09-2024;12.42;0;30;980;247;60;0;0;0;1;0;0;0;0;1;0;0;0;0;0;1;0;0;1;0;0;0;0
20;1.0;8.2;8.0;61.5;37.0;77.3;84;2;8;1;1.0;3.0;4.0;09-09-2024;15.35;0;28;710;325;60;1;0;0;0;0;0;0;0;1;0;0;0;0;0;1;0;0;0;1;0;0;0
20;2.0;6.6;0.0;50.1;10.0;16.7;24;4;7;0;2.0;4.0;1.0;18-09-2024;2.38;1;30;980;247;60;0;0;0;1;0;0;0;0;1;0;0;0;0;0;1;0;0;0;0;0;1;0
18;1.0;23.5;13.0;77.4;24.0;40.4;58;3;9;2;1.0;1.0;3.0;19-09-2024;13.68;0;28;710;325;60;1;0;0;0;0;0;0;0;1;0;0;0;0;0;1;0;0;0;0;0;1;0
22;1.0;31.4;27.0;90.2;48.0;112.4;119;4;8;7;3.0;5.0;2.0;04-09-2024;15.8;0;30;930;293;75;0;0;1;0;0;0;0;0;0;1;0;0;0;0;0;0;1;0;0;0;1;0
18;0.0;;0.0;71.1;28.0;35.4;56;7;7;1;3.0;3.0;3.0;26-09-2024;4.92;1;30;980;247;60;0;0;0;1;0;0;0;0;1;0;0;0;0;0;1;0;0;0;0;0;1;0
22;1.0;1.8;15.0;66.4;41.0;57.2;73;7;11;3;3.0;3.0;4.0;27-09-2024;6.11;1;30;930;293;75;0;0;1;0;0;0;0;0;0;0;1;0;0;0;0;0;1;0;1;0;0;0
19;1.0;20.0;0.0;80.8;45.0;50.9;94;3;11;4;4.0;;3.0;24-09-2024;18.32;0;28;480;265;78;0;0;0;0;1;0;0;0;0;1;0;0;1;0;0;0;0;0;0;0;1;0
20;1.0;9.2;0.0;65.6;3.0;9.5;1;5;5;0;2.0;1.0;2.0;05-09-2024;3.67;1;30;930;293;75;0;0;1;0;0;0;0;0;1;0;0;0;0;0;0;0;1;0;0;0;1;0
21;1.0;38.6;28.0;93.8;45.0;57.4;88;2;8;5;5.0;3.0;2.0;02-09-2024;18.57;0;30;980;247;60;0;0;0;1;0;0;0;0;0;0;1;0;0;0;1;0;0;0;0;0;1;0
24;1.0;0.3;0.0;75.9;25.0;42.3;42;5;10;0;4.0;3.0;1.0;11-09-2024;7.03;1;28;710;325;60;1;0;0;0;0;0;0;0;0;0;1;0;0;0;1;0;0;0;1;0;0;0
17;0.0;;5.0;89.6;17.0;26.8;32;7;9;7;5.0;2.0;4.0;27-09-2024;15.88;0;30;930;293;75;0;0;1;0;0;0;0;0;1;0;0;0;0;0;0;0;1;0;0;0;1;0
18;0.0;30.8;0.0;74.9;31.0;36.5;74;4;9;0;2.0;2.0;2.0;04-09-2024;13.95;0;30;980;247;60;0;0;0;1;0;0;0;0;1;0;0;0;0;0;1;0;0;0;0;0;1;0
24;2.0;14.2;9.0;78.1;38.0;74.1;91;4;7;3;5.0;5.0;2.0;27-09-2024;17.31;0;30;830;282;65;0;1;0;0;0;0;0;0;1;0;0;1;0;0;0;0;0;0;0;0;1;0
19;2.0;;;88.6;25.0;39.6;49;3;7;4;5.0;4.0;1.0;06-09-2024;17.07;0;30;980;247;60;0;0;0;1;0;0;0;0;0;0;1;0;0;0;1;0;0;0;1;0;0;0
20;0.0;38.4;6.0;74.6;24.0;43.1;62;5;7;1;2.0;3.0;4.0;27-09-2024;7.62;1;30;830;282;65;0;1;0;0;0;0;0;0;1;0;0;1;0;0;0;0;0;0;0;0;1;0
19;2.0;30.5;17.0;98.9;30.0;55.9;81;4;11;1;4.0;4.0;3.0;19-09-2024;16.6;0;30;830;282;65;0;1;0;0;0;0;0;0;0;0;1;1;0;0;0;0;0;0;1;0;0;0
21;0.0;5.7;0.0;89.6;;47.4;85;2;6;3;3.0;3.0;3.0;25-09-2024;14.52;0;30;980;247;60;0;0;0;1;0;0;0;0;0;1;0;0;0;0;1;0;0;0;0;0;1;0
18;2.0;1.5;6.0;81.8;31.0;42.5;72;3;8;4;3.0;4.0;3.0;17-09-2024;14.94;0;28;480;265;78;0;0;0;0;1;0;0;0;1;0;0;0;1;0;0;0;0;0;0;0;1;0
21;;18.0;22.0;94.3;46.0;53.3;106;3;8;6;5.0;3.0;5.0;04-09-2024;17.92;0;28;710;325;60;1;0;0;0;0;0;0;0;0;0;1;0;0;0;1;0;0;0;0;0;1;0
19;3.0;34.6;12.0;70.0;29.0;35.7;73;5;9;1;4.0;3.0;2.0;17-09-2024;9.89;1;30;930;293;75;0;0;1;0;0;0;0;0;1;0;0;0;0;0;0;0;1;0;0;1;0;0
20;;24.0;9.0;76.4;15.0;23.6;46;7;9;4;2.0;;2.0;05-09-2024;3.95;1;30;980;247;60;0;0;0;1;0;0;0;0;1;0;0;0;0;0;1;0;0;0;0;1;0;0
19;1.0;3.6;0.0;62.2;24.0;30.3;52;4;7;0;3.0;3.0;;23-09-2024;15.92;0;30;930;293;75;0;0;1;0;0;0;0;0;1;0;0;0;0;0;0;0;1;0;0;0;1;0
19;1.0;18.5;13.0;85.5;23.0;38.9;68;3;8;3;4.0;3.0;4.0;23-09-2024;15.64;0;30;980;247;60;0;0;0;1;0;0;0;0;0;0;1;0;0;0;1;0;0;0;0;0;0;1
20;0.0;20.1;23.0;70.5;33.0;51.1;92;3;8;6;3.0;;1.0;23-09-2024;17.25;0;30;930;293;75;0;0;1;0;0;0;0;0;0;0;1;0;0;0;0;0;1;0;0;0;1;0
20;3.0;12.3;23.0;79.7;7.0;8.9;13;9;10;1;4.0;3.0;1.0;18-09-2024;12.77;0;30;980;247;60;0;0;0;1;0;0;0;0;1;0;0;0;0;0;1;0;0;0;0;1;0;0
20;0.0;14.3;0.0;81.5;23.0;38.7;51;3;9;8;3.0;3.0;4.0;11-09-2024;14.36;0;30;980;247;60;0;0;0;1;0;0;0;0;1;0;0;0;0;0;1;0;0;0;0;0;1;0
19;1.0;30.1;0.0;79.2;29.0;51.4;54;4;10;3;3.0;5.0;2.0;10-09-2024;13.85;0;28;710;325;60;1;0;0;0;0;0;0;0;1;0;0;0;0;0;1;0;0;0;0;0;1;0
19;3.0;0.2;17.0;64.8;10.0;5.5;14;8;9;3;5.0;2.0;4.0;10-09-2024;14.48;0;30;930;293;75;0;0;1;0;0;0;0;0;1;0;0;0;0;0;0;0;1;0;0;0;1;0
19;3.0;6.0;;72.2;20.0;28.3;50;6;8;2;4.0;5.0;1.0;20-09-2024;5.59;1;30;980;247;60;0;0;0;1;0;0;0;0;0;0;1;0;0;0;1;0;0;0;0;0;1;0
20;0.0;5.7;27.0;69.5;35.0;35.1;68;5;7;3;3.0;2.0;2.0;10-09-2024;13.92;0;30;980;247;60;0;0;0;1;0;0;0;0;1;0;0;0;0;0;1;0;0;0;0;0;1;0
19;0.0;14.1;;67.0;23.0;35.1;46;6;6;1;2.0;1.0;2.0;18-09-2024;6.31;1;28;550;256;64;0;0;0;0;0;1;0;0;0;1;0;0;0;0;1;0;0;0;0;1;0;0
25;2.0;0.2;15.0;81.9;32.0;45.8;38;8;8;2;;3.0;3.0;04-09-2024;15.42;0;30;810;265;81;0;0;0;0;0;0;1;0;0;1;0;0;0;0;0;1;0;0;0;1;0;0
20;0.0;15.1;18.0;78.0;35.0;65.2;79;5;10;5;4.0;4.0;4.0;13-09-2024;19.11;0;30;980;247;60;0;0;0;1;0;0;0;0;1;0;0;0;0;0;1;0;0;0;0;1;0;0
19;1.0;3.8;8.0;79.5;23.0;48.8;39;6;6;2;4.0;5.0;4.0;10-09-2024;15.38;0;30;810;265;81;0;0;0;0;0;0;1;0;1;0;0;0;0;0;0;1;0;0;0;0;1;0
19;0.0;16.2;0.0;70.1;23.0;43.6;41;2;7;1;2.0;3.0;1.0;11-09-2024;11.36;0;30;830;282;65;0;1;0;0;0;0;0;0;0;0;1;1;0;0;0;0;0;0;0;0;1;0
18;1.0;3.8;6.0;71.6;36.0;44.2;76;6;9;1;2.0;3.0;1.0;04-09-2024;4.91;1;28;710;325;60;1;0;0;0;0;0;0;0;1;0;0;0;0;0;1;0;0;0;0;0;1;0
22;2.0;;25.0;69.0;4.0;6.8;18;4;7;0;1.0;3.0;3.0;16-09-2024;3.72;1;30;980;247;60;0;0;0;1;0;0;0;0;1;0;0;0;0;0;1;0;0;0;0;1;0;0
18;1.0;26.6;7.0;80.4;43.0;84.9;108;1;12;2;5.0;5.0;4.0;26-09-2024;16.15;0;28;480;265;78;0;0;0;0;1;0;0;0;0;0;1;0;1;0;0;0;0;0;0;0;1;0
18;0.0;11.5;10.0;61.0;19.0;17.3;46;4;7;2;3.0;5.0;3.0;26-09-2024;4.71;1;30;830;282;65;0;1;0;0;0;0;0;0;0;0;1;1;0;0;0;0;0;0;0;0;1;0
21;1.0;14.3;0.0;81.2;32.0;47.7;83;6;7;3;4.0;4.0;3.0;23-09-2024;15.78;0;30;930;293;75;0;0;1;0;0;0;0;0;1;0;0;0;0;0;0;0;1;0;0;0;1;0
26;0.0;2.8;11.0;62.1;3.0;4.8;10;7;7;0;3.0;2.0;3.0;19-09-2024;5.69;1;28;550;256;64;0;0;0;0;0;1;0;0;1;0;0;0;0;0;1;0;0;0;0;0;1;0
27;2.0;4.9;3.0;62.9;7.0;11.1;8;5;5;1;5.0;2.0;2.0;04-09-2024;7.34;1;28;480;265;78;0;0;0;0;1;0;0;0;1;0;0;0;1;0;0;0;0;1;0;0;0;0
21;1.0;21.4;19.0;71.8;26.0;55.3;81;8;8;0;2.0;3.0;3.0;03-09-2024;5.83;1;28;710;325;60;1;0;0;0;0;0;0;0;0;0;1;0;0;0;1;0;0;0;0;0;1;0
18;0.0;9.4;9.0;45.8;15.0;22.0;31;4;4;0;1.0;3.0;1.0;13-09-2024;4.55;1;30;830;282;65;0;1;0;0;0;0;0;0;1;0;0;1;0;0;0;0;0;0;1;0;0;0
21;0.0;1.0;0.0;87.2;29.0;64.2;57;5;9;1;4.0;2.0;3.0;20-09-2024;13.87;0;30;620;263;66;0;0;0;0;0;0;0;1;1;0;0;0;0;1;0;0;0;0;0;0;1;0
18;1.0;2.7;;56.5;9.0;14.8;17;5;9;2;;3.0;3.0;10-09-2024;3.4;1;30;620;263;66;0;0;0;0;0;0;0;1;1;0;0;0;0;1;0;0;0;0;0;1;0;0
17;2.0;2.3;0.0;73.9;26.0;25.0;91;3;11;1;4.0;2.0;2.0;25-09-2024;14.28;0;28;710;325;60;1;0;0;0;0;0;0;0;0;1;0;0;0;0;1;0;0;0;0;0;1;0
18;0.0;35.8;5.0;69.6;15.0;27.7;48;5;10;0;2.0;5.0;;25-09-2024;5.77;1;30;930;293;75;0;0;1;0;0;0;0;0;0;0;1;0;0;0;0;0;1;0;0;1;0;0
26;0.0;3.3;0.0;92.9;48.0;86.1;125;2;9;1;5.0;5.0;4.0;05-09-2024;18.98;0;30;980;247;60;0;0;0;1;0;0;0;0;1;0;0;0;0;0;1;0;0;0;1;0;0;0
18;1.0;22.8;12.0;70.0;41.0;68.8;128;5;7;7;4.0;3.0;5.0;20-09-2024;15.66;0;30;930;293;75;0;0;1;0;0;0;0;0;0;0;1;0;0;0;0;0;1;0;0;0;1;0
21;0.0;4.8;25.0;97.8;35.0;52.8;67;2;10;3;5.0;2.0;5.0;25-09-2024;15.13;0;30;620;263;66;0;0;0;0;0;0;0;1;1;0;0;0;0;1;0;0;0;0;0;0;1;0
26;1.0;15.6;7.0;86.3;31.0;59.9;66;4;10;6;4.0;5.0;4.0;23-09-2024;16.54;0;30;980;247;60;0;0;0;1;0;0;0;0;1;0;0;0;0;0;1;0;0;0;0;0;1;0
20;2.0;13.1;0.0;87.7;26.0;51.1;43;5;9;2;4.0;2.0;1.0;20-09-2024;17.33;0;30;930;293;75;0;0;1;0;0;0;0;0;1;0;0;0;0;0;0;0;1;0;0;0;1;0
18;0.0;8.8;9.0;83.1;26.0;32.2;59;3;8;4;3.0;3.0;4.0;05-09-2024;10.61;0;28;480;265;78;0;0;0;0;1;0;0;0;0;1;0;0;1;0;0;0;0;0;0;1;0;0
19;1.0;16.1;0.0;96.7;35.0;71.7;68;3;8;9;5.0;4.0;4.0;10-09-2024;17.36;0;30;830;282;65;0;1;0;0;0;0;0;0;1;0;0;1;0;0;0;0;0;1;0;0;0;0
20;0.0;24.3;0.0;58.0;41.0;37.6;96;7;7;1;4.0;4.0;;03-09-2024;3.85;1;30;620;263;66;0;0;0;0;0;0;0;1;0;1;0;0;0;1;0;0;0;0;0;0;0;1
17;0.0;12.5;;91.9;28.0;58.1;51;1;10;4;3.0;4.0;5.0;19-09-2024;15.36;0;30;830;282;65;0;1;0;0;0;0;0;0;0;0;1;1;0;0;0;0;0;0;0;0;0;1
21;1.0;19.2;13.0;59.0;19.0;27.6;69;6;8;4;4.0;1.0;3.0;04-09-2024;12.38;0;30;830;282;65;0;1;0;0;0;0;0;0;1;0;0;1;0;0;0;0;0;1;0;0;0;0
18;0.0;2.5;11.0;73.5;30.0;42.5;77;1;8;3;2.0;3.0;4.0;13-09-2024;15.03;0;30;930;293;75;0;0;1;0;0;0;0;0;1;0;0;0;0;0;0;0;1;0;0;1;0;0
17;0.0;1.4;0.0;77.3;48.0;81.6;86;2;10;1;5.0;;3.0;02-09-2024;18.02;0;28;480;265;78;0;0;0;0;1;0;0;0;1;0;0;0;1;0;0;0;0;0;0;0;1;0
19;2.0;17.2;10.0;80.5;16.0;18.4;23;6;8;2;3.0;3.0;3.0;16-09-2024;16.25;0;30;930;293;75;0;0;1;0;0;0;0;0;1;0;0;0;0;0;0;0;1;0;0;0;1;0
22;0.0;3.2;18.0;80.3;29.0;40.4;91;1;8;1;2.0;3.0;1.0;11-09-2024;17.19;0;30;830;282;65;0;1;0;0;0;0;0;0;1;0;0;1;0;0;0;0;0;0;0;0;1;0
19;2.0;;19.0;72.6;26.0;38.0;50;3;9;3;;2.0;2.0;12-09-2024;14.05;0;28;710;325;60;1;0;0;0;0;0;0;0;1;0;0;0;0;0;1;0;0;0;0;0;1;0
19;0.0;19.5;3.0;79.8;50.0;82.4;139;4;8;2;3.0;;2.0;10-09-2024;16.86;0;28;550;256;64;0;0;0;0;0;1;0;0;1;0;0;0;0;0;1;0;0;0;0;0;1;0
22;0.0;;;62.9;27.0;21.9;54;4;6;0;5.0;3.0;1.0;16-09-2024;8.85;1;30;810;265;81;0;0;0;0;0;0;1;0;1;0;0;0;0;0;0;1;0;0;0;0;1;0
21;3.0;3.3;0.0;78.0;26.0;39.7;67;4;7;3;4.0;3.0;4.0;02-09-2024;17.08;0;30;980;247;60;0;0;0;1;0;0;0;0;1;0;0;0;0;0;1;0;0;0;0;0;1;0
18;0.0;15.5;23.0;91.4;15.0;12.5;34;1;8;1;3.0;4.0;1.0;05-09-2024;13.78;0;30;980;247;60;0;0;0;1;0;0;0;0;1;0;0;0;0;0;1;0;0;0;0;1;0;0
23;1.0;0.1;11.0;76.4;17.0;23.5;25;3;9;3;3.0;4.0;4.0;12-09-2024;15.1;0;30;930;293;75;0;0;1;0;0;0;0;0;1;0;0;0;0;0;0;0;1;0;0;0;1;0
21;0.0;;14.0;61.9;14.0;24.0;35;4;9;0;3.0;3.0;;27-09-2024;2.44;1;30;810;265;81;0;0;0;0;0;0;1;0;0;0;1;0;0;0;0;1;0;0;0;0;1;0
21;1.0;9.4;21.0;58.4;21.0;37.4;51;7;9;0;3.0;3.0;2.0;13-09-2024;3.87;1;28;550;256;64;0;0;0;0;0;1;0;0;1;0;0;0;0;0;1;0;0;1;0;0;0;0
19;3.0;4.4;0.0;59.9;21.0;47.8;28;4;9;1;3.0;3.0;;18-09-2024;5.31;1;30;830;282;65;0;1;0;0;0;0;0;0;1;0;0;1;0;0;0;0;0;0;0;0;1;0
19;1.0;14.8;0.0;43.8;0.0;0.0;0;7;7;0;1.0;2.0;2.0;03-09-2024;2.29;1;28;550;256;64;0;0;0;0;0;1;0;0;0;1;0;0;0;0;1;0;0;0;0;0;1;0
23;2.0;8.3;24.0;76.6;50.0;34.7;129;1;9;4;3.0;4.0;3.0;11-09-2024;17.37;0;28;550;256;64;0;0;0;0;0;1;0;0;1;0;0;0;0;0;1;0;0;0;0;1;0;0
21;0.0;6.0;9.0;89.9;39.0;56.6;110;1;13;3;3.0;4.0;4.0;24-09-2024;17.17;0;30;830;282;65;0;1;0;0;0;0;0;0;0;0;1;1;0;0;0;0;0;0;0;0;1;0
19;0.0;36.2;3.0;65.0;24.0;63.3;42;4;7;0;3.0;3.0;1.0;19-09-2024;7.07;1;30;980;247;60;0;0;0;1;0;0;0;0;0;0;1;0;0;0;1;0;0;0;0;0;1;0
22;0.0;10.4;22.0;90.3;33.0;71.3;69;2;12;10;5.0;5.0;5.0;05-09-2024;19.36;0;28;710;325;60;1;0;0;0;0;0;0;0;1;0;0;0;0;0;1;0;0;0;0;0;1;0
20;1.0;11.9;9.0;68.7;4.0;13.8;13;7;9;1;2.0;4.0;1.0;04-09-2024;3.68;1;30;810;265;81;0;0;0;0;0;0;1;0;1;0;0;0;0;0;0;1;0;0;0;0;1;0
21;0.0;41.0;0.0;82.6;39.0;84.6;52;4;9;5;5.0;4.0;3.0;24-09-2024;14.17;0;30;620;263;66;0;0;0;0;0;0;0;1;1;0;0;0;0;1;0;0;0;0;0;1;0;0
19;2.0;28.5;0.0;75.2;3.0;2.9;17;6;8;1;1.0;;2.0;10-09-2024;2.45;1;30;830;282;65;0;1;0;0;0;0;0;0;1;0;0;1;0;0;0;0;0;0;0;1;0;0
19;2.0;9.5;12.0;48.4;0.0;0.0;0;6;6;0;2.0;1.0;1.0;23-09-2024;2.36;1;30;620;263;66;0;0;0;0;0;0;0;1;0;0;1;0;0;1;0;0;0;0;0;0;1;0
20;1.0;13.6;0.0;64.5;47.0;60.8;80;3;8;5;4.0;4.0;1.0;04-09-2024;14.97;0;30;810;265;81;0;0;0;0;0;0;1;0;1;0;0;0;0;0;0;1;0;0;1;0;0;0
19;0.0;19.6;0.0;62.4;3.0;3.5;6;6;6;0;2.0;3.0;2.0;20-09-2024;4.54;1;30;930;293;75;0;0;1;0;0;0;0;0;1;0;0;0;0;0;0;0;1;0;0;0;1;0
21;0.0;13.7;10.0;68.9;9.0;14.4;18;8;8;1;4.0;4.0;2.0;13-09-2024;3.35;1;30;980;247;60;0;0;0;1;0;0;0;0;1;0;0;0;0;0;1;0;0;0;0;1;0;0
19;0.0;2.7;;99.3;49.0;98.9;99;4;10;3;5.0;4.0;3.0;16-09-2024;18.47;0;30;980;247;60;0;0;0;1;0;0;0;0;1;0;0;0;0;0;1;0;0;0;0;0;1;0
18;0.0;6.5;8.0;93.6;60.0;134.2;151;1;9;9;4.0;4.0;4.0;27-09-2024;17.8;0;30;810;265;81;0;0;0;0;0;0;1;0;1;0;0;0;0;0;0;1;0;0;0;0;1;0
22;0.0;2.0;0.0;74.1;32.0;62.1;79;4;8;4;3.0;3.0;3.0;10-09-2024;14.68;0;30;810;265;81;0;0;0;0;0;0;1;0;1;0;0;0;0;0;0;1;0;0;0;0;1;0
19;3.0;6.0;0.0;84.7;39.0;85.8;104;2;7;4;5.0;5.0;4.0;19-09-2024;18.18;0;28;550;256;64;0;0;0;0;0;1;0;0;1;0;0;0;0;0;1;0;0;0;0;0;1;0
21;0.0;19.3;17.0;87.0;9.0;13.0;27;4;9;1;3.0;3.0;2.0;02-09-2024;13.46;0;30;810;265;81;0;0;0;0;0;0;1;0;1;0;0;0;0;0;0;1;0;0;0;0;1;0
21;1.0;5.5;0.0;68.0;7.0;10.2;9;4;8;0;1.0;2.0;3.0;02-09-2024;1.36;1;30;810;265;81;0;0;0;0;0;0;1;0;0;1;0;0;0;0;0;1;0;0;0;0;1;0
18;0.0;39.8;16.0;47.9;4.0;6.2;21;5;5;0;;2.0;1.0;17-09-2024;0.91;1;30;930;293;75;0;0;1;0;0;0;0;0;0;1;0;0;0;0;0;0;1;0;0;0;1;0
22;0.0;25.8;26.0;89.2;42.0;57.4;89;1;6;5;;4.0;5.0;06-09-2024;14.52;0;30;980;247;60;0;0;0;1;0;0;0;0;1;0;0;0;0;0;1;0;0;0;0;1;0;0
17;1.0;31.8;23.0;95.5;52.0;111.8;136;2;9;4;5.0;5.0;4.0;27-09-2024;17.57;0;30;930;293;75;0;0;1;0;0;0;0;0;1;0;0;0;0;0;0;0;1;0;0;0;1;0
23;1.0;5.9;0.0;96.0;26.0;34.4;69;3;12;5;5.0;4.0;4.0;23-09-2024;17.08;0;28;480;265;78;0;0;0;0;1;0;0;0;1;0;0;0;1;0;0;0;0;1;0;0;0;0
21;0.0;;0.0;93.2;40.0;49.4;87;3;11;5;4.0;3.0;;05-09-2024;16.28;0;28;550;256;64;0;0;0;0;0;1;0;0;1;0;0;0;0;0;1;0;0;0;0;1;0;0
19;0.0;20.0;8.0;78.6;19.0;28.0;52;6;6;1;4.0;2.0;2.0;06-09-2024;6.75;1;30;810;265;81;0;0;0;0;0;0;1;0;0;1;0;0;0;0;0;1;0;0;0;0;1;0
18;1.0;22.2;13.0;77.3;38.0;29.0;73;7;8;4;4.0;4.0;1.0;18-09-2024;15.31;0;30;620;263;66;0;0;0;0;0;0;0;1;0;0;1;0;0;1;0;0;0;0;0;1;0;0
21;0.0;3.0;0.0;66.6;14.0;25.1;48;6;6;0;3.0;2.0;3.0;11-09-2024;3.65;1;28;550;256;64;0;0;0;0;0;1;0;0;1;0;0;0;0;0;1;0;0;0;0;0;1;0
22;2.0;16.7;0.0;81.8;31.0;36.7;69;9;11;3;5.0;4.0;3.0;18-09-2024;17.31;0;30;830;282;65;0;1;0;0;0;0;0;0;1;0;0;1;0;0;0;0;0;0;0;0;1;0
17;2.0;16.8;19.0;99.2;41.0;58.1;71;0;9;11;5.0;;5.0;12-09-2024;19.22;0;30;810;265;81;0;0;0;0;0;0;1;0;0;0;1;0;0;0;0;1;0;0;0;1;0;0
19;2.0;0.0;13.0;69.2;15.0;30.1;27;3;7;0;1.0;3.0;1.0;06-09-2024;4.82;1;30;620;263;66;0;0;0;0;0;0;0;1;1;0;0;0;0;1;0;0;0;0;1;0;0;0
19;0.0;18.3;18.0;84.8;30.0;46.5;87;4;8;1;4.0;5.0;3.0;11-09-2024;14.17;0;28;550;256;64;0;0;0;0;0;1;0;0;0;1;0;0;0;0;1;0;0;0;0;0;1;0
17;2.0;27.9;;81.3;45.0;89.8;125;2;8;2;2.0;3.0;3.0;19-09-2024;18.04;0;30;830;282;65;0;1;0;0;0;0;0;0;1;0;0;1;0;0;0;0;0;0;0;1;0;0
20;2.0;15.1;10.0;79.3;22.0;20.5;17;4;10;7;3.0;2.0;4.0;13-09-2024;16.36;0;30;810;265;81;0;0;0;0;0;0;1;0;1;0;0;0;0;0;0;1;0;0;0;0;1;0
19;1.0;55.2;;80.1;10.0;16.3;23;7;7;0;1.0;3.0;1.0;16-09-2024;1.69;1;28;710;325;60;1;0;0;0;0;0;0;0;0;1;0;0;0;0;1;0;0;0;0;0;1;0
17;2.0;4.2;27.0;90.5;26.0;33.5;47;3;10;1;4.0;3.0;5.0;27-09-2024;16.65;0;28;480;265;78;0;0;0;0;1;0;0;0;1;0;0;0;1;0;0;0;0;0;0;0;1;0
18;2.0;8.7;;83.1;21.0;40.1;33;7;7;1;3.0;3.0;3.0;12-09-2024;9.13;1;30;930;293;75;0;0;1;0;0;0;0;0;1;0;0;0;0;0;0;0;1;0;0;0;1;0
18;3.0;10.0;14.0;67.1;11.0;26.1;33;3;7;0;2.0;3.0;3.0;02-09-2024;17.1;0;30;830;282;65;0;1;0;0;0;0;0;0;1;0;0;1;0;0;0;0;0;0;0;0;1;0
19;1.0;4.8;26.0;98.0;64.0;100.9;182;1;11;12;4.0;5.0;5.0;26-09-2024;18.84;0;30;810;265;81;0;0;0;0;0;0;1;0;0;0;1;0;0;0;0;1;0;0;0;0;1;0
19;1.0;13.7;0.0;70.8;4.0;7.0;12;6;6;0;1.0;2.0;1.0;04-09-2024;11.47;0;28;480;265;78;0;0;0;0;1;0;0;0;1;0;0;0;1;0;0;0;0;0;0;0;0;1
18;3.0;20.2;8.0;62.6;42.0;82.9;110;4;10;0;4.0;2.0;2.0;05-09-2024;15.54;0;30;810;265;81;0;0;0;0;0;0;1;0;1;0;0;0;0;0;0;1;0;0;0;0;1;0
20;2.0;14.0;0.0;97.9;64.0;138.7;133;2;10;5;5.0;5.0;5.0;04-09-2024;19.88;0;30;930;293;75;0;0;1;0;0;0;0;0;1;0;0;0;0;0;0;0;1;0;0;0;1;0
20;0.0;6.2;0.0;77.1;11.0;30.4;27;8;8;1;2.0;1.0;3.0;02-09-2024;6.46;1;30;810;265;81;0;0;0;0;0;0;1;0;1;0;0;0;0;0;0;1;0;0;0;0;1;0
21;0.0;15.4;0.0;52.7;33.0;41.5;77;1;9;1;3.0;4.0;1.0;24-09-2024;12.62;0;30;980;247;60;0;0;0;1;0;0;0;0;0;0;1;0;0;0;1;0;0;0;1;0;0;0
18;1.0;2.3;0.0;78.1;28.0;47.7;51;3;12;5;3.0;3.0;3.0;04-09-2024;15.64;0;30;930;293;75;0;0;1;0;0;0;0;0;1;0;0;0;0;0;0;0;1;0;0;0;1;0
19;1.0;2.3;0.0;71.7;8.0;0.8;17;2;9;2;3.0;2.0;;17-09-2024;15.13;0;28;550;256;64;0;0;0;0;0;1;0;0;0;0;1;0;0;0;1;0;0;0;0;0;1;0
17;0.0;10.1;;76.0;25.0;30.8;66;3;6;1;;;3.0;11-09-2024;15.67;0;30;830;282;65;0;1;0;0;0;0;0;0;1;0;0;1;0;0;0;0;0;0;1;0;0;0
18;;4.5;18.0;88.6;47.0;67.4;98;1;12;8;5.0;5.0;4.0;27-09-2024;19.77;0;30;810;265;81;0;0;0;0;0;0;1;0;1;0;0;0;0;0;0;1;0;0;0;1;0;0
21;1.0;6.7;11.0;58.4;9.0;12.6;23;2;5;1;2.0;2.0;3.0;16-09-2024;4.01;1;28;710;325;60;1;0;0;0;0;0;0;0;0;0;1;0;0;0;1;0;0;0;0;1;0;0
18;0.0;12.1;17.0;61.8;7.0;11.2;17;5;9;0;2.0;4.0;4.0;09-09-2024;4.63;1;30;980;247;60;0;0;0;1;0;0;0;0;1;0;0;0;0;0;1;0;0;0;0;1;0;0
22;0.0;14.3;;97.3;72.0;86.2;194;2;13;9;5.0;3.0;5.0;12-09-2024;18.86;0;30;830;282;65;0;1;0;0;0;0;0;0;1;0;0;1;0;0;0;0;0;0;0;0;1;0
18;1.0;16.1;0.0;82.9;26.0;34.8;68;5;7;1;2.0;3.0;2.0;16-09-2024;14.82;0;30;810;265;81;0;0;0;0;0;0;1;0;1;0;0;0;0;0;0;1;0;0;0;0;1;0
19;3.0;10.3;13.0;80.5;26.0;20.6;45;8;8;1;4.0;2.0;5.0;05-09-2024;6.87;1;30;930;293;75;0;0;1;0;0;0;0;0;0;0;1;0;0;0;0;0;1;0;0;0;1;0
20;2.0;11.3;0.0;49.5;16.0;21.1;42;7;7;0;1.0;4.0;2.0;23-09-2024;4.49;1;28;710;325;60;1;0;0;0;0;0;0;0;1;0;0;0;0;0;1;0;0;0;1;0;0;0
18;1.0;2.9;24.0;71.5;24.0;30.7;51;7;8;1;2.0;;3.0;16-09-2024;9.6;1;28;710;325;60;1;0;0;0;0;0;0;0;0;0;1;0;0;0;1;0;0;0;0;0;1;0
19;3.0;1.6;26.0;72.7;43.0;68.2;101;6;11;1;5.0;5.0;3.0;13-09-2024;18.43;0;28;550;256;64;0;0;0;0;0;1;0;0;1;0;0;0;0;0;1;0;0;0;0;1;0;0
20;1.0;0.7;20.0;69.3;20.0;21.4;48;8;9;1;3.0;1.0;5.0;10-09-2024;5.03;1;30;830;282;65;0;1;0;0;0;0;0;0;0;1;0;1;0;0;0;0;0;0;1;0;0;0
20;1.0;20.2;0.0;95.7;41.0;47.3;120;0;7;6;5.0;5.0;3.0;12-09-2024;15.83;0;30;620;263;66;0;0;0;0;0;0;0;1;0;0;1;0;0;1;0;0;0;0;0;0;1;0
20;0.0;17.4;8.0;86.4;23.0;31.2;66;4;8;4;1.0;3.0;2.0;26-09-2024;15.33;0;30;620;263;66;0;0;0;0;0;0;0;1;1;0;0;0;0;1;0;0;0;0;0;0;1;0
19;0.0;59.6;15.0;72.6;18.0;32.3;50;3;9;0;2.0;3.0;1.0;19-09-2024;8.27;1;30;980;247;60;0;0;0;1;0;0;0;0;1;0;0;0;0;0;1;0;0;0;0;0;0;1
20;0.0;4.6;0.0;89.2;32.0;64.0;71;5;8;3;3.0;3.0;3.0;20-09-2024;17.53;0;30;810;265;81;0;0;0;0;0;0;1;0;1;0;0;0;0;0;0;1;0;0;0;0;1;0
18;0.0;24.2;;83.8;36.0;29.1;100;6;12;6;5.0;5.0;4.0;13-09-2024;18.29;0;28;550;256;64;0;0;0;0;0;1;0;0;1;0;0;0;0;0;1;0;0;0;0;0;1;0
20;0.0;23.8;7.0;96.4;37.0;59.6;90;1;8;6;5.0;4.0;5.0;18-09-2024;18.39;0;30;830;282;65;0;1;0;0;0;0;0;0;1;0;0;1;0;0;0;0;0;0;0;1;0;0
21;3.0;7.1;28.0;70.1;16.0;28.4;52;5;6;2;2.0;3.0;4.0;25-09-2024;4.18;1;30;620;263;66;0;0;0;0;0;0;0;1;1;0;0;0;0;1;0;0;0;0;0;0;1;0
24;3.0;29.5;13.0;67.9;31.0;53.9;61;4;9;3;5.0;4.0;2.0;06-09-2024;17.72;0;28;710;325;60;1;0;0;0;0;0;0;0;1;0;0;0;0;0;1;0;0;0;0;0;1;0
18;3.0;12.4;8.0;72.7;;53.4;95;3;8;2;3.0;3.0;2.0;04-09-2024;16.59;0;30;980;247;60;0;0;0;1;0;0;0;0;0;1;0;0;0;0;1;0;0;0;0;1;0;0
22;0.0;1.2;20.0;87.4;54.0;82.7;99;3;12;5;5.0;3.0;4.0;04-09-2024;17.7;0;30;830;282;65;0;1;0;0;0;0;0;0;1;0;0;1;0;0;0;0;0;0;0;0;1;0
23;0.0;21.9;;71.7;17.0;24.6;41;3;6;1;3.0;4.0;;16-09-2024;5.75;1;30;620;263;66;0;0;0;0;0;0;0;1;0;0;1;0;0;1;0;0;0;0;0;0;1;0
18;1.0;;22.0;82.1;27.0;56.0;41;6;6;2;2.0;3.0;;25-09-2024;2.99;1;30;810;265;81;0;0;0;0;0;0;1;0;0;1;0;0;0;0;0;1;0;0;0;0;1;0
19;1.0;25.8;8.0;83.9;40.0;48.3;66;2;9;6;4.0;4.0;5.0;23-09-2024;16.3;0;30;980;247;60;0;0;0;1;0;0;0;0;1;0;0;0;0;0;1;0;0;0;0;0;1;0
18;2.0;1.9;11.0;78.3;36.0;60.5;58;4;8;2;5.0;5.0;2.0;04-09-2024;16.15;0;30;830;282;65;0;1;0;0;0;0;0;0;1;0;0;1;0;0;0;0;0;0;0;0;1;0
23;0.0;54.6;20.0;80.0;22.0;52.8;53;4;11;2;3.0;5.0;3.0;25-09-2024;17.75;0;28;710;325;60;1;0;0;0;0;0;0;0;0;0;1;0;0;0;1;0;0;0;0;1;0;0
21;0.0;8.1;20.0;70.2;26.0;37.4;44;3;5;0;2.0;4.0;2.0;06-09-2024;1.37;1;30;930;293;75;0;0;1;0;0;0;0;0;1;0;0;0;0;0;0;0;1;0;0;0;1;0
18;0.0;3.9;6.0;94.9;37.0;46.0;80;3;11;6;5.0;;2.0;24-09-2024;15.82;0;28;710;325;60;1;0;0;0;0;0;0;0;0;0;1;0;0;0;1;0;0;0;0;0;1;0
25;1.0;3.0;9.0;84.5;20.0;28.4;46;3;7;2;2.0;2.0;2.0;27-09-2024;12.74;0;30;620;263;66;0;0;0;0;0;0;0;1;1;0;0;0;0;1;0;0;0;0;0;1;0;0
19;0.0;12.3;13.0;79.5;34.0;29.2;50;3;10;4;5.0;5.0;1.0;10-09-2024;16.53;0;28;550;256;64;0;0;0;0;0;1;0;0;1;0;0;0;0;0;1;0;0;0;0;0;1;0
18;0.0;3.7;0.0;84.0;33.0;55.8;68;2;9;2;4.0;;2.0;24-09-2024;15.92;0;28;550;256;64;0;0;0;0;0;1;0;0;1;0;0;0;0;0;1;0;0;0;0;0;1;0
20;0.0;6.8;0.0;85.3;16.0;30.9;24;3;13;5;3.0;2.0;4.0;25-09-2024;16.41;0;30;980;247;60;0;0;0;1;0;0;0;0;1;0;0;0;0;0;1;0;0;0;0;0;1;0
17;3.0;22.8;17.0;73.3;19.0;31.1;30;7;12;3;4.0;3.0;2.0;04-09-2024;15.26;0;30;930;293;75;0;0;1;0;0;0;0;0;1;0;0;0;0;0;0;0;1;0;0;0;1;0
21;2.0;7.9;0.0;65.9;14.0;24.5;19;5;6;0;3.0;4.0;1.0;24-09-2024;3.9;1;30;930;293;75;0;0;1;0;0;0;0;0;0;0;1;0;0;0;0;0;1;0;0;0;1;0
21;0.0;16.6;6.0;67.8;37.0;71.4;64;3;8;1;3.0;4.0;3.0;02-09-2024;13.85;0;30;810;265;81;0;0;0;0;0;0;1;0;1;0;0;0;0;0;0;1;0;0;0;0;1;0
18;1.0;22.2;0.0;71.3;15.0;27.9;21;2;7;1;3.0;4.0;1.0;16-09-2024;13.44;0;28;710;325;60;1;0;0;0;0;0;0;0;1;0;0;0;0;0;1;0;0;0;0;1;0;0
20;1.0;23.9;;70.5;25.0;33.7;51;3;12;2;1.0;3.0;3.0;06-09-2024;15.41;0;28;480;265;78;0;0;0;0;1;0;0;0;1;0;0;0;1;0;0;0;0;0;0;1;0;0
18;1.0;1.5;28.0;63.9;18.0;15.2;42;8;8;0;3.0;2.0;;17-09-2024;2.73;1;30;810;265;81;0;0;0;0;0;0;1;0;0;1;0;0;0;0;0;1;0;0;0;0;1;0
23;3.0;7.2;10.0;76.5;;45.5;61;8;8;4;2.0;4.0;3.0;04-09-2024;15.68;0;28;480;265;78;0;0;0;0;1;0;0;0;1;0;0;0;1;0;0;0;0;1;0;0;0;0
21;;3.4;15.0;62.4;29.0;47.0;38;1;7;1;3.0;3.0;1.0;16-09-2024;13.19;0;28;710;325;60;1;0;0;0;0;0;0;0;1;0;0;0;0;0;1;0;0;1;0;0;0;0
22;0.0;9.9;10.0;77.0;;38.0;82;2;11;1;4.0;4.0;3.0;18-09-2024;14.35;0;30;980;247;60;0;0;0;1;0;0;0;0;1;0;0;0;0;0;1;0;0;0;0;0;1;0
22;1.0;21.9;3.0;70.2;12.0;17.8;25;3;9;1;2.0;3.0;2.0;19-09-2024;7.04;1;30;980;247;60;0;0;0;1;0;0;0;0;0;1;0;0;0;0;1;0;0;0;0;0;1;0
20;0.0;42.1;17.0;92.5;22.0;40.4;35;7;9;4;2.0;2.0;1.0;27-09-2024;6.17;1;30;830;282;65;0;1;0;0;0;0;0;0;0;0;1;1;0;0;0;0;0;0;0;1;0;0
19;0.0;35.1;5.0;72.7;19.0;38.4;37;6;6;1;2.0;4.0;1.0;19-09-2024;10.38;0;28;480;265;78;0;0;0;0;1;0;0;0;0;1;0;0;1;0;0;0;0;0;0;0;1;0
20;1.0;36.1;15.0;64.2;24.0;29.1;46;7;7;2;3.0;5.0;2.0;06-09-2024;6.61;1;28;710;325;60;1;0;0;0;0;0;0;0;1;0;0;0;0;0;1;0;0;0;0;0;1;0
20;2.0;57.0;3.0;80.9;35.0;66.7;68;7;7;2;3.0;4.0;4.0;06-09-2024;7.16;1;28;550;256;64;0;0;0;0;0;1;0;0;0;0;1;0;0;0;1;0;0;0;0;0;1;0
20;0.0;4.6;11.0;82.7;13.0;21.8;26;7;7;2;4.0;4.0;1.0;24-09-2024;15.0;0;30;980;247;60;0;0;0;1;0;0;0;0;1;0;0;0;0;0;1;0;0;0;0;0;1;0
21;3.0;6.2;0.0;91.5;35.0;33.9;88;1;9;8;5.0;4.0;5.0;26-09-2024;17.94;0;30;980;247;60;0;0;0;1;0;0;0;0;0;0;1;0;0;0;1;0;0;0;0;0;1;0
21;0.0;11.2;23.0;64.2;19.0;20.5;46;4;8;3;3.0;3.0;2.0;16-09-2024;16.95;0;30;810;265;81;0;0;0;0;0;0;1;0;1;0;0;0;0;0;0;1;0;0;1;0;0;0
20;1.0;19.7;16.0;77.5;27.0;37.7;46;5;6;3;4.0;;5.0;19-09-2024;16.87;0;30;810;265;81;0;0;0;0;0;0;1;0;1;0;0;0;0;0;0;1;0;1;0;0;0;0
18;2.0;8.5;11.0;80.1;21.0;18.4;47;3;10;1;3.0;5.0;4.0;26-09-2024;16.25;0;28;480;265;78;0;0;0;0;1;0;0;0;0;0;1;0;1;0;0;0;0;0;0;0;1;0
19;3.0;0.7;10.0;91.6;25.0;34.2;30;3;7;5;5.0;4.0;4.0;25-09-2024;17.69;0;30;830;282;65;0;1;0;0;0;0;0;0;1;0;0;1;0;0;0;0;0;0;0;0;1;0
20;1.0;31.5;12.0;74.4;39.0;66.7;79;0;12;4;4.0;2.0;3.0;16-09-2024;16.81;0;28;710;325;60;1;0;0;0;0;0;0;0;1;0;0;0;0;0;1;0;0;0;0;0;1;0
20;2.0;2.6;9.0;69.5;16.0;33.2;36;6;6;0;2.0;3.0;1.0;25-09-2024;2.85;1;30;810;265;81;0;0;0;0;0;0;1;0;0;0;1;0;0;0;0;1;0;0;0;0;1;0
18;3.0;;0.0;88.3;28.0;33.4;57;3;10;0;3.0;2.0;3.0;10-09-2024;14.59;0;28;550;256;64;0;0;0;0;0;1;0;0;0;1;0;0;0;0;1;0;0;0;0;0;1;0
22;2.0;18.0;0.0;72.9;41.0;66.5;86;4;7;0;;3.0;2.0;02-09-2024;16.34;0;30;830;282;65;0;1;0;0;0;0;0;0;1;0;0;1;0;0;0;0;0;0;0;0;0;1
17;0.0;29.6;13.0;79.1;46.0;106.5;107;1;8;3;3.0;4.0;;11-09-2024;19.17;0;30;980;247;60;0;0;0;1;0;0;0;0;1;0;0;0;0;0;1;0;0;0;0;0;1;0
18;0.0;7.8;;95.3;58.0;60.7;124;0;10;10;4.0;4.0;4.0;12-09-2024;18.89;0;28;480;265;78;0;0;0;0;1;0;0;0;1;0;0;0;1;0;0;0;0;0;0;0;1;0
18;0.0;4.6;3.0;68.0;3.0;4.1;7;4;4;1;3.0;2.0;1.0;05-09-2024;6.01;1;30;830;282;65;0;1;0;0;0;0;0;0;1;0;0;1;0;0;0;0;0;0;0;0;1;0
24;1.0;1.3;4.0;71.3;24.0;39.9;50;5;9;0;3.0;;1.0;27-09-2024;12.74;0;30;980;247;60;0;0;0;1;0;0;0;0;1;0;0;0;0;0;1;0;0;0;0;0;1;0
17;3.0;35.1;13.0;83.1;28.0;34.8;51;6;10;7;4.0;;3.0;10-09-2024;16.45;0;30;930;293;75;0;0;1;0;0;0;0;0;0;0;1;0;0;0;0;0;1;0;0;0;1;0
22;2.0;17.7;0.0;89.2;4.0;5.2;1;2;6;1;2.0;3.0;3.0;17-09-2024;7.13;1;28;710;325;60;1;0;0;0;0;0;0;0;1;0;0;0;0;0;1;0;0;0;0;0;1;0
18;0.0;29.5;7.0;81.7;28.0;33.7;84;0;11;8;5.0;4.0;3.0;18-09-2024;16.58;0;30;830;282;65;0;1;0;0;0;0;0;0;0;0;1;1;0;0;0;0;0;0;0;1;0;0
18;2.0;;21.0;82.8;49.0;74.0;110;1;7;6;4.0;4.0;4.0;20-09-2024;16.08;0;30;930;293;75;0;0;1;0;0;0;0;0;1;0;0;0;0;0;0;0;1;0;0;0;0;1
20;1.0;1.8;7.0;90.6;44.0;79.4;104;2;12;5;5.0;5.0;4.0;19-09-2024;17.35;0;30;620;263;66;0;0;0;0;0;0;0;1;0;0;1;0;0;1;0;0;0;0;0;0;1;0
17;1.0;8.2;0.0;91.5;;71.9;74;2;7;7;4.0;3.0;2.0;23-09-2024;13.83;0;30;620;263;66;0;0;0;0;0;0;0;1;1;0;0;0;0;1;0;0;0;0;0;1;0;0
20;2.0;6.2;10.0;92.1;22.0;30.0;40;3;10;7;5.0;2.0;2.0;26-09-2024;17.23;0;30;620;263;66;0;0;0;0;0;0;0;1;1;0;0;0;0;1;0;0;0;0;0;1;0;0
21;2.0;7.7;27.0;88.0;39.0;34.0;67;1;9;4;4.0;4.0;3.0;19-09-2024;18.25;0;30;810;265;81;0;0;0;0;0;0;1;0;1;0;0;0;0;0;0;1;0;0;0;0;1;0
20;3.0;37.7;;94.3;32.0;55.7;81;3;8;3;5.0;4.0;3.0;09-09-2024;16.91;0;30;830;282;65;0;1;0;0;0;0;0;0;1;0;0;1;0;0;0;0;0;0;0;0;1;0
18;2.0;;6.0;83.0;16.0;15.1;42;2;8;1;4.0;2.0;5.0;10-09-2024;17.93;0;30;930;293;75;0;0;1;0;0;0;0;0;1;0;0;0;0;0;0;0;1;0;0;0;0;1
23;0.0;11.1;0.0;79.6;29.0;53.4;45;2;6;3;2.0;4.0;2.0;03-09-2024;10.72;0;28;710;325;60;1;0;0;0;0;0;0;0;1;0;0;0;0;0;1;0;0;0;0;0;1;0
19;0.0;8.6;9.0;75.1;27.0;51.3;73;3;7;3;4.0;3.0;2.0;05-09-2024;14.66;0;30;930;293;75;0;0;1;0;0;0;0;0;1;0;0;0;0;0;0;0;1;0;0;0;1;0
19;1.0;2.4;6.0;56.6;20.0;22.2;56;2;7;2;3.0;3.0;3.0;10-09-2024;11.88;0;30;620;263;66;0;0;0;0;0;0;0;1;1;0;0;0;0;1;0;0;0;0;0;1;0;0
21;1.0;21.0;0.0;98.3;47.0;68.5;94;2;11;9;3.0;;3.0;26-09-2024;17.28;0;30;930;293;75;0;0;1;0;0;0;0;0;1;0;0;0;0;0;0;0;1;0;1;0;0;0
17;0.0;10.2;5.0;57.5;26.0;37.8;39;4;8;0;1.0;3.0;1.0;26-09-2024;5.74;1;28;480;265;78;0;0;0;0;1;0;0;0;1;0;0;0;1;0;0;0;0;0;0;1;0;0
19;0.0;19.6;28.0;71.2;18.0;26.6;44;5;5;1;2.0;2.0;1.0;20-09-2024;5.51;1;30;620;263;66;0;0;0;0;0;0;0;1;1;0;0;0;0;1;0;0;0;0;0;0;1;0
17;2.0;;;61.3;7.0;12.1;13;7;8;1;5.0;3.0;1.0;12-09-2024;5.66;1;30;980;247;60;0;0;0;1;0;0;0;0;1;0;0;0;0;0;1;0;0;0;0;0;1;0
23;0.0;7.7;24.0;77.8;16.0;36.7;36;4;8;2;3.0;3.0;1.0;17-09-2024;3.97;1;30;980;247;60;0;0;0;1;0;0;0;0;0;1;0;0;0;0;1;0;0;0;0;0;1;0
18;0.0;11.4;10.0;96.2;39.0;51.4;96;0;13;8;5.0;5.0;4.0;09-09-2024;18.11;0;30;830;282;65;0;1;0;0;0;0;0;0;0;1;0;1;0;0;0;0;0;0;0;0;1;0
22;0.0;6.9;14.0;75.0;20.0;23.7;52;6;6;2;2.0;;2.0;12-09-2024;5.4;1;30;930;293;75;0;0;1;0;0;0;0;0;1;0;0;0;0;0;0;0;1;0;0;0;1;0
21;0.0;13.3;11.0;70.4;24.0;39.6;48;2;8;1;;4.0;4.0;10-09-2024;7.61;1;30;810;265;81;0;0;0;0;0;0;1;0;0;0;1;0;0;0;0;1;0;0;1;0;0;0
18;0.0;1.3;9.0;84.0;38.0;36.0;102;1;11;7;5.0;4.0;3.0;06-09-2024;16.95;0;30;810;265;81;0;0;0;0;0;0;1;0;0;0;1;0;0;0;0;1;0;0;0;0;1;0
20;1.0;30.6;0.0;62.0;24.0;23.3;75;1;11;3;3.0;3.0;1.0;27-09-2024;11.44;0;30;810;265;81;0;0;0;0;0;0;1;0;0;1;0;0;0;0;0;1;0;0;0;1;0;0
18;0.0;7.3;8.0;82.7;31.0;57.7;68;7;8;4;4.0;3.0;4.0;04-09-2024;16.63;0;30;620;263;66;0;0;0;0;0;0;0;1;0;0;1;0;0;1;0;0;0;0;0;0;1;0
21;1.0;11.0;16.0;74.9;22.0;32.1;59;6;10;0;3.0;2.0;4.0;23-09-2024;6.1;1;28;710;325;60;1;0;0;0;0;0;0;0;1;0;0;0;0;0;1;0;0;0;0;1;0;0
23;2.0;40.8;14.0;76.3;36.0;49.8;61;5;8;9;5.0;4.0;2.0;24-09-2024;16.11;0;30;980;247;60;0;0;0;1;0;0;0;0;1;0;0;0;0;0;1;0;0;0;0;0;1;0
22;2.0;50.9;0.0;88.1;14.0;28.7;39;7;8;1;3.0;3.0;3.0;26-09-2024;5.89;1;30;830;282;65;0;1;0;0;0;0;0;0;1;0;0;1;0;0;0;0;0;0;0;1;0;0
21;0.0;6.5;20.0;67.2;24.0;40.2;42;5;8;2;4.0;;1.0;03-09-2024;8.3;1;30;620;263;66;0;0;0;0;0;0;0;1;1;0;0;0;0;1;0;0;0;0;0;0;1;0
22;2.0;4.1;19.0;39.5;3.0;4.2;13;0;0;0;1.0;2.0;2.0;04-09-2024;2.62;1;28;710;325;60;1;0;0;0;0;0;0;0;1;0;0;0;0;0;1;0;0;0;0;0;1;0
21;1.0;18.9;7.0;56.8;;6.0;12;6;9;0;1.0;3.0;2.0;18-09-2024;5.58;1;28;480;265;78;0;0;0;0;1;0;0;0;1;0;0;0;1;0;0;0;0;0;0;0;1;0
23;;;;77.1;13.0;17.3;18;5;5;1;5.0;4.0;2.0;06-09-2024;7.67;1;30;930;293;75;0;0;1;0;0;0;0;0;1;0;0;0;0;0;0;0;1;0;0;1;0;0
17;3.0;13.3;0.0;65.0;10.0;16.1;1;6;6;1;5.0;;2.0;06-09-2024;16.33;0;30;810;265;81;0;0;0;0;0;0;1;0;0;0;1;0;0;0;0;1;0;0;0;0;1;0
19;1.0;9.5;0.0;87.9;28.0;37.3;30;3;10;3;4.0;3.0;1.0;17-09-2024;16.17;0;28;550;256;64;0;0;0;0;0;1;0;0;1;0;0;0;0;0;1;0;0;0;0;0;0;1
23;1.0;9.5;8.0;81.6;21.0;42.2;60;6;9;5;4.0;4.0;1.0;03-09-2024;17.33;0;30;810;265;81;0;0;0;0;0;0;1;0;1;0;0;0;0;0;0;1;0;0;0;0;1;0
23;3.0;48.6;11.0;69.3;23.0;39.6;48;3;11;1;5.0;;3.0;18-09-2024;16.26;0;30;930;293;75;0;0;1;0;0;0;0;0;1;0;0;0;0;0;0;0;1;0;0;0;1;0
18;3.0;11.1;12.0;65.4;15.0;25.4;34;4;8;0;1.0;1.0;2.0;25-09-2024;3.61;1;30;930;293;75;0;0;1;0;0;0;0;0;1;0;0;0;0;0;0;0;1;0;0;0;0;1
21;2.0;8.4;19.0;76.8;28.0;32.6;62;1;11;3;5.0;3.0;3.0;26-09-2024;17.33;0;28;710;325;60;1;0;0;0;0;0;0;0;1;0;0;0;0;0;1;0;0;0;0;1;0;0
18;0.0;5.6;13.0;81.8;43.0;119.2;92;4;8;2;4.0;4.0;;10-09-2024;13.98;0;30;980;247;60;0;0;0;1;0;0;0;0;1;0;0;0;0;0;1;0;0;0;0;0;1;0
18;1.0;0.6;9.0;91.1;;11.6;18;2;6;4;5.0;4.0;3.0;05-09-2024;17.24;0;28;710;325;60;1;0;0;0;0;0;0;0;1;0;0;0;0;0;1;0;0;0;1;0;0;0
21;0.0;6.8;14.0;61.5;;6.9;14;5;5;0;2.0;1.0;3.0;25-09-2024;0.42;1;28;480;265;78;0;0;0;0;1;0;0;0;1;0;0;0;1;0;0;0;0;0;0;0;1;0
19;2.0;5.2;0.0;75.0;31.0;48.4;91;5;5;0;5.0;1.0;1.0;12-09-2024;14.02;0;28;710;325;60;1;0;0;0;0;0;0;0;1;0;0;0;0;0;1;0;0;0;0;1;0;0
21;0.0;1.0;12.0;72.6;12.0;17.5;28;6;7;1;1.0;3.0;4.0;04-09-2024;5.04;1;28;550;256;64;0;0;0;0;0;1;0;0;0;0;1;0;0;0;1;0;0;0;0;0;1;0
19;2.0;5.0;21.0;74.0;45.0;71.3;84;2;11;1;4.0;3.0;;12-09-2024;14.45;0;28;710;325;60;1;0;0;0;0;0;0;0;1;0;0;0;0;0;1;0;0;0;0;0;0;1
17;0.0;19.6;;67.8;36.0;33.9;74;2;11;2;5.0;2.0;5.0;20-09-2024;16.43;0;28;480;265;78;0;0;0;0;1;0;0;0;1;0;0;0;1;0;0;0;0;0;0;0;1;0
25;1.0;0.9;9.0;69.8;31.0;44.6;80;1;8;3;2.0;3.0;4.0;24-09-2024;14.49;0;28;480;265;78;0;0;0;0;1;0;0;0;1;0;0;0;1;0;0;0;0;0;0;0;1;0
19;1.0;42.4;20.0;95.1;40.0;32.3;113;2;12;9;3.0;2.0;3.0;11-09-2024;16.42;0;30;620;263;66;0;0;0;0;0;0;0;1;0;0;1;0;0;1;0;0;0;0;0;1;0;0
23;1.0;7.3;27.0;92.1;44.0;89.9;73;2;7;3;5.0;2.0;4.0;11-09-2024;18.72;0;30;830;282;65;0;1;0;0;0;0;0;0;1;0;0;1;0;0;0;0;0;0;0;0;1;0
19;1.0;4.7;14.0;75.8;9.0;17.4;12;3;8;0;2.0;2.0;2.0;05-09-2024;5.13;1;28;480;265;78;0;0;0;0;1;0;0;0;0;1;0;0;1;0;0;0;0;0;0;0;1;0
20;0.0;2.7;23.0;55.8;18.0;41.8;37;7;7;0;3.0;2.0;1.0;25-09-2024;0.66;1;30;830;282;65;0;1;0;0;0;0;0;0;0;0;1;1;0;0;0;0;0;0;0;0;1;0
17;0.0;13.5;;87.2;32.0;58.2;78;1;11;2;4.0;2.0;4.0;24-09-2024;19.31;0;28;480;265;78;0;0;0;0;1;0;0;0;1;0;0;0;1;0;0;0;0;0;0;0;1;0
22;1.0;29.2;5.0;77.9;32.0;47.4;81;1;12;3;5.0;3.0;;09-09-2024;18.54;0;30;930;293;75;0;0;1;0;0;0;0;0;1;0;0;0;0;0;0;0;1;0;0;0;1;0
23;2.0;6.6;15.0;66.8;10.0;20.6;10;6;9;3;4.0;3.0;2.0;26-09-2024;17.09;0;30;810;265;81;0;0;0;0;0;0;1;0;1;0;0;0;0;0;0;1;0;0;0;0;1;0
18;1.0;14.8;14.0;60.8;10.0;10.3;24;4;7;1;2.0;3.0;2.0;12-09-2024;5.21;1;30;980;247;60;0;0;0;1;0;0;0;0;1;0;0;0;0;0;1;0;0;0;0;0;0;1
19;2.0;0.0;0.0;89.7;34.0;55.6;49;4;9;5;3.0;3.0;5.0;19-09-2024;16.9;0;28;710;325;60;1;0;0;0;0;0;0;0;0;0;1;0;0;0;1;0;0;0;0;1;0;0
22;0.0;29.5;0.0;62.4;28.0;52.9;62;8;8;0;3.0;4.0;2.0;27-09-2024;4.6;1;30;980;247;60;0;0;0;1;0;0;0;0;0;1;0;0;0;0;1;0;0;0;0;1;0;0
18;0.0;37.1;15.0;89.8;23.0;20.1;57;6;10;2;3.0;4.0;2.0;19-09-2024;12.64;0;30;620;263;66;0;0;0;0;0;0;0;1;1;0;0;0;0;1;0;0;0;0;0;0;1;0
17;1.0;4.7;0.0;51.1;12.0;15.2;31;4;9;1;2.0;2.0;2.0;11-09-2024;7.7;1;30;930;293;75;0;0;1;0;0;0;0;0;0;0;1;0;0;0;0;0;1;0;0;0;1;0
19;1.0;8.0;0.0;67.5;14.0;16.5;36;4;4;0;2.0;2.0;2.0;05-09-2024;0.27;1;30;830;282;65;0;1;0;0;0;0;0;0;0;1;0;1;0;0;0;0;0;0;0;1;0;0
23;1.0;14.6;7.0;94.3;33.0;23.2;83;2;10;2;4.0;4.0;2.0;13-09-2024;17.32;0;30;980;247;60;0;0;0;1;0;0;0;0;1;0;0;0;0;0;1;0;0;0;0;0;1;0
20;0.0;7.4;18.0;61.9;14.0;31.6;37;6;6;0;4.0;3.0;2.0;27-09-2024;2.88;1;28;480;265;78;0;0;0;0;1;0;0;0;1;0;0;0;1;0;0;0;0;0;0;0;1;0
21;0.0;17.9;21.0;52.7;21.0;45.6;43;3;12;3;2.0;4.0;1.0;23-09-2024;13.88;0;28;550;256;64;0;0;0;0;0;1;0;0;1;0;0;0;0;0;1;0;0;0;0;1;0;0
20;2.0;5.7;6.0;66.1;15.0;17.2;49;4;7;3;2.0;2.0;2.0;19-09-2024;7.9;1;28;480;265;78;0;0;0;0;1;0;0;0;1;0;0;0;1;0;0;0;0;0;0;0;1;0
25;1.0;20.9;26.0;69.3;35.0;56.8;76;4;7;4;3.0;;2.0;13-09-2024;13.91;0;28;480;265;78;0;0;0;0;1;0;0;0;1;0;0;0;1;0;0;0;0;0;0;0;1;0
17;3.0;5.4;8.0;78.1;18.0;27.7;25;4;7;3;2.0;2.0;3.0;25-09-2024;8.19;1;28;710;325;60;1;0;0;0;0;0;0;0;1;0;0;0;0;0;1;0;0;0;0;0;1;0
21;3.0;33.2;13.0;80.3;;49.5;102;4;12;6;3.0;4.0;2.0;11-09-2024;17.41;0;30;930;293;75;0;0;1;0;0;0;0;0;0;0;1;0;0;0;0;0;1;0;0;0;1;0
18;1.0;19.1;15.0;96.8;59.0;106.7;125;0;9;7;5.0;5.0;4.0;16-09-2024;18.79;0;30;980;247;60;0;0;0;1;0;0;0;0;0;1;0;0;0;0;1;0;0;0;0;0;1;0
21;1.0;21.8;12.0;89.1;41.0;60.9;94;4;8;2;3.0;2.0;3.0;26-09-2024;17.72;0;28;710;325;60;1;0;0;0;0;0;0;0;1;0;0;0;0;0;1;0;0;0;0;0;1;0
20;1.0;6.4;21.0;90.5;46.0;44.9;97;4;8;8;4.0;5.0;2.0;06-09-2024;17.14;0;30;930;293;75;0;0;1;0;0;0;0;0;1;0;0;0;0;0;0;0;1;0;0;0;1;0
20;1.0;2.9;15.0;63.5;22.0;28.2;58;6;6;0;1.0;2.0;3.0;09-09-2024;3.43;1;28;480;265;78;0;0;0;0;1;0;0;0;1;0;0;0;1;0;0;0;0;0;0;0;1;0
23;3.0;0.8;0.0;99.2;50.0;66.6;82;1;11;5;4.0;5.0;5.0;17-09-2024;17.4;0;30;830;282;65;0;1;0;0;0;0;0;0;1;0;0;1;0;0;0;0;0;0;0;0;1;0
19;1.0;28.7;0.0;75.7;22.0;33.3;32;3;6;1;4.0;;2.0;09-09-2024;15.3;0;30;810;265;81;0;0;0;0;0;0;1;0;1;0;0;0;0;0;0;1;0;0;0;0;1;0
18;1.0;8.7;16.0;74.4;14.0;21.0;42;6;6;1;4.0;;4.0;13-09-2024;15.4;0;30;930;293;75;0;0;1;0;0;0;0;0;1;0;0;0;0;0;0;0;1;0;0;0;1;0
18;;0.0;15.0;76.2;46.0;88.5;70;4;13;6;3.0;3.0;4.0;25-09-2024;19.08;0;30;980;247;60;0;0;0;1;0;0;0;0;1;0;0;0;0;0;1;0;0;0;0;1;0;0
18;;29.3;11.0;67.0;13.0;20.9;19;5;10;0;3.0;3.0;2.0;04-09-2024;3.49;1;28;480;265;78;0;0;0;0;1;0;0;0;0;0;1;0;1;0;0;0;0;0;0;0;1;0
23;0.0;11.1;22.0;89.9;39.0;49.9;101;2;10;4;5.0;3.0;3.0;27-09-2024;17.67;0;28;480;265;78;0;0;0;0;1;0;0;0;1;0;0;0;1;0;0;0;0;0;0;0;1;0
20;1.0;3.9;;81.0;;54.0;112;4;8;7;5.0;;2.0;16-09-2024;13.36;0;28;710;325;60;1;0;0;0;0;0;0;0;0;0;1;0;0;0;1;0;0;0;0;0;1;0
22;1.0;1.8;21.0;97.5;79.0;118.7;144;0;10;13;5.0;5.0;;24-09-2024;19.55;0;28;480;265;78;0;0;0;0;1;0;0;0;0;0;1;0;1;0;0;0;0;0;0;0;0;1
20;1.0;11.2;0.0;56.4;9.0;16.3;11;4;4;1;3.0;2.0;2.0;12-09-2024;5.63;1;30;930;293;75;0;0;1;0;0;0;0;0;1;0;0;0;0;0;0;0;1;0;0;1;0;0
19;0.0;;11.0;83.2;25.0;29.8;67;7;8;4;4.0;3.0;5.0;13-09-2024;16.45;0;30;980;247;60;0;0;0;1;0;0;0;0;1;0;0;0;0;0;1;0;0;0;0;0;1;0
18;0.0;1.8;;99.4;39.0;81.6;98;4;8;7;5.0;;3.0;26-09-2024;16.01;0;30;980;247;60;0;0;0;1;0;0;0;0;0;0;1;0;0;0;1;0;0;0;0;1;0;0
20;0.0;49.2;0.0;50.3;14.0;31.1;16;1;7;1;;3.0;2.0;12-09-2024;3.77;1;30;980;247;60;0;0;0;1;0;0;0;0;1;0;0;0;0;0;1;0;0;0;0;0;1;0
20;1.0;14.7;;72.1;12.0;17.4;38;1;9;5;3.0;4.0;2.0;19-09-2024;12.84;0;30;980;247;60;0;0;0;1;0;0;0;0;0;0;1;0;0;0;1;0;0;0;0;0;1;0
18;0.0;19.3;21.0;96.6;38.0;58.8;105;4;9;6;4.0;2.0;2.0;19-09-2024;16.28;0;28;480;265;78;0;0;0;0;1;0;0;0;0;0;1;0;1;0;0;0;0;0;0;0;1;0
18;0.0;2.6;0.0;78.3;22.0;35.0;60;1;10;3;3.0;4.0;3.0;24-09-2024;15.6;0;28;480;265;78;0;0;0;0;1;0;0;0;1;0;0;0;1;0;0;0;0;0;0;0;1;0
21;0.0;9.9;0.0;64.8;42.0;88.3;102;6;8;2;;3.0;4.0;23-09-2024;14.12;0;28;710;325;60;1;0;0;0;0;0;0;0;0;0;1;0;0;0;1;0;0;0;0;0;1;0
20;1.0;15.0;0.0;66.7;35.0;38.3;53;3;6;4;;2.0;2.0;05-09-2024;16.99;0;30;810;265;81;0;0;0;0;0;0;1;0;0;1;0;0;0;0;0;1;0;0;0;0;1;0
18;2.0;1.6;0.0;75.9;;3.8;18;7;7;0;1.0;2.0;3.0;13-09-2024;5.54;1;30;930;293;75;0;0;1;0;0;0;0;0;0;0;1;0;0;0;0;0;1;0;0;0;1;0
21;0.0;1.3;11.0;73.8;18.0;33.5;43;7;8;5;5.0;5.0;3.0;23-09-2024;5.53;1;30;930;293;75;0;0;1;0;0;0;0;0;0;0;1;0;0;0;0;0;1;0;0;0;1;0
23;1.0;15.1;0.0;86.7;40.0;38.4;79;6;7;4;3.0;3.0;3.0;18-09-2024;17.97;0;30;980;247;60;0;0;0;1;0;0;0;0;1;0;0;0;0;0;1;0;0;0;0;0;1;0
18;1.0;9.8;;78.0;30.0;53.7;76;1;11;5;5.0;4.0;2.0;24-09-2024;14.59;0;28;480;265;78;0;0;0;0;1;0;0;0;0;1;0;0;1;0;0;0;0;0;0;0;1;0
21;0.0;3.4;15.0;99.0;45.0;58.8;79;3;9;8;4.0;5.0;3.0;12-09-2024;15.21;0;30;830;282;65;0;1;0;0;0;0;0;0;0;1;0;1;0;0;0;0;0;0;0;0;1;0
19;0.0;11.1;6.0;98.5;32.0;47.1;93;3;11;5;3.0;4.0;3.0;12-09-2024;14.62;0;30;620;263;66;0;0;0;0;0;0;0;1;1;0;0;0;0;1;0;0;0;0;0;1;0;0
19;0.0;4.0;0.0;65.3;22.0;25.7;55;2;7;0;3.0;1.0;3.0;24-09-2024;5.87;1;30;930;293;75;0;0;1;0;0;0;0;0;1;0;0;0;0;0;0;0;1;0;0;0;1;0
19;2.0;18.3;10.0;88.1;28.0;33.4;60;5;10;3;4.0;4.0;5.0;25-09-2024;16.8;0;28;710;325;60;1;0;0;0;0;0;0;0;0;0;1;0;0;0;1;0;0;0;0;1;0;0
23;1.0;20.0;27.0;85.8;48.0;67.8;118;3;8;3;4.0;2.0;3.0;10-09-2024;15.5;0;28;710;325;60;1;0;0;0;0;0;0;0;0;0;1;0;0;0;1;0;0;0;0;1;0;0
17;0.0;10.9;;86.0;;68.6;94;1;7;5;4.0;3.0;2.0;12-09-2024;13.96;0;30;810;265;81;0;0;0;0;0;0;1;0;0;0;1;0;0;0;0;1;0;0;0;0;1;0
23;2.0;30.8;8.0;82.3;40.0;48.0;69;2;9;4;1.0;4.0;3.0;05-09-2024;11.49;0;30;980;247;60;0;0;0;1;0;0;0;0;0;1;0;0;0;0;1;0;0;0;0;1;0;0
20;1.0;9.8;12.0;84.2;42.0;61.2;68;1;11;3;5.0;3.0;1.0;24-09-2024;18.2;0;30;980;247;60;0;0;0;1;0;0;0;0;1;0;0;0;0;0;1;0;0;0;0;0;1;0
17;3.0;4.8;17.0;60.7;10.0;16.4;19;3;7;1;3.0;1.0;3.0;03-09-2024;15.85;0;30;830;282;65;0;1;0;0;0;0;0;0;1;0;0;1;0;0;0;0;0;0;0;1;0;0
19;0.0;10.8;28.0;87.4;51.0;127.2;98;3;8;5;;4.0;;23-09-2024;14.92;0;30;980;247;60;0;0;0;1;0;0;0;0;0;1;0;0;0;0;1;0;0;0;0;0;1;0
21;0.0;8.6;11.0;76.6;38.0;48.8;91;3;9;3;3.0;2.0;5.0;12-09-2024;16.08;0;30;830;282;65;0;1;0;0;0;0;0;0;0;1;0;1;0;0;0;0;0;0;0;0;1;0
19;1.0;43.1;8.0;78.8;45.0;49.9;93;2;10;4;3.0;4.0;4.0;23-09-2024;18.05;0;30;980;247;60;0;0;0;1;0;0;0;0;0;0;1;0;0;0;1;0;0;1;0;0;0;0
19;;;0.0;90.1;23.0;13.7;52;5;11;1;4.0;4.0;1.0;04-09-2024;13.65;0;30;980;247;60;0;0;0;1;0;0;0;0;0;0;1;0;0;0;1;0;0;0;0;0;1;0
18;1.0;9.6;12.0;92.3;42.0;67.2;92;3;10;4;3.0;4.0;3.0;16-09-2024;14.63;0;30;980;247;60;0;0;0;1;0;0;0;0;1;0;0;0;0;0;1;0;0;0;0;0;0;1
18;0.0;8.2;13.0;67.5;19.0;20.1;31;7;11;1;4.0;3.0;2.0;17-09-2024;15.27;0;30;620;263;66;0;0;0;0;0;0;0;1;1;0;0;0;0;1;0;0;0;0;1;0;0;0
19;0.0;1.6;13.0;67.4;25.0;46.9;62;1;7;0;3.0;3.0;3.0;11-09-2024;12.46;0;30;830;282;65;0;1;0;0;0;0;0;0;0;0;1;1;0;0;0;0;0;0;0;0;1;0
22;1.0;21.3;0.0;90.5;42.0;70.7;114;2;10;4;5.0;5.0;4.0;02-09-2024;15.68;0;30;810;265;81;0;0;0;0;0;0;1;0;1;0;0;0;0;0;0;1;0;0;0;0;1;0
18;;3.9;;66.5;19.0;11.6;42;7;8;1;2.0;1.0;2.0;05-09-2024;14.5;0;30;980;247;60;0;0;0;1;0;0;0;0;1;0;0;0;0;0;1;0;0;0;0;0;1;0
18;2.0;5.8;0.0;79.7;23.0;39.1;58;6;10;0;5.0;3.0;5.0;05-09-2024;15.95;0;30;980;247;60;0;0;0;1;0;0;0;0;1;0;0;0;0;0;1;0;0;0;0;0;1;0
18;1.0;12.9;26.0;69.8;6.0;11.2;17;4;6;3;4.0;;2.0;24-09-2024;7.49;1;28;550;256;64;0;0;0;0;0;1;0;0;1;0;0;0;0;0;1;0;0;0;0;0;1;0
20;2.0;1.3;12.0;69.5;40.0;75.8;109;5;7;6;4.0;4.0;3.0;26-09-2024;18.5;0;30;980;247;60;0;0;0;1;0;0;0;0;1;0;0;0;0;0;1;0;0;0;0;0;1;0
17;1.0;4.2;0.0;68.0;13.0;15.0;34;6;6;0;2.0;5.0;1.0;25-09-2024;5.43;1;30;620;263;66;0;0;0;0;0;0;0;1;1;0;0;0;0;1;0;0;0;0;0;0;1;0
20;0.0;29.4;0.0;69.7;27.0;35.2;79;0;11;0;2.0;3.0;3.0;13-09-2024;13.11;0;30;980;247;60;0;0;0;1;0;0;0;0;0;1;0;0;0;0;1;0;0;0;0;0;1;0
19;1.0;5.7;21.0;57.8;43.0;68.2;97;5;7;1;3.0;;4.0;09-09-2024;16.97;0;30;980;247;60;0;0;0;1;0;0;0;0;1;0;0;0;0;0;1;0;0;0;0;0;1;0
17;;11.3;13.0;97.3;70.0;135.6;139;0;9;7;5.0;5.0;5.0;24-09-2024;19.19;0;30;930;293;75;0;0;1;0;0;0;0;0;1;0;0;0;0;0;0;0;1;0;0;0;1;0
23;0.0;39.5;0.0;91.5;39.0;62.7;88;1;10;8;3.0;5.0;4.0;11-09-2024;16.06;0;28;710;325;60;1;0;0;0;0;0;0;0;1;0;0;0;0;0;1;0;0;0;0;0;1;0
20;0.0;40.7;10.0;74.5;20.0;36.8;29;6;9;5;5.0;3.0;2.0;24-09-2024;11.02;0;28;480;265;78;0;0;0;0;1;0;0;0;0;0;1;0;1;0;0;0;0;0;0;0;1;0
18;3.0;22.9;0.0;74.4;19.0;28.5;33;1;12;4;4.0;5.0;4.0;10-09-2024;16.76;0;30;830;282;65;0;1;0;0;0;0;0;0;1;0;0;1;0;0;0;0;0;0;0;0;1;0
20;0.0;46.9;5.0;78.5;23.0;30.4;50;4;9;1;3.0;4.0;1.0;27-09-2024;12.68;0;30;810;265;81;0;0;0;0;0;0;1;0;0;0;1;0;0;0;0;1;0;0;0;0;1;0
20;3.0;13.3;0.0;76.9;7.0;14.9;22;3;7;0;3.0;3.0;1.0;06-09-2024;6.43;1;30;980;247;60;0;0;0;1;0;0;0;0;1;0;0;0;0;0;1;0;0;0;0;1;0;0
24;0.0;3.1;0.0;73.3;20.0;25.5;55;5;9;1;2.0;4.0;2.0;11-09-2024;6.74;1;30;930;293;75;0;0;1;0;0;0;0;0;1;0;0;0;0;0;0;0;1;0;0;0;1;0
17;0.0;7.7;;80.9;3.0;5.6;13;5;9;0;2.0;3.0;4.0;26-09-2024;12.36;0;30;930;293;75;0;0;1;0;0;0;0;0;1;0;0;0;0;0;0;0;1;0;0;0;0;1
21;1.0;0.4;11.0;79.1;;27.7;74;4;10;2;3.0;1.0;1.0;03-09-2024;15.35;0;30;930;293;75;0;0;1;0;0;0;0;0;1;0;0;0;0;0;0;0;1;0;0;0;1;0
21;1.0;3.2;8.0;65.9;17.0;25.2;48;6;7;0;3.0;4.0;2.0;26-09-2024;6.07;1;30;810;265;81;0;0;0;0;0;0;1;0;1;0;0;0;0;0;0;1;0;0;0;0;1;0
18;1.0;1.9;;79.3;16.0;19.5;40;3;5;5;3.0;2.0;4.0;09-09-2024;8.12;1;28;480;265;78;0;0;0;0;1;0;0;0;0;1;0;0;1;0;0;0;0;0;0;0;1;0
20;1.0;4.6;8.0;71.8;20.0;50.3;34;4;6;0;2.0;2.0;3.0;18-09-2024;16.27;0;30;830;282;65;0;1;0;0;0;0;0;0;1;0;0;1;0;0;0;0;0;0;0;1;0;0
19;0.0;19.4;0.0;78.5;33.0;59.1;75;2;10;3;;2.0;4.0;18-09-2024;16.3;0;30;830;282;65;0;1;0;0;0;0;0;0;1;0;0;1;0;0;0;0;0;0;0;0;1;0
19;1.0;43.2;0.0;98.7;28.0;51.9;69;2;9;4;3.0;3.0;2.0;06-09-2024;16.32;0;30;830;282;65;0;1;0;0;0;0;0;0;0;0;1;1;0;0;0;0;0;1;0;0;0;0
18;2.0;20.0;;84.8;23.0;47.0;33;5;8;0;2.0;2.0;2.0;17-09-2024;7.55;1;30;930;293;75;0;0;1;0;0;0;0;0;0;1;0;0;0;0;0;0;1;0;0;0;1;0
17;0.0;19.3;27.0;66.6;;28.9;34;4;8;3;1.0;1.0;4.0;10-09-2024;3.86;1;28;480;265;78;0;0;0;0;1;0;0;0;0;0;1;0;1;0;0;0;0;0;0;0;1;0
17;0.0;1.3;25.0;85.1;35.0;40.9;88;4;8;3;4.0;3.0;3.0;16-09-2024;15.86;0;30;830;282;65;0;1;0;0;0;0;0;0;1;0;0;1;0;0;0;0;0;0;0;0;1;0
21;0.0;8.4;11.0;82.8;;57.2;107;1;7;5;3.0;5.0;3.0;06-09-2024;13.49;0;30;830;282;65;0;1;0;0;0;0;0;0;0;0;1;1;0;0;0;0;0;0;0;0;1;0
22;1.0;13.3;;83.9;55.0;71.0;144;2;7;6;4.0;;4.0;12-09-2024;16.35;0;30;980;247;60;0;0;0;1;0;0;0;0;1;0;0;0;0;0;1;0;0;0;0;0;1;0
20;0.0;2.9;10.0;53.5;0.0;0.0;0;4;4;0;1.0;2.0;1.0;19-09-2024;2.82;1;28;710;325;60;1;0;0;0;0;0;0;0;0;0;1;0;0;0;1;0;0;0;0;0;1;0
17;3.0;4.8;;58.8;3.0;0.3;6;8;8;0;3.0;3.0;1.0;09-09-2024;4.83;1;30;830;282;65;0;1;0;0;0;0;0;0;0;0;1;1;0;0;0;0;0;0;0;0;1;0
22;1.0;10.0;9.0;68.1;41.0;75.2;101;4;8;4;3.0;4.0;3.0;03-09-2024;13.62;0;30;980;247;60;0;0;0;1;0;0;0;0;1;0;0;0;0;0;1;0;0;0;1;0;0;0
17;0.0;10.1;3.0;75.9;24.0;35.0;72;4;8;4;3.0;3.0;4.0;04-09-2024;17.0;0;30;930;293;75;0;0;1;0;0;0;0;0;0;1;0;0;0;0;0;0;1;0;0;1;0;0
18;1.0;4.4;0.0;75.7;27.0;60.2;49;6;8;0;4.0;;2.0;23-09-2024;17.65;0;28;480;265;78;0;0;0;0;1;0;0;0;0;0;1;0;1;0;0;0;0;0;0;1;0;0
19;0.0;10.0;6.0;98.2;52.0;71.6;84;1;12;6;5.0;4.0;4.0;17-09-2024;18.59;0;30;980;247;60;0;0;0;1;0;0;0;0;1;0;0;0;0;0;1;0;0;0;0;0;1;0
18;1.0;26.2;28.0;69.9;23.0;36.6;41;4;4;0;3.0;5.0;1.0;20-09-2024;2.56;1;30;980;247;60;0;0;0;1;0;0;0;0;0;0;1;0;0;0;1;0;0;0;0;0;1;0
20;2.0;16.6;23.0;83.3;27.0;16.1;52;4;8;1;4.0;;2.0;12-09-2024;16.82;0;30;620;263;66;0;0;0;0;0;0;0;1;0;0;1;0;0;1;0;0;0;0;0;1;0;0
18;0.0;12.5;21.0;62.6;19.0;27.1;44;6;6;2;;2.0;1.0;09-09-2024;4.05;1;30;930;293;75;0;0;1;0;0;0;0;0;1;0;0;0;0;0;0;0;1;0;0;0;1;0
18;0.0;40.8;27.0;47.8;0.0;0.0;0;0;5;0;2.0;1.0;3.0;12-09-2024;3.61;1;28;550;256;64;0;0;0;0;0;1;0;0;0;0;1;0;0;0;1;0;0;0;0;0;1;0
19;0.0;37.3;0.0;66.0;31.0;53.1;113;8;8;3;2.0;2.0;2.0;13-09-2024;14.24;0;30;980;247;60;0;0;0;1;0;0;0;0;1;0;0;0;0;0;1;0;0;0;0;1;0;0
20;1.0;13.5;11.0;73.5;9.0;2.4;16;0;7;1;2.0;2.0;2.0;04-09-2024;2.03;1;30;930;293;75;0;0;1;0;0;0;0;0;0;0;1;0;0;0;0;0;1;0;0;0;1;0
24;2.0;1.9;23.0;97.9;54.0;97.1;119;0;9;11;5.0;3.0;4.0;24-09-2024;19.66;0;30;830;282;65;0;1;0;0;0;0;0;0;1;0;0;1;0;0;0;0;0;1;0;0;0;0
20;1.0;0.1;0.0;87.2;46.0;86.0;120;1;7;5;5.0;5.0;3.0;13-09-2024;17.99;0;28;480;265;78;0;0;0;0;1;0;0;0;1;0;0;0;1;0;0;0;0;1;0;0;0;0
19;1.0;4.3;;86.2;25.0;40.4;72;1;6;8;;4.0;3.0;24-09-2024;18.74;0;30;830;282;65;0;1;0;0;0;0;0;0;1;0;0;1;0;0;0;0;0;0;0;0;1;0
17;1.0;10.1;24.0;52.8;0.0;0.0;0;5;5;0;1.0;1.0;1.0;02-09-2024;0.83;1;30;980;247;60;0;0;0;1;0;0;0;0;0;0;1;0;0;0;1;0;0;0;0;0;1;0
19;1.0;16.9;11.0;80.6;36.0;55.4;75;0;13;9;4.0;;5.0;18-09-2024;15.0;0;30;930;293;75;0;0;1;0;0;0;0;0;0;0;1;0;0;0;0;0;1;0;0;0;1;0
18;3.0;1.2;;92.2;51.0;125.0;111;2;12;6;3.0;5.0;3.0;13-09-2024;18.37;0;28;710;325;60;1;0;0;0;0;0;0;0;1;0;0;0;0;0;1;0;0;0;0;0;1;0
19;1.0;27.8;10.0;67.1;23.0;45.8;45;2;9;1;3.0;4.0;1.0;18-09-2024;15.46;0;30;980;247;60;0;0;0;1;0;0;0;0;1;0;0;0;0;0;1;0;0;0;0;0;1;0
21;1.0;25.2;0.0;89.6;23.0;33.1;61;3;8;9;3.0;4.0;3.0;27-09-2024;13.59;0;30;930;293;75;0;0;1;0;0;0;0;0;1;0;0;0;0;0;0;0;1;0;0;0;1;0
23;0.0;6.3;0.0;79.1;22.0;27.6;33;5;9;1;1.0;3.0;3.0;05-09-2024;6.28;1;28;710;325;60;1;0;0;0;0;0;0;0;1;0;0;0;0;0;1;0;0;0;0;0;1;0
17;0.0;10.1;;80.6;38.0;80.5;76;2;8;5;5.0;4.0;4.0;27-09-2024;17.0;0;30;930;293;75;0;0;1;0;0;0;0;0;1;0;0;0;0;0;0;0;1;0;0;1;0;0
21;1.0;0.2;0.0;94.3;33.0;71.0;93;1;12;10;4.0;4.0;4.0;25-09-2024;19.46;0;30;980;247;60;0;0;0;1;0;0;0;0;1;0;0;0;0;0;1;0;0;0;0;0;1;0
19;0.0;5.2;0.0;86.4;36.0;33.3;97;3;11;6;3.0;4.0;;06-09-2024;16.88;0;28;480;265;78;0;0;0;0;1;0;0;0;1;0;0;0;1;0;0;0;0;0;0;0;1;0
24;3.0;0.1;0.0;75.8;37.0;70.6;85;2;11;1;1.0;;3.0;04-09-2024;14.41;0;30;810;265;81;0;0;0;0;0;0;1;0;0;0;1;0;0;0;0;1;0;0;0;0;1;0
19;0.0;;23.0;53.0;18.0;24.5;45;5;8;0;2.0;1.0;2.0;13-09-2024;4.66;1;30;930;293;75;0;0;1;0;0;0;0;0;1;0;0;0;0;0;0;0;1;1;0;0;0;0
18;2.0;0.8;14.0;93.4;39.0;66.9;87;2;11;4;5.0;3.0;5.0;13-09-2024;19.22;0;28;710;325;60;1;0;0;0;0;0;0;0;1;0;0;0;0;0;1;0;0;0;0;0;1;0
21;0.0;7.2;0.0;85.8;41.0;84.4;69;1;12;3;5.0;5.0;4.0;19-09-2024;17.27;0;30;980;247;60;0;0;0;1;0;0;0;0;0;1;0;0;0;0;1;0;0;0;0;1;0;0
19;3.0;46.1;8.0;80.0;29.0;63.8;76;1;11;1;4.0;2.0;3.0;03-09-2024;18.59;0;30;620;263;66;0;0;0;0;0;0;0;1;0;0;1;0;0;1;0;0;0;0;0;0;1;0
18;0.0;84.9;22.0;70.5;17.0;20.2;35;0;4;0;3.0;2.0;1.0;26-09-2024;16.18;0;30;830;282;65;0;1;0;0;0;0;0;0;0;0;1;1;0;0;0;0;0;0;0;1;0;0
21;1.0;12.1;26.0;87.3;21.0;27.7;26;3;7;6;4.0;5.0;2.0;23-09-2024;18.92;0;30;810;265;81;0;0;0;0;0;0;1;0;0;0;1;0;0;0;0;1;0;0;0;0;1;0
17;1.0;58.2;13.0;96.7;14.0;29.5;30;3;8;2;3.0;4.0;2.0;04-09-2024;15.62;0;30;980;247;60;0;0;0;1;0;0;0;0;1;0;0;0;0;0;1;0;0;0;0;0;1;0
18;2.0;14.4;23.0;85.6;27.0;40.6;55;3;8;1;3.0;;4.0;12-09-2024;14.88;0;30;930;293;75;0;0;1;0;0;0;0;0;1;0;0;0;0;0;0;0;1;0;0;0;1;0
22;1.0;2.7;15.0;82.6;3.0;9.1;15;4;11;1;2.0;3.0;2.0;27-09-2024;11.7;0;30;980;247;60;0;0;0;1;0;0;0;0;1;0;0;0;0;0;1;0;0;0;0;0;1;0
21;0.0;13.2;22.0;71.0;3.0;5.4;8;5;5;0;1.0;1.0;1.0;06-09-2024;4.8;1;30;830;282;65;0;1;0;0;0;0;0;0;1;0;0;1;0;0;0;0;0;0;1;0;0;0
17;3.0;;15.0;85.0;39.0;62.5;81;4;8;4;5.0;3.0;3.0;05-09-2024;17.16;0;30;830;282;65;0;1;0;0;0;0;0;0;1;0;0;1;0;0;0;0;0;0;0;0;1;0
22;0.0;36.6;0.0;62.1;26.0;37.9;76;6;8;1;2.0;4.0;1.0;20-09-2024;12.89;0;30;980;247;60;0;0;0;1;0;0;0;0;1;0;0;0;0;0;1;0;0;0;0;0;1;0
20;3.0;7.2;7.0;59.7;13.0;13.4;34;7;7;1;3.0;3.0;2.0;11-09-2024;8.07;1;30;930;293;75;0;0;1;0;0;0;0;0;1;0;0;0;0;0;0;0;1;0;0;0;1;0
21;2.0;11.5;6.0;90.1;46.0;61.1;103;3;9;5;4.0;5.0;4.0;24-09-2024;17.88;0;28;710;325;60;1;0;0;0;0;0;0;0;1;0;0;0;0;0;1;0;0;0;0;0;0;1
19;2.0;37.4;27.0;93.7;11.0;22.1;23;1;10;4;5.0;3.0;3.0;10-09-2024;15.07;0;30;830;282;65;0;1;0;0;0;0;0;0;1;0;0;1;0;0;0;0;0;0;0;0;1;0
19;2.0;16.9;;80.4;33.0;20.3;70;5;11;4;3.0;5.0;3.0;09-09-2024;15.41;0;30;980;247;60;0;0;0;1;0;0;0;0;1;0;0;0;0;0;1;0;0;0;1;0;0;0
21;0.0;30.2;12.0;86.9;44.0;52.7;114;1;10;3;5.0;3.0;3.0;16-09-2024;17.21;0;30;830;282;65;0;1;0;0;0;0;0;0;0;0;1;1;0;0;0;0;0;0;0;0;1;0
18;3.0;31.6;23.0;77.4;35.0;60.8;70;2;9;1;4.0;4.0;3.0;11-09-2024;15.05;0;30;810;265;81;0;0;0;0;0;0;1;0;1;0;0;0;0;0;0;1;0;0;0;0;1;0
25;2.0;27.0;0.0;89.2;27.0;45.8;63;6;7;2;2.0;;2.0;13-09-2024;11.17;0;30;810;265;81;0;0;0;0;0;0;1;0;1;0;0;0;0;0;0;1;0;0;0;0;1;0
19;0.0;59.7;;79.0;32.0;31.0;81;4;10;2;3.0;2.0;2.0;03-09-2024;13.39;0;30;980;247;60;0;0;0;1;0;0;0;0;1;0;0;0;0;0;1;0;0;0;0;1;0;0
19;1.0;18.6;5.0;89.5;47.0;63.2;105;1;11;6;5.0;5.0;4.0;16-09-2024;18.24;0;30;620;263;66;0;0;0;0;0;0;0;1;0;0;1;0;0;1;0;0;0;0;0;0;1;0
23;1.0;;8.0;65.7;30.0;55.2;45;6;10;4;2.0;4.0;4.0;20-09-2024;8.73;1;30;930;293;75;0;0;1;0;0;0;0;0;0;1;0;0;0;0;0;0;1;0;0;0;1;0
18;1.0;8.8;;74.2;29.0;46.2;80;3;7;1;3.0;3.0;1.0;09-09-2024;11.07;0;30;830;282;65;0;1;0;0;0;0;0;0;0;0;1;1;0;0;0;0;0;0;0;1;0;0
19;3.0;23.0;0.0;97.9;47.0;105.1;106;0;11;14;4.0;5.0;4.0;13-09-2024;19.03;0;30;980;247;60;0;0;0;1;0;0;0;0;1;0;0;0;0;0;1;0;0;0;0;0;1;0
18;0.0;7.5;0.0;68.8;20.0;20.6;38;2;10;1;1.0;2.0;;11-09-2024;1.44;1;28;480;265;78;0;0;0;0;1;0;0;0;0;1;0;0;1;0;0;0;0;0;0;0;1;0
20;2.0;1.9;26.0;90.0;44.0;58.4;108;3;8;3;;3.0;3.0;05-09-2024;16.79;0;30;980;247;60;0;0;0;1;0;0;0;0;0;1;0;0;0;0;1;0;0;0;0;0;1;0
21;;10.2;20.0;71.3;42.0;56.3;105;6;9;0;2.0;4.0;3.0;11-09-2024;14.7;0;30;830;282;65;0;1;0;0;0;0;0;0;1;0;0;1;0;0;0;0;0;0;0;0;1;0
19;1.0;24.0;0.0;66.9;28.0;33.0;69;4;8;9;;3.0;3.0;05-09-2024;12.71;0;28;710;325;60;1;0;0;0;0;0;0;0;0;1;0;0;0;0;1;0;0;0;0;0;1;0
17;2.0;9.2;10.0;87.1;33.0;68.0;80;1;11;9;5.0;3.0;2.0;10-09-2024;19.85;0;30;810;265;81;0;0;0;0;0;0;1;0;1;0;0;0;0;0;0;1;0;0;0;1;0;0
21;3.0;5.3;8.0;96.5;52.0;102.8;131;0;12;14;5.0;5.0;4.0;19-09-2024;19.8;0;30;930;293;75;0;0;1;0;0;0;0;0;1;0;0;0;0;0;0;0;1;0;0;1;0;0
18;0.0;1.8;10.0;70.2;;35.9;50;3;7;1;1.0;2.0;1.0;20-09-2024;3.71;1;30;930;293;75;0;0;1;0;0;0;0;0;0;1;0;0;0;0;0;0;1;0;0;0;1;0
18;0.0;37.2;4.0;85.0;72.0;89.1;167;2;8;7;5.0;5.0;4.0;17-09-2024;18.11;0;30;930;293;75;0;0;1;0;0;0;0;0;0;0;1;0;0;0;0;0;1;0;0;0;1;0
21;0.0;2.5;0.0;97.4;27.0;28.9;40;0;10;3;3.0;4.0;;03-09-2024;18.43;0;30;980;247;60;0;0;0;1;0;0;0;0;1;0;0;0;0;0;1;0;0;0;0;1;0;0
17;0.0;7.5;0.0;99.6;48.0;87.4;103;4;10;9;4.0;4.0;5.0;03-09-2024;13.36;0;30;810;265;81;0;0;0;0;0;0;1;0;0;0;1;0;0;0;0;1;0;0;0;0;1;0
23;2.0;59.6;13.0;77.1;25.0;41.2;58;2;11;1;4.0;4.0;1.0;10-09-2024;16.8;0;30;980;247;60;0;0;0;1;0;0;0;0;1;0;0;0;0;0;1;0;0;0;0;0;1;0
18;0.0;28.0;8.0;88.6;39.0;52.6;74;3;8;0;2.0;2.0;2.0;06-09-2024;15.97;0;30;980;247;60;0;0;0;1;0;0;0;0;1;0;0;0;0;0;1;0;0;0;0;0;1;0
20;1.0;36.0;0.0;70.4;40.0;70.1;70;7;7;2;;4.0;3.0;10-09-2024;13.52;0;30;810;265;81;0;0;0;0;0;0;1;0;0;1;0;0;0;0;0;1;0;0;0;0;1;0
21;0.0;15.6;0.0;77.2;38.0;48.9;78;5;8;3;2.0;1.0;3.0;26-09-2024;14.29;0;28;550;256;64;0;0;0;0;0;1;0;0;1;0;0;0;0;0;1;0;0;0;0;0;1;0
21;0.0;2.2;3.0;96.4;34.0;44.6;84;0;12;5;4.0;4.0;5.0;05-09-2024;18.53;0;28;710;325;60;1;0;0;0;0;0;0;0;0;1;0;0;0;0;1;0;0;0;0;0;1;0
17;2.0;4.9;0.0;80.2;;37.2;70;2;8;1;4.0;4.0;3.0;19-09-2024;15.94;0;30;980;247;60;0;0;0;1;0;0;0;0;1;0;0;0;0;0;1;0;0;0;1;0;0;0
18;0.0;4.0;;61.1;3.0;4.9;16;3;3;0;1.0;2.0;2.0;13-09-2024;6.29;1;30;930;293;75;0;0;1;0;0;0;0;0;1;0;0;0;0;0;0;0;1;0;0;0;1;0
21;3.0;20.7;13.0;80.6;39.0;73.0;93;3;9;4;5.0;2.0;4.0;05-09-2024;19.49;0;30;930;293;75;0;0;1;0;0;0;0;0;1;0;0;0;0;0;0;0;1;0;0;0;1;0
18;2.0;36.1;;91.8;15.0;12.5;21;2;10;1;4.0;4.0;2.0;26-09-2024;16.54;0;28;550;256;64;0;0;0;0;0;1;0;0;1;0;0;0;0;0;1;0;0;0;0;0;1;0
22;;9.6;0.0;69.6;36.0;43.5;69;5;5;1;4.0;3.0;4.0;02-09-2024;5.69;1;30;980;247;60;0;0;0;1;0;0;0;0;0;0;1;0;0;0;1;0;0;0;0;0;1;0
17;0.0;;13.0;87.4;48.0;65.5;105;1;9;5;5.0;3.0;4.0;11-09-2024;17.98;0;30;930;293;75;0;0;1;0;0;0;0;0;1;0;0;0;0;0;0;0;1;0;0;1;0;0
20;1.0;7.1;6.0;83.3;38.0;55.5;57;1;8;5;5.0;3.0;4.0;26-09-2024;18.01;0;28;480;265;78;0;0;0;0;1;0;0;0;1;0;0;0;1;0;0;0;0;0;0;0;1;0
21;2.0;3.0;;99.8;40.0;46.2;102;2;8;10;5.0;4.0;4.0;04-09-2024;19.82;0;28;480;265;78;0;0;0;0;1;0;0;0;1;0;0;0;1;0;0;0;0;0;0;0;1;0
17;0.0;5.1;11.0;89.3;42.0;57.8;99;3;8;4;4.0;2.0;3.0;02-09-2024;17.48;0;30;980;247;60;0;0;0;1;0;0;0;0;1;0;0;0;0;0;1;0;0;0;0;1;0;0
21;1.0;21.5;13.0;86.5;50.0;91.1;101;2;11;5;5.0;4.0;1.0;06-09-2024;17.97;0;30;980;247;60;0;0;0;1;0;0;0;0;1;0;0;0;0;0;1;0;0;0;0;0;1;0
23;0.0;5.5;14.0;56.0;3.0;0.3;9;5;5;0;1.0;3.0;1.0;26-09-2024;4.13;1;28;550;256;64;0;0;0;0;0;1;0;0;1;0;0;0;0;0;1;0;0;0;0;0;1;0
20;0.0;25.9;0.0;68.9;19.0;29.2;51;6;6;1;2.0;2.0;;02-09-2024;5.23;1;28;710;325;60;1;0;0;0;0;0;0;0;1;0;0;0;0;0;1;0;0;0;0;0;1;0
19;1.0;2.4;8.0;66.8;35.0;61.3;58;3;8;2;4.0;3.0;2.0;26-09-2024;18.29;0;30;930;293;75;0;0;1;0;0;0;0;0;0;0;1;0;0;0;0;0;1;0;0;0;1;0
19;2.0;23.8;13.0;76.3;16.0;32.4;34;4;9;0;4.0;2.0;;16-09-2024;16.09;0;30;930;293;75;0;0;1;0;0;0;0;0;0;0;1;0;0;0;0;0;1;0;0;0;1;0
19;2.0;5.9;26.0;93.4;41.0;71.6;129;2;11;3;4.0;4.0;4.0;20-09-2024;14.9;0;28;710;325;60;1;0;0;0;0;0;0;0;1;0;0;0;0;0;1;0;0;0;0;0;1;0
20;0.0;8.7;15.0;95.1;32.0;16.1;76;5;8;2;3.0;5.0;1.0;19-09-2024;15.59;0;30;930;293;75;0;0;1;0;0;0;0;0;1;0;0;0;0;0;0;0;1;0;0;0;1;0
17;0.0;3.0;8.0;78.8;32.0;48.5;56;2;7;1;2.0;3.0;4.0;23-09-2024;14.92;0;28;550;256;64;0;0;0;0;0;1;0;0;1;0;0;0;0;0;1;0;0;0;0;0;1;0
21;0.0;3.9;8.0;82.6;44.0;62.1;81;1;13;10;5.0;;5.0;24-09-2024;16.26;0;30;830;282;65;0;1;0;0;0;0;0;0;1;0;0;1;0;0;0;0;0;0;0;0;1;0
18;1.0;28.4;10.0;89.9;23.0;33.3;70;0;10;2;3.0;3.0;4.0;09-09-2024;12.96;0;30;830;282;65;0;1;0;0;0;0;0;0;1;0;0;1;0;0;0;0;0;0;0;0;1;0
18;2.0;23.0;14.0;76.3;26.0;30.0;51;2;10;3;3.0;2.0;3.0;12-09-2024;16.46;0;30;810;265;81;0;0;0;0;0;0;1;0;0;0;1;0;0;0;0;1;0;0;0;0;1;0
19;1.0;;0.0;70.5;12.0;14.0;7;5;8;0;1.0;4.0;4.0;04-09-2024;3.6;1;28;550;256;64;0;0;0;0;0;1;0;0;1;0;0;0;0;0;1;0;0;0;0;0;1;0
24;1.0;1.1;0.0;73.1;42.0;53.5;106;2;7;3;3.0;4.0;5.0;04-09-2024;15.45;0;30;980;247;60;0;0;0;1;0;0;0;0;0;1;0;0;0;0;1;0;0;0;0;1;0;0
19;0.0;;12.0;61.1;4.0;0.3;21;5;5;0;2.0;;1.0;13-09-2024;4.65;1;30;830;282;65;0;1;0;0;0;0;0;0;1;0;0;1;0;0;0;0;0;0;0;0;1;0
21;1.0;26.4;28.0;75.2;41.0;56.1;72;8;8;1;5.0;2.0;3.0;12-09-2024;17.96;0;30;830;282;65;0;1;0;0;0;0;0;0;1;0;0;1;0;0;0;0;0;0;0;0;1;0
18;3.0;17.6;9.0;69.0;11.0;9.1;25;3;7;1;1.0;3.0;3.0;27-09-2024;2.45;1;30;830;282;65;0;1;0;0;0;0;0;0;1;0;0;1;0;0;0;0;0;0;0;0;1;0
20;1.0;7.4;15.0;56.8;3.0;5.9;11;6;6;1;1.0;2.0;1.0;18-09-2024;2.73;1;28;710;325;60;1;0;0;0;0;0;0;0;0;0;1;0;0;0;1;0;0;0;1;0;0;0
18;1.0;47.8;24.0;72.6;19.0;27.9;53;5;7;1;3.0;2.0;3.0;17-09-2024;15.08;0;30;830;282;65;0;1;0;0;0;0;0;0;1;0;0;1;0;0;0;0;0;0;0;0;1;0
19;1.0;12.8;7.0;77.5;38.0;37.9;91;7;7;7;5.0;;3.0;10-09-2024;15.76;0;30;980;247;60;0;0;0;1;0;0;0;0;0;1;0;0;0;0;1;0;0;0;0;1;0;0
19;3.0;18.0;7.0;79.1;31.0;46.1;73;4;8;2;;2.0;3.0;03-09-2024;18.68;0;30;810;265;81;0;0;0;0;0;0;1;0;1;0;0;0;0;0;0;1;0;0;0;0;1;0
19;0.0;24.9;8.0;80.4;24.0;53.6;42;3;11;1;4.0;3.0;2.0;06-09-2024;16.29;0;28;550;256;64;0;0;0;0;0;1;0;0;1;0;0;0;0;0;1;0;0;0;0;0;1;0
21;1.0;15.7;7.0;78.3;28.0;54.6;78;1;9;2;4.0;2.0;2.0;11-09-2024;17.04;0;30;810;265;81;0;0;0;0;0;0;1;0;1;0;0;0;0;0;0;1;0;0;0;0;1;0
20;0.0;3.7;8.0;64.7;17.0;18.8;29;6;8;0;3.0;2.0;2.0;12-09-2024;10.36;0;30;930;293;75;0;0;1;0;0;0;0;0;1;0;0;0;0;0;0;0;1;0;0;0;1;0
22;1.0;18.9;11.0;64.5;23.0;38.7;58;4;7;6;4.0;4.0;5.0;17-09-2024;14.68;0;30;980;247;60;0;0;0;1;0;0;0;0;1;0;0;0;0;0;1;0;0;0;0;0;1;0
19;0.0;8.7;15.0;83.9;23.0;44.7;49;6;7;1;3.0;;2.0;09-09-2024;14.28;0;30;930;293;75;0;0;1;0;0;0;0;0;1;0;0;0;0;0;0;0;1;0;0;0;0;1
20;1.0;7.0;22.0;64.7;5.0;11.0;9;6;6;4;2.0;4.0;3.0;23-09-2024;4.97;1;30;620;263;66;0;0;0;0;0;0;0;1;0;1;0;0;0;1;0;0;0;0;0;0;1;0
18;2.0;1.4;;93.3;40.0;70.7;72;0;9;4;5.0;4.0;;13-09-2024;19.42;0;28;480;265;78;0;0;0;0;1;0;0;0;1;0;0;0;1;0;0;0;0;0;0;0;1;0
19;0.0;12.5;0.0;65.4;37.0;62.1;89;1;8;4;3.0;4.0;2.0;17-09-2024;14.37;0;30;830;282;65;0;1;0;0;0;0;0;0;1;0;0;1;0;0;0;0;0;0;0;1;0;0
19;0.0;1.8;14.0;71.4;23.0;39.6;62;1;11;2;3.0;1.0;3.0;18-09-2024;13.69;0;28;550;256;64;0;0;0;0;0;1;0;0;1;0;0;0;0;0;1;0;0;0;0;0;1;0
17;0.0;16.7;26.0;53.0;0.0;0.0;0;2;8;0;3.0;3.0;1.0;11-09-2024;0.51;1;30;810;265;81;0;0;0;0;0;0;1;0;0;1;0;0;0;0;0;1;0;0;0;0;1;0
18;1.0;4.5;;81.3;20.0;24.7;49;2;9;7;4.0;;3.0;18-09-2024;17.41;0;30;810;265;81;0;0;0;0;0;0;1;0;1;0;0;0;0;0;0;1;0;0;0;1;0;0
22;2.0;8.2;0.0;80.0;35.0;35.1;104;2;9;6;4.0;4.0;4.0;03-09-2024;16.82;0;30;980;247;60;0;0;0;1;0;0;0;0;1;0;0;0;0;0;1;0;0;0;0;1;0;0
26;0.0;33.7;12.0;77.9;21.0;29.5;50;9;9;1;3.0;3.0;2.0;18-09-2024;6.78;1;28;480;265;78;0;0;0;0;1;0;0;0;0;0;1;0;1;0;0;0;0;0;0;1;0;0
18;0.0;33.4;19.0;76.6;43.0;59.8;109;4;8;4;5.0;4.0;2.0;27-09-2024;14.4;0;30;980;247;60;0;0;0;1;0;0;0;0;1;0;0;0;0;0;1;0;0;0;0;0;1;0
17;0.0;1.1;21.0;76.4;34.0;33.6;96;4;9;5;3.0;3.0;4.0;06-09-2024;18.55;0;28;480;265;78;0;0;0;0;1;0;0;0;0;0;1;0;1;0;0;0;0;0;0;0;1;0
18;1.0;3.2;22.0;78.7;32.0;29.8;95;1;7;5;4.0;5.0;3.0;11-09-2024;15.65;0;30;930;293;75;0;0;1;0;0;0;0;0;1;0;0;0;0;0;0;0;1;0;0;0;1;0
17;1.0;14.2;;56.1;6.0;6.2;16;7;7;0;1.0;2.0;3.0;05-09-2024;2.43;1;30;810;265;81;0;0;0;0;0;0;1;0;1;0;0;0;0;0;0;1;0;0;0;0;1;0
19;3.0;5.3;12.0;95.2;40.0;33.8;115;5;8;4;3.0;3.0;3.0;17-09-2024;15.11;0;30;810;265;81;0;0;0;0;0;0;1;0;0;1;0;0;0;0;0;1;0;0;0;0;1;0
18;2.0;9.6;5.0;48.4;0.0;0.0;0;7;7;0;2.0;;1.0;02-09-2024;3.87;1;28;550;256;64;0;0;0;0;0;1;0;0;1;0;0;0;0;0;1;0;0;0;0;0;1;0
19;1.0;32.3;10.0;62.1;3.0;1.7;24;5;6;0;1.0;4.0;1.0;04-09-2024;1.55;1;30;930;293;75;0;0;1;0;0;0;0;0;0;0;1;0;0;0;0;0;1;0;0;0;1;0
18;1.0;29.5;0.0;76.2;13.0;17.3;26;4;12;3;4.0;4.0;2.0;13-09-2024;17.13;0;28;480;265;78;0;0;0;0;1;0;0;0;1;0;0;0;1;0;0;0;0;0;0;0;1;0
25;1.0;3.6;21.0;71.1;33.0;49.7;63;4;9;5;3.0;;3.0;05-09-2024;9.55;1;30;830;282;65;0;1;0;0;0;0;0;0;0;1;0;1;0;0;0;0;0;0;0;0;0;1
22;0.0;17.6;7.0;70.9;26.0;37.2;44;4;9;5;4.0;2.0;2.0;17-09-2024;5.93;1;30;980;247;60;0;0;0;1;0;0;0;0;0;0;1;0;0;0;1;0;0;0;0;1;0;0
17;2.0;8.9;;79.8;14.0;19.5;44;2;6;2;3.0;4.0;3.0;12-09-2024;15.24;0;28;480;265;78;0;0;0;0;1;0;0;0;1;0;0;0;1;0;0;0;0;0;0;0;1;0
21;;0.6;6.0;97.1;63.0;135.9;163;0;11;11;5.0;5.0;5.0;25-09-2024;18.97;0;28;550;256;64;0;0;0;0;0;1;0;0;0;0;1;0;0;0;1;0;0;0;0;0;1;0
22;0.0;60.7;23.0;60.2;3.0;4.1;1;4;4;0;1.0;;1.0;25-09-2024;2.82;1;30;830;282;65;0;1;0;0;0;0;0;0;1;0;0;1;0;0;0;0;0;0;0;0;1;0
23;0.0;7.2;0.0;72.4;25.0;40.0;37;7;9;3;1.0;4.0;2.0;24-09-2024;5.19;1;28;710;325;60;1;0;0;0;0;0;0;0;0;0;1;0;0;0;1;0;0;0;0;0;0;1
20;0.0;2.6;;70.2;6.0;4.4;10;2;10;1;3.0;2.0;2.0;16-09-2024;4.84;1;30;620;263;66;0;0;0;0;0;0;0;1;0;0;1;0;0;1;0;0;0;0;0;1;0;0
19;1.0;21.5;10.0;86.1;39.0;45.6;81;3;12;5;3.0;4.0;2.0;09-09-2024;12.37;0;30;810;265;81;0;0;0;0;0;0;1;0;0;1;0;0;0;0;0;1;0;0;0;1;0;0
20;1.0;19.0;0.0;81.6;20.0;43.2;43;8;8;4;2.0;1.0;1.0;25-09-2024;14.43;0;30;980;247;60;0;0;0;1;0;0;0;0;0;0;1;0;0;0;1;0;0;0;0;0;1;0
18;1.0;38.8;5.0;98.7;51.0;90.0;133;1;8;7;3.0;5.0;4.0;09-09-2024;18.15;0;30;830;282;65;0;1;0;0;0;0;0;0;0;0;1;1;0;0;0;0;0;0;0;1;0;0
20;1.0;5.3;15.0;96.6;36.0;71.0;92;3;6;7;3.0;4.0;3.0;02-09-2024;14.79;0;30;620;263;66;0;0;0;0;0;0;0;1;1;0;0;0;0;1;0;0;0;0;0;1;0;0
22;0.0;;22.0;87.2;35.0;27.6;102;0;10;3;3.0;3.0;3.0;27-09-2024;3.66;1;30;980;247;60;0;0;0;1;0;0;0;0;0;0;1;0;0;0;1;0;0;0;0;0;1;0
24;1.0;5.5;;72.0;;47.3;113;2;6;1;5.0;4.0;3.0;16-09-2024;13.57;0;28;480;265;78;0;0;0;0;1;0;0;0;1;0;0;0;1;0;0;0;0;0;0;0;1;0
21;0.0;1.0;6.0;72.0;40.0;16.5;82;4;13;8;5.0;5.0;5.0;12-09-2024;19.73;0;30;830;282;65;0;1;0;0;0;0;0;0;1;0;0;1;0;0;0;0;0;0;0;0;1;0
18;0.0;8.9;15.0;91.9;44.0;64.0;118;1;9;3;5.0;3.0;3.0;26-09-2024;18.35;0;30;980;247;60;0;0;0;1;0;0;0;0;1;0;0;0;0;0;1;0;0;0;0;0;1;0
23;1.0;5.9;0.0;59.1;25.0;46.9;49;4;6;0;2.0;3.0;4.0;10-09-2024;4.85;1;30;810;265;81;0;0;0;0;0;0;1;0;0;0;1;0;0;0;0;1;0;0;0;0;1;0
18;;3.1;0.0;87.7;24.0;40.7;64;3;8;1;4.0;3.0;2.0;24-09-2024;14.38;0;28;480;265;78;0;0;0;0;1;0;0;0;0;1;0;0;1;0;0;0;0;0;0;0;1;0
22;2.0;16.5;15.0;80.3;29.0;59.3;58;2;12;8;4.0;3.0;;09-09-2024;15.65;0;28;480;265;78;0;0;0;0;1;0;0;0;1;0;0;0;1;0;0;0;0;0;0;1;0;0
17;2.0;20.8;0.0;75.2;16.0;4.6;23;4;6;2;2.0;5.0;2.0;26-09-2024;5.52;1;30;810;265;81;0;0;0;0;0;0;1;0;1;0;0;0;0;0;0;1;0;0;0;0;1;0
18;1.0;;10.0;56.0;32.0;31.0;76;7;7;4;2.0;2.0;;16-09-2024;11.16;0;28;710;325;60;1;0;0;0;0;0;0;0;1;0;0;0;0;0;1;0;0;0;0;0;1;0
20;0.0;1.6;0.0;73.0;7.0;7.1;13;3;6;3;;2.0;;13-09-2024;17.15;0;30;830;282;65;0;1;0;0;0;0;0;0;1;0;0;1;0;0;0;0;0;0;1;0;0;0
21;2.0;1.9;27.0;61.6;3.0;7.9;8;5;10;1;2.0;;4.0;11-09-2024;5.98;1;30;810;265;81;0;0;0;0;0;0;1;0;1;0;0;0;0;0;0;1;0;0;0;0;1;0
17;2.0;27.6;0.0;57.7;17.0;18.3;38;4;5;0;1.0;3.0;1.0;06-09-2024;5.87;1;30;980;247;60;0;0;0;1;0;0;0;0;0;0;1;0;0;0;1;0;0;0;0;1;0;0
20;1.0;30.3;14.0;59.0;10.0;10.9;22;5;6;2;2.0;2.0;3.0;03-09-2024;4.0;1;30;810;265;81;0;0;0;0;0;0;1;0;1;0;0;0;0;0;0;1;0;0;0;0;0;1
20;0.0;1.1;0.0;89.8;54.0;64.4;123;1;8;6;4.0;5.0;5.0;03-09-2024;15.82;0;30;620;263;66;0;0;0;0;0;0;0;1;0;1;0;0;0;1;0;0;0;0;0;0;1;0
21;0.0;21.4;24.0;76.7;23.0;37.7;57;7;7;8;1.0;5.0;3.0;11-09-2024;5.38;1;30;930;293;75;0;0;1;0;0;0;0;0;0;0;1;0;0;0;0;0;1;0;1;0;0;0
19;3.0;45.9;;78.1;24.0;49.6;46;4;9;1;4.0;4.0;3.0;23-09-2024;16.9;0;30;830;282;65;0;1;0;0;0;0;0;0;1;0;0;1;0;0;0;0;0;0;0;0;1;0
21;1.0;;4.0;94.0;51.0;82.2;91;5;10;5;4.0;5.0;;02-09-2024;18.11;0;30;980;247;60;0;0;0;1;0;0;0;0;1;0;0;0;0;0;1;0;0;0;0;0;1;0
17;2.0;17.7;5.0;83.9;17.0;32.3;32;3;7;1;3.0;3.0;3.0;23-09-2024;15.56;0;30;620;263;66;0;0;0;0;0;0;0;1;1;0;0;0;0;1;0;0;0;0;0;0;1;0
23;0.0;10.0;23.0;93.7;49.0;85.2;127;1;9;11;4.0;5.0;5.0;18-09-2024;18.24;0;28;550;256;64;0;0;0;0;0;1;0;0;1;0;0;0;0;0;1;0;0;0;0;0;1;0
19;0.0;12.0;0.0;80.7;24.0;41.4;58;6;6;1;2.0;5.0;3.0;12-09-2024;4.94;1;30;810;265;81;0;0;0;0;0;0;1;0;0;0;1;0;0;0;0;1;0;0;0;0;1;0
19;2.0;6.9;24.0;74.1;28.0;44.0;36;2;8;7;4.0;3.0;4.0;09-09-2024;18.63;0;28;480;265;78;0;0;0;0;1;0;0;0;1;0;0;0;1;0;0;0;0;0;0;0;1;0
22;1.0;42.9;21.0;99.2;48.0;92.0;108;1;11;8;4.0;3.0;2.0;27-09-2024;16.26;0;30;830;282;65;0;1;0;0;0;0;0;0;1;0;0;1;0;0;0;0;0;0;0;0;1;0
18;0.0;4.5;11.0;64.4;10.0;19.1;17;6;6;0;1.0;3.0;2.0;20-09-2024;2.68;1;30;620;263;66;0;0;0;0;0;0;0;1;0;1;0;0;0;1;0;0;0;0;0;0;1;0
21;0.0;0.3;23.0;85.3;;65.2;112;2;10;8;5.0;5.0;4.0;04-09-2024;14.58;0;30;980;247;60;0;0;0;1;0;0;0;0;1;0;0;0;0;0;1;0;0;0;1;0;0;0
20;1.0;9.4;13.0;68.7;7.0;9.4;35;10;10;3;1.0;4.0;1.0;05-09-2024;4.92;1;30;980;247;60;0;0;0;1;0;0;0;0;1;0;0;0;0;0;1;0;0;1;0;0;0;0
19;0.0;0.4;10.0;72.8;;44.4;138;3;10;3;4.0;3.0;4.0;24-09-2024;14.47;0;30;620;263;66;0;0;0;0;0;0;0;1;1;0;0;0;0;1;0;0;0;0;0;0;1;0
23;0.0;11.2;0.0;87.2;34.0;58.2;76;4;7;1;5.0;2.0;2.0;18-09-2024;16.73;0;30;930;293;75;0;0;1;0;0;0;0;0;1;0;0;0;0;0;0;0;1;0;0;1;0;0
20;1.0;;0.0;71.9;16.0;21.4;39;5;8;2;;4.0;1.0;03-09-2024;5.96;1;30;830;282;65;0;1;0;0;0;0;0;0;0;0;1;1;0;0;0;0;0;0;0;0;1;0
18;1.0;35.9;3.0;63.7;23.0;40.3;62;8;8;0;1.0;3.0;1.0;17-09-2024;7.14;1;30;620;263;66;0;0;0;0;0;0;0;1;0;0;1;0;0;1;0;0;0;0;0;1;0;0
21;2.0;0.9;20.0;91.2;33.0;27.8;77;4;6;2;3.0;2.0;3.0;12-09-2024;14.3;0;30;830;282;65;0;1;0;0;0;0;0;0;1;0;0;1;0;0;0;0;0;0;0;0;1;0
19;0.0;17.4;4.0;70.1;;58.0;60;3;7;3;3.0;3.0;2.0;20-09-2024;14.51;0;30;830;282;65;0;1;0;0;0;0;0;0;0;0;1;1;0;0;0;0;0;0;0;1;0;0
20;2.0;28.8;24.0;79.7;49.0;81.9;89;0;9;0;5.0;5.0;3.0;16-09-2024;16.2;0;30;980;247;60;0;0;0;1;0;0;0;0;1;0;0;0;0;0;1;0;0;0;0;0;1;0
18;2.0;16.2;8.0;68.3;20.0;32.7;50;4;12;1;3.0;3.0;3.0;11-09-2024;13.03;0;30;810;265;81;0;0;0;0;0;0;1;0;0;0;1;0;0;0;0;1;0;0;0;0;1;0
19;2.0;8.4;;64.6;38.0;44.3;78;3;8;2;2.0;3.0;4.0;25-09-2024;11.81;0;28;550;256;64;0;0;0;0;0;1;0;0;1;0;0;0;0;0;1;0;0;0;0;0;1;0
19;0.0;33.1;11.0;58.5;3.0;5.5;12;6;6;0;1.0;3.0;2.0;27-09-2024;1.25;1;30;930;293;75;0;0;1;0;0;0;0;0;1;0;0;0;0;0;0;0;1;0;0;1;0;0
17;2.0;23.8;11.0;98.1;51.0;56.5;106;3;11;3;3.0;5.0;1.0;18-09-2024;17.18;0;30;810;265;81;0;0;0;0;0;0;1;0;1;0;0;0;0;0;0;1;0;0;1;0;0;0
19;2.0;10.7;7.0;84.3;11.0;25.1;17;3;10;2;5.0;3.0;2.0;16-09-2024;17.46;0;28;480;265;78;0;0;0;0;1;0;0;0;1;0;0;0;1;0;0;0;0;0;0;0;1;0
23;0.0;0.8;9.0;65.1;28.0;28.1;71;7;8;1;2.0;2.0;3.0;06-09-2024;5.1;1;30;620;263;66;0;0;0;0;0;0;0;1;0;0;1;0;0;1;0;0;0;0;0;1;0;0
19;0.0;33.2;13.0;98.0;40.0;67.0;83;3;10;8;5.0;5.0;5.0;02-09-2024;17.53;0;30;810;265;81;0;0;0;0;0;0;1;0;0;0;1;0;0;0;0;1;0;0;0;1;0;0
20;2.0;7.4;0.0;82.7;;50.8;112;2;11;8;5.0;2.0;3.0;03-09-2024;17.45;0;28;550;256;64;0;0;0;0;0;1;0;0;1;0;0;0;0;0;1;0;0;0;0;0;0;1
21;1.0;3.4;13.0;75.2;33.0;52.2;56;1;8;4;3.0;3.0;4.0;03-09-2024;13.38;0;30;830;282;65;0;1;0;0;0;0;0;0;1;0;0;1;0;0;0;0;0;0;0;0;1;0
18;2.0;8.0;8.0;74.4;29.0;36.6;71;3;6;3;4.0;5.0;3.0;03-09-2024;15.83;0;30;930;293;75;0;0;1;0;0;0;0;0;1;0;0;0;0;0;0;0;1;0;0;0;1;0
21;0.0;21.4;;70.7;42.0;63.4;107;3;10;1;3.0;4.0;1.0;10-09-2024;16.44;0;30;810;265;81;0;0;0;0;0;0;1;0;0;0;1;0;0;0;0;1;0;0;0;0;1;0
19;0.0;6.7;11.0;91.9;61.0;72.8;100;2;13;5;5.0;4.0;3.0;13-09-2024;18.39;0;28;710;325;60;1;0;0;0;0;0;0;0;1;0;0;0;0;0;1;0;0;0;1;0;0;0
22;1.0;6.2;8.0;97.4;;80.6;93;2;10;5;5.0;5.0;4.0;18-09-2024;17.87;0;30;620;263;66;0;0;0;0;0;0;0;1;0;1;0;0;0;1;0;0;0;0;0;0;1;0
19;1.0;40.9;3.0;64.3;28.0;48.9;48;4;10;2;1.0;3.0;2.0;05-09-2024;8.66;1;30;810;265;81;0;0;0;0;0;0;1;0;0;0;1;0;0;0;0;1;0;0;0;0;1;0
20;1.0;2.6;10.0;93.2;39.0;80.3;82;3;6;6;5.0;5.0;3.0;24-09-2024;16.36;0;30;810;265;81;0;0;0;0;0;0;1;0;1;0;0;0;0;0;0;1;0;0;0;0;1;0
19;0.0;6.1;;88.2;51.0;62.8;136;4;8;2;5.0;5.0;4.0;12-09-2024;17.56;0;30;620;263;66;0;0;0;0;0;0;0;1;1;0;0;0;0;1;0;0;0;0;0;0;1;0
18;3.0;34.5;12.0;77.3;30.0;54.2;73;4;7;3;5.0;4.0;1.0;20-09-2024;18.47;0;30;980;247;60;0;0;0;1;0;0;0;0;0;0;1;0;0;0;1;0;0;0;0;1;0;0
25;1.0;11.5;0.0;78.8;23.0;35.6;60;5;7;2;3.0;4.0;3.0;20-09-2024;12.71;0;30;930;293;75;0;0;1;0;0;0;0;0;0;0;1;0;0;0;0;0;1;0;1;0;0;0
19;1.0;2.3;0.0;47.8;2.0;0.3;1;5;5;0;1.0;1.0;1.0;06-09-2024;1.62;1;28;710;325;60;1;0;0;0;0;0;0;0;0;0;1;0;0;0;1;0;0;0;0;1;0;0
20;1.0;13.4;0.0;70.9;30.0;34.7;59;5;7;2;3.0;;3.0;26-09-2024;16.98;0;30;810;265;81;0;0;0;0;0;0;1;0;1;0;0;0;0;0;0;1;0;0;0;0;1;0
20;3.0;6.4;;70.7;19.0;21.6;34;5;7;0;3.0;3.0;3.0;06-09-2024;14.16;0;30;930;293;75;0;0;1;0;0;0;0;0;0;0;1;0;0;0;0;0;1;0;0;1;0;0
19;0.0;4.8;6.0;80.9;42.0;54.9;111;3;11;3;;1.0;2.0;26-09-2024;17.2;0;30;830;282;65;0;1;0;0;0;0;0;0;1;0;0;1;0;0;0;0;0;0;0;1;0;0
20;1.0;61.2;7.0;76.1;30.0;40.0;80;3;7;4;5.0;4.0;1.0;05-09-2024;17.8;0;30;980;247;60;0;0;0;1;0;0;0;0;1;0;0;0;0;0;1;0;0;0;0;0;1;0
19;2.0;3.2;14.0;75.8;23.0;42.8;54;7;9;4;2.0;3.0;3.0;11-09-2024;6.3;1;30;930;293;75;0;0;1;0;0;0;0;0;1;0;0;0;0;0;0;0;1;0;0;0;1;0
21;0.0;28.0;;70.8;16.0;21.7;22;5;7;1;1.0;2.0;1.0;03-09-2024;6.85;1;30;830;282;65;0;1;0;0;0;0;0;0;1;0;0;1;0;0;0;0;0;0;0;0;1;0
24;2.0;13.6;14.0;85.7;29.0;29.9;90;4;8;4;3.0;;1.0;18-09-2024;18.77;0;30;830;282;65;0;1;0;0;0;0;0;0;1;0;0;1;0;0;0;0;0;0;0;0;1;0
19;1.0;4.2;0.0;89.5;45.0;64.2;121;2;10;5;5.0;5.0;4.0;04-09-2024;18.36;0;30;930;293;75;0;0;1;0;0;0;0;0;1;0;0;0;0;0;0;0;1;1;0;0;0;0
22;2.0;0.3;12.0;99.9;48.0;73.4;132;2;6;9;4.0;4.0;4.0;16-09-2024;19.1;0;28;710;325;60;1;0;0;0;0;0;0;0;1;0;0;0;0;0;1;0;0;0;0;0;1;0
20;2.0;15.1;;85.0;33.0;27.4;67;5;11;3;4.0;5.0;2.0;05-09-2024;12.81;0;30;620;263;66;0;0;0;0;0;0;0;1;1;0;0;0;0;1;0;0;0;0;0;0;1;0
18;0.0;16.4;9.0;92.1;47.0;99.7;82;7;7;4;4.0;3.0;3.0;16-09-2024;13.31;0;30;830;282;65;0;1;0;0;0;0;0;0;0;1;0;1;0;0;0;0;0;0;0;0;1;0
21;0.0;12.2;14.0;99.7;43.0;63.9;92;1;7;6;4.0;2.0;5.0;17-09-2024;17.89;0;30;930;293;75;0;0;1;0;0;0;0;0;1;0;0;0;0;0;0;0;1;0;0;0;1;0
18;0.0;0.4;10.0;82.2;35.0;69.2;65;1;8;2;3.0;5.0;4.0;06-09-2024;12.22;0;28;710;325;60;1;0;0;0;0;0;0;0;0;0;1;0;0;0;1;0;0;0;0;1;0;0
19;1.0;13.1;0.0;85.6;;78.5;99;7;7;2;5.0;4.0;5.0;20-09-2024;13.74;0;30;830;282;65;0;1;0;0;0;0;0;0;0;1;0;1;0;0;0;0;0;0;0;0;1;0
19;3.0;;0.0;87.2;28.0;65.9;46;1;11;3;5.0;4.0;3.0;27-09-2024;16.96;0;28;550;256;64;0;0;0;0;0;1;0;0;1;0;0;0;0;0;1;0;0;0;0;0;1;0
20;0.0;7.9;0.0;61.3;31.0;55.5;93;6;12;2;3.0;1.0;4.0;27-09-2024;14.13;0;30;830;282;65;0;1;0;0;0;0;0;0;1;0;0;1;0;0;0;0;0;0;1;0;0;0
19;1.0;2.0;0.0;72.9;48.0;78.0;123;3;12;10;4.0;5.0;3.0;23-09-2024;18.27;0;30;930;293;75;0;0;1;0;0;0;0;0;0;0;1;0;0;0;0;0;1;0;0;0;1;0
21;3.0;1.0;10.0;90.0;49.0;70.4;126;2;8;4;4.0;5.0;4.0;06-09-2024;19.09;0;28;550;256;64;0;0;0;0;0;1;0;0;1;0;0;0;0;0;1;0;0;0;0;0;1;0
19;2.0;5.3;;58.2;11.0;12.5;19;6;6;0;1.0;4.0;1.0;26-09-2024;5.2;1;30;930;293;75;0;0;1;0;0;0;0;0;0;0;1;0;0;0;0;0;1;0;0;0;1;0
23;0.0;25.0;0.0;84.9;43.0;50.6;98;6;10;1;4.0;2.0;1.0;12-09-2024;13.46;0;30;810;265;81;0;0;0;0;0;0;1;0;1;0;0;0;0;0;0;1;0;0;0;0;1;0
21;0.0;29.8;0.0;65.3;3.0;10.7;1;5;5;0;3.0;3.0;3.0;24-09-2024;7.31;1;30;810;265;81;0;0;0;0;0;0;1;0;1;0;0;0;0;0;0;1;0;0;0;0;1;0
20;0.0;2.1;;74.8;24.0;28.7;55;2;8;0;;2.0;2.0;06-09-2024;16.71;0;28;480;265;78;0;0;0;0;1;0;0;0;0;1;0;0;1;0;0;0;0;1;0;0;0;0
19;1.0;23.6;7.0;75.4;14.0;24.0;30;3;7;3;4.0;3.0;4.0;13-09-2024;14.54;0;30;980;247;60;0;0;0;1;0;0;0;0;1;0;0;0;0;0;1;0;0;0;0;0;1;0
19;0.0;61.0;;80.0;34.0;61.7;42;5;8;11;4.0;;1.0;02-09-2024;17.03;0;30;980;247;60;0;0;0;1;0;0;0;0;1;0;0;0;0;0;1;0;0;0;0;0;1;0
25;;4.7;19.0;84.9;53.0;95.4;155;5;9;4;4.0;3.0;4.0;09-09-2024;15.55;0;30;830;282;65;0;1;0;0;0;0;0;0;0;0;1;1;0;0;0;0;0;0;0;0;1;0
21;2.0;;;51.1;23.0;35.1;45;7;7;0;3.0;4.0;1.0;27-09-2024;3.24;1;30;810;265;81;0;0;0;0;0;0;1;0;1;0;0;0;0;0;0;1;0;0;0;1;0;0
20;2.0;15.6;0.0;82.3;30.0;44.0;61;5;7;3;3.0;3.0;5.0;26-09-2024;14.21;0;30;830;282;65;0;1;0;0;0;0;0;0;0;1;0;1;0;0;0;0;0;0;1;0;0;0
19;0.0;4.6;8.0;68.8;23.0;37.1;51;7;8;2;2.0;3.0;3.0;24-09-2024;12.61;0;28;710;325;60;1;0;0;0;0;0;0;0;1;0;0;0;0;0;1;0;0;0;0;0;1;0
19;2.0;28.6;26.0;63.6;;34.7;51;6;9;4;1.0;2.0;2.0;04-09-2024;4.9;1;30;930;293;75;0;0;1;0;0;0;0;0;0;1;0;0;0;0;0;0;1;1;0;0;0;0
21;0.0;5.9;15.0;80.2;27.0;29.2;62;5;5;0;1.0;3.0;1.0;27-09-2024;1.41;1;28;550;256;64;0;0;0;0;0;1;0;0;1;0;0;0;0;0;1;0;0;0;0;0;1;0
20;1.0;58.7;0.0;80.7;38.0;22.7;73;0;10;2;5.0;4.0;3.0;02-09-2024;16.18;0;28;710;325;60;1;0;0;0;0;0;0;0;1;0;0;0;0;0;1;0;0;0;0;0;1;0
19;0.0;63.2;9.0;67.3;3.0;0.9;4;2;10;1;1.0;3.0;2.0;12-09-2024;1.18;1;30;980;247;60;0;0;0;1;0;0;0;0;0;0;1;0;0;0;1;0;0;0;0;0;0;1
21;1.0;13.2;6.0;84.0;35.0;70.1;69;2;13;7;5.0;5.0;3.0;10-09-2024;17.75;0;30;980;247;60;0;0;0;1;0;0;0;0;0;0;1;0;0;0;1;0;0;0;0;0;1;0
18;2.0;9.6;0.0;82.5;25.0;46.5;54;2;8;0;5.0;1.0;2.0;18-09-2024;15.31;0;28;710;325;60;1;0;0;0;0;0;0;0;1;0;0;0;0;0;1;0;0;1;0;0;0;0
20;3.0;26.8;17.0;89.0;44.0;65.1;88;2;12;11;5.0;4.0;4.0;10-09-2024;19.39;0;28;550;256;64;0;0;0;0;0;1;0;0;1;0;0;0;0;0;1;0;0;0;0;0;1;0
23;0.0;0.5;;91.0;;41.3;56;3;7;2;4.0;4.0;4.0;06-09-2024;13.0;0;30;980;247;60;0;0;0;1;0;0;0;0;1;0;0;0;0;0;1;0;0;0;0;0;1;0
17;0.0;6.9;0.0;87.7;45.0;55.1;79;4;7;2;3.0;4.0;2.0;18-09-2024;16.49;0;30;810;265;81;0;0;0;0;0;0;1;0;0;0;1;0;0;0;0;1;0;0;0;1;0;0
18;0.0;16.5;15.0;65.9;12.0;13.5;45;4;4;0;1.0;2.0;1.0;05-09-2024;1.58;1;28;710;325;60;1;0;0;0;0;0;0;0;1;0;0;0;0;0;1;0;0;0;0;0;1;0
18;0.0;6.3;0.0;58.4;22.0;19.8;54;4;4;0;2.0;1.0;1.0;12-09-2024;1.19;1;30;930;293;75;0;0;1;0;0;0;0;0;1;0;0;0;0;0;0;0;1;0;0;0;1;0
19;2.0;4.6;27.0;80.0;28.0;43.8;58;1;8;3;4.0;4.0;5.0;05-09-2024;16.31;0;30;980;247;60;0;0;0;1;0;0;0;0;0;0;1;0;0;0;1;0;0;0;0;0;1;0
22;1.0;1.8;18.0;91.2;25.0;41.7;34;4;11;3;4.0;4.0;;13-09-2024;12.76;0;28;480;265;78;0;0;0;0;1;0;0;0;0;0;1;0;1;0;0;0;0;0;0;1;0;0
20;1.0;0.1;7.0;92.7;49.0;79.0;152;1;13;12;5.0;4.0;;18-09-2024;18.87;0;28;710;325;60;1;0;0;0;0;0;0;0;1;0;0;0;0;0;1;0;0;0;0;0;1;0
24;1.0;29.1;0.0;60.1;35.0;56.0;62;4;8;5;5.0;5.0;2.0;16-09-2024;14.27;0;28;550;256;64;0;0;0;0;0;1;0;0;1;0;0;0;0;0;1;0;0;0;0;0;1;0
19;1.0;25.2;0.0;69.5;9.0;7.4;11;6;9;3;2.0;4.0;3.0;05-09-2024;2.05;1;28;710;325;60;1;0;0;0;0;0;0;0;0;0;1;0;0;0;1;0;0;0;0;0;1;0
22;0.0;36.5;7.0;93.6;50.0;83.3;118;1;12;6;5.0;3.0;4.0;13-09-2024;19.46;0;30;980;247;60;0;0;0;1;0;0;0;0;1;0;0;0;0;0;1;0;0;0;0;0;1;0
20;2.0;3.9;;45.9;7.0;5.8;32;9;10;0;2.0;3.0;2.0;02-09-2024;4.46;1;28;710;325;60;1;0;0;0;0;0;0;0;0;0;1;0;0;0;1;0;0;0;0;0;1;0
20;3.0;6.7;9.0;88.7;52.0;80.0;87;2;12;2;3.0;4.0;3.0;25-09-2024;17.03;0;28;550;256;64;0;0;0;0;0;1;0;0;1;0;0;0;0;0;1;0;0;0;0;0;1;0
18;0.0;9.4;0.0;80.9;15.0;31.7;31;2;11;1;3.0;3.0;1.0;09-09-2024;13.95;0;28;550;256;64;0;0;0;0;0;1;0;0;1;0;0;0;0;0;1;0;0;0;0;0;1;0
20;1.0;31.3;0.0;93.5;;70.4;101;0;12;1;4.0;5.0;4.0;16-09-2024;16.01;0;28;710;325;60;1;0;0;0;0;0;0;0;0;1;0;0;0;0;1;0;0;0;0;1;0;0
19;0.0;3.7;0.0;77.9;21.0;28.0;46;7;8;0;3.0;3.0;3.0;16-09-2024;8.08;1;28;550;256;64;0;0;0;0;0;1;0;0;0;1;0;0;0;0;1;0;0;0;0;0;1;0
17;0.0;36.8;0.0;83.3;13.0;16.4;35;6;9;0;3.0;3.0;3.0;23-09-2024;15.17;0;28;710;325;60;1;0;0;0;0;0;0;0;1;0;0;0;0;0;1;0;0;0;0;0;1;0
17;0.0;17.2;10.0;99.1;57.0;93.1;134;1;8;4;4.0;5.0;3.0;20-09-2024;17.98;0;28;710;325;60;1;0;0;0;0;0;0;0;0;0;1;0;0;0;1;0;0;0;0;0;1;0
21;0.0;19.4;7.0;71.3;27.0;23.9;45;3;6;0;4.0;5.0;5.0;13-09-2024;7.75;1;30;980;247;60;0;0;0;1;0;0;0;0;1;0;0;0;0;0;1;0;0;0;0;0;0;1
18;0.0;16.5;18.0;65.8;33.0;35.9;64;1;7;0;3.0;2.0;3.0;26-09-2024;7.71;1;28;710;325;60;1;0;0;0;0;0;0;0;1;0;0;0;0;0;1;0;0;0;0;1;0;0
19;;0.1;0.0;76.2;21.0;25.8;46;4;6;3;;3.0;5.0;27-09-2024;12.57;0;30;930;293;75;0;0;1;0;0;0;0;0;1;0;0;0;0;0;0;0;1;0;0;0;1;0
24;0.0;22.6;0.0;73.3;21.0;37.9;41;7;11;2;3.0;2.0;2.0;05-09-2024;12.75;0;30;980;247;60;0;0;0;1;0;0;0;0;0;0;1;0;0;0;1;0;0;0;0;0;1;0
19;;15.7;;73.1;13.0;24.2;26;6;10;0;;2.0;2.0;13-09-2024;3.69;1;30;620;263;66;0;0;0;0;0;0;0;1;0;1;0;0;0;1;0;0;0;0;0;0;1;0
20;0.0;8.2;13.0;74.9;9.0;12.1;17;4;5;0;2.0;2.0;4.0;02-09-2024;5.31;1;30;930;293;75;0;0;1;0;0;0;0;0;1;0;0;0;0;0;0;0;1;0;0;0;1;0
17;0.0;28.2;0.0;95.3;45.0;64.3;83;2;11;7;;5.0;4.0;12-09-2024;17.97;0;28;550;256;64;0;0;0;0;0;1;0;0;1;0;0;0;0;0;1;0;0;0;0;0;1;0
18;0.0;8.0;8.0;65.6;13.0;26.3;16;4;10;0;1.0;3.0;3.0;23-09-2024;5.86;1;30;980;247;60;0;0;0;1;0;0;0;0;1;0;0;0;0;0;1;0;0;0;0;1;0;0
18;1.0;24.5;0.0;80.3;35.0;34.9;65;5;7;6;5.0;3.0;4.0;20-09-2024;13.11;0;30;980;247;60;0;0;0;1;0;0;0;0;0;0;1;0;0;0;1;0;0;0;0;1;0;0
18;1.0;10.9;28.0;82.5;37.0;52.6;82;1;11;4;4.0;4.0;4.0;24-09-2024;17.86;0;28;480;265;78;0;0;0;0;1;0;0;0;1;0;0;0;1;0;0;0;0;0;0;0;1;0
18;1.0;2.8;17.0;89.5;;27.3;54;1;8;3;5.0;4.0;4.0;23-09-2024;17.36;0;30;980;247;60;0;0;0;1;0;0;0;0;1;0;0;0;0;0;1;0;0;0;0;0;1;0
19;0.0;20.5;0.0;74.4;3.0;6.2;1;2;6;0;3.0;4.0;2.0;02-09-2024;4.7;1;28;710;325;60;1;0;0;0;0;0;0;0;1;0;0;0;0;0;1;0;0;0;0;0;1;0
18;0.0;0.6;19.0;93.0;17.0;15.2;32;3;11;2;4.0;3.0;3.0;11-09-2024;14.8;0;28;550;256;64;0;0;0;0;0;1;0;0;1;0;0;0;0;0;1;0;0;0;0;0;1;0
22;1.0;3.9;10.0;96.8;39.0;73.1;82;1;13;5;5.0;5.0;5.0;23-09-2024;19.33;0;28;550;256;64;0;0;0;0;0;1;0;0;1;0;0;0;0;0;1;0;0;0;0;0;1;0
17;1.0;5.7;0.0;99.0;34.0;61.9;83;7;7;6;;3.0;4.0;09-09-2024;15.47;0;30;980;247;60;0;0;0;1;0;0;0;0;1;0;0;0;0;0;1;0;0;0;0;0;1;0
18;0.0;7.6;13.0;73.1;;52.2;54;5;5;1;2.0;3.0;;03-09-2024;14.95;0;30;620;263;66;0;0;0;0;0;0;0;1;0;0;1;0;0;1;0;0;0;0;0;0;1;0
19;0.0;8.1;6.0;81.8;16.0;31.2;15;5;7;1;4.0;5.0;3.0;24-09-2024;15.5;0;30;980;247;60;0;0;0;1;0;0;0;0;1;0;0;0;0;0;1;0;0;1;0;0;0;0
22;3.0;2.0;11.0;59.9;31.0;43.3;50;6;6;1;1.0;2.0;3.0;20-09-2024;12.6;0;30;810;265;81;0;0;0;0;0;0;1;0;1;0;0;0;0;0;0;1;0;0;0;0;1;0
22;1.0;15.1;14.0;68.4;31.0;64.1;69;5;12;0;3.0;4.0;3.0;06-09-2024;15.55;0;30;980;247;60;0;0;0;1;0;0;0;0;1;0;0;0;0;0;1;0;0;0;0;0;1;0
19;0.0;3.0;10.0;85.8;30.0;51.1;72;2;12;2;3.0;5.0;2.0;23-09-2024;16.36;0;30;930;293;75;0;0;1;0;0;0;0;0;0;0;1;0;0;0;0;0;1;0;0;0;1;0
19;1.0;14.4;6.0;62.4;32.0;69.0;59;4;10;2;1.0;3.0;3.0;24-09-2024;6.41;1;30;930;293;75;0;0;1;0;0;0;0;0;1;0;0;0;0;0;0;0;1;0;0;1;0;0
23;0.0;4.2;0.0;66.2;46.0;100.1;126;1;10;3;4.0;3.0;;27-09-2024;15.45;0;30;930;293;75;0;0;1;0;0;0;0;0;1;0;0;0;0;0;0;0;1;0;0;1;0;0
22;2.0;19.2;7.0;99.3;59.0;85.0;111;4;9;7;5.0;3.0;4.0;11-09-2024;17.27;0;28;480;265;78;0;0;0;0;1;0;0;0;1;0;0;0;1;0;0;0;0;0;1;0;0;0
20;0.0;2.9;0.0;73.6;35.0;41.1;96;3;8;3;3.0;5.0;4.0;03-09-2024;14.71;0;28;550;256;64;0;0;0;0;0;1;0;0;0;1;0;0;0;0;1;0;0;0;0;1;0;0
20;0.0;27.6;8.0;92.5;60.0;57.0;155;2;11;3;5.0;2.0;3.0;17-09-2024;19.31;0;30;980;247;60;0;0;0;1;0;0;0;0;0;0;1;0;0;0;1;0;0;0;0;0;1;0
21;0.0;10.9;10.0;72.3;15.0;19.4;23;4;9;3;5.0;;2.0;12-09-2024;7.32;1;30;810;265;81;0;0;0;0;0;0;1;0;1;0;0;0;0;0;0;1;0;0;0;0;1;0
22;2.0;0.6;26.0;96.1;42.0;50.1;101;1;8;8;4.0;;3.0;04-09-2024;18.17;0;30;930;293;75;0;0;1;0;0;0;0;0;1;0;0;0;0;0;0;0;1;0;0;0;1;0
19;1.0;10.7;0.0;52.8;0.0;0.0;0;6;6;0;3.0;1.0;1.0;27-09-2024;0.82;1;30;930;293;75;0;0;1;0;0;0;0;0;0;0;1;0;0;0;0;0;1;0;0;0;1;0
17;1.0;0.2;18.0;69.5;23.0;32.6;49;3;7;3;3.0;3.0;5.0;10-09-2024;11.79;0;30;810;265;81;0;0;0;0;0;0;1;0;0;1;0;0;0;0;0;1;0;0;0;1;0;0
18;;1.3;9.0;94.7;43.0;73.6;69;8;8;2;3.0;5.0;2.0;17-09-2024;14.56;0;28;710;325;60;1;0;0;0;0;0;0;0;1;0;0;0;0;0;1;0;0;0;0;0;1;0
21;1.0;61.3;0.0;71.1;20.0;16.2;43;2;8;3;2.0;4.0;1.0;12-09-2024;7.54;1;28;480;265;78;0;0;0;0;1;0;0;0;1;0;0;0;1;0;0;0;0;0;0;1;0;0
19;;18.7;0.0;87.6;39.0;81.1;95;2;7;2;4.0;5.0;2.0;24-09-2024;16.52;0;30;980;247;60;0;0;0;1;0;0;0;0;0;0;1;0;0;0;1;0;0;0;0;0;1;0
21;3.0;71.3;24.0;68.8;43.0;76.9;91;4;11;1;4.0;3.0;1.0;06-09-2024;14.79;0;30;810;265;81;0;0;0;0;0;0;1;0;0;0;1;0;0;0;0;1;0;1;0;0;0;0
20;0.0;8.3;27.0;73.2;12.0;9.9;32;6;9;1;;1.0;5.0;26-09-2024;7.58;1;30;830;282;65;0;1;0;0;0;0;0;0;1;0;0;1;0;0;0;0;0;0;0;0;1;0
17;0.0;11.0;11.0;82.6;44.0;25.4;113;4;11;1;3.0;;2.0;13-09-2024;12.53;0;30;980;247;60;0;0;0;1;0;0;0;0;1;0;0;0;0;0;1;0;0;0;1;0;0;0
18;1.0;7.5;;78.9;21.0;42.2;35;5;10;3;4.0;3.0;4.0;10-09-2024;16.9;0;30;620;263;66;0;0;0;0;0;0;0;1;0;0;1;0;0;1;0;0;0;1;0;0;0;0
17;2.0;0.3;23.0;82.4;59.0;69.3;120;0;11;5;5.0;5.0;5.0;24-09-2024;19.21;0;28;710;325;60;1;0;0;0;0;0;0;0;0;0;1;0;0;0;1;0;0;0;0;0;1;0
19;1.0;4.9;12.0;93.1;37.0;70.5;84;2;11;4;4.0;3.0;4.0;11-09-2024;16.93;0;30;830;282;65;0;1;0;0;0;0;0;0;0;0;1;1;0;0;0;0;0;0;0;0;1;0
18;0.0;4.1;9.0;66.9;5.0;4.4;10;7;7;0;1.0;2.0;2.0;17-09-2024;4.55;1;28;550;256;64;0;0;0;0;0;1;0;0;1;0;0;0;0;0;1;0;0;0;0;0;1;0
17;1.0;3.9;10.0;88.2;34.0;69.6;74;1;6;5;5.0;4.0;5.0;19-09-2024;14.72;0;28;710;325;60;1;0;0;0;0;0;0;0;0;0;1;0;0;0;1;0;0;0;0;0;1;0
18;0.0;1.0;;87.6;30.0;49.0;75;2;9;5;2.0;4.0;4.0;20-09-2024;13.14;0;30;620;263;66;0;0;0;0;0;0;0;1;1;0;0;0;0;1;0;0;0;0;0;0;1;0
21;2.0;7.1;0.0;79.9;30.0;45.8;62;5;5;1;4.0;5.0;1.0;16-09-2024;16.75;0;30;830;282;65;0;1;0;0;0;0;0;0;1;0;0;1;0;0;0;0;0;0;0;0;1;0
21;1.0;4.7;6.0;86.3;35.0;58.6;65;2;8;8;3.0;4.0;5.0;19-09-2024;18.45;0;30;620;263;66;0;0;0;0;0;0;0;1;0;0;1;0;0;1;0;0;0;1;0;0;0;0
20;0.0;8.5;13.0;87.7;39.0;61.2;101;2;10;1;3.0;4.0;5.0;10-09-2024;16.93;0;30;930;293;75;0;0;1;0;0;0;0;0;1;0;0;0;0;0;0;0;1;0;0;0;1;0
22;0.0;16.7;;73.1;23.0;33.7;40;7;7;1;3.0;3.0;3.0;11-09-2024;7.61;1;28;550;256;64;0;0;0;0;0;1;0;0;1;0;0;0;0;0;1;0;0;0;0;0;1;0
19;1.0;6.8;26.0;75.1;3.0;2.7;8;5;5;0;2.0;3.0;4.0;23-09-2024;2.74;1;30;810;265;81;0;0;0;0;0;0;1;0;0;1;0;0;0;0;0;1;0;0;0;1;0;0
22;2.0;0.2;9.0;89.1;49.0;55.5;80;5;10;3;4.0;3.0;4.0;17-09-2024;18.18;0;30;930;293;75;0;0;1;0;0;0;0;0;1;0;0;0;0;0;0;0;1;0;0;0;1;0
21;0.0;8.4;0.0;70.6;20.0;26.1;58;1;9;1;4.0;4.0;2.0;24-09-2024;12.23;0;28;550;256;64;0;0;0;0;0;1;0;0;0;0;1;0;0;0;1;0;0;0;0;0;1;0
21;2.0;16.4;9.0;96.5;19.0;47.8;67;3;9;4;4.0;;3.0;24-09-2024;17.21;0;28;550;256;64;0;0;0;0;0;1;0;0;0;0;1;0;0;0;1;0;0;0;0;0;1;0
23;3.0;3.6;18.0;79.7;31.0;22.3;82;0;11;3;;4.0;;26-09-2024;15.61;0;28;710;325;60;1;0;0;0;0;0;0;0;0;0;1;0;0;0;1;0;0;0;0;0;0;1
18;3.0;18.7;20.0;86.7;34.0;47.5;77;1;11;4;4.0;4.0;3.0;12-09-2024;19.02;0;28;480;265;78;0;0;0;0;1;0;0;0;0;1;0;0;1;0;0;0;0;0;0;0;1;0
18;1.0;3.3;0.0;87.4;35.0;25.1;80;4;12;2;3.0;4.0;4.0;27-09-2024;16.78;0;30;620;263;66;0;0;0;0;0;0;0;1;1;0;0;0;0;1;0;0;0;0;0;1;0;0
20;1.0;13.6;0.0;83.7;40.0;68.0;80;2;7;5;3.0;3.0;2.0;25-09-2024;14.98;0;30;620;263;66;0;0;0;0;0;0;0;1;1;0;0;0;0;1;0;0;0;0;0;0;1;0
24;2.0;11.6;21.0;85.8;24.0;40.0;62;1;9;4;5.0;3.0;5.0;17-09-2024;16.7;0;28;710;325;60;1;0;0;0;0;0;0;0;1;0;0;0;0;0;1;0;0;0;0;0;0;1
20;0.0;14.0;27.0;88.1;;55.3;64;8;8;3;3.0;4.0;2.0;17-09-2024;13.92;0;28;710;325;60;1;0;0;0;0;0;0;0;1;0;0;0;0;0;1;0;0;0;0;0;1;0
19;1.0;1.0;8.0;92.9;53.0;104.2;105;4;11;5;;3.0;4.0;03-09-2024;17.81;0;30;980;247;60;0;0;0;1;0;0;0;0;1;0;0;0;0;0;1;0;0;0;0;0;1;0
22;0.0;9.5;27.0;83.5;45.0;82.0;102;1;13;6;5.0;3.0;5.0;20-09-2024;19.56;0;30;980;247;60;0;0;0;1;0;0;0;0;1;0;0;0;0;0;1;0;0;0;0;0;0;1
19;2.0;10.6;9.0;67.7;3.0;8.8;1;7;8;1;3.0;2.0;2.0;09-09-2024;12.97;0;30;810;265;81;0;0;0;0;0;0;1;0;0;0;1;0;0;0;0;1;0;0;0;0;1;0
20;3.0;21.5;27.0;69.9;23.0;50.2;46;7;7;3;2.0;4.0;1.0;12-09-2024;14.67;0;30;810;265;81;0;0;0;0;0;0;1;0;1;0;0;0;0;0;0;1;0;0;0;0;1;0
18;0.0;;0.0;86.2;33.0;70.8;67;3;11;3;3.0;5.0;3.0;27-09-2024;14.74;0;28;480;265;78;0;0;0;0;1;0;0;0;1;0;0;0;1;0;0;0;0;0;0;0;1;0
21;1.0;;0.0;52.5;1.0;3.5;11;5;8;0;2.0;2.0;2.0;11-09-2024;9.11;1;30;620;263;66;0;0;0;0;0;0;0;1;1;0;0;0;0;1;0;0;0;0;0;0;1;0
17;0.0;0.4;10.0;87.2;36.0;44.0;80;4;8;2;3.0;3.0;;11-09-2024;16.03;0;28;480;265;78;0;0;0;0;1;0;0;0;0;0;1;0;1;0;0;0;0;0;0;0;1;0
20;0.0;7.8;0.0;62.5;18.0;29.2;50;1;6;2;4.0;2.0;4.0;09-09-2024;14.6;0;28;710;325;60;1;0;0;0;0;0;0;0;1;0;0;0;0;0;1;0;0;0;0;0;1;0
19;1.0;17.7;11.0;95.4;40.0;75.6;96;4;10;4;5.0;;3.0;11-09-2024;16.34;0;30;980;247;60;0;0;0;1;0;0;0;0;1;0;0;0;0;0;1;0;0;0;0;0;1;0
18;2.0;7.6;22.0;70.5;38.0;70.4;57;4;13;3;3.0;5.0;3.0;19-09-2024;13.18;0;28;550;256;64;0;0;0;0;0;1;0;0;1;0;0;0;0;0;1;0;0;0;0;0;1;0
19;1.0;0.9;;78.3;33.0;32.9;45;2;7;5;4.0;4.0;2.0;03-09-2024;17.51;0;28;710;325;60;1;0;0;0;0;0;0;0;1;0;0;0;0;0;1;0;0;0;0;0;1;0
21;2.0;9.0;18.0;56.9;7.0;8.7;9;5;5;0;1.0;2.0;3.0;13-09-2024;4.88;1;30;620;263;66;0;0;0;0;0;0;0;1;1;0;0;0;0;1;0;0;0;0;0;0;1;0
21;2.0;39.7;21.0;67.9;26.0;33.6;52;6;10;0;2.0;2.0;3.0;02-09-2024;5.89;1;30;980;247;60;0;0;0;1;0;0;0;0;0;0;1;0;0;0;1;0;0;0;0;0;1;0
21;0.0;18.0;0.0;83.3;15.0;15.7;21;4;7;2;3.0;2.0;3.0;12-09-2024;14.32;0;30;930;293;75;0;0;1;0;0;0;0;0;1;0;0;0;0;0;0;0;1;0;0;0;1;0
17;1.0;19.0;0.0;76.1;42.0;65.3;97;3;12;5;4.0;3.0;5.0;23-09-2024;12.44;0;30;980;247;60;0;0;0;1;0;0;0;0;1;0;0;0;0;0;1;0;0;0;0;0;1;0
20;0.0;25.8;;82.7;37.0;21.4;107;8;8;2;1.0;3.0;3.0;11-09-2024;13.26;0;28;480;265;78;0;0;0;0;1;0;0;0;0;0;1;0;1;0;0;0;0;0;0;1;0;0
21;1.0;21.8;0.0;78.6;22.0;26.2;41;4;10;3;4.0;4.0;1.0;20-09-2024;16.5;0;30;620;263;66;0;0;0;0;0;0;0;1;1;0;0;0;0;1;0;0;0;0;0;1;0;0
18;0.0;36.2;7.0;87.3;32.0;53.3;56;7;7;2;1.0;2.0;4.0;06-09-2024;12.55;0;28;550;256;64;0;0;0;0;0;1;0;0;0;0;1;0;0;0;1;0;0;0;0;0;1;0
19;0.0;30.3;0.0;52.2;0.0;0.0;0;4;10;0;1.0;3.0;1.0;12-09-2024;0.86;1;28;550;256;64;0;0;0;0;0;1;0;0;0;0;1;0;0;0;1;0;0;0;0;0;1;0
21;1.0;2.4;;97.3;59.0;100.5;184;0;9;8;5.0;3.0;4.0;06-09-2024;18.13;0;30;810;265;81;0;0;0;0;0;0;1;0;0;0;1;0;0;0;0;1;0;0;0;0;0;1
19;2.0;21.2;6.0;88.4;41.0;55.0;77;3;7;4;3.0;2.0;3.0;12-09-2024;15.51;0;30;830;282;65;0;1;0;0;0;0;0;0;1;0;0;1;0;0;0;0;0;0;1;0;0;0
18;2.0;36.7;;62.7;6.0;9.6;19;5;5;1;2.0;3.0;1.0;18-09-2024;6.19;1;30;980;247;60;0;0;0;1;0;0;0;0;1;0;0;0;0;0;1;0;0;0;0;0;1;0
18;;13.0;10.0;46.8;14.0;17.7;35;6;7;0;3.0;4.0;3.0;09-09-2024;5.45;1;30;620;263;66;0;0;0;0;0;0;0;1;1;0;0;0;0;1;0;0;0;0;0;0;1;0
18;2.0;49.3;15.0;81.1;17.0;27.0;37;5;5;1;4.0;3.0;2.0;17-09-2024;18.62;0;28;710;325;60;1;0;0;0;0;0;0;0;0;0;1;0;0;0;1;0;0;0;0;1;0;0
24;0.0;3.7;6.0;67.5;35.0;56.6;70;6;9;2;4.0;4.0;3.0;23-09-2024;16.44;0;30;930;293;75;0;0;1;0;0;0;0;0;1;0;0;0;0;0;0;0;1;0;0;0;1;0
18;2.0;0.4;;79.2;33.0;45.3;67;3;11;1;2.0;3.0;2.0;02-09-2024;12.8;0;28;550;256;64;0;0;0;0;0;1;0;0;0;1;0;0;0;0;1;0;0;0;0;0;1;0
20;0.0;8.0;8.0;95.4;59.0;74.1;111;2;12;9;5.0;5.0;5.0;17-09-2024;18.01;0;30;930;293;75;0;0;1;0;0;0;0;0;1;0;0;0;0;0;0;0;1;0;0;0;1;0
17;0.0;;11.0;84.2;;35.7;73;1;10;5;4.0;3.0;3.0;04-09-2024;14.45;0;30;620;263;66;0;0;0;0;0;0;0;1;0;1;0;0;0;1;0;0;0;0;0;0;1;0
19;2.0;80.6;6.0;77.6;26.0;42.7;95;5;7;3;4.0;2.0;1.0;06-09-2024;16.5;0;30;980;247;60;0;0;0;1;0;0;0;0;1;0;0;0;0;0;1;0;0;0;0;0;1;0
20;3.0;21.3;;84.5;23.0;24.1;49;3;9;0;4.0;5.0;1.0;13-09-2024;16.92;0;28;480;265;78;0;0;0;0;1;0;0;0;1;0;0;0;1;0;0;0;0;0;0;1;0;0
24;1.0;25.0;0.0;76.3;33.0;45.9;67;3;11;4;3.0;3.0;2.0;26-09-2024;15.39;0;30;930;293;75;0;0;1;0;0;0;0;0;1;0;0;0;0;0;0;0;1;0;0;0;1;0
17;0.0;2.7;23.0;75.0;25.0;48.5;65;4;9;2;;2.0;4.0;05-09-2024;14.38;0;30;930;293;75;0;0;1;0;0;0;0;0;0;1;0;0;0;0;0;0;1;0;0;0;1;0
23;0.0;4.0;0.0;77.2;20.0;28.3;53;5;5;0;2.0;;3.0;06-09-2024;4.23;1;30;830;282;65;0;1;0;0;0;0;0;0;0;0;1;1;0;0;0;0;0;0;0;1;0;0
24;0.0;8.3;0.0;82.6;3.0;4.3;4;3;9;3;4.0;5.0;4.0;03-09-2024;17.01;0;30;930;293;75;0;0;1;0;0;0;0;0;1;0;0;0;0;0;0;0;1;0;1;0;0;0
17;;13.9;18.0;47.8;13.0;25.9;21;5;5;0;1.0;2.0;1.0;16-09-2024;5.56;1;28;550;256;64;0;0;0;0;0;1;0;0;1;0;0;0;0;0;1;0;0;0;0;0;1;0
18;3.0;32.4;0.0;91.7;46.0;68.9;109;2;6;5;2.0;3.0;2.0;24-09-2024;15.69;0;30;930;293;75;0;0;1;0;0;0;0;0;0;0;1;0;0;0;0;0;1;0;0;1;0;0
22;0.0;10.5;14.0;75.7;30.0;51.3;61;3;7;2;2.0;1.0;2.0;09-09-2024;7.74;1;28;710;325;60;1;0;0;0;0;0;0;0;1;0;0;0;0;0;1;0;0;0;0;1;0;0
19;1.0;1.4;0.0;87.3;32.0;56.0;71;5;8;5;;4.0;4.0;05-09-2024;15.87;0;30;980;247;60;0;0;0;1;0;0;0;0;1;0;0;0;0;0;1;0;0;0;0;0;1;0
21;0.0;14.4;0.0;65.7;14.0;19.0;32;6;6;1;3.0;2.0;2.0;12-09-2024;4.16;1;30;930;293;75;0;0;1;0;0;0;0;0;1;0;0;0;0;0;0;0;1;0;0;0;1;0
21;0.0;33.9;0.0;64.6;10.0;11.2;11;5;8;1;3.0;2.0;3.0;20-09-2024;6.15;1;30;620;263;66;0;0;0;0;0;0;0;1;1;0;0;0;0;1;0;0;0;0;0;0;1;0
18;2.0;2.7;0.0;80.7;10.0;15.0;50;6;7;3;1.0;;3.0;13-09-2024;2.87;1;28;550;256;64;0;0;0;0;0;1;0;0;0;1;0;0;0;0;1;0;0;0;0;0;1;0
21;2.0;8.9;14.0;74.5;37.0;65.0;74;4;7;2;5.0;3.0;2.0;18-09-2024;16.09;0;30;620;263;66;0;0;0;0;0;0;0;1;1;0;0;0;0;1;0;0;0;0;0;0;1;0
19;1.0;18.1;12.0;98.3;38.0;37.9;105;4;10;2;2.0;4.0;2.0;03-09-2024;15.62;0;28;710;325;60;1;0;0;0;0;0;0;0;1;0;0;0;0;0;1;0;0;0;0;1;0;0
20;0.0;6.5;0.0;90.0;35.0;39.8;88;2;10;6;4.0;3.0;3.0;03-09-2024;18.66;0;30;930;293;75;0;0;1;0;0;0;0;0;0;0;1;0;0;0;0;0;1;0;0;0;1;0
20;1.0;72.1;0.0;61.9;3.0;4.0;28;8;8;0;3.0;3.0;1.0;04-09-2024;3.41;1;28;550;256;64;0;0;0;0;0;1;0;0;1;0;0;0;0;0;1;0;0;0;0;0;1;0
21;2.0;2.0;0.0;66.7;26.0;35.9;54;4;8;3;3.0;2.0;2.0;11-09-2024;6.77;1;28;710;325;60;1;0;0;0;0;0;0;0;0;0;1;0;0;0;1;0;0;0;0;1;0;0
21;1.0;4.5;19.0;79.1;49.0;47.1;95;3;13;5;4.0;;3.0;19-09-2024;14.14;0;30;830;282;65;0;1;0;0;0;0;0;0;1;0;0;1;0;0;0;0;0;0;0;0;1;0
18;0.0;22.0;18.0;81.1;34.0;53.1;71;3;7;3;3.0;5.0;3.0;27-09-2024;12.72;0;30;810;265;81;0;0;0;0;0;0;1;0;0;1;0;0;0;0;0;1;0;0;0;0;1;0
24;0.0;1.0;6.0;68.2;3.0;3.1;19;5;7;2;2.0;3.0;2.0;03-09-2024;12.83;0;30;810;265;81;0;0;0;0;0;0;1;0;1;0;0;0;0;0;0;1;0;0;0;0;1;0
19;1.0;0.8;0.0;73.1;21.0;36.5;38;6;11;3;1.0;3.0;3.0;16-09-2024;11.83;0;30;830;282;65;0;1;0;0;0;0;0;0;0;0;1;1;0;0;0;0;0;0;0;0;1;0
18;0.0;0.7;6.0;76.1;9.0;12.3;11;1;11;6;4.0;2.0;2.0;09-09-2024;15.71;0;30;830;282;65;0;1;0;0;0;0;0;0;0;0;1;1;0;0;0;0;0;0;0;0;1;0
23;2.0;13.9;8.0;65.8;30.0;31.3;46;2;7;5;5.0;5.0;2.0;27-09-2024;14.76;0;30;930;293;75;0;0;1;0;0;0;0;0;1;0;0;0;0;0;0;0;1;0;0;0;1;0
17;1.0;5.0;13.0;66.7;36.0;60.7;64;6;8;2;2.0;5.0;;23-09-2024;15.09;0;28;710;325;60;1;0;0;0;0;0;0;0;1;0;0;0;0;0;1;0;0;0;0;0;1;0
21;2.0;1.5;12.0;98.1;;53.3;71;2;11;8;4.0;4.0;;17-09-2024;18.5;0;30;830;282;65;0;1;0;0;0;0;0;0;1;0;0;1;0;0;0;0;0;0;0;0;1;0
20;2.0;39.6;;89.9;;58.3;121;0;13;7;5.0;3.0;;04-09-2024;18.4;0;30;930;293;75;0;0;1;0;0;0;0;0;1;0;0;0;0;0;0;0;1;0;0;0;0;1
23;0.0;1.0;21.0;84.1;23.0;45.6;38;2;11;2;3.0;;5.0;04-09-2024;14.43;0;30;830;282;65;0;1;0;0;0;0;0;0;1;0;0;1;0;0;0;0;0;0;0;1;0;0
17;;25.7;;78.5;24.0;17.4;81;4;8;5;1.0;5.0;3.0;18-09-2024;12.65;0;28;550;256;64;0;0;0;0;0;1;0;0;0;1;0;0;0;0;1;0;0;0;0;0;1;0
18;1.0;5.8;7.0;64.0;4.0;2.8;1;3;7;1;1.0;2.0;3.0;25-09-2024;16.6;0;30;930;293;75;0;0;1;0;0;0;0;0;1;0;0;0;0;0;0;0;1;0;0;1;0;0
24;0.0;12.2;0.0;57.8;20.0;11.6;41;7;7;3;1.0;3.0;3.0;17-09-2024;6.66;1;30;930;293;75;0;0;1;0;0;0;0;0;1;0;0;0;0;0;0;0;1;0;0;1;0;0
24;0.0;20.3;25.0;92.5;47.0;69.2;108;2;9;5;2.0;4.0;;05-09-2024;13.5;0;28;480;265;78;0;0;0;0;1;0;0;0;0;0;1;0;1;0;0;0;0;0;0;1;0;0
18;0.0;23.2;8.0;81.1;53.0;65.7;121;1;6;4;4.0;2.0;3.0;12-09-2024;15.83;0;30;810;265;81;0;0;0;0;0;0;1;0;0;1;0;0;0;0;0;1;0;0;0;0;1;0
19;2.0;3.1;19.0;88.9;21.0;23.0;59;3;6;3;2.0;2.0;5.0;05-09-2024;15.96;0;28;550;256;64;0;0;0;0;0;1;0;0;0;0;1;0;0;0;1;0;0;0;0;0;1;0
21;1.0;1.8;8.0;99.5;72.0;65.7;199;0;11;5;5.0;4.0;4.0;02-09-2024;19.83;0;28;710;325;60;1;0;0;0;0;0;0;0;1;0;0;0;0;0;1;0;0;0;0;0;1;0
21;1.0;13.5;0.0;50.2;19.0;29.6;24;6;6;0;3.0;1.0;2.0;09-09-2024;5.97;1;28;480;265;78;0;0;0;0;1;0;0;0;1;0;0;0;1;0;0;0;0;0;0;0;1;0
19;1.0;22.5;13.0;46.3;0.0;0.0;0;6;6;0;1.0;1.0;1.0;18-09-2024;3.17;1;30;930;293;75;0;0;1;0;0;0;0;0;1;0;0;0;0;0;0;0;1;0;0;0;1;0
18;0.0;6.7;0.0;72.1;43.0;51.0;93;6;12;6;4.0;2.0;4.0;27-09-2024;15.34;0;30;830;282;65;0;1;0;0;0;0;0;0;0;0;1;1;0;0;0;0;0;0;0;0;1;0
19;0.0;4.6;18.0;70.7;36.0;41.2;96;1;11;4;3.0;4.0;4.0;04-09-2024;16.46;0;30;980;247;60;0;0;0;1;0;0;0;0;1;0;0;0;0;0;1;0;0;0;0;0;1;0
20;0.0;13.0;11.0;78.5;26.0;42.2;72;5;6;6;1.0;3.0;2.0;20-09-2024;16.02;0;30;930;293;75;0;0;1;0;0;0;0;0;1;0;0;0;0;0;0;0;1;0;0;0;0;1
20;1.0;2.8;13.0;73.0;6.0;11.1;17;6;7;1;2.0;2.0;2.0;25-09-2024;2.65;1;30;980;247;60;0;0;0;1;0;0;0;0;0;0;1;0;0;0;1;0;0;0;0;0;0;1
18;2.0;26.3;6.0;83.0;28.0;34.4;43;3;9;6;3.0;3.0;;11-09-2024;17.0;0;28;710;325;60;1;0;0;0;0;0;0;0;0;0;1;0;0;0;1;0;0;0;0;0;1;0
19;3.0;17.0;23.0;75.5;28.0;34.6;48;4;7;3;3.0;2.0;2.0;04-09-2024;17.31;0;30;930;293;75;0;0;1;0;0;0;0;0;1;0;0;0;0;0;0;0;1;0;0;0;1;0
20;1.0;19.6;;58.7;3.0;3.7;23;6;7;0;2.0;4.0;1.0;09-09-2024;5.2;1;28;550;256;64;0;0;0;0;0;1;0;0;1;0;0;0;0;0;1;0;0;0;0;0;1;0
19;2.0;13.8;0.0;85.1;28.0;42.0;70;3;11;4;5.0;;3.0;09-09-2024;18.17;0;30;620;263;66;0;0;0;0;0;0;0;1;1;0;0;0;0;1;0;0;0;0;0;1;0;0
19;0.0;6.2;12.0;72.4;37.0;77.1;85;6;6;4;4.0;3.0;1.0;13-09-2024;17.64;0;30;620;263;66;0;0;0;0;0;0;0;1;1;0;0;0;0;1;0;0;0;0;0;1;0;0
19;1.0;8.0;0.0;81.0;15.0;24.5;37;5;6;1;2.0;2.0;3.0;09-09-2024;5.61;1;28;550;256;64;0;0;0;0;0;1;0;0;1;0;0;0;0;0;1;0;0;0;0;0;1;0
19;1.0;4.9;0.0;68.6;35.0;51.8;73;3;9;6;3.0;;4.0;03-09-2024;11.99;0;30;930;293;75;0;0;1;0;0;0;0;0;0;0;1;0;0;0;0;0;1;0;0;1;0;0
21;1.0;13.3;0.0;82.4;34.0;43.7;77;3;6;2;3.0;;2.0;24-09-2024;15.93;0;30;620;263;66;0;0;0;0;0;0;0;1;1;0;0;0;0;1;0;0;0;0;0;0;1;0
20;2.0;4.3;;76.5;31.0;54.3;68;6;6;3;4.0;3.0;2.0;04-09-2024;16.53;0;28;710;325;60;1;0;0;0;0;0;0;0;0;0;1;0;0;0;1;0;0;0;0;0;1;0
18;1.0;19.4;;71.8;;16.7;18;7;9;2;3.0;;2.0;18-09-2024;7.86;1;28;480;265;78;0;0;0;0;1;0;0;0;1;0;0;0;1;0;0;0;0;0;0;0;1;0
18;1.0;16.5;15.0;97.5;37.0;51.8;89;2;7;9;5.0;;4.0;27-09-2024;16.48;0;30;830;282;65;0;1;0;0;0;0;0;0;0;0;1;1;0;0;0;0;0;0;0;1;0;0
20;1.0;11.2;0.0;78.2;29.0;41.0;42;6;8;2;3.0;2.0;4.0;19-09-2024;12.23;0;30;830;282;65;0;1;0;0;0;0;0;0;0;0;1;1;0;0;0;0;0;0;0;1;0;0
18;0.0;21.4;0.0;69.0;23.0;50.5;62;5;5;0;2.0;2.0;2.0;18-09-2024;14.61;0;30;810;265;81;0;0;0;0;0;0;1;0;1;0;0;0;0;0;0;1;0;0;0;0;1;0
19;0.0;;0.0;64.2;16.0;38.8;49;6;7;1;;3.0;3.0;27-09-2024;12.4;0;30;810;265;81;0;0;0;0;0;0;1;0;0;0;1;0;0;0;0;1;0;0;0;0;1;0
20;3.0;45.7;24.0;84.7;41.0;94.0;111;0;10;2;4.0;5.0;;11-09-2024;19.3;0;30;930;293;75;0;0;1;0;0;0;0;0;1;0;0;0;0;0;0;0;1;0;0;0;1;0
17;1.0;2.1;8.0;76.7;10.0;19.8;26;1;8;0;2.0;3.0;3.0;04-09-2024;7.24;1;28;550;256;64;0;0;0;0;0;1;0;0;1;0;0;0;0;0;1;0;0;0;0;0;1;0
18;0.0;3.5;;79.0;35.0;55.0;96;3;9;3;3.0;5.0;3.0;02-09-2024;14.38;0;28;550;256;64;0;0;0;0;0;1;0;0;1;0;0;0;0;0;1;0;0;0;0;1;0;0
17;2.0;13.3;7.0;70.9;;17.3;55;6;7;1;1.0;2.0;1.0;03-09-2024;4.47;1;28;480;265;78;0;0;0;0;1;0;0;0;0;0;1;0;1;0;0;0;0;0;0;1;0;0
17;;3.9;9.0;76.3;35.0;45.6;88;3;8;5;5.0;4.0;4.0;16-09-2024;17.68;0;30;930;293;75;0;0;1;0;0;0;0;0;1;0;0;0;0;0;0;0;1;0;0;0;1;0
21;1.0;3.3;9.0;73.8;27.0;37.0;49;3;10;2;5.0;3.0;2.0;12-09-2024;14.76;0;30;980;247;60;0;0;0;1;0;0;0;0;0;0;1;0;0;0;1;0;0;0;0;0;1;0
21;0.0;24.6;;70.0;16.0;29.2;48;5;10;1;3.0;2.0;1.0;13-09-2024;3.67;1;30;930;293;75;0;0;1;0;0;0;0;0;0;0;1;0;0;0;0;0;1;0;0;0;0;1
19;1.0;0.3;15.0;80.5;15.0;24.4;36;4;9;3;3.0;3.0;3.0;04-09-2024;6.0;1;28;710;325;60;1;0;0;0;0;0;0;0;0;1;0;0;0;0;1;0;0;1;0;0;0;0
21;2.0;15.2;0.0;57.9;6.0;9.7;25;7;7;0;2.0;2.0;4.0;19-09-2024;12.69;0;30;620;263;66;0;0;0;0;0;0;0;1;1;0;0;0;0;1;0;0;0;0;0;0;1;0
21;0.0;15.9;0.0;64.4;21.0;49.5;51;7;7;2;4.0;2.0;3.0;06-09-2024;17.76;0;30;830;282;65;0;1;0;0;0;0;0;0;1;0;0;1;0;0;0;0;0;0;0;0;1;0
19;1.0;0.5;14.0;82.4;24.0;32.2;41;3;7;2;4.0;5.0;3.0;17-09-2024;19.34;0;30;830;282;65;0;1;0;0;0;0;0;0;1;0;0;1;0;0;0;0;0;0;0;0;1;0
18;2.0;7.4;0.0;75.7;18.0;23.8;30;6;6;1;;3.0;2.0;25-09-2024;3.9;1;30;830;282;65;0;1;0;0;0;0;0;0;1;0;0;1;0;0;0;0;0;0;0;0;1;0
20;1.0;10.4;;79.1;35.0;47.2;93;3;11;4;4.0;4.0;4.0;16-09-2024;19.27;0;30;810;265;81;0;0;0;0;0;0;1;0;1;0;0;0;0;0;0;1;0;0;0;0;1;0
18;0.0;7.0;;66.6;;18.7;37;3;9;0;2.0;4.0;3.0;05-09-2024;14.31;0;30;620;263;66;0;0;0;0;0;0;0;1;0;0;1;0;0;1;0;0;0;0;0;1;0;0
20;0.0;1.4;27.0;88.6;39.0;29.8;76;2;11;4;;2.0;5.0;26-09-2024;16.17;0;28;550;256;64;0;0;0;0;0;1;0;0;0;0;1;0;0;0;1;0;0;0;0;0;1;0
20;0.0;3.8;0.0;65.7;32.0;36.6;48;4;6;4;4.0;4.0;3.0;19-09-2024;12.59;0;30;930;293;75;0;0;1;0;0;0;0;0;0;1;0;0;0;0;0;0;1;0;0;0;1;0
20;1.0;20.6;0.0;71.9;35.0;59.7;92;8;8;6;5.0;;1.0;19-09-2024;18.02;0;30;980;247;60;0;0;0;1;0;0;0;0;1;0;0;0;0;0;1;0;0;0;0;0;1;0
21;0.0;5.2;0.0;77.2;31.0;41.9;86;5;8;0;3.0;3.0;1.0;06-09-2024;2.2;1;28;710;325;60;1;0;0;0;0;0;0;0;0;1;0;0;0;0;1;0;0;0;0;0;1;0
19;1.0;12.8;10.0;77.8;60.0;48.8;175;3;7;9;5.0;4.0;3.0;25-09-2024;17.19;0;30;810;265;81;0;0;0;0;0;0;1;0;1;0;0;0;0;0;0;1;0;0;1;0;0;0
18;0.0;0.6;0.0;81.2;22.0;36.2;45;2;10;1;1.0;3.0;3.0;03-09-2024;3.47;1;30;810;265;81;0;0;0;0;0;0;1;0;0;0;1;0;0;0;0;1;0;0;0;0;1;0
17;;0.8;7.0;53.1;11.0;20.3;18;4;4;0;1.0;2.0;;11-09-2024;0.62;1;30;980;247;60;0;0;0;1;0;0;0;0;0;1;0;0;0;0;1;0;0;0;0;0;1;0
22;0.0;1.7;;87.6;28.0;55.9;38;7;7;4;4.0;;;05-09-2024;15.56;0;30;620;263;66;0;0;0;0;0;0;0;1;1;0;0;0;0;1;0;0;0;0;0;0;1;0
21;0.0;5.6;12.0;67.8;15.0;25.2;38;1;5;0;2.0;1.0;2.0;13-09-2024;2.95;1;30;620;263;66;0;0;0;0;0;0;0;1;0;0;1;0;0;1;0;0;0;1;0;0;0;0
26;1.0;8.0;24.0;70.6;24.0;43.9;54;4;10;3;4.0;4.0;4.0;24-09-2024;7.42;1;30;620;263;66;0;0;0;0;0;0;0;1;0;0;1;0;0;1;0;0;0;0;0;0;1;0
18;2.0;6.7;;73.6;37.0;47.4;88;5;12;1;4.0;2.0;;23-09-2024;11.55;0;30;830;282;65;0;1;0;0;0;0;0;0;0;0;1;1;0;0;0;0;0;0;1;0;0;0
19;1.0;6.5;18.0;60.3;;0.3;10;4;6;0;2.0;4.0;;09-09-2024;2.93;1;28;550;256;64;0;0;0;0;0;1;0;0;0;1;0;0;0;0;1;0;0;0;0;1;0;0
20;3.0;11.3;0.0;68.0;28.0;24.4;61;3;7;6;4.0;3.0;2.0;09-09-2024;6.44;1;30;620;263;66;0;0;0;0;0;0;0;1;0;1;0;0;0;1;0;0;0;0;0;1;0;0
19;2.0;;24.0;60.6;3.0;2.4;12;9;9;2;2.0;2.0;2.0;03-09-2024;5.35;1;30;620;263;66;0;0;0;0;0;0;0;1;0;0;1;0;0;1;0;0;0;0;1;0;0;0
19;0.0;7.1;5.0;77.0;31.0;61.0;83;2;7;6;4.0;2.0;3.0;13-09-2024;10.59;0;30;930;293;75;0;0;1;0;0;0;0;0;0;1;0;0;0;0;0;0;1;0;0;0;1;0
20;0.0;38.7;27.0;98.5;45.0;68.1;109;0;10;12;5.0;4.0;;27-09-2024;18.31;0;30;830;282;65;0;1;0;0;0;0;0;0;0;1;0;1;0;0;0;0;0;0;0;0;1;0
21;0.0;0.8;23.0;77.8;28.0;42.0;60;4;11;2;5.0;5.0;2.0;27-09-2024;13.97;0;28;480;265;78;0;0;0;0;1;0;0;0;1;0;0;0;1;0;0;0;0;0;0;0;1;0
20;2.0;14.7;19.0;77.1;29.0;48.3;53;4;8;1;3.0;4.0;4.0;03-09-2024;15.91;0;30;810;265;81;0;0;0;0;0;0;1;0;1;0;0;0;0;0;0;1;0;0;0;1;0;0
23;0.0;20.6;0.0;72.7;19.0;35.4;40;6;6;1;1.0;;2.0;06-09-2024;12.19;0;30;830;282;65;0;1;0;0;0;0;0;0;1;0;0;1;0;0;0;0;0;0;0;0;1;0
22;1.0;3.5;13.0;85.1;24.0;35.9;45;2;6;3;2.0;3.0;3.0;03-09-2024;12.08;0;30;810;265;81;0;0;0;0;0;0;1;0;1;0;0;0;0;0;0;1;0;0;0;0;1;0
18;0.0;24.5;;80.3;33.0;41.5;74;4;11;2;5.0;4.0;2.0;26-09-2024;16.32;0;28;550;256;64;0;0;0;0;0;1;0;0;1;0;0;0;0;0;1;0;0;0;0;0;1;0
19;0.0;0.3;0.0;76.9;32.0;36.3;75;4;10;5;2.0;2.0;4.0;25-09-2024;15.98;0;28;480;265;78;0;0;0;0;1;0;0;0;0;0;1;0;1;0;0;0;0;0;0;0;1;0
24;2.0;19.0;22.0;63.2;19.0;31.0;36;2;9;4;2.0;;2.0;03-09-2024;15.2;0;28;710;325;60;1;0;0;0;0;0;0;0;0;1;0;0;0;0;1;0;0;0;0;0;1;0
21;0.0;5.3;22.0;62.9;14.0;22.5;16;6;6;0;3.0;2.0;2.0;05-09-2024;5.24;1;30;830;282;65;0;1;0;0;0;0;0;0;1;0;0;1;0;0;0;0;0;0;0;1;0;0
19;;10.9;0.0;72.8;47.0;64.4;150;1;7;3;2.0;5.0;;26-09-2024;18.52;0;28;550;256;64;0;0;0;0;0;1;0;0;1;0;0;0;0;0;1;0;0;0;0;0;1;0
19;1.0;13.7;;83.2;10.0;19.4;17;4;5;0;3.0;3.0;2.0;06-09-2024;4.42;1;28;550;256;64;0;0;0;0;0;1;0;0;1;0;0;0;0;0;1;0;0;0;0;1;0;0
19;1.0;9.1;7.0;73.6;29.0;35.1;87;4;11;6;5.0;2.0;3.0;24-09-2024;16.64;0;30;620;263;66;0;0;0;0;0;0;0;1;1;0;0;0;0;1;0;0;0;0;0;1;0;0
20;1.0;13.7;9.0;87.3;;52.4;64;2;10;3;4.0;4.0;3.0;03-09-2024;18.42;0;30;830;282;65;0;1;0;0;0;0;0;0;1;0;0;1;0;0;0;0;0;0;0;1;0;0
19;2.0;62.1;6.0;65.6;22.0;25.6;42;4;7;0;2.0;3.0;1.0;04-09-2024;4.81;1;30;830;282;65;0;1;0;0;0;0;0;0;0;1;0;1;0;0;0;0;0;0;0;0;0;1
20;2.0;70.8;18.0;88.9;52.0;86.8;160;0;11;8;3.0;3.0;3.0;06-09-2024;15.85;0;30;830;282;65;0;1;0;0;0;0;0;0;1;0;0;1;0;0;0;0;0;0;0;1;0;0
19;1.0;0.4;0.0;70.3;10.0;13.9;34;3;7;1;2.0;2.0;5.0;20-09-2024;1.91;1;30;830;282;65;0;1;0;0;0;0;0;0;0;0;1;1;0;0;0;0;0;0;1;0;0;0
19;1.0;3.5;0.0;84.4;21.0;50.1;29;6;6;5;5.0;4.0;5.0;24-09-2024;18.23;0;30;980;247;60;0;0;0;1;0;0;0;0;0;0;1;0;0;0;1;0;0;0;0;0;1;0
21;0.0;4.0;0.0;79.1;33.0;41.0;95;3;12;1;4.0;;4.0;10-09-2024;15.89;0;30;830;282;65;0;1;0;0;0;0;0;0;1;0;0;1;0;0;0;0;0;0;0;1;0;0
19;0.0;1.9;3.0;78.1;31.0;42.0;62;3;7;2;4.0;3.0;3.0;18-09-2024;15.62;0;30;810;265;81;0;0;0;0;0;0;1;0;0;0;1;0;0;0;0;1;0;0;0;0;1;0
19;0.0;12.0;23.0;70.3;29.0;71.6;62;1;11;0;2.0;3.0;2.0;03-09-2024;14.47;0;30;830;282;65;0;1;0;0;0;0;0;0;1;0;0;1;0;0;0;0;0;0;0;0;1;0
20;0.0;20.5;;70.6;28.0;11.4;77;4;9;6;3.0;3.0;3.0;17-09-2024;11.04;0;30;810;265;81;0;0;0;0;0;0;1;0;0;0;1;0;0;0;0;1;0;0;0;0;1;0
20;0.0;3.7;0.0;88.4;62.0;148.1;120;0;11;9;5.0;5.0;3.0;18-09-2024;19.13;0;30;810;265;81;0;0;0;0;0;0;1;0;0;1;0;0;0;0;0;1;0;0;0;1;0;0
21;2.0;16.6;7.0;77.4;27.0;54.1;57;2;11;6;4.0;3.0;3.0;17-09-2024;15.48;0;30;980;247;60;0;0;0;1;0;0;0;0;0;0;1;0;0;0;1;0;0;0;0;0;1;0
21;2.0;1.3;0.0;78.7;40.0;55.8;110;6;7;6;4.0;3.0;4.0;17-09-2024;17.44;0;30;830;282;65;0;1;0;0;0;0;0;0;1;0;0;1;0;0;0;0;0;0;0;0;1;0
20;0.0;6.6;0.0;87.5;46.0;59.7;99;1;11;2;5.0;4.0;5.0;19-09-2024;19.3;0;30;830;282;65;0;1;0;0;0;0;0;0;1;0;0;1;0;0;0;0;0;0;0;0;1;0
22;1.0;16.1;28.0;87.5;38.0;71.7;106;1;12;2;4.0;3.0;4.0;03-09-2024;15.14;0;28;550;256;64;0;0;0;0;0;1;0;0;0;0;1;0;0;0;1;0;0;0;0;1;0;0
20;0.0;7.4;23.0;73.7;20.0;39.8;27;5;7;2;4.0;4.0;3.0;25-09-2024;14.04;0;30;830;282;65;0;1;0;0;0;0;0;0;0;1;0;1;0;0;0;0;0;0;0;1;0;0
18;0.0;37.5;0.0;52.0;12.0;20.9;17;6;6;0;1.0;2.0;2.0;20-09-2024;6.08;1;30;930;293;75;0;0;1;0;0;0;0;0;1;0;0;0;0;0;0;0;1;0;0;0;0;1
18;0.0;30.0;17.0;80.6;17.0;25.2;40;6;8;0;3.0;2.0;1.0;05-09-2024;10.51;0;30;930;293;75;0;0;1;0;0;0;0;0;1;0;0;0;0;0;0;0;1;0;0;0;1;0
24;0.0;8.1;18.0;89.6;27.0;56.0;62;2;8;1;;4.0;3.0;06-09-2024;16.47;0;30;980;247;60;0;0;0;1;0;0;0;0;1;0;0;0;0;0;1;0;0;0;0;0;1;0
19;2.0;38.6;;67.9;19.0;33.6;53;8;9;1;2.0;2.0;2.0;25-09-2024;14.69;0;28;710;325;60;1;0;0;0;0;0;0;0;1;0;0;0;0;0;1;0;0;0;0;1;0;0
20;1.0;5.2;13.0;97.0;56.0;141.6;142;1;13;9;4.0;5.0;4.0;17-09-2024;19.76;0;30;830;282;65;0;1;0;0;0;0;0;0;1;0;0;1;0;0;0;0;0;0;0;0;1;0
18;2.0;2.8;13.0;89.1;44.0;67.9;110;3;6;5;4.0;3.0;3.0;17-09-2024;18.12;0;30;810;265;81;0;0;0;0;0;0;1;0;1;0;0;0;0;0;0;1;0;0;0;0;1;0
18;0.0;;3.0;75.1;38.0;54.6;77;4;9;5;5.0;;4.0;16-09-2024;17.91;0;30;930;293;75;0;0;1;0;0;0;0;0;1;0;0;0;0;0;0;0;1;0;0;0;1;0
20;3.0;24.8;18.0;88.0;21.0;25.6;27;3;9;8;5.0;3.0;3.0;12-09-2024;17.87;0;30;980;247;60;0;0;0;1;0;0;0;0;1;0;0;0;0;0;1;0;0;0;0;0;1;0
20;0.0;20.1;6.0;86.3;46.0;36.2;87;0;7;4;4.0;4.0;3.0;18-09-2024;15.75;0;30;830;282;65;0;1;0;0;0;0;0;0;0;0;1;1;0;0;0;0;0;0;0;0;1;0
20;1.0;12.4;0.0;76.6;42.0;55.1;93;2;7;5;3.0;3.0;2.0;12-09-2024;13.91;0;30;980;247;60;0;0;0;1;0;0;0;0;0;0;1;0;0;0;1;0;0;0;0;0;1;0
17;0.0;6.0;;67.7;5.0;0.7;1;4;8;2;3.0;2.0;2.0;03-09-2024;7.0;1;30;930;293;75;0;0;1;0;0;0;0;0;1;0;0;0;0;0;0;0;1;0;0;1;0;0
20;;16.1;15.0;85.0;20.0;36.1;38;4;6;3;4.0;3.0;4.0;24-09-2024;17.85;0;30;620;263;66;0;0;0;0;0;0;0;1;0;0;1;0;0;1;0;0;0;0;0;0;1;0
21;0.0;42.1;14.0;80.0;16.0;24.4;32;5;9;1;1.0;2.0;2.0;16-09-2024;4.77;1;30;980;247;60;0;0;0;1;0;0;0;0;1;0;0;0;0;0;1;0;0;0;0;1;0;0
19;2.0;13.4;5.0;52.9;24.0;40.3;54;4;6;0;2.0;3.0;2.0;18-09-2024;3.03;1;30;830;282;65;0;1;0;0;0;0;0;0;0;1;0;1;0;0;0;0;0;0;0;0;1;0
23;2.0;51.0;;75.1;27.0;55.7;67;6;6;6;3.0;3.0;4.0;04-09-2024;16.71;0;30;930;293;75;0;0;1;0;0;0;0;0;1;0;0;0;0;0;0;0;1;1;0;0;0;0
20;1.0;0.7;26.0;71.3;25.0;19.1;68;4;5;1;3.0;5.0;3.0;20-09-2024;5.18;1;30;980;247;60;0;0;0;1;0;0;0;0;1;0;0;0;0;0;1;0;0;0;0;0;0;1
21;1.0;16.5;4.0;78.2;12.0;23.3;20;6;6;1;2.0;2.0;3.0;16-09-2024;5.97;1;28;710;325;60;1;0;0;0;0;0;0;0;1;0;0;0;0;0;1;0;0;1;0;0;0;0
25;0.0;19.8;10.0;64.9;15.0;28.0;39;4;12;3;;2.0;;10-09-2024;7.52;1;28;710;325;60;1;0;0;0;0;0;0;0;1;0;0;0;0;0;1;0;0;0;0;0;1;0
20;0.0;21.3;;74.6;18.0;22.5;35;4;8;3;4.0;5.0;4.0;24-09-2024;14.45;0;30;980;247;60;0;0;0;1;0;0;0;0;1;0;0;0;0;0;1;0;0;0;0;1;0;0
18;0.0;9.6;;73.4;;59.9;57;6;8;5;4.0;4.0;4.0;10-09-2024;15.75;0;30;930;293;75;0;0;1;0;0;0;0;0;1;0;0;0;0;0;0;0;1;1;0;0;0;0
17;2.0;15.9;28.0;69.4;12.0;10.4;34;6;11;5;3.0;;4.0;05-09-2024;2.11;1;30;980;247;60;0;0;0;1;0;0;0;0;0;0;1;0;0;0;1;0;0;0;0;0;1;0
23;1.0;45.1;0.0;87.4;34.0;50.6;98;1;13;7;5.0;4.0;4.0;03-09-2024;17.29;0;30;930;293;75;0;0;1;0;0;0;0;0;1;0;0;0;0;0;0;0;1;1;0;0;0;0
23;0.0;4.0;;79.4;39.0;55.4;83;0;11;5;4.0;3.0;3.0;25-09-2024;15.19;0;30;980;247;60;0;0;0;1;0;0;0;0;0;0;1;0;0;0;1;0;0;0;0;0;1;0
21;2.0;8.5;25.0;55.1;22.0;27.0;52;7;7;0;3.0;2.0;1.0;20-09-2024;1.97;1;30;810;265;81;0;0;0;0;0;0;1;0;1;0;0;0;0;0;0;1;0;0;0;0;1;0
20;0.0;1.1;11.0;90.6;49.0;62.9;90;1;12;12;4.0;3.0;5.0;06-09-2024;15.53;0;30;620;263;66;0;0;0;0;0;0;0;1;1;0;0;0;0;1;0;0;0;0;0;1;0;0
19;3.0;59.9;23.0;80.3;18.0;32.2;41;5;6;2;4.0;4.0;1.0;04-09-2024;16.01;0;30;620;263;66;0;0;0;0;0;0;0;1;1;0;0;0;0;1;0;0;0;0;0;0;1;0
22;1.0;3.9;;73.9;3.0;7.0;18;4;5;2;4.0;;3.0;09-09-2024;4.3;1;30;930;293;75;0;0;1;0;0;0;0;0;0;1;0;0;0;0;0;0;1;0;0;1;0;0
18;2.0;32.3;;64.9;19.0;33.1;49;6;6;2;4.0;3.0;2.0;23-09-2024;5.64;1;30;830;282;65;0;1;0;0;0;0;0;0;1;0;0;1;0;0;0;0;0;0;0;0;1;0
18;0.0;25.7;25.0;76.0;34.0;55.7;61;0;6;1;2.0;3.0;;16-09-2024;14.32;0;30;810;265;81;0;0;0;0;0;0;1;0;1;0;0;0;0;0;0;1;0;0;0;1;0;0
24;3.0;11.0;13.0;85.2;66.0;29.4;159;1;10;10;5.0;4.0;3.0;06-09-2024;19.44;0;28;710;325;60;1;0;0;0;0;0;0;0;0;1;0;0;0;0;1;0;0;0;0;0;1;0
17;1.0;4.2;0.0;89.8;60.0;68.5;131;2;9;7;5.0;4.0;5.0;17-09-2024;18.28;0;30;830;282;65;0;1;0;0;0;0;0;0;0;0;1;1;0;0;0;0;0;0;0;0;1;0
19;2.0;22.7;9.0;65.9;36.0;46.1;61;5;12;5;3.0;3.0;3.0;05-09-2024;17.28;0;30;830;282;65;0;1;0;0;0;0;0;0;1;0;0;1;0;0;0;0;0;0;0;0;1;0
19;2.0;4.6;8.0;66.7;7.0;3.7;19;3;8;1;3.0;;1.0;05-09-2024;5.28;1;28;710;325;60;1;0;0;0;0;0;0;0;0;0;1;0;0;0;1;0;0;0;0;0;1;0
18;1.0;15.8;8.0;85.7;29.0;27.8;67;4;7;8;5.0;5.0;2.0;17-09-2024;17.26;0;30;830;282;65;0;1;0;0;0;0;0;0;1;0;0;1;0;0;0;0;0;0;0;0;1;0
19;0.0;3.6;28.0;67.6;35.0;69.8;72;4;8;1;3.0;3.0;4.0;13-09-2024;16.91;0;30;810;265;81;0;0;0;0;0;0;1;0;1;0;0;0;0;0;0;1;0;0;0;0;1;0
22;0.0;10.4;0.0;76.9;66.0;116.6;176;2;9;3;3.0;2.0;3.0;04-09-2024;17.32;0;30;980;247;60;0;0;0;1;0;0;0;0;0;0;1;0;0;0;1;0;0;0;0;0;1;0
21;2.0;1.4;9.0;64.1;26.0;42.5;61;8;10;0;1.0;;1.0;23-09-2024;6.84;1;30;810;265;81;0;0;0;0;0;0;1;0;1;0;0;0;0;0;0;1;0;0;0;0;1;0
18;0.0;1.6;12.0;84.7;55.0;80.9;149;1;13;8;5.0;;4.0;26-09-2024;18.9;0;30;810;265;81;0;0;0;0;0;0;1;0;1;0;0;0;0;0;0;1;0;0;0;0;1;0
18;2.0;;3.0;85.7;32.0;65.1;57;3;6;5;3.0;4.0;5.0;27-09-2024;16.13;0;28;550;256;64;0;0;0;0;0;1;0;0;1;0;0;0;0;0;1;0;0;0;0;1;0;0
19;;49.6;19.0;79.8;29.0;38.1;68;1;11;8;5.0;5.0;4.0;18-09-2024;19.16;0;30;980;247;60;0;0;0;1;0;0;0;0;1;0;0;0;0;0;1;0;0;0;0;0;1;0
18;1.0;8.6;8.0;67.6;33.0;63.5;64;4;10;3;5.0;4.0;5.0;17-09-2024;17.4;0;30;930;293;75;0;0;1;0;0;0;0;0;1;0;0;0;0;0;0;0;1;0;0;0;1;0
18;0.0;8.4;;87.5;36.0;75.8;69;4;11;4;3.0;5.0;3.0;11-09-2024;15.35;0;30;830;282;65;0;1;0;0;0;0;0;0;0;1;0;1;0;0;0;0;0;1;0;0;0;0
18;0.0;9.1;13.0;97.0;78.0;170.5;148;0;13;10;5.0;5.0;4.0;03-09-2024;19.88;0;30;810;265;81;0;0;0;0;0;0;1;0;1;0;0;0;0;0;0;1;0;0;0;0;1;0
20;3.0;8.8;5.0;61.3;24.0;42.0;73;6;8;3;3.0;3.0;4.0;20-09-2024;15.44;0;30;830;282;65;0;1;0;0;0;0;0;0;1;0;0;1;0;0;0;0;0;0;0;0;1;0
18;2.0;2.8;23.0;93.2;39.0;45.9;96;3;11;7;3.0;4.0;4.0;04-09-2024;16.67;0;28;480;265;78;0;0;0;0;1;0;0;0;0;0;1;0;1;0;0;0;0;0;0;0;1;0
18;0.0;4.5;0.0;71.3;22.0;27.2;49;3;8;0;2.0;4.0;2.0;25-09-2024;4.36;1;30;980;247;60;0;0;0;1;0;0;0;0;1;0;0;0;0;0;1;0;0;0;0;0;1;0
18;3.0;4.8;0.0;62.0;20.0;27.3;24;3;9;0;5.0;3.0;1.0;09-09-2024;15.34;0;28;710;325;60;1;0;0;0;0;0;0;0;1;0;0;0;0;0;1;0;0;0;0;0;1;0
18;0.0;1.1;;80.1;49.0;96.2;108;2;12;4;;5.0;3.0;19-09-2024;18.73;0;30;620;263;66;0;0;0;0;0;0;0;1;1;0;0;0;0;1;0;0;0;0;0;0;1;0
17;2.0;6.6;3.0;80.8;14.0;20.8;44;4;10;1;3.0;3.0;3.0;09-09-2024;12.63;0;30;980;247;60;0;0;0;1;0;0;0;0;0;0;1;0;0;0;1;0;0;0;0;0;1;0
20;1.0;48.2;;63.3;16.0;32.1;38;7;7;0;1.0;3.0;2.0;03-09-2024;0.29;1;28;710;325;60;1;0;0;0;0;0;0;0;0;1;0;0;0;0;1;0;0;0;0;1;0;0
19;0.0;0.1;0.0;99.8;30.0;59.9;58;3;9;4;5.0;;5.0;12-09-2024;18.89;0;28;550;256;64;0;0;0;0;0;1;0;0;1;0;0;0;0;0;1;0;0;0;0;0;1;0
17;1.0;;19.0;98.2;36.0;48.6;78;3;8;3;5.0;3.0;3.0;26-09-2024;18.44;0;30;830;282;65;0;1;0;0;0;0;0;0;1;0;0;1;0;0;0;0;0;0;0;0;1;0
22;1.0;3.5;;68.9;10.0;3.5;15;5;8;2;1.0;;;13-09-2024;6.4;1;30;930;293;75;0;0;1;0;0;0;0;0;1;0;0;0;0;0;0;0;1;0;0;1;0;0
19;0.0;7.0;7.0;65.6;31.0;32.7;43;1;11;6;4.0;3.0;4.0;16-09-2024;17.63;0;30;930;293;75;0;0;1;0;0;0;0;0;1;0;0;0;0;0;0;0;1;0;0;0;1;0
21;2.0;4.6;;57.9;3.0;8.8;29;6;6;0;3.0;2.0;1.0;27-09-2024;12.62;0;30;980;247;60;0;0;0;1;0;0;0;0;1;0;0;0;0;0;1;0;0;0;0;0;1;0
19;3.0;3.1;0.0;90.6;43.0;69.3;63;1;12;8;5.0;;;18-09-2024;18.72;0;30;930;293;75;0;0;1;0;0;0;0;0;0;1;0;0;0;0;0;0;1;0;0;1;0;0
19;1.0;1.5;11.0;82.8;29.0;50.3;45;3;10;3;3.0;4.0;4.0;03-09-2024;13.55;0;28;480;265;78;0;0;0;0;1;0;0;0;0;0;1;0;1;0;0;0;0;0;0;0;0;1
21;2.0;18.4;18.0;67.8;24.0;26.3;51;1;9;7;3.0;3.0;3.0;18-09-2024;16.24;0;30;620;263;66;0;0;0;0;0;0;0;1;1;0;0;0;0;1;0;0;0;0;1;0;0;0
20;0.0;3.3;0.0;95.6;35.0;50.5;70;3;8;9;3.0;5.0;3.0;23-09-2024;16.31;0;28;710;325;60;1;0;0;0;0;0;0;0;0;0;1;0;0;0;1;0;0;0;0;1;0;0
20;1.0;5.3;8.0;89.1;33.0;29.6;60;5;6;5;4.0;3.0;4.0;26-09-2024;15.35;0;30;810;265;81;0;0;0;0;0;0;1;0;1;0;0;0;0;0;0;1;0;0;0;0;1;0
18;1.0;29.6;6.0;98.6;19.0;41.5;41;3;9;3;4.0;5.0;4.0;13-09-2024;16.64;0;30;930;293;75;0;0;1;0;0;0;0;0;0;0;1;0;0;0;0;0;1;0;0;0;1;0
20;1.0;8.1;18.0;54.8;4.0;4.6;10;7;7;0;2.0;3.0;2.0;25-09-2024;4.72;1;30;810;265;81;0;0;0;0;0;0;1;0;1;0;0;0;0;0;0;1;0;0;0;0;1;0
20;0.0;38.4;7.0;84.7;26.0;48.2;61;3;11;2;3.0;3.0;3.0;04-09-2024;15.14;0;28;710;325;60;1;0;0;0;0;0;0;0;0;1;0;0;0;0;1;0;0;0;0;1;0;0
22;1.0;19.7;0.0;72.0;12.0;8.3;33;5;10;0;2.0;1.0;3.0;13-09-2024;13.42;0;28;480;265;78;0;0;0;0;1;0;0;0;1;0;0;0;1;0;0;0;0;0;0;1;0;0
20;0.0;4.9;16.0;93.0;25.0;15.6;61;3;7;5;1.0;2.0;4.0;27-09-2024;12.79;0;30;620;263;66;0;0;0;0;0;0;0;1;0;1;0;0;0;1;0;0;0;0;0;0;1;0
17;0.0;21.8;8.0;98.1;;31.8;82;1;13;6;3.0;5.0;3.0;02-09-2024;15.5;0;30;980;247;60;0;0;0;1;0;0;0;0;0;0;1;0;0;0;1;0;0;0;0;0;1;0
18;0.0;9.2;0.0;79.0;20.0;32.0;38;4;6;2;3.0;2.0;2.0;27-09-2024;6.14;1;28;480;265;78;0;0;0;0;1;0;0;0;1;0;0;0;1;0;0;0;0;0;0;0;1;0
21;0.0;4.6;0.0;84.6;34.0;36.9;76;4;11;9;4.0;5.0;3.0;18-09-2024;16.38;0;28;480;265;78;0;0;0;0;1;0;0;0;1;0;0;0;1;0;0;0;0;0;0;1;0;0
18;0.0;22.4;;79.2;29.0;65.0;66;2;11;6;5.0;4.0;2.0;03-09-2024;17.32;0;30;620;263;66;0;0;0;0;0;0;0;1;1;0;0;0;0;1;0;0;0;0;0;0;1;0
20;0.0;1.1;25.0;92.2;37.0;32.0;93;1;10;6;5.0;5.0;3.0;02-09-2024;18.25;0;28;710;325;60;1;0;0;0;0;0;0;0;1;0;0;0;0;0;1;0;0;0;0;1;0;0
19;0.0;46.6;4.0;82.5;33.0;53.5;74;7;9;2;2.0;2.0;2.0;03-09-2024;13.0;0;30;830;282;65;0;1;0;0;0;0;0;0;1;0;0;1;0;0;0;0;0;0;0;0;1;0
19;0.0;17.0;24.0;82.5;44.0;53.3;62;4;5;3;5.0;3.0;1.0;11-09-2024;15.19;0;30;620;263;66;0;0;0;0;0;0;0;1;0;1;0;0;0;1;0;0;0;0;0;0;1;0
20;1.0;9.6;17.0;71.4;15.0;26.3;48;7;7;1;2.0;3.0;2.0;16-09-2024;2.75;1;28;710;325;60;1;0;0;0;0;0;0;0;1;0;0;0;0;0;1;0;0;0;0;1;0;0
18;;39.8;25.0;69.7;22.0;34.8;61;5;8;4;3.0;4.0;3.0;11-09-2024;12.82;0;28;550;256;64;0;0;0;0;0;1;0;0;1;0;0;0;0;0;1;0;0;0;0;1;0;0
20;0.0;5.5;0.0;59.2;26.0;37.9;58;3;8;1;3.0;3.0;4.0;19-09-2024;16.6;0;30;620;263;66;0;0;0;0;0;0;0;1;1;0;0;0;0;1;0;0;0;0;0;1;0;0
18;0.0;61.8;;67.9;33.0;50.0;89;8;8;2;2.0;3.0;1.0;11-09-2024;3.52;1;28;710;325;60;1;0;0;0;0;0;0;0;0;1;0;0;0;0;1;0;0;0;0;0;1;0
17;1.0;52.1;4.0;89.6;25.0;26.3;74;4;7;4;4.0;4.0;1.0;26-09-2024;13.11;0;28;710;325;60;1;0;0;0;0;0;0;0;0;1;0;0;0;0;1;0;0;0;0;0;1;0
20;0.0;39.5;0.0;53.8;11.0;8.9;14;5;5;0;2.0;3.0;;19-09-2024;5.03;1;28;710;325;60;1;0;0;0;0;0;0;0;1;0;0;0;0;0;1;0;0;0;0;1;0;0
18;0.0;12.8;0.0;72.6;9.0;13.7;23;5;7;1;1.0;4.0;2.0;23-09-2024;3.93;1;28;480;265;78;0;0;0;0;1;0;0;0;0;0;1;0;1;0;0;0;0;0;0;0;0;1
20;0.0;10.1;0.0;92.8;25.0;35.2;57;2;8;1;4.0;2.0;3.0;05-09-2024;18.62;0;30;620;263;66;0;0;0;0;0;0;0;1;1;0;0;0;0;1;0;0;0;0;0;0;1;0
18;1.0;7.1;26.0;84.1;29.0;50.6;41;7;7;2;3.0;;2.0;11-09-2024;16.97;0;30;620;263;66;0;0;0;0;0;0;0;1;1;0;0;0;0;1;0;0;0;0;0;0;1;0
17;1.0;9.0;22.0;80.4;38.0;42.4;56;4;9;1;5.0;4.0;3.0;12-09-2024;17.62;0;30;980;247;60;0;0;0;1;0;0;0;0;1;0;0;0;0;0;1;0;0;0;0;0;1;0
18;0.0;13.1;15.0;71.5;33.0;29.5;81;2;9;4;3.0;3.0;2.0;20-09-2024;10.68;0;30;810;265;81;0;0;0;0;0;0;1;0;0;1;0;0;0;0;0;1;0;0;0;0;1;0
19;0.0;8.8;18.0;86.3;32.0;38.2;87;5;7;2;3.0;3.0;2.0;09-09-2024;8.11;1;30;930;293;75;0;0;1;0;0;0;0;0;0;0;1;0;0;0;0;0;1;0;0;0;1;0
21;0.0;15.5;6.0;61.7;3.0;3.3;10;3;7;0;1.0;3.0;;02-09-2024;6.81;1;30;930;293;75;0;0;1;0;0;0;0;0;1;0;0;0;0;0;0;0;1;0;0;1;0;0
18;1.0;1.3;0.0;74.7;28.0;54.8;66;1;8;0;3.0;4.0;3.0;27-09-2024;14.15;0;30;810;265;81;0;0;0;0;0;0;1;0;0;1;0;0;0;0;0;1;0;0;1;0;0;0
21;0.0;10.5;22.0;99.8;34.0;42.0;113;3;9;4;5.0;5.0;4.0;10-09-2024;16.72;0;28;480;265;78;0;0;0;0;1;0;0;0;0;0;1;0;1;0;0;0;0;0;0;0;1;0
18;;4.2;10.0;73.6;22.0;40.9;36;7;7;1;2.0;3.0;;02-09-2024;6.29;1;30;930;293;75;0;0;1;0;0;0;0;0;1;0;0;0;0;0;0;0;1;0;0;0;1;0
19;0.0;0.6;12.0;84.3;38.0;51.4;68;3;10;4;1.0;3.0;1.0;06-09-2024;18.84;0;30;830;282;65;0;1;0;0;0;0;0;0;1;0;0;1;0;0;0;0;0;0;1;0;0;0
22;1.0;13.6;9.0;83.8;32.0;46.7;90;4;6;4;3.0;4.0;2.0;17-09-2024;16.28;0;28;550;256;64;0;0;0;0;0;1;0;0;1;0;0;0;0;0;1;0;0;0;0;0;1;0
17;1.0;;;70.8;21.0;29.2;55;4;8;4;;2.0;3.0;20-09-2024;17.06;0;30;980;247;60;0;0;0;1;0;0;0;0;1;0;0;0;0;0;1;0;0;0;0;0;1;0
18;1.0;38.8;0.0;65.2;4.0;9.4;1;5;5;0;1.0;;2.0;05-09-2024;6.7;1;30;980;247;60;0;0;0;1;0;0;0;0;1;0;0;0;0;0;1;0;0;0;0;0;1;0
18;1.0;25.5;8.0;82.6;11.0;11.8;32;9;9;3;3.0;2.0;2.0;10-09-2024;6.09;1;30;980;247;60;0;0;0;1;0;0;0;0;1;0;0;0;0;0;1;0;0;0;0;1;0;0
20;0.0;6.7;7.0;81.2;49.0;69.1;97;4;8;5;3.0;2.0;5.0;19-09-2024;17.15;0;30;980;247;60;0;0;0;1;0;0;0;0;0;0;1;0;0;0;1;0;0;0;1;0;0;0
22;0.0;26.3;8.0;89.7;22.0;28.7;55;6;8;3;3.0;3.0;3.0;09-09-2024;16.38;0;30;930;293;75;0;0;1;0;0;0;0;0;0;1;0;0;0;0;0;0;1;0;0;0;1;0
22;1.0;41.8;0.0;71.2;29.0;43.7;67;5;11;3;;4.0;1.0;18-09-2024;8.15;1;30;620;263;66;0;0;0;0;0;0;0;1;1;0;0;0;0;1;0;0;0;0;0;0;1;0
18;0.0;14.0;24.0;98.6;43.0;71.4;124;2;10;7;5.0;4.0;3.0;19-09-2024;19.58;0;30;980;247;60;0;0;0;1;0;0;0;0;1;0;0;0;0;0;1;0;0;0;0;0;1;0
19;1.0;6.4;0.0;79.4;28.0;44.3;52;3;7;6;2.0;3.0;4.0;02-09-2024;15.3;0;28;550;256;64;0;0;0;0;0;1;0;0;0;1;0;0;0;0;1;0;0;0;0;1;0;0
21;1.0;0.1;18.0;87.2;53.0;87.3;133;1;10;5;5.0;5.0;3.0;03-09-2024;19.26;0;30;620;263;66;0;0;0;0;0;0;0;1;0;0;1;0;0;1;0;0;0;0;0;0;1;0
19;1.0;2.8;0.0;66.5;3.0;2.4;16;3;5;0;3.0;3.0;2.0;02-09-2024;5.82;1;30;830;282;65;0;1;0;0;0;0;0;0;1;0;0;1;0;0;0;0;0;0;0;1;0;0
19;0.0;30.6;7.0;97.4;31.0;52.7;72;0;10;4;2.0;3.0;3.0;09-09-2024;18.08;0;28;710;325;60;1;0;0;0;0;0;0;0;1;0;0;0;0;0;1;0;0;0;0;0;1;0
21;1.0;59.8;11.0;76.9;25.0;48.6;80;3;8;4;3.0;4.0;2.0;06-09-2024;14.76;0;30;620;263;66;0;0;0;0;0;0;0;1;0;0;1;0;0;1;0;0;0;0;0;0;1;0
19;0.0;27.3;24.0;82.9;40.0;50.6;95;1;13;9;5.0;5.0;5.0;09-09-2024;16.26;0;30;620;263;66;0;0;0;0;0;0;0;1;1;0;0;0;0;1;0;0;0;0;0;0;1;0
18;0.0;4.4;19.0;77.6;13.0;10.7;24;4;11;4;4.0;2.0;3.0;06-09-2024;9.67;1;28;550;256;64;0;0;0;0;0;1;0;0;1;0;0;0;0;0;1;0;0;1;0;0;0;0
20;1.0;41.7;8.0;79.8;29.0;46.4;57;2;11;8;3.0;5.0;1.0;19-09-2024;18.09;0;30;830;282;65;0;1;0;0;0;0;0;0;1;0;0;1;0;0;0;0;0;0;0;1;0;0
21;1.0;6.7;;84.4;48.0;82.9;114;0;13;6;4.0;4.0;4.0;11-09-2024;16.91;0;30;930;293;75;0;0;1;0;0;0;0;0;1;0;0;0;0;0;0;0;1;0;0;0;1;0
19;0.0;22.0;20.0;90.5;43.0;49.9;113;4;9;2;3.0;5.0;2.0;11-09-2024;14.01;0;30;980;247;60;0;0;0;1;0;0;0;0;0;1;0;0;0;0;1;0;0;0;0;1;0;0
21;1.0;6.5;0.0;88.0;37.0;64.0;106;7;11;4;4.0;2.0;2.0;17-09-2024;12.72;0;30;830;282;65;0;1;0;0;0;0;0;0;1;0;0;1;0;0;0;0;0;0;0;1;0;0
18;2.0;10.4;23.0;88.2;43.0;50.0;85;7;10;5;3.0;2.0;3.0;09-09-2024;17.27;0;28;550;256;64;0;0;0;0;0;1;0;0;1;0;0;0;0;0;1;0;0;0;0;0;1;0
21;1.0;51.8;26.0;64.5;8.0;13.1;11;3;4;0;3.0;4.0;1.0;03-09-2024;6.25;1;30;620;263;66;0;0;0;0;0;0;0;1;1;0;0;0;0;1;0;0;0;0;0;0;1;0
18;0.0;26.2;10.0;75.7;18.0;28.6;49;5;6;0;3.0;4.0;2.0;20-09-2024;5.21;1;30;980;247;60;0;0;0;1;0;0;0;0;0;1;0;0;0;0;1;0;0;0;0;0;1;0
18;1.0;30.5;;79.5;20.0;33.7;20;4;6;5;4.0;4.0;2.0;25-09-2024;15.77;0;30;620;263;66;0;0;0;0;0;0;0;1;1;0;0;0;0;1;0;0;0;0;1;0;0;0
19;0.0;24.7;13.0;70.4;35.0;53.3;83;7;9;2;4.0;3.0;;10-09-2024;14.85;0;30;930;293;75;0;0;1;0;0;0;0;0;1;0;0;0;0;0;0;0;1;0;0;0;0;1
18;1.0;6.1;23.0;75.3;41.0;52.5;113;3;10;6;2.0;3.0;4.0;16-09-2024;16.18;0;28;550;256;64;0;0;0;0;0;1;0;0;1;0;0;0;0;0;1;0;0;0;0;0;1;0
17;1.0;10.7;0.0;69.5;10.0;10.7;30;3;6;0;1.0;1.0;;06-09-2024;10.21;0;30;930;293;75;0;0;1;0;0;0;0;0;1;0;0;0;0;0;0;0;1;0;0;0;1;0
22;0.0;4.1;13.0;84.6;36.0;50.2;54;2;10;4;4.0;4.0;2.0;12-09-2024;13.6;0;30;980;247;60;0;0;0;1;0;0;0;0;1;0;0;0;0;0;1;0;0;0;0;0;1;0
21;0.0;20.3;16.0;80.9;26.0;30.8;69;10;10;6;3.0;2.0;4.0;05-09-2024;14.78;0;30;830;282;65;0;1;0;0;0;0;0;0;1;0;0;1;0;0;0;0;0;0;0;0;1;0
23;;10.3;14.0;81.8;43.0;45.4;106;0;11;5;5.0;4.0;2.0;25-09-2024;19.56;0;28;710;325;60;1;0;0;0;0;0;0;0;1;0;0;0;0;0;1;0;0;0;0;0;1;0
21;1.0;;0.0;74.9;19.0;29.4;43;6;9;1;2.0;3.0;3.0;13-09-2024;2.77;1;30;620;263;66;0;0;0;0;0;0;0;1;1;0;0;0;0;1;0;0;0;0;0;1;0;0
19;2.0;4.3;0.0;89.3;32.0;40.9;60;4;7;5;4.0;3.0;3.0;12-09-2024;16.45;0;30;980;247;60;0;0;0;1;0;0;0;0;1;0;0;0;0;0;1;0;0;0;0;0;1;0
20;2.0;;7.0;95.3;50.0;50.0;100;2;11;10;5.0;5.0;3.0;06-09-2024;17.98;0;30;810;265;81;0;0;0;0;0;0;1;0;0;0;1;0;0;0;0;1;0;0;0;0;1;0
19;1.0;0.5;6.0;79.6;49.0;101.8;98;6;12;2;5.0;4.0;2.0;20-09-2024;17.95;0;28;480;265;78;0;0;0;0;1;0;0;0;1;0;0;0;1;0;0;0;0;0;0;0;1;0
23;1.0;8.2;;98.4;36.0;45.3;51;2;10;7;5.0;3.0;5.0;16-09-2024;18.33;0;28;480;265;78;0;0;0;0;1;0;0;0;1;0;0;0;1;0;0;0;0;0;0;0;1;0
19;1.0;2.8;17.0;75.9;26.0;45.7;54;5;10;0;3.0;4.0;;23-09-2024;14.99;0;30;980;247;60;0;0;0;1;0;0;0;0;1;0;0;0;0;0;1;0;0;0;0;0;1;0
22;0.0;48.4;0.0;75.4;13.0;22.9;27;2;8;4;4.0;4.0;2.0;16-09-2024;4.19;1;28;550;256;64;0;0;0;0;0;1;0;0;0;0;1;0;0;0;1;0;0;0;0;0;1;0
18;1.0;25.6;0.0;43.5;0.0;0.0;0;3;9;0;1.0;3.0;1.0;25-09-2024;7.45;1;30;980;247;60;0;0;0;1;0;0;0;0;1;0;0;0;0;0;1;0;0;0;0;1;0;0
21;1.0;44.8;10.0;76.0;33.0;36.6;88;5;8;3;3.0;3.0;2.0;17-09-2024;14.71;0;30;930;293;75;0;0;1;0;0;0;0;0;0;0;1;0;0;0;0;0;1;0;0;0;1;0
21;2.0;5.8;18.0;83.2;24.0;22.0;54;3;7;2;4.0;3.0;;06-09-2024;15.41;0;30;930;293;75;0;0;1;0;0;0;0;0;0;0;1;0;0;0;0;0;1;0;0;1;0;0
18;2.0;8.0;0.0;75.7;23.0;34.4;36;6;6;2;3.0;2.0;2.0;04-09-2024;5.7;1;30;620;263;66;0;0;0;0;0;0;0;1;0;0;1;0;0;1;0;0;0;0;0;1;0;0
19;1.0;2.0;7.0;62.0;23.0;29.2;56;4;8;3;1.0;3.0;1.0;12-09-2024;4.72;1;28;710;325;60;1;0;0;0;0;0;0;0;1;0;0;0;0;0;1;0;0;0;1;0;0;0
22;2.0;5.0;13.0;67.0;3.0;6.6;9;5;8;1;1.0;1.0;4.0;10-09-2024;2.72;1;28;710;325;60;1;0;0;0;0;0;0;0;0;1;0;0;0;0;1;0;0;0;0;0;0;1
20;1.0;12.1;23.0;42.5;0.0;0.0;0;5;5;0;2.0;2.0;1.0;11-09-2024;1.82;1;30;810;265;81;0;0;0;0;0;0;1;0;0;0;1;0;0;0;0;1;0;0;0;0;1;0
18;0.0;10.5;25.0;79.4;34.0;72.9;92;4;9;8;3.0;3.0;3.0;10-09-2024;16.04;0;28;550;256;64;0;0;0;0;0;1;0;0;1;0;0;0;0;0;1;0;0;0;0;0;1;0
25;2.0;21.8;0.0;89.5;44.0;68.1;82;3;9;4;4.0;5.0;3.0;04-09-2024;16.57;0;30;930;293;75;0;0;1;0;0;0;0;0;1;0;0;0;0;0;0;0;1;0;0;0;1;0
18;1.0;2.9;0.0;77.1;27.0;57.9;61;4;6;1;3.0;5.0;2.0;13-09-2024;14.57;0;30;830;282;65;0;1;0;0;0;0;0;0;0;0;1;1;0;0;0;0;0;0;0;0;1;0
22;0.0;9.0;22.0;96.5;75.0;166.4;167;0;12;10;5.0;5.0;;13-09-2024;19.84;0;30;980;247;60;0;0;0;1;0;0;0;0;1;0;0;0;0;0;1;0;0;1;0;0;0;0
17;1.0;7.0;;71.7;38.0;47.3;103;5;9;4;3.0;5.0;1.0;05-09-2024;15.09;0;30;930;293;75;0;0;1;0;0;0;0;0;0;0;1;0;0;0;0;0;1;0;0;1;0;0
22;2.0;;17.0;68.9;26.0;56.8;69;5;5;0;3.0;3.0;2.0;23-09-2024;13.77;0;30;620;263;66;0;0;0;0;0;0;0;1;1;0;0;0;0;1;0;0;0;0;0;0;1;0
21;0.0;;25.0;79.6;26.0;27.5;71;2;9;1;4.0;4.0;3.0;18-09-2024;14.66;0;30;810;265;81;0;0;0;0;0;0;1;0;1;0;0;0;0;0;0;1;0;0;0;0;1;0
18;0.0;5.7;18.0;89.8;48.0;81.0;135;2;11;2;4.0;5.0;5.0;04-09-2024;16.31;0;30;810;265;81;0;0;0;0;0;0;1;0;1;0;0;0;0;0;0;1;0;0;0;0;1;0
23;1.0;3.3;;68.7;13.0;24.3;26;6;6;0;1.0;;4.0;27-09-2024;3.26;1;30;830;282;65;0;1;0;0;0;0;0;0;0;0;1;1;0;0;0;0;0;0;0;1;0;0
20;1.0;1.8;24.0;72.7;33.0;62.9;71;7;8;3;1.0;3.0;3.0;19-09-2024;3.9;1;28;480;265;78;0;0;0;0;1;0;0;0;0;1;0;0;1;0;0;0;0;0;0;0;1;0
20;2.0;5.3;24.0;90.5;52.0;31.5;100;2;9;5;5.0;3.0;5.0;03-09-2024;16.03;0;30;930;293;75;0;0;1;0;0;0;0;0;0;1;0;0;0;0;0;0;1;0;0;0;1;0
20;0.0;34.8;10.0;55.8;20.0;26.9;47;6;6;5;1.0;4.0;2.0;24-09-2024;4.79;1;30;980;247;60;0;0;0;1;0;0;0;0;0;0;1;0;0;0;1;0;0;0;0;0;1;0
20;0.0;4.2;0.0;79.1;12.0;30.0;34;2;8;2;;5.0;3.0;10-09-2024;7.64;1;30;620;263;66;0;0;0;0;0;0;0;1;0;0;1;0;0;1;0;0;0;0;0;1;0;0
19;;16.8;9.0;73.1;30.0;46.0;76;3;7;4;2.0;;3.0;12-09-2024;13.5;0;30;830;282;65;0;1;0;0;0;0;0;0;1;0;0;1;0;0;0;0;0;0;0;0;0;1
19;2.0;25.1;0.0;74.4;31.0;49.2;58;4;11;3;2.0;3.0;4.0;06-09-2024;8.74;1;30;620;263;66;0;0;0;0;0;0;0;1;0;0;1;0;0;1;0;0;0;0;0;0;1;0
20;1.0;17.8;11.0;60.3;17.0;25.0;46;5;8;0;3.0;;3.0;26-09-2024;5.27;1;28;710;325;60;1;0;0;0;0;0;0;0;1;0;0;0;0;0;1;0;0;0;0;0;1;0
24;0.0;75.6;0.0;80.0;39.0;45.8;106;4;10;3;5.0;5.0;2.0;02-09-2024;16.25;0;30;830;282;65;0;1;0;0;0;0;0;0;1;0;0;1;0;0;0;0;0;0;0;1;0;0
20;1.0;3.0;15.0;75.0;31.0;34.8;60;7;7;3;3.0;2.0;;18-09-2024;6.95;1;28;550;256;64;0;0;0;0;0;1;0;0;1;0;0;0;0;0;1;0;0;0;0;0;1;0
19;3.0;11.6;0.0;75.1;27.0;59.4;73;2;8;2;5.0;3.0;2.0;23-09-2024;17.68;0;30;620;263;66;0;0;0;0;0;0;0;1;0;0;1;0;0;1;0;0;0;0;1;0;0;0
20;2.0;30.0;18.0;64.0;28.0;37.2;56;7;7;4;;2.0;3.0;05-09-2024;3.16;1;30;620;263;66;0;0;0;0;0;0;0;1;0;1;0;0;0;1;0;0;0;0;0;0;1;0
20;2.0;22.9;8.0;90.3;45.0;39.8;126;6;6;3;2.0;3.0;3.0;10-09-2024;17.0;0;30;930;293;75;0;0;1;0;0;0;0;0;1;0;0;0;0;0;0;0;1;0;0;1;0;0
22;0.0;1.3;19.0;73.4;19.0;13.0;40;2;6;4;3.0;2.0;;05-09-2024;12.26;0;30;810;265;81;0;0;0;0;0;0;1;0;1;0;0;0;0;0;0;1;0;0;0;0;1;0
25;1.0;15.6;10.0;72.6;23.0;49.9;44;3;7;1;3.0;3.0;1.0;17-09-2024;18.33;0;30;980;247;60;0;0;0;1;0;0;0;0;1;0;0;0;0;0;1;0;0;0;0;0;1;0
22;1.0;11.5;14.0;95.5;41.0;82.5;61;1;9;11;;5.0;4.0;23-09-2024;17.48;0;28;710;325;60;1;0;0;0;0;0;0;0;0;0;1;0;0;0;1;0;0;0;0;0;1;0
20;2.0;8.7;8.0;74.6;;26.2;42;4;7;3;3.0;2.0;2.0;19-09-2024;18.44;0;30;620;263;66;0;0;0;0;0;0;0;1;1;0;0;0;0;1;0;0;0;0;0;0;1;0
17;0.0;23.7;11.0;72.1;3.0;0.3;19;5;5;0;1.0;1.0;1.0;18-09-2024;3.99;1;30;620;263;66;0;0;0;0;0;0;0;1;0;1;0;0;0;1;0;0;0;0;0;0;1;0
17;0.0;5.7;11.0;62.2;7.0;10.7;12;4;10;0;4.0;2.0;3.0;06-09-2024;6.42;1;30;930;293;75;0;0;1;0;0;0;0;0;0;1;0;0;0;0;0;0;1;0;0;1;0;0
23;1.0;10.4;0.0;96.7;57.0;120.9;129;0;8;5;5.0;4.0;4.0;11-09-2024;19.82;0;28;710;325;60;1;0;0;0;0;0;0;0;0;0;1;0;0;0;1;0;0;0;0;0;1;0
23;1.0;4.1;9.0;93.3;40.0;77.4;58;1;12;4;3.0;5.0;5.0;09-09-2024;17.99;0;30;830;282;65;0;1;0;0;0;0;0;0;0;1;0;1;0;0;0;0;0;0;0;1;0;0
17;0.0;;;87.5;31.0;44.1;59;3;9;3;4.0;;4.0;13-09-2024;14.2;0;30;620;263;66;0;0;0;0;0;0;0;1;1;0;0;0;0;1;0;0;0;0;0;0;1;0
18;0.0;32.0;11.0;75.8;57.0;100.9;153;4;6;5;2.0;3.0;;04-09-2024;15.47;0;30;810;265;81;0;0;0;0;0;0;1;0;0;1;0;0;0;0;0;1;0;0;0;1;0;0
17;1.0;2.8;11.0;96.5;41.0;51.5;78;3;8;5;4.0;2.0;5.0;03-09-2024;16.88;0;30;980;247;60;0;0;0;1;0;0;0;0;1;0;0;0;0;0;1;0;0;1;0;0;0;0
17;2.0;11.3;9.0;78.8;39.0;35.0;92;5;8;9;;5.0;4.0;10-09-2024;19.14;0;30;930;293;75;0;0;1;0;0;0;0;0;1;0;0;0;0;0;0;0;1;0;0;0;1;0
18;0.0;7.2;9.0;74.9;32.0;32.4;98;3;9;2;3.0;1.0;3.0;03-09-2024;15.89;0;28;480;265;78;0;0;0;0;1;0;0;0;1;0;0;0;1;0;0;0;0;0;0;0;0;1
20;0.0;36.8;23.0;62.5;37.0;34.2;93;3;7;1;4.0;3.0;1.0;24-09-2024;4.9;1;28;710;325;60;1;0;0;0;0;0;0;0;0;0;1;0;0;0;1;0;0;0;0;0;1;0
23;0.0;16.5;0.0;70.1;9.0;9.6;22;7;9;1;2.0;2.0;2.0;27-09-2024;2.68;1;30;620;263;66;0;0;0;0;0;0;0;1;0;0;1;0;0;1;0;0;0;0;0;1;0;0
17;0.0;18.9;13.0;90.1;34.0;40.2;64;2;9;2;3.0;;2.0;26-09-2024;13.06;0;28;710;325;60;1;0;0;0;0;0;0;0;1;0;0;0;0;0;1;0;0;0;0;0;0;1
20;0.0;3.6;;96.9;46.0;63.8;95;1;11;4;5.0;5.0;3.0;26-09-2024;19.79;0;30;980;247;60;0;0;0;1;0;0;0;0;1;0;0;0;0;0;1;0;0;0;0;0;1;0
20;0.0;2.0;17.0;90.8;29.0;47.3;39;3;7;1;4.0;3.0;2.0;19-09-2024;13.14;0;28;480;265;78;0;0;0;0;1;0;0;0;1;0;0;0;1;0;0;0;0;0;0;0;1;0
19;0.0;4.3;10.0;79.2;29.0;26.6;65;4;7;5;4.0;4.0;4.0;23-09-2024;15.97;0;30;810;265;81;0;0;0;0;0;0;1;0;1;0;0;0;0;0;0;1;0;0;0;0;1;0
21;2.0;11.7;13.0;67.6;6.0;10.2;21;5;5;0;3.0;3.0;1.0;09-09-2024;13.07;0;28;550;256;64;0;0;0;0;0;1;0;0;1;0;0;0;0;0;1;0;0;0;0;1;0;0
21;2.0;4.2;9.0;72.0;;32.8;32;4;5;0;2.0;4.0;2.0;17-09-2024;7.94;1;28;550;256;64;0;0;0;0;0;1;0;0;1;0;0;0;0;0;1;0;0;0;0;0;1;0
20;0.0;15.2;0.0;79.5;12.0;14.9;31;6;6;1;1.0;3.0;1.0;02-09-2024;3.87;1;30;930;293;75;0;0;1;0;0;0;0;0;0;0;1;0;0;0;0;0;1;0;0;1;0;0
20;1.0;;16.0;83.7;49.0;53.6;97;5;10;6;2.0;3.0;3.0;03-09-2024;17.45;0;30;980;247;60;0;0;0;1;0;0;0;0;1;0;0;0;0;0;1;0;0;0;1;0;0;0
18;2.0;2.4;9.0;93.3;30.0;34.4;70;1;11;8;4.0;4.0;5.0;04-09-2024;15.49;0;28;550;256;64;0;0;0;0;0;1;0;0;1;0;0;0;0;0;1;0;0;0;0;0;0;1
19;0.0;21.7;0.0;93.3;26.0;43.3;69;2;9;6;5.0;4.0;4.0;18-09-2024;19.32;0;28;550;256;64;0;0;0;0;0;1;0;0;1;0;0;0;0;0;1;0;0;0;0;0;1;0
21;2.0;;7.0;75.1;24.0;32.5;58;4;7;2;1.0;3.0;4.0;20-09-2024;5.59;1;30;620;263;66;0;0;0;0;0;0;0;1;0;0;1;0;0;1;0;0;0;0;0;1;0;0
22;0.0;26.5;16.0;49.7;0.0;0.0;0;7;7;0;1.0;;1.0;17-09-2024;1.15;1;30;620;263;66;0;0;0;0;0;0;0;1;1;0;0;0;0;1;0;0;0;0;0;0;1;0
20;0.0;14.0;14.0;83.6;30.0;35.5;75;2;8;0;3.0;4.0;4.0;12-09-2024;14.09;0;28;710;325;60;1;0;0;0;0;0;0;0;1;0;0;0;0;0;1;0;0;0;1;0;0;0
21;;17.0;0.0;81.5;8.0;13.9;20;7;7;0;1.0;3.0;2.0;23-09-2024;5.36;1;30;930;293;75;0;0;1;0;0;0;0;0;0;0;1;0;0;0;0;0;1;1;0;0;0;0
25;1.0;8.6;13.0;56.0;10.0;9.7;22;8;8;0;2.0;2.0;2.0;17-09-2024;0.98;1;28;710;325;60;1;0;0;0;0;0;0;0;0;0;1;0;0;0;1;0;0;0;0;1;0;0
21;2.0;20.8;;72.8;21.0;46.2;39;7;8;3;3.0;2.0;2.0;17-09-2024;7.22;1;28;550;256;64;0;0;0;0;0;1;0;0;1;0;0;0;0;0;1;0;0;0;0;1;0;0
18;2.0;32.0;10.0;64.5;25.0;29.6;39;5;5;2;3.0;3.0;1.0;04-09-2024;6.03;1;30;830;282;65;0;1;0;0;0;0;0;0;1;0;0;1;0;0;0;0;0;0;1;0;0;0
22;0.0;7.7;0.0;68.9;23.0;47.7;51;3;10;1;;3.0;2.0;23-09-2024;12.44;0;30;980;247;60;0;0;0;1;0;0;0;0;0;1;0;0;0;0;1;0;0;0;0;0;1;0
19;1.0;4.2;;83.2;33.0;63.7;98;1;8;4;3.0;4.0;4.0;19-09-2024;14.63;0;28;550;256;64;0;0;0;0;0;1;0;0;1;0;0;0;0;0;1;0;0;0;0;0;1;0
20;1.0;39.7;12.0;67.1;35.0;43.3;80;7;8;5;2.0;3.0;2.0;04-09-2024;6.45;1;30;980;247;60;0;0;0;1;0;0;0;0;1;0;0;0;0;0;1;0;0;0;0;1;0;0
20;0.0;1.1;;97.7;41.0;92.4;81;3;9;3;4.0;5.0;3.0;17-09-2024;19.43;0;28;710;325;60;1;0;0;0;0;0;0;0;1;0;0;0;0;0;1;0;0;0;0;0;1;0
17;1.0;;7.0;72.4;10.0;6.7;15;2;6;5;2.0;5.0;2.0;02-09-2024;16.95;0;30;930;293;75;0;0;1;0;0;0;0;0;0;0;1;0;0;0;0;0;1;0;1;0;0;0
23;1.0;14.9;11.0;66.2;;39.9;74;2;7;3;;4.0;4.0;19-09-2024;14.82;0;30;830;282;65;0;1;0;0;0;0;0;0;0;0;1;1;0;0;0;0;0;1;0;0;0;0
18;1.0;5.9;0.0;88.8;35.0;64.1;107;6;10;7;2.0;1.0;3.0;03-09-2024;15.28;0;28;480;265;78;0;0;0;0;1;0;0;0;0;1;0;0;1;0;0;0;0;0;0;0;1;0
19;1.0;12.9;6.0;71.0;10.0;5.7;15;5;9;1;;2.0;1.0;11-09-2024;4.93;1;30;930;293;75;0;0;1;0;0;0;0;0;0;0;1;0;0;0;0;0;1;0;0;0;1;0
19;0.0;32.7;26.0;60.9;6.0;8.0;1;6;6;0;2.0;3.0;1.0;04-09-2024;2.09;1;28;710;325;60;1;0;0;0;0;0;0;0;0;1;0;0;0;0;1;0;0;0;0;1;0;0
18;0.0;9.6;23.0;90.7;30.0;48.5;96;5;8;3;3.0;4.0;2.0;09-09-2024;13.89;0;30;830;282;65;0;1;0;0;0;0;0;0;1;0;0;1;0;0;0;0;0;0;0;0;1;0
19;0.0;20.1;;91.1;31.0;39.0;70;3;9;1;2.0;;2.0;25-09-2024;12.59;0;30;830;282;65;0;1;0;0;0;0;0;0;0;1;0;1;0;0;0;0;0;0;1;0;0;0
21;0.0;5.2;16.0;83.7;18.0;32.2;53;3;11;3;3.0;4.0;2.0;27-09-2024;17.16;0;30;980;247;60;0;0;0;1;0;0;0;0;0;1;0;0;0;0;1;0;0;0;0;0;1;0
25;0.0;4.3;0.0;66.1;19.0;18.8;65;6;6;0;2.0;2.0;2.0;24-09-2024;15.77;0;30;980;247;60;0;0;0;1;0;0;0;0;0;0;1;0;0;0;1;0;0;0;0;0;1;0
18;1.0;29.6;;80.7;40.0;88.7;74;6;9;5;4.0;5.0;4.0;05-09-2024;14.21;0;30;620;263;66;0;0;0;0;0;0;0;1;0;0;1;0;0;1;0;0;0;0;0;0;1;0
22;0.0;0.6;11.0;68.4;14.0;23.1;33;7;7;3;2.0;3.0;2.0;25-09-2024;4.6;1;30;930;293;75;0;0;1;0;0;0;0;0;0;0;1;0;0;0;0;0;1;0;0;0;1;0
18;0.0;;21.0;54.9;;24.4;28;3;6;0;2.0;2.0;1.0;09-09-2024;4.2;1;30;980;247;60;0;0;0;1;0;0;0;0;1;0;0;0;0;0;1;0;0;0;1;0;0;0
18;2.0;6.3;11.0;66.4;22.0;40.5;20;4;6;1;3.0;2.0;2.0;10-09-2024;6.5;1;30;810;265;81;0;0;0;0;0;0;1;0;0;1;0;0;0;0;0;1;0;0;0;0;1;0
20;2.0;;8.0;86.7;50.0;77.1;101;4;8;3;5.0;5.0;2.0;12-09-2024;18.76;0;30;980;247;60;0;0;0;1;0;0;0;0;1;0;0;0;0;0;1;0;0;0;0;1;0;0
19;3.0;21.5;;48.3;35.0;51.0;101;5;5;0;3.0;3.0;3.0;24-09-2024;4.56;1;28;710;325;60;1;0;0;0;0;0;0;0;1;0;0;0;0;0;1;0;0;0;0;0;1;0
19;2.0;9.9;11.0;61.9;27.0;25.3;79;5;5;1;2.0;;3.0;02-09-2024;7.83;1;30;980;247;60;0;0;0;1;0;0;0;0;1;0;0;0;0;0;1;0;0;0;0;0;1;0
19;1.0;5.7;0.0;66.7;3.0;2.0;2;5;5;1;2.0;2.0;2.0;18-09-2024;5.39;1;30;930;293;75;0;0;1;0;0;0;0;0;0;0;1;0;0;0;0;0;1;0;0;0;1;0
22;0.0;0.5;0.0;71.4;20.0;17.4;52;5;12;0;5.0;2.0;3.0;03-09-2024;15.66;0;28;710;325;60;1;0;0;0;0;0;0;0;0;0;1;0;0;0;1;0;0;0;0;1;0;0
18;0.0;12.8;27.0;68.3;;36.2;72;5;5;0;1.0;1.0;4.0;02-09-2024;4.1;1;30;830;282;65;0;1;0;0;0;0;0;0;1;0;0;1;0;0;0;0;0;0;0;0;1;0
18;0.0;3.1;17.0;66.8;29.0;37.2;63;4;5;0;2.0;2.0;2.0;13-09-2024;5.5;1;30;830;282;65;0;1;0;0;0;0;0;0;1;0;0;1;0;0;0;0;0;0;0;0;1;0
18;3.0;20.3;8.0;84.8;35.0;49.3;113;4;12;3;3.0;3.0;3.0;12-09-2024;17.36;0;30;620;263;66;0;0;0;0;0;0;0;1;0;1;0;0;0;1;0;0;0;0;0;0;1;0
18;0.0;12.4;12.0;75.6;33.0;56.2;61;6;6;1;3.0;1.0;4.0;10-09-2024;16.98;0;30;830;282;65;0;1;0;0;0;0;0;0;1;0;0;1;0;0;0;0;0;0;0;0;1;0
18;2.0;79.8;0.0;89.9;41.0;91.5;68;2;9;6;5.0;4.0;2.0;24-09-2024;17.75;0;28;480;265;78;0;0;0;0;1;0;0;0;0;0;1;0;1;0;0;0;0;0;0;0;1;0
18;1.0;17.7;0.0;86.0;42.0;75.5;76;2;13;5;5.0;4.0;3.0;20-09-2024;19.24;0;28;480;265;78;0;0;0;0;1;0;0;0;1;0;0;0;1;0;0;0;0;0;0;0;1;0
22;1.0;7.4;19.0;75.8;20.0;31.8;47;4;8;2;2.0;3.0;3.0;02-09-2024;5.08;1;28;550;256;64;0;0;0;0;0;1;0;0;0;0;1;0;0;0;1;0;0;0;0;0;1;0
19;1.0;28.0;13.0;79.4;23.0;52.5;49;3;7;7;5.0;3.0;2.0;11-09-2024;15.36;0;28;480;265;78;0;0;0;0;1;0;0;0;1;0;0;0;1;0;0;0;0;0;0;0;0;1
19;3.0;7.8;;78.4;19.0;36.8;43;7;8;2;4.0;4.0;;09-09-2024;14.77;0;30;980;247;60;0;0;0;1;0;0;0;0;1;0;0;0;0;0;1;0;0;0;0;0;1;0
21;2.0;9.2;12.0;90.6;44.0;72.0;81;1;8;5;4.0;5.0;4.0;13-09-2024;17.62;0;30;930;293;75;0;0;1;0;0;0;0;0;0;0;1;0;0;0;0;0;1;0;0;1;0;0
22;;2.0;6.0;83.7;22.0;22.8;72;4;12;2;2.0;4.0;2.0;25-09-2024;16.12;0;28;480;265;78;0;0;0;0;1;0;0;0;1;0;0;0;1;0;0;0;0;0;0;1;0;0
21;0.0;7.0;26.0;83.4;12.0;23.3;18;6;7;2;2.0;;3.0;25-09-2024;5.9;1;30;810;265;81;0;0;0;0;0;0;1;0;0;1;0;0;0;0;0;1;0;0;0;0;1;0
20;0.0;4.1;20.0;79.1;44.0;74.3;92;4;6;3;3.0;3.0;5.0;12-09-2024;13.21;0;30;930;293;75;0;0;1;0;0;0;0;0;0;0;1;0;0;0;0;0;1;0;0;1;0;0
24;3.0;11.6;0.0;84.1;26.0;36.7;54;0;9;7;5.0;4.0;2.0;02-09-2024;17.97;0;30;930;293;75;0;0;1;0;0;0;0;0;0;0;1;0;0;0;0;0;1;0;0;0;1;0
19;0.0;8.3;23.0;66.3;28.0;41.7;94;4;10;4;2.0;3.0;5.0;17-09-2024;7.82;1;28;710;325;60;1;0;0;0;0;0;0;0;0;0;1;0;0;0;1;0;0;0;0;0;1;0
18;0.0;5.4;13.0;74.2;10.0;23.3;16;9;9;3;4.0;3.0;2.0;17-09-2024;4.02;1;30;980;247;60;0;0;0;1;0;0;0;0;0;0;1;0;0;0;1;0;0;0;0;0;1;0
21;0.0;12.5;8.0;78.4;26.0;46.9;45;0;8;8;4.0;5.0;3.0;25-09-2024;15.99;0;30;980;247;60;0;0;0;1;0;0;0;0;1;0;0;0;0;0;1;0;0;0;0;1;0;0
18;2.0;;3.0;79.9;21.0;38.5;44;4;9;1;4.0;4.0;4.0;27-09-2024;16.99;0;30;810;265;81;0;0;0;0;0;0;1;0;1;0;0;0;0;0;0;1;0;0;0;0;1;0
21;0.0;8.8;18.0;63.9;19.0;36.6;39;4;4;0;;4.0;2.0;25-09-2024;7.33;1;30;930;293;75;0;0;1;0;0;0;0;0;1;0;0;0;0;0;0;0;1;0;0;0;1;0
17;1.0;3.3;28.0;98.2;47.0;66.6;113;0;9;6;5.0;4.0;4.0;03-09-2024;19.21;0;28;710;325;60;1;0;0;0;0;0;0;0;1;0;0;0;0;0;1;0;0;0;1;0;0;0
21;;20.9;0.0;94.6;50.0;115.5;137;3;11;9;5.0;5.0;5.0;03-09-2024;18.75;0;28;550;256;64;0;0;0;0;0;1;0;0;0;0;1;0;0;0;1;0;0;0;0;1;0;0
21;1.0;17.8;8.0;73.7;35.0;52.4;77;5;10;1;1.0;3.0;3.0;12-09-2024;15.13;0;30;980;247;60;0;0;0;1;0;0;0;0;1;0;0;0;0;0;1;0;0;0;1;0;0;0
22;;3.6;6.0;84.9;46.0;50.6;109;4;9;3;4.0;4.0;3.0;06-09-2024;15.97;0;30;980;247;60;0;0;0;1;0;0;0;0;1;0;0;0;0;0;1;0;0;0;0;0;1;0
20;2.0;3.0;10.0;67.2;16.0;35.0;20;1;8;3;4.0;4.0;4.0;20-09-2024;5.22;1;30;810;265;81;0;0;0;0;0;0;1;0;0;0;1;0;0;0;0;1;0;0;0;1;0;0
18;0.0;7.7;0.0;55.1;18.0;15.2;21;6;6;0;3.0;;3.0;05-09-2024;2.29;1;30;980;247;60;0;0;0;1;0;0;0;0;0;0;1;0;0;0;1;0;0;0;0;0;1;0
20;1.0;7.0;0.0;85.7;25.0;43.9;41;1;9;2;5.0;4.0;2.0;25-09-2024;18.34;0;30;980;247;60;0;0;0;1;0;0;0;0;1;0;0;0;0;0;1;0;0;0;0;0;1;0
21;3.0;13.1;0.0;82.2;6.0;7.0;4;3;8;0;3.0;4.0;2.0;16-09-2024;14.8;0;30;810;265;81;0;0;0;0;0;0;1;0;0;0;1;0;0;0;0;1;0;0;0;0;1;0
22;2.0;30.1;8.0;94.4;37.0;47.2;61;4;11;4;3.0;5.0;3.0;06-09-2024;17.34;0;30;620;263;66;0;0;0;0;0;0;0;1;1;0;0;0;0;1;0;0;0;0;0;1;0;0
21;1.0;1.0;0.0;80.9;11.0;20.2;33;3;11;2;4.0;2.0;;05-09-2024;16.32;0;30;930;293;75;0;0;1;0;0;0;0;0;1;0;0;0;0;0;0;0;1;0;0;1;0;0
20;1.0;4.1;4.0;77.1;3.0;6.7;26;6;6;0;1.0;3.0;5.0;24-09-2024;5.49;1;28;550;256;64;0;0;0;0;0;1;0;0;1;0;0;0;0;0;1;0;0;0;0;0;1;0
20;;;10.0;77.4;22.0;13.9;46;4;8;1;3.0;;3.0;16-09-2024;14.11;0;30;810;265;81;0;0;0;0;0;0;1;0;0;1;0;0;0;0;0;1;0;0;0;0;1;0
19;3.0;16.7;0.0;96.6;43.0;81.7;87;1;13;3;5.0;4.0;4.0;20-09-2024;19.29;0;30;830;282;65;0;1;0;0;0;0;0;0;1;0;0;1;0;0;0;0;0;0;0;1;0;0
20;2.0;1.8;18.0;71.6;24.0;40.8;24;3;10;2;4.0;4.0;4.0;23-09-2024;16.15;0;28;710;325;60;1;0;0;0;0;0;0;0;0;0;1;0;0;0;1;0;0;0;0;0;1;0
18;1.0;11.9;;62.9;33.0;45.2;82;7;9;2;3.0;3.0;1.0;16-09-2024;5.93;1;30;930;293;75;0;0;1;0;0;0;0;0;1;0;0;0;0;0;0;0;1;0;0;0;1;0
22;0.0;18.5;6.0;84.8;26.0;43.2;59;5;6;3;3.0;;2.0;06-09-2024;13.78;0;30;930;293;75;0;0;1;0;0;0;0;0;0;1;0;0;0;0;0;0;1;0;0;1;0;0
21;0.0;;11.0;86.1;22.0;24.1;41;3;11;2;5.0;3.0;3.0;24-09-2024;13.4;0;30;620;263;66;0;0;0;0;0;0;0;1;0;0;1;0;0;1;0;0;0;0;0;0;1;0
18;0.0;5.0;10.0;84.6;11.0;12.2;28;10;10;0;1.0;1.0;1.0;18-09-2024;1.08;1;30;810;265;81;0;0;0;0;0;0;1;0;0;1;0;0;0;0;0;1;0;0;1;0;0;0
19;2.0;34.5;0.0;90.5;25.0;27.3;62;2;10;3;3.0;4.0;2.0;27-09-2024;15.59;0;30;980;247;60;0;0;0;1;0;0;0;0;0;0;1;0;0;0;1;0;0;0;0;0;1;0
19;1.0;14.4;13.0;69.5;3.0;2.3;7;4;7;1;4.0;4.0;2.0;12-09-2024;16.16;0;30;620;263;66;0;0;0;0;0;0;0;1;0;0;1;0;0;1;0;0;0;0;0;0;1;0
19;1.0;17.4;;86.3;27.0;38.8;42;4;8;4;3.0;5.0;;10-09-2024;14.61;0;30;980;247;60;0;0;0;1;0;0;0;0;1;0;0;0;0;0;1;0;0;0;0;0;1;0
19;0.0;9.9;10.0;74.4;21.0;25.3;55;5;10;2;3.0;4.0;2.0;11-09-2024;13.21;0;30;810;265;81;0;0;0;0;0;0;1;0;0;0;1;0;0;0;0;1;0;1;0;0;0;0
17;0.0;3.3;13.0;99.2;42.0;60.8;68;2;10;6;5.0;5.0;5.0;05-09-2024;18.13;0;30;930;293;75;0;0;1;0;0;0;0;0;0;0;1;0;0;0;0;0;1;0;0;0;1;0
21;2.0;24.5;0.0;79.9;23.0;45.7;61;2;8;6;5.0;3.0;4.0;11-09-2024;17.54;0;28;710;325;60;1;0;0;0;0;0;0;0;1;0;0;0;0;0;1;0;0;0;0;0;0;1
20;1.0;1.2;0.0;58.1;34.0;61.7;53;8;8;2;2.0;3.0;3.0;03-09-2024;2.54;1;28;710;325;60;1;0;0;0;0;0;0;0;0;0;1;0;0;0;1;0;0;0;1;0;0;0
25;2.0;5.9;;70.7;38.0;64.4;94;4;10;0;;3.0;2.0;03-09-2024;17.95;0;28;550;256;64;0;0;0;0;0;1;0;0;1;0;0;0;0;0;1;0;0;0;0;0;1;0
18;1.0;17.0;0.0;87.1;48.0;100.3;90;2;11;1;4.0;4.0;4.0;24-09-2024;17.12;0;30;810;265;81;0;0;0;0;0;0;1;0;1;0;0;0;0;0;0;1;0;0;0;1;0;0
20;;2.8;;72.7;;47.1;51;3;10;6;2.0;4.0;5.0;06-09-2024;16.23;0;30;930;293;75;0;0;1;0;0;0;0;0;1;0;0;0;0;0;0;0;1;0;0;1;0;0
20;1.0;2.6;;64.3;36.0;50.2;68;7;9;2;4.0;4.0;2.0;16-09-2024;5.53;1;30;980;247;60;0;0;0;1;0;0;0;0;0;0;1;0;0;0;1;0;0;0;0;0;1;0
19;1.0;16.8;0.0;34.8;0.0;0.0;0;5;5;0;2.0;4.0;2.0;25-09-2024;1.24;1;30;830;282;65;0;1;0;0;0;0;0;0;1;0;0;1;0;0;0;0;0;0;0;1;0;0
19;0.0;28.9;;91.9;45.0;42.5;128;2;10;2;5.0;4.0;4.0;23-09-2024;16.93;0;28;710;325;60;1;0;0;0;0;0;0;0;1;0;0;0;0;0;1;0;0;0;0;1;0;0
18;0.0;8.4;13.0;83.4;45.0;54.9;73;5;10;3;3.0;3.0;4.0;23-09-2024;15.3;0;30;930;293;75;0;0;1;0;0;0;0;0;1;0;0;0;0;0;0;0;1;0;0;1;0;0
18;1.0;4.2;27.0;72.8;9.0;12.3;36;6;11;3;3.0;4.0;;04-09-2024;5.15;1;30;810;265;81;0;0;0;0;0;0;1;0;0;0;1;0;0;0;0;1;0;0;0;0;1;0
19;2.0;29.1;0.0;80.7;14.0;16.0;27;3;9;0;2.0;4.0;3.0;26-09-2024;16.34;0;28;710;325;60;1;0;0;0;0;0;0;0;0;0;1;0;0;0;1;0;0;0;0;0;1;0
18;1.0;1.5;18.0;73.2;21.0;23.2;26;1;8;0;1.0;2.0;4.0;23-09-2024;5.01;1;30;930;293;75;0;0;1;0;0;0;0;0;0;1;0;0;0;0;0;0;1;0;0;0;1;0
17;1.0;10.4;25.0;82.4;17.0;31.5;56;6;8;3;3.0;3.0;3.0;16-09-2024;6.71;1;30;810;265;81;0;0;0;0;0;0;1;0;0;0;1;0;0;0;0;1;0;0;0;0;1;0
22;1.0;;10.0;75.2;28.0;39.3;49;7;8;0;4.0;5.0;1.0;03-09-2024;15.37;0;28;550;256;64;0;0;0;0;0;1;0;0;0;0;1;0;0;0;1;0;0;0;0;0;1;0
17;;0.0;13.0;60.4;3.0;0.3;14;5;5;0;3.0;3.0;3.0;11-09-2024;9.47;1;30;830;282;65;0;1;0;0;0;0;0;0;1;0;0;1;0;0;0;0;0;0;0;0;1;0
17;0.0;66.3;0.0;78.8;26.0;36.5;46;4;10;3;4.0;;3.0;10-09-2024;15.59;0;28;550;256;64;0;0;0;0;0;1;0;0;0;1;0;0;0;0;1;0;0;0;0;0;1;0
20;0.0;0.5;14.0;71.7;41.0;66.9;88;4;6;1;3.0;4.0;;13-09-2024;15.86;0;30;980;247;60;0;0;0;1;0;0;0;0;0;0;1;0;0;0;1;0;0;0;0;0;1;0
19;3.0;49.4;3.0;93.6;34.0;46.6;88;2;8;4;2.0;2.0;1.0;19-09-2024;17.54;0;30;830;282;65;0;1;0;0;0;0;0;0;0;1;0;1;0;0;0;0;0;0;0;0;1;0
18;3.0;13.4;10.0;84.0;35.0;62.1;80;7;9;3;2.0;2.0;3.0;20-09-2024;15.96;0;28;710;325;60;1;0;0;0;0;0;0;0;1;0;0;0;0;0;1;0;0;0;0;0;1;0
17;2.0;9.7;;74.4;36.0;49.5;73;2;12;2;4.0;4.0;4.0;27-09-2024;14.83;0;30;620;263;66;0;0;0;0;0;0;0;1;0;0;1;0;0;1;0;0;0;0;0;0;1;0
20;1.0;16.9;0.0;72.2;25.0;42.9;54;5;9;3;2.0;3.0;2.0;12-09-2024;12.47;0;30;980;247;60;0;0;0;1;0;0;0;0;1;0;0;0;0;0;1;0;0;0;0;0;1;0
19;0.0;7.7;4.0;82.5;36.0;38.2;78;3;7;5;3.0;4.0;4.0;02-09-2024;16.81;0;30;980;247;60;0;0;0;1;0;0;0;0;0;0;1;0;0;0;1;0;0;0;0;0;1;0
20;1.0;15.2;0.0;49.2;6.0;6.2;5;4;4;1;1.0;3.0;2.0;18-09-2024;2.71;1;30;620;263;66;0;0;0;0;0;0;0;1;1;0;0;0;0;1;0;0;0;0;0;1;0;0
18;2.0;0.4;9.0;54.9;26.0;30.7;52;6;9;0;1.0;5.0;4.0;03-09-2024;6.86;1;30;830;282;65;0;1;0;0;0;0;0;0;0;0;1;1;0;0;0;0;0;0;0;0;1;0
22;1.0;16.5;16.0;92.1;33.0;34.3;53;2;10;2;3.0;4.0;4.0;13-09-2024;17.44;0;30;930;293;75;0;0;1;0;0;0;0;0;1;0;0;0;0;0;0;0;1;0;0;1;0;0
18;1.0;28.2;17.0;83.4;43.0;57.0;123;1;10;3;4.0;4.0;;23-09-2024;16.0;0;30;620;263;66;0;0;0;0;0;0;0;1;0;1;0;0;0;1;0;0;0;0;1;0;0;0
18;1.0;20.4;7.0;77.3;33.0;67.9;59;5;13;3;;3.0;;18-09-2024;18.53;0;30;930;293;75;0;0;1;0;0;0;0;0;1;0;0;0;0;0;0;0;1;0;0;0;1;0
17;1.0;4.6;0.0;87.0;44.0;71.1;99;4;11;9;2.0;5.0;3.0;19-09-2024;15.92;0;28;710;325;60;1;0;0;0;0;0;0;0;1;0;0;0;0;0;1;0;0;0;0;1;0;0
20;1.0;24.3;;88.6;38.0;60.0;64;2;9;3;4.0;4.0;5.0;04-09-2024;17.55;0;28;550;256;64;0;0;0;0;0;1;0;0;1;0;0;0;0;0;1;0;0;0;0;0;1;0
23;0.0;8.1;0.0;75.8;21.0;30.2;49;6;9;2;4.0;;;11-09-2024;17.24;0;30;980;247;60;0;0;0;1;0;0;0;0;1;0;0;0;0;0;1;0;0;0;0;1;0;0
19;1.0;4.4;25.0;62.1;7.0;10.3;11;5;6;0;1.0;;3.0;27-09-2024;5.59;1;30;980;247;60;0;0;0;1;0;0;0;0;1;0;0;0;0;0;1;0;0;0;0;0;1;0
25;0.0;7.5;0.0;59.2;3.0;1.3;14;6;6;0;2.0;3.0;2.0;26-09-2024;1.72;1;30;830;282;65;0;1;0;0;0;0;0;0;0;0;1;1;0;0;0;0;0;0;0;0;1;0
18;1.0;40.3;10.0;86.3;43.0;100.8;111;1;11;5;5.0;3.0;3.0;16-09-2024;16.79;0;30;980;247;60;0;0;0;1;0;0;0;0;1;0;0;0;0;0;1;0;0;0;0;0;1;0
20;3.0;2.5;12.0;65.4;13.0;18.8;22;3;7;1;2.0;3.0;4.0;03-09-2024;15.82;0;30;810;265;81;0;0;0;0;0;0;1;0;1;0;0;0;0;0;0;1;0;0;0;1;0;0
21;1.0;25.8;4.0;81.7;31.0;49.9;86;2;13;3;2.0;3.0;1.0;13-09-2024;18.42;0;30;810;265;81;0;0;0;0;0;0;1;0;1;0;0;0;0;0;0;1;0;0;0;0;1;0
20;1.0;2.2;11.0;80.7;28.0;62.2;69;4;9;4;2.0;3.0;4.0;24-09-2024;2.41;1;28;710;325;60;1;0;0;0;0;0;0;0;0;0;1;0;0;0;1;0;0;0;0;0;1;0
21;2.0;14.4;12.0;71.0;19.0;22.5;35;8;8;1;1.0;1.0;1.0;02-09-2024;13.12;0;30;830;282;65;0;1;0;0;0;0;0;0;1;0;0;1;0;0;0;0;0;0;0;0;1;0
21;0.0;32.3;8.0;59.2;3.0;5.2;1;6;6;0;2.0;2.0;3.0;16-09-2024;4.24;1;30;980;247;60;0;0;0;1;0;0;0;0;1;0;0;0;0;0;1;0;0;0;0;0;1;0
18;0.0;;12.0;97.6;49.0;84.0;102;4;11;5;4.0;;3.0;23-09-2024;16.78;0;28;480;265;78;0;0;0;0;1;0;0;0;1;0;0;0;1;0;0;0;0;0;0;0;1;0
21;2.0;12.5;;62.3;18.0;31.7;47;3;7;3;3.0;3.0;2.0;03-09-2024;7.78;1;28;550;256;64;0;0;0;0;0;1;0;0;0;1;0;0;0;0;1;0;0;0;0;0;0;1
20;1.0;7.8;27.0;70.0;9.0;14.5;18;5;9;2;2.0;2.0;3.0;24-09-2024;12.7;0;30;830;282;65;0;1;0;0;0;0;0;0;1;0;0;1;0;0;0;0;0;0;0;0;1;0
21;0.0;24.5;19.0;65.6;17.0;24.7;31;5;8;0;2.0;3.0;2.0;20-09-2024;3.54;1;30;810;265;81;0;0;0;0;0;0;1;0;0;0;1;0;0;0;0;1;0;0;0;0;1;0
18;1.0;46.2;0.0;83.5;24.0;42.8;56;8;10;4;4.0;3.0;;19-09-2024;16.85;0;30;620;263;66;0;0;0;0;0;0;0;1;1;0;0;0;0;1;0;0;0;0;0;1;0;0
22;3.0;4.7;10.0;79.1;;46.8;95;4;10;3;4.0;3.0;3.0;24-09-2024;18.21;0;30;930;293;75;0;0;1;0;0;0;0;0;1;0;0;0;0;0;0;0;1;0;0;0;1;0
20;0.0;;0.0;81.3;34.0;68.1;112;3;10;2;3.0;3.0;1.0;17-09-2024;15.17;0;30;980;247;60;0;0;0;1;0;0;0;0;1;0;0;0;0;0;1;0;0;0;0;0;1;0
19;1.0;10.0;20.0;70.1;27.0;36.2;74;5;5;1;2.0;2.0;1.0;03-09-2024;8.32;1;30;830;282;65;0;1;0;0;0;0;0;0;1;0;0;1;0;0;0;0;0;0;0;0;1;0
21;0.0;36.0;15.0;73.5;19.0;36.1;35;6;6;1;3.0;2.0;1.0;11-09-2024;6.13;1;28;480;265;78;0;0;0;0;1;0;0;0;0;0;1;0;1;0;0;0;0;0;0;0;1;0
22;0.0;5.8;;83.4;24.0;48.7;51;1;8;3;;2.0;;09-09-2024;15.54;0;30;930;293;75;0;0;1;0;0;0;0;0;0;1;0;0;0;0;0;0;1;0;0;0;1;0
20;1.0;3.7;0.0;76.2;25.0;26.1;39;4;11;1;3.0;3.0;3.0;17-09-2024;13.99;0;30;620;263;66;0;0;0;0;0;0;0;1;1;0;0;0;0;1;0;0;0;0;0;1;0;0
21;0.0;3.6;;92.8;45.0;71.8;103;3;11;6;;4.0;3.0;13-09-2024;14.61;0;30;980;247;60;0;0;0;1;0;0;0;0;0;0;1;0;0;0;1;0;0;0;0;0;1;0
18;2.0;12.9;0.0;80.8;38.0;56.7;98;5;7;0;5.0;4.0;4.0;11-09-2024;19.0;0;30;830;282;65;0;1;0;0;0;0;0;0;0;0;1;1;0;0;0;0;0;0;0;1;0;0
19;1.0;0.9;11.0;78.0;22.0;32.5;50;0;8;2;5.0;;4.0;27-09-2024;16.96;0;30;620;263;66;0;0;0;0;0;0;0;1;1;0;0;0;0;1;0;0;0;0;0;0;1;0
19;2.0;8.5;8.0;75.4;61.0;94.8;119;1;13;6;4.0;5.0;4.0;26-09-2024;16.72;0;30;980;247;60;0;0;0;1;0;0;0;0;0;1;0;0;0;0;1;0;0;0;0;0;1;0
19;2.0;6.6;8.0;90.8;45.0;64.4;102;4;9;1;3.0;3.0;3.0;13-09-2024;14.15;0;28;710;325;60;1;0;0;0;0;0;0;0;1;0;0;0;0;0;1;0;0;0;0;0;1;0
19;0.0;2.4;18.0;79.5;33.0;50.8;62;4;10;2;2.0;2.0;4.0;18-09-2024;7.65;1;30;930;293;75;0;0;1;0;0;0;0;0;1;0;0;0;0;0;0;0;1;0;1;0;0;0
20;1.0;4.3;10.0;79.5;32.0;37.5;60;2;9;3;2.0;5.0;3.0;16-09-2024;17.65;0;30;930;293;75;0;0;1;0;0;0;0;0;1;0;0;0;0;0;0;0;1;0;0;0;1;0
21;1.0;1.9;6.0;76.9;51.0;25.0;105;4;12;5;3.0;2.0;4.0;12-09-2024;14.32;0;28;710;325;60;1;0;0;0;0;0;0;0;1;0;0;0;0;0;1;0;0;0;0;0;1;0
20;2.0;8.5;15.0;93.5;17.0;31.2;42;3;8;2;2.0;5.0;3.0;26-09-2024;15.31;0;30;930;293;75;0;0;1;0;0;0;0;0;0;0;1;0;0;0;0;0;1;0;1;0;0;0
20;3.0;3.4;10.0;89.9;30.0;45.4;60;1;12;1;4.0;2.0;3.0;18-09-2024;17.35;0;30;620;263;66;0;0;0;0;0;0;0;1;1;0;0;0;0;1;0;0;0;0;0;0;1;0
18;0.0;22.8;25.0;74.6;24.0;38.0;49;6;11;2;4.0;3.0;2.0;16-09-2024;4.68;1;30;830;282;65;0;1;0;0;0;0;0;0;0;0;1;1;0;0;0;0;0;0;0;1;0;0
20;2.0;30.1;17.0;86.9;28.0;41.6;50;3;12;8;4.0;4.0;4.0;18-09-2024;17.57;0;30;930;293;75;0;0;1;0;0;0;0;0;0;0;1;0;0;0;0;0;1;0;1;0;0;0
23;0.0;17.7;0.0;82.9;23.0;25.6;60;2;13;5;4.0;2.0;3.0;27-09-2024;17.74;0;30;810;265;81;0;0;0;0;0;0;1;0;1;0;0;0;0;0;0;1;0;0;0;0;1;0
18;0.0;2.5;25.0;73.7;23.0;29.7;48;2;7;7;2.0;;2.0;09-09-2024;13.73;0;28;550;256;64;0;0;0;0;0;1;0;0;1;0;0;0;0;0;1;0;0;0;0;0;1;0
19;1.0;2.8;11.0;67.3;13.0;23.1;26;5;6;1;3.0;2.0;3.0;04-09-2024;6.97;1;28;710;325;60;1;0;0;0;0;0;0;0;1;0;0;0;0;0;1;0;0;0;0;0;1;0
17;1.0;43.6;3.0;79.2;21.0;38.6;59;3;12;2;3.0;4.0;2.0;03-09-2024;12.98;0;30;980;247;60;0;0;0;1;0;0;0;0;1;0;0;0;0;0;1;0;0;0;0;0;1;0
19;0.0;2.4;0.0;95.5;41.0;80.2;88;2;10;6;2.0;5.0;5.0;17-09-2024;17.66;0;30;930;293;75;0;0;1;0;0;0;0;0;0;1;0;0;0;0;0;0;1;0;0;0;1;0
18;2.0;2.1;26.0;83.8;24.0;37.5;50;0;8;3;3.0;3.0;3.0;05-09-2024;12.83;0;30;930;293;75;0;0;1;0;0;0;0;0;0;0;1;0;0;0;0;0;1;0;0;0;0;1
22;2.0;8.4;28.0;74.3;3.0;0.3;5;1;7;0;3.0;2.0;3.0;05-09-2024;7.18;1;30;830;282;65;0;1;0;0;0;0;0;0;0;0;1;1;0;0;0;0;0;1;0;0;0;0
18;1.0;6.5;0.0;63.3;20.0;22.7;51;5;8;3;2.0;4.0;2.0;10-09-2024;12.57;0;30;930;293;75;0;0;1;0;0;0;0;0;0;1;0;0;0;0;0;0;1;0;0;0;1;0
18;0.0;0.1;0.0;40.6;;0.0;0;6;6;0;1.0;2.0;1.0;24-09-2024;0.67;1;30;980;247;60;0;0;0;1;0;0;0;0;1;0;0;0;0;0;1;0;0;0;0;0;0;1
18;0.0;23.5;14.0;90.1;51.0;84.8;98;4;8;6;5.0;4.0;4.0;05-09-2024;18.07;0;30;620;263;66;0;0;0;0;0;0;0;1;0;0;1;0;0;1;0;0;0;0;0;0;1;0
20;0.0;15.7;0.0;60.3;20.0;41.1;50;8;8;0;1.0;4.0;2.0;13-09-2024;4.11;1;30;810;265;81;0;0;0;0;0;0;1;0;1;0;0;0;0;0;0;1;0;0;0;0;1;0
17;;7.6;22.0;74.5;5.0;7.3;15;0;10;3;4.0;2.0;2.0;02-09-2024;3.54;1;28;550;256;64;0;0;0;0;0;1;0;0;0;0;1;0;0;0;1;0;0;0;0;0;1;0
21;0.0;13.7;0.0;79.4;33.0;38.5;83;2;9;1;5.0;4.0;5.0;10-09-2024;19.45;0;30;930;293;75;0;0;1;0;0;0;0;0;1;0;0;0;0;0;0;0;1;0;0;0;1;0
19;3.0;23.8;;87.5;35.0;49.3;67;0;10;7;4.0;3.0;5.0;16-09-2024;19.55;0;28;480;265;78;0;0;0;0;1;0;0;0;1;0;0;0;1;0;0;0;0;0;0;0;1;0
18;0.0;10.8;0.0;85.3;27.0;36.6;73;4;11;3;3.0;;3.0;27-09-2024;15.48;0;30;930;293;75;0;0;1;0;0;0;0;0;1;0;0;0;0;0;0;0;1;0;0;0;1;0
18;0.0;1.7;7.0;71.0;22.0;40.4;45;4;6;1;2.0;;3.0;03-09-2024;2.15;1;30;980;247;60;0;0;0;1;0;0;0;0;0;0;1;0;0;0;1;0;0;0;0;0;1;0
19;2.0;15.4;23.0;86.9;31.0;32.4;93;4;12;5;3.0;4.0;5.0;18-09-2024;16.68;0;28;480;265;78;0;0;0;0;1;0;0;0;1;0;0;0;1;0;0;0;0;0;0;1;0;0
20;1.0;4.0;11.0;80.1;31.0;42.7;32;3;10;2;4.0;5.0;3.0;25-09-2024;16.98;0;30;620;263;66;0;0;0;0;0;0;0;1;0;0;1;0;0;1;0;0;0;0;0;1;0;0
17;3.0;50.1;19.0;40.7;0.0;0.0;0;4;4;0;2.0;2.0;1.0;02-09-2024;1.47;1;30;930;293;75;0;0;1;0;0;0;0;0;1;0;0;0;0;0;0;0;1;0;0;0;1;0
22;3.0;60.7;0.0;70.2;15.0;17.5;25;6;8;0;2.0;1.0;1.0;02-09-2024;6.3;1;30;810;265;81;0;0;0;0;0;0;1;0;0;0;1;0;0;0;0;1;0;0;0;0;1;0
19;2.0;9.6;4.0;78.6;11.0;11.1;21;7;7;0;3.0;;;02-09-2024;7.44;1;28;550;256;64;0;0;0;0;0;1;0;0;1;0;0;0;0;0;1;0;0;0;0;1;0;0
19;0.0;10.5;13.0;83.8;25.0;32.5;77;3;7;3;4.0;4.0;;26-09-2024;15.67;0;28;550;256;64;0;0;0;0;0;1;0;0;1;0;0;0;0;0;1;0;0;0;0;0;1;0
19;2.0;22.6;0.0;68.5;12.0;10.1;12;4;6;0;1.0;;2.0;12-09-2024;6.88;1;28;480;265;78;0;0;0;0;1;0;0;0;1;0;0;0;1;0;0;0;0;0;0;0;1;0
19;2.0;;15.0;76.2;25.0;38.5;49;4;8;2;1.0;;3.0;19-09-2024;12.29;0;30;620;263;66;0;0;0;0;0;0;0;1;0;0;1;0;0;1;0;0;0;0;0;0;1;0
20;2.0;11.9;0.0;59.6;21.0;29.3;61;5;5;0;4.0;5.0;1.0;16-09-2024;7.11;1;30;930;293;75;0;0;1;0;0;0;0;0;1;0;0;0;0;0;0;0;1;0;1;0;0;0
20;1.0;;7.0;64.2;3.0;1.0;4;4;7;0;3.0;3.0;1.0;24-09-2024;3.96;1;30;980;247;60;0;0;0;1;0;0;0;0;1;0;0;0;0;0;1;0;0;0;0;0;0;1
19;1.0;4.7;23.0;73.9;21.0;25.6;50;1;9;1;3.0;5.0;3.0;27-09-2024;15.76;0;28;710;325;60;1;0;0;0;0;0;0;0;1;0;0;0;0;0;1;0;0;0;0;0;1;0
23;1.0;39.9;11.0;88.9;32.0;49.7;109;4;9;4;4.0;4.0;3.0;25-09-2024;16.46;0;30;810;265;81;0;0;0;0;0;0;1;0;0;0;1;0;0;0;0;1;0;0;0;0;1;0
20;1.0;0.2;0.0;67.9;9.0;14.4;28;7;9;3;3.0;3.0;2.0;27-09-2024;12.52;0;30;980;247;60;0;0;0;1;0;0;0;0;1;0;0;0;0;0;1;0;0;0;0;1;0;0
19;1.0;21.9;;66.7;28.0;45.2;41;6;11;5;3.0;2.0;1.0;09-09-2024;10.97;0;28;480;265;78;0;0;0;0;1;0;0;0;1;0;0;0;1;0;0;0;0;0;0;0;1;0
20;0.0;;0.0;98.6;54.0;116.2;131;2;12;3;3.0;2.0;3.0;13-09-2024;18.15;0;30;980;247;60;0;0;0;1;0;0;0;0;0;1;0;0;0;0;1;0;0;0;0;0;1;0
23;3.0;11.5;7.0;63.7;16.0;15.8;33;8;9;0;3.0;3.0;1.0;10-09-2024;2.79;1;30;830;282;65;0;1;0;0;0;0;0;0;1;0;0;1;0;0;0;0;0;1;0;0;0;0
18;1.0;2.7;;60.5;3.0;7.2;1;5;5;0;1.0;1.0;1.0;16-09-2024;0.77;1;30;810;265;81;0;0;0;0;0;0;1;0;0;0;1;0;0;0;0;1;0;0;0;0;1;0
19;1.0;17.1;12.0;92.9;42.0;51.1;79;3;10;7;4.0;4.0;3.0;11-09-2024;17.13;0;30;810;265;81;0;0;0;0;0;0;1;0;1;0;0;0;0;0;0;1;0;0;0;0;1;0
17;1.0;;21.0;72.0;29.0;24.4;53;4;12;4;3.0;3.0;2.0;09-09-2024;15.44;0;28;710;325;60;1;0;0;0;0;0;0;0;0;0;1;0;0;0;1;0;0;0;0;0;1;0
21;0.0;7.8;0.0;76.9;32.0;58.6;40;5;5;0;1.0;4.0;2.0;04-09-2024;2.57;1;30;930;293;75;0;0;1;0;0;0;0;0;1;0;0;0;0;0;0;0;1;0;0;1;0;0
21;2.0;13.3;11.0;77.7;27.0;48.2;69;7;10;1;3.0;2.0;2.0;11-09-2024;13.93;0;30;980;247;60;0;0;0;1;0;0;0;0;1;0;0;0;0;0;1;0;0;0;0;0;1;0
20;2.0;52.2;;90.2;50.0;93.3;118;5;12;6;5.0;5.0;2.0;17-09-2024;18.64;0;28;480;265;78;0;0;0;0;1;0;0;0;1;0;0;0;1;0;0;0;0;0;0;1;0;0
20;0.0;55.0;;71.5;29.0;78.0;62;4;6;3;2.0;2.0;1.0;16-09-2024;16.05;0;30;810;265;81;0;0;0;0;0;0;1;0;1;0;0;0;0;0;0;1;0;0;0;0;1;0
20;2.0;5.3;8.0;92.7;35.0;65.4;83;4;7;4;3.0;3.0;2.0;19-09-2024;15.63;0;30;620;263;66;0;0;0;0;0;0;0;1;1;0;0;0;0;1;0;0;0;0;0;0;1;0
21;;16.8;22.0;96.6;53.0;68.2;130;0;12;10;5.0;5.0;4.0;25-09-2024;18.91;0;30;620;263;66;0;0;0;0;0;0;0;1;1;0;0;0;0;1;0;0;0;0;0;0;1;0
20;2.0;5.2;;89.4;34.0;48.9;95;5;8;2;3.0;5.0;4.0;16-09-2024;16.11;0;30;830;282;65;0;1;0;0;0;0;0;0;0;0;1;1;0;0;0;0;0;0;0;0;1;0
21;2.0;19.0;11.0;84.0;36.0;61.3;83;7;9;5;;2.0;;10-09-2024;14.06;0;28;710;325;60;1;0;0;0;0;0;0;0;0;1;0;0;0;0;1;0;0;0;0;0;1;0
18;0.0;11.5;0.0;77.1;31.0;50.0;94;2;10;9;4.0;4.0;3.0;10-09-2024;16.99;0;30;980;247;60;0;0;0;1;0;0;0;0;0;0;1;0;0;0;1;0;0;0;0;0;1;0
18;0.0;29.1;0.0;74.8;25.0;34.4;52;1;7;3;4.0;3.0;5.0;23-09-2024;13.75;0;30;830;282;65;0;1;0;0;0;0;0;0;1;0;0;1;0;0;0;0;0;0;0;0;1;0
21;0.0;18.3;18.0;75.3;17.0;25.0;47;4;5;0;1.0;;2.0;03-09-2024;6.08;1;30;810;265;81;0;0;0;0;0;0;1;0;1;0;0;0;0;0;0;1;0;0;0;0;1;0
17;1.0;2.2;0.0;79.4;36.0;52.8;64;4;8;4;4.0;;2.0;11-09-2024;17.31;0;28;710;325;60;1;0;0;0;0;0;0;0;0;0;1;0;0;0;1;0;0;0;0;1;0;0
20;1.0;6.1;0.0;66.2;17.0;28.9;11;8;8;0;1.0;2.0;2.0;09-09-2024;4.29;1;28;550;256;64;0;0;0;0;0;1;0;0;1;0;0;0;0;0;1;0;0;0;0;0;1;0
18;;5.7;7.0;85.0;33.0;59.3;82;7;8;1;4.0;2.0;2.0;04-09-2024;15.04;0;30;620;263;66;0;0;0;0;0;0;0;1;1;0;0;0;0;1;0;0;0;0;0;0;1;0
25;0.0;5.7;6.0;80.2;31.0;60.7;51;4;7;1;2.0;4.0;3.0;25-09-2024;11.15;0;28;550;256;64;0;0;0;0;0;1;0;0;0;1;0;0;0;0;1;0;0;0;0;0;1;0
20;3.0;;15.0;78.4;;47.8;93;1;10;2;5.0;3.0;4.0;09-09-2024;17.73;0;30;930;293;75;0;0;1;0;0;0;0;0;0;0;1;0;0;0;0;0;1;0;1;0;0;0
19;0.0;21.5;;98.8;29.0;38.5;49;3;9;7;3.0;5.0;3.0;04-09-2024;18.14;0;30;980;247;60;0;0;0;1;0;0;0;0;1;0;0;0;0;0;1;0;0;0;0;0;1;0
19;1.0;21.8;0.0;87.6;16.0;20.7;33;5;8;7;4.0;2.0;1.0;05-09-2024;16.27;0;30;980;247;60;0;0;0;1;0;0;0;0;1;0;0;0;0;0;1;0;0;0;0;0;1;0
20;2.0;14.7;0.0;74.9;30.0;49.5;60;4;6;2;4.0;2.0;;04-09-2024;14.41;0;30;980;247;60;0;0;0;1;0;0;0;0;1;0;0;0;0;0;1;0;0;0;0;0;1;0
17;1.0;0.2;13.0;84.6;34.0;59.5;66;6;6;1;;;;27-09-2024;15.84;0;30;830;282;65;0;1;0;0;0;0;0;0;1;0;0;1;0;0;0;0;0;0;0;0;1;0
20;2.0;17.2;0.0;81.2;37.0;74.2;100;4;11;5;5.0;;5.0;24-09-2024;18.04;0;28;480;265;78;0;0;0;0;1;0;0;0;1;0;0;0;1;0;0;0;0;0;0;0;1;0
18;3.0;8.1;;67.6;24.0;38.7;54;3;9;4;5.0;4.0;5.0;13-09-2024;17.98;0;30;830;282;65;0;1;0;0;0;0;0;0;1;0;0;1;0;0;0;0;0;0;0;0;1;0
20;1.0;6.2;;79.2;38.0;81.7;88;0;5;2;3.0;3.0;4.0;10-09-2024;11.01;0;30;830;282;65;0;1;0;0;0;0;0;0;0;1;0;1;0;0;0;0;0;1;0;0;0;0
19;1.0;19.7;0.0;83.5;15.0;19.0;26;3;7;2;2.0;2.0;2.0;04-09-2024;4.64;1;28;550;256;64;0;0;0;0;0;1;0;0;1;0;0;0;0;0;1;0;0;0;1;0;0;0
17;1.0;0.0;9.0;64.8;9.0;17.8;18;4;9;1;4.0;2.0;2.0;17-09-2024;5.85;1;30;620;263;66;0;0;0;0;0;0;0;1;0;0;1;0;0;1;0;0;0;0;0;0;1;0
21;1.0;0.5;21.0;89.8;47.0;72.9;101;0;11;8;4.0;;2.0;02-09-2024;18.4;0;30;980;247;60;0;0;0;1;0;0;0;0;1;0;0;0;0;0;1;0;0;0;0;0;1;0
19;0.0;15.3;;67.3;;25.8;29;3;6;1;2.0;1.0;1.0;20-09-2024;2.52;1;30;830;282;65;0;1;0;0;0;0;0;0;1;0;0;1;0;0;0;0;0;0;0;1;0;0
21;2.0;11.1;0.0;75.9;32.0;46.2;73;3;9;5;3.0;3.0;2.0;19-09-2024;18.6;0;30;830;282;65;0;1;0;0;0;0;0;0;1;0;0;1;0;0;0;0;0;0;0;1;0;0
22;0.0;28.4;0.0;60.1;31.0;65.4;66;6;9;2;3.0;4.0;2.0;27-09-2024;16.43;0;30;620;263;66;0;0;0;0;0;0;0;1;0;0;1;0;0;1;0;0;0;0;0;0;1;0
21;0.0;7.9;17.0;83.0;27.0;54.1;46;5;8;2;;3.0;3.0;23-09-2024;16.55;0;30;620;263;66;0;0;0;0;0;0;0;1;1;0;0;0;0;1;0;0;0;0;0;0;1;0
19;1.0;3.2;0.0;80.2;25.0;13.3;33;2;9;5;5.0;4.0;4.0;12-09-2024;16.46;0;28;710;325;60;1;0;0;0;0;0;0;0;0;0;1;0;0;0;1;0;0;0;0;0;1;0
20;0.0;28.3;27.0;73.0;13.0;17.2;42;5;10;0;1.0;2.0;2.0;02-09-2024;3.44;1;30;830;282;65;0;1;0;0;0;0;0;0;0;1;0;1;0;0;0;0;0;0;0;0;1;0
20;1.0;2.4;23.0;99.3;30.0;25.1;83;2;8;4;3.0;;4.0;13-09-2024;15.9;0;30;830;282;65;0;1;0;0;0;0;0;0;1;0;0;1;0;0;0;0;0;0;0;0;1;0
23;3.0;10.8;15.0;91.7;30.0;48.0;68;6;8;7;5.0;2.0;5.0;06-09-2024;15.85;0;30;830;282;65;0;1;0;0;0;0;0;0;1;0;0;1;0;0;0;0;0;0;0;0;1;0
19;0.0;4.3;15.0;79.8;46.0;59.0;106;2;8;7;3.0;5.0;4.0;18-09-2024;14.46;0;28;480;265;78;0;0;0;0;1;0;0;0;0;0;1;0;1;0;0;0;0;0;1;0;0;0
19;2.0;15.5;15.0;80.7;32.0;57.1;78;3;7;3;3.0;1.0;2.0;18-09-2024;15.33;0;30;620;263;66;0;0;0;0;0;0;0;1;1;0;0;0;0;1;0;0;0;0;0;0;1;0
20;0.0;16.7;;95.3;47.0;48.7;92;0;10;7;5.0;5.0;3.0;20-09-2024;14.08;0;30;930;293;75;0;0;1;0;0;0;0;0;0;1;0;0;0;0;0;0;1;0;0;1;0;0
20;1.0;18.3;;68.2;35.0;43.1;69;7;9;3;5.0;1.0;4.0;02-09-2024;8.47;1;30;980;247;60;0;0;0;1;0;0;0;0;1;0;0;0;0;0;1;0;0;0;0;0;1;0
17;2.0;3.5;18.0;75.3;15.0;11.8;32;5;7;3;3.0;1.0;3.0;11-09-2024;6.62;1;30;930;293;75;0;0;1;0;0;0;0;0;0;1;0;0;0;0;0;0;1;0;0;0;1;0
20;0.0;8.0;0.0;52.5;30.0;44.5;50;4;6;0;2.0;3.0;;18-09-2024;11.88;0;30;830;282;65;0;1;0;0;0;0;0;0;1;0;0;1;0;0;0;0;0;0;0;0;1;0
19;1.0;11.6;14.0;68.8;15.0;31.6;26;5;5;0;3.0;2.0;2.0;02-09-2024;7.53;1;30;930;293;75;0;0;1;0;0;0;0;0;1;0;0;0;0;0;0;0;1;0;0;0;1;0
17;1.0;9.2;0.0;73.3;37.0;71.4;71;4;10;6;5.0;;2.0;23-09-2024;16.35;0;30;930;293;75;0;0;1;0;0;0;0;0;1;0;0;0;0;0;0;0;1;1;0;0;0;0
20;3.0;3.3;15.0;98.8;59.0;60.8;165;3;8;8;;4.0;5.0;26-09-2024;19.19;0;30;930;293;75;0;0;1;0;0;0;0;0;1;0;0;0;0;0;0;0;1;0;0;1;0;0
20;0.0;8.1;9.0;81.9;34.0;53.6;76;4;9;5;5.0;5.0;2.0;17-09-2024;15.56;0;30;930;293;75;0;0;1;0;0;0;0;0;1;0;0;0;0;0;0;0;1;0;0;0;1;0
25;0.0;9.1;12.0;68.8;19.0;29.9;36;3;6;1;4.0;4.0;1.0;18-09-2024;13.64;0;30;930;293;75;0;0;1;0;0;0;0;0;1;0;0;0;0;0;0;0;1;0;0;0;0;1
20;3.0;57.6;0.0;92.5;29.0;47.9;71;3;12;1;4.0;3.0;2.0;03-09-2024;18.0;0;28;550;256;64;0;0;0;0;0;1;0;0;1;0;0;0;0;0;1;0;0;0;0;0;1;0
18;0.0;13.7;0.0;77.5;33.0;36.1;68;3;12;5;4.0;4.0;2.0;11-09-2024;15.33;0;30;930;293;75;0;0;1;0;0;0;0;0;1;0;0;0;0;0;0;0;1;0;0;0;1;0
22;0.0;34.9;21.0;97.0;46.0;87.7;109;6;8;5;5.0;4.0;3.0;16-09-2024;18.41;0;30;980;247;60;0;0;0;1;0;0;0;0;1;0;0;0;0;0;1;0;0;0;0;0;1;0
20;1.0;19.6;13.0;79.3;38.0;67.2;100;9;10;1;3.0;2.0;1.0;10-09-2024;10.88;0;30;980;247;60;0;0;0;1;0;0;0;0;0;0;1;0;0;0;1;0;0;0;0;0;1;0
17;1.0;2.9;0.0;88.9;34.0;46.9;90;4;11;2;3.0;4.0;1.0;09-09-2024;14.94;0;30;830;282;65;0;1;0;0;0;0;0;0;1;0;0;1;0;0;0;0;0;0;0;1;0;0
20;0.0;10.7;0.0;73.5;3.0;5.5;1;6;8;0;1.0;2.0;1.0;03-09-2024;4.07;1;28;710;325;60;1;0;0;0;0;0;0;0;1;0;0;0;0;0;1;0;0;0;1;0;0;0
22;0.0;5.4;11.0;87.0;18.0;19.5;43;7;7;4;4.0;3.0;3.0;12-09-2024;14.34;0;30;930;293;75;0;0;1;0;0;0;0;0;0;0;1;0;0;0;0;0;1;0;0;0;1;0
24;0.0;3.7;0.0;60.3;21.0;44.8;36;2;8;0;1.0;2.0;2.0;02-09-2024;4.32;1;30;930;293;75;0;0;1;0;0;0;0;0;0;0;1;0;0;0;0;0;1;0;0;0;1;0
19;1.0;3.1;20.0;81.7;50.0;76.5;102;1;10;12;5.0;3.0;3.0;20-09-2024;19.71;0;30;980;247;60;0;0;0;1;0;0;0;0;1;0;0;0;0;0;1;0;0;0;1;0;0;0
20;0.0;5.7;0.0;92.8;39.0;63.1;102;1;7;9;3.0;5.0;5.0;25-09-2024;4.07;1;30;620;263;66;0;0;0;0;0;0;0;1;0;1;0;0;0;1;0;0;0;0;0;0;1;0
20;0.0;35.5;0.0;52.8;17.0;22.5;48;6;11;0;;1.0;4.0;05-09-2024;9.34;1;28;480;265;78;0;0;0;0;1;0;0;0;1;0;0;0;1;0;0;0;0;0;0;0;1;0
22;0.0;29.9;;80.1;26.0;30.4;37;6;11;3;3.0;;3.0;16-09-2024;14.19;0;28;710;325;60;1;0;0;0;0;0;0;0;1;0;0;0;0;0;1;0;0;0;0;1;0;0
18;1.0;;15.0;80.2;37.0;65.7;86;1;8;7;5.0;3.0;4.0;04-09-2024;17.83;0;28;480;265;78;0;0;0;0;1;0;0;0;0;0;1;0;1;0;0;0;0;0;0;1;0;0
21;1.0;11.8;22.0;79.0;24.0;41.7;34;1;11;7;5.0;2.0;3.0;10-09-2024;17.94;0;30;980;247;60;0;0;0;1;0;0;0;0;1;0;0;0;0;0;1;0;0;0;0;0;1;0
22;3.0;27.6;;84.5;33.0;68.1;77;6;11;0;3.0;4.0;2.0;24-09-2024;15.14;0;28;550;256;64;0;0;0;0;0;1;0;0;0;1;0;0;0;0;1;0;0;0;0;0;1;0
17;2.0;31.5;0.0;93.1;33.0;45.8;83;4;11;4;3.0;5.0;4.0;11-09-2024;17.79;0;30;930;293;75;0;0;1;0;0;0;0;0;1;0;0;0;0;0;0;0;1;0;1;0;0;0
20;2.0;3.5;22.0;73.4;35.0;32.8;109;4;9;2;5.0;2.0;2.0;11-09-2024;13.85;0;28;550;256;64;0;0;0;0;0;1;0;0;1;0;0;0;0;0;1;0;0;0;0;0;1;0
18;0.0;27.4;26.0;88.8;33.0;29.5;52;6;8;0;2.0;2.0;2.0;03-09-2024;12.75;0;30;980;247;60;0;0;0;1;0;0;0;0;1;0;0;0;0;0;1;0;0;0;0;0;1;0
20;1.0;2.8;8.0;83.9;17.0;23.2;53;4;8;0;2.0;5.0;4.0;09-09-2024;14.1;0;28;550;256;64;0;0;0;0;0;1;0;0;1;0;0;0;0;0;1;0;0;0;0;1;0;0
23;1.0;4.9;0.0;90.9;23.0;24.0;51;0;8;7;4.0;4.0;3.0;13-09-2024;16.95;0;30;830;282;65;0;1;0;0;0;0;0;0;0;0;1;1;0;0;0;0;0;0;0;0;1;0
19;0.0;18.7;0.0;81.8;16.0;37.4;44;5;9;1;3.0;3.0;1.0;18-09-2024;7.5;1;28;550;256;64;0;0;0;0;0;1;0;0;0;0;1;0;0;0;1;0;0;0;0;0;1;0
21;0.0;;;56.7;20.0;32.6;31;6;6;0;1.0;3.0;2.0;06-09-2024;3.46;1;30;930;293;75;0;0;1;0;0;0;0;0;0;1;0;0;0;0;0;0;1;0;0;0;1;0
23;0.0;0.1;0.0;52.9;4.0;0.3;1;4;8;0;3.0;3.0;3.0;10-09-2024;3.82;1;30;980;247;60;0;0;0;1;0;0;0;0;0;1;0;0;0;0;1;0;0;0;0;0;1;0
20;0.0;2.7;0.0;70.5;23.0;32.4;54;7;11;5;3.0;2.0;3.0;11-09-2024;13.27;0;28;480;265;78;0;0;0;0;1;0;0;0;1;0;0;0;1;0;0;0;0;1;0;0;0;0
25;3.0;6.9;23.0;75.9;6.0;2.8;22;6;6;3;3.0;4.0;2.0;04-09-2024;17.44;0;28;710;325;60;1;0;0;0;0;0;0;0;1;0;0;0;0;0;1;0;0;0;0;0;1;0
20;0.0;35.6;7.0;58.8;26.0;51.7;64;7;7;0;;2.0;3.0;06-09-2024;5.25;1;30;830;282;65;0;1;0;0;0;0;0;0;0;0;1;1;0;0;0;0;0;0;0;1;0;0
18;1.0;17.5;0.0;80.4;23.0;40.5;44;2;11;4;3.0;3.0;4.0;12-09-2024;14.08;0;30;620;263;66;0;0;0;0;0;0;0;1;1;0;0;0;0;1;0;0;0;0;1;0;0;0
24;0.0;12.2;;58.9;10.0;11.6;18;4;6;0;2.0;4.0;1.0;26-09-2024;3.35;1;28;710;325;60;1;0;0;0;0;0;0;0;0;1;0;0;0;0;1;0;0;0;0;1;0;0
22;3.0;3.4;;92.5;36.0;49.8;74;4;8;3;3.0;3.0;3.0;02-09-2024;17.97;0;30;620;263;66;0;0;0;0;0;0;0;1;1;0;0;0;0;1;0;0;0;0;0;1;0;0
20;0.0;3.3;12.0;78.4;22.0;22.4;41;2;8;1;2.0;2.0;2.0;27-09-2024;6.22;1;28;710;325;60;1;0;0;0;0;0;0;0;1;0;0;0;0;0;1;0;0;0;0;0;1;0
24;1.0;9.4;15.0;98.7;39.0;34.5;86;1;12;4;4.0;5.0;5.0;13-09-2024;18.45;0;28;480;265;78;0;0;0;0;1;0;0;0;1;0;0;0;1;0;0;0;0;0;0;0;1;0
19;;37.4;20.0;88.8;32.0;57.9;80;1;8;6;3.0;4.0;3.0;11-09-2024;14.84;0;30;930;293;75;0;0;1;0;0;0;0;0;1;0;0;0;0;0;0;0;1;0;0;0;0;1
20;1.0;13.0;11.0;59.4;3.0;6.8;7;5;5;0;1.0;2.0;2.0;23-09-2024;1.17;1;30;830;282;65;0;1;0;0;0;0;0;0;0;1;0;1;0;0;0;0;0;0;0;0;1;0
18;1.0;;0.0;77.3;17.0;25.4;36;3;11;5;3.0;4.0;4.0;10-09-2024;13.1;0;30;830;282;65;0;1;0;0;0;0;0;0;1;0;0;1;0;0;0;0;0;0;0;0;1;0
21;0.0;13.9;10.0;70.8;12.0;17.1;8;8;8;0;2.0;3.0;2.0;17-09-2024;2.76;1;30;830;282;65;0;1;0;0;0;0;0;0;0;1;0;1;0;0;0;0;0;0;0;1;0;0
21;2.0;1.8;0.0;92.3;30.0;37.5;77;4;12;3;4.0;5.0;4.0;02-09-2024;15.02;0;30;810;265;81;0;0;0;0;0;0;1;0;1;0;0;0;0;0;0;1;0;0;0;0;1;0
17;1.0;44.0;10.0;76.8;3.0;5.9;18;5;5;1;3.0;1.0;2.0;23-09-2024;14.05;0;30;620;263;66;0;0;0;0;0;0;0;1;0;0;1;0;0;1;0;0;0;0;0;0;1;0
22;0.0;10.6;20.0;99.3;56.0;103.2;106;2;8;6;4.0;5.0;4.0;26-09-2024;17.59;0;30;930;293;75;0;0;1;0;0;0;0;0;1;0;0;0;0;0;0;0;1;0;0;0;1;0
19;2.0;0.6;10.0;90.2;30.0;45.1;82;3;10;6;5.0;4.0;4.0;23-09-2024;18.56;0;30;830;282;65;0;1;0;0;0;0;0;0;1;0;0;1;0;0;0;0;0;0;0;0;0;1
20;0.0;33.8;8.0;70.8;54.0;118.8;107;4;11;4;4.0;4.0;;11-09-2024;14.59;0;30;810;265;81;0;0;0;0;0;0;1;0;0;0;1;0;0;0;0;1;0;0;0;0;1;0
20;0.0;16.2;8.0;77.8;33.0;54.8;69;3;10;8;3.0;;4.0;20-09-2024;18.04;0;30;980;247;60;0;0;0;1;0;0;0;0;1;0;0;0;0;0;1;0;0;1;0;0;0;0
20;2.0;4.6;13.0;65.2;14.0;29.6;33;5;6;0;1.0;2.0;2.0;10-09-2024;2.5;1;28;550;256;64;0;0;0;0;0;1;0;0;0;0;1;0;0;0;1;0;0;0;0;0;1;0
20;1.0;22.2;8.0;99.0;;50.1;76;2;12;7;4.0;5.0;4.0;10-09-2024;18.61;0;28;480;265;78;0;0;0;0;1;0;0;0;1;0;0;0;1;0;0;0;0;0;0;1;0;0
21;3.0;8.7;0.0;74.0;30.0;65.5;77;3;7;2;3.0;4.0;3.0;24-09-2024;16.21;0;30;830;282;65;0;1;0;0;0;0;0;0;0;0;1;1;0;0;0;0;0;0;0;0;1;0
21;2.0;1.1;8.0;73.9;11.0;18.3;27;6;6;0;3.0;3.0;1.0;27-09-2024;3.04;1;30;930;293;75;0;0;1;0;0;0;0;0;1;0;0;0;0;0;0;0;1;0;0;0;1;0
21;0.0;23.0;17.0;64.7;12.0;9.5;36;7;9;0;2.0;;2.0;10-09-2024;5.99;1;28;550;256;64;0;0;0;0;0;1;0;0;1;0;0;0;0;0;1;0;0;0;0;1;0;0
20;1.0;23.2;;76.3;16.0;34.0;35;8;8;0;1.0;2.0;3.0;26-09-2024;5.4;1;30;930;293;75;0;0;1;0;0;0;0;0;1;0;0;0;0;0;0;0;1;0;0;0;1;0
19;1.0;11.0;23.0;65.4;30.0;57.9;50;6;10;1;3.0;5.0;3.0;06-09-2024;15.44;0;30;830;282;65;0;1;0;0;0;0;0;0;1;0;0;1;0;0;0;0;0;0;0;0;1;0
24;0.0;1.3;23.0;60.6;27.0;43.2;65;5;9;1;2.0;2.0;2.0;02-09-2024;0.49;1;30;980;247;60;0;0;0;1;0;0;0;0;0;1;0;0;0;0;1;0;0;0;1;0;0;0
19;1.0;9.0;23.0;77.5;17.0;31.0;37;4;7;2;3.0;3.0;3.0;13-09-2024;8.64;1;30;810;265;81;0;0;0;0;0;0;1;0;0;1;0;0;0;0;0;1;0;0;0;0;1;0
19;2.0;6.7;18.0;60.8;23.0;31.7;50;10;10;0;4.0;3.0;2.0;24-09-2024;4.38;1;30;620;263;66;0;0;0;0;0;0;0;1;0;0;1;0;0;1;0;0;0;0;0;0;1;0
18;0.0;1.6;0.0;76.4;28.0;41.4;59;4;8;1;3.0;;3.0;12-09-2024;13.71;0;30;830;282;65;0;1;0;0;0;0;0;0;1;0;0;1;0;0;0;0;0;0;0;1;0;0
20;0.0;61.7;0.0;89.3;42.0;75.0;93;6;7;2;;1.0;3.0;09-09-2024;17.49;0;30;980;247;60;0;0;0;1;0;0;0;0;1;0;0;0;0;0;1;0;0;0;0;0;1;0
19;2.0;1.3;;81.4;23.0;23.1;65;2;8;0;1.0;4.0;3.0;10-09-2024;3.15;1;30;810;265;81;0;0;0;0;0;0;1;0;0;0;1;0;0;0;0;1;0;0;0;0;1;0
17;1.0;32.4;6.0;74.8;34.0;34.1;70;2;8;1;2.0;1.0;4.0;06-09-2024;15.11;0;30;810;265;81;0;0;0;0;0;0;1;0;1;0;0;0;0;0;0;1;0;1;0;0;0;0
17;2.0;24.9;0.0;83.3;44.0;60.2;68;0;9;5;5.0;4.0;3.0;17-09-2024;15.95;0;30;620;263;66;0;0;0;0;0;0;0;1;0;0;1;0;0;1;0;0;0;0;0;0;1;0
20;2.0;10.8;13.0;97.2;67.0;110.4;169;0;9;4;5.0;4.0;5.0;18-09-2024;19.75;0;30;810;265;81;0;0;0;0;0;0;1;0;0;0;1;0;0;0;0;1;0;0;0;1;0;0
19;0.0;3.4;18.0;86.0;32.0;51.9;74;2;12;4;4.0;4.0;1.0;03-09-2024;15.17;0;30;830;282;65;0;1;0;0;0;0;0;0;1;0;0;1;0;0;0;0;0;0;0;0;1;0
19;2.0;15.7;;71.7;21.0;29.1;59;6;6;0;1.0;2.0;1.0;05-09-2024;5.71;1;30;980;247;60;0;0;0;1;0;0;0;0;0;1;0;0;0;0;1;0;0;0;0;0;1;0
19;3.0;4.5;8.0;90.6;19.0;42.6;36;5;7;1;3.0;2.0;3.0;24-09-2024;14.65;0;30;620;263;66;0;0;0;0;0;0;0;1;1;0;0;0;0;1;0;0;0;0;0;0;1;0
18;2.0;;14.0;95.8;31.0;47.1;69;6;8;3;2.0;2.0;4.0;23-09-2024;15.51;0;30;930;293;75;0;0;1;0;0;0;0;0;0;0;1;0;0;0;0;0;1;0;0;0;1;0
23;0.0;11.7;13.0;81.7;12.0;11.6;28;4;10;3;3.0;4.0;3.0;24-09-2024;12.26;0;30;810;265;81;0;0;0;0;0;0;1;0;0;1;0;0;0;0;0;1;0;0;0;0;1;0
21;3.0;1.3;8.0;83.8;53.0;94.3;121;5;7;8;2.0;4.0;3.0;02-09-2024;15.07;0;30;930;293;75;0;0;1;0;0;0;0;0;0;0;1;0;0;0;0;0;1;0;0;1;0;0
21;3.0;23.4;13.0;79.1;50.0;94.8;98;2;9;2;4.0;3.0;3.0;09-09-2024;19.34;0;30;810;265;81;0;0;0;0;0;0;1;0;1;0;0;0;0;0;0;1;0;0;0;0;1;0
18;1.0;0.9;0.0;89.7;21.0;37.4;32;4;8;4;2.0;2.0;5.0;27-09-2024;16.05;0;30;810;265;81;0;0;0;0;0;0;1;0;1;0;0;0;0;0;0;1;0;0;0;0;1;0
18;0.0;14.9;17.0;97.9;33.0;75.5;101;4;9;2;4.0;5.0;2.0;11-09-2024;16.96;0;30;830;282;65;0;1;0;0;0;0;0;0;1;0;0;1;0;0;0;0;0;0;0;0;1;0
21;1.0;19.1;14.0;76.9;31.0;75.9;81;4;6;1;3.0;;3.0;06-09-2024;15.18;0;28;550;256;64;0;0;0;0;0;1;0;0;0;0;1;0;0;0;1;0;0;0;0;1;0;0
23;1.0;0.0;0.0;78.0;18.0;43.1;42;0;10;6;3.0;4.0;5.0;04-09-2024;17.04;0;30;620;263;66;0;0;0;0;0;0;0;1;1;0;0;0;0;1;0;0;0;0;0;0;1;0
19;3.0;25.9;;84.0;30.0;24.7;45;2;10;7;4.0;4.0;2.0;27-09-2024;17.23;0;28;480;265;78;0;0;0;0;1;0;0;0;1;0;0;0;1;0;0;0;0;0;0;0;1;0
20;2.0;5.7;16.0;86.7;27.0;37.1;67;1;9;10;2.0;2.0;5.0;17-09-2024;16.95;0;30;620;263;66;0;0;0;0;0;0;0;1;1;0;0;0;0;1;0;0;0;0;0;0;1;0
23;0.0;36.8;0.0;76.4;30.0;59.2;82;3;9;4;4.0;5.0;3.0;26-09-2024;18.65;0;30;930;293;75;0;0;1;0;0;0;0;0;1;0;0;0;0;0;0;0;1;0;0;0;1;0
18;2.0;2.8;13.0;97.9;71.0;130.9;133;0;10;7;5.0;;4.0;10-09-2024;19.4;0;28;480;265;78;0;0;0;0;1;0;0;0;1;0;0;0;1;0;0;0;0;0;0;0;1;0
20;0.0;2.6;0.0;65.0;4.0;5.9;11;7;7;0;;2.0;1.0;06-09-2024;4.52;1;30;930;293;75;0;0;1;0;0;0;0;0;1;0;0;0;0;0;0;0;1;0;0;0;1;0
19;3.0;6.7;0.0;86.5;39.0;48.3;87;2;10;5;5.0;3.0;2.0;06-09-2024;16.65;0;28;710;325;60;1;0;0;0;0;0;0;0;0;0;1;0;0;0;1;0;0;0;0;0;1;0
23;1.0;14.6;0.0;90.7;36.0;90.9;61;2;7;6;5.0;4.0;2.0;25-09-2024;19.33;0;30;810;265;81;0;0;0;0;0;0;1;0;1;0;0;0;0;0;0;1;0;0;0;0;1;0
21;0.0;2.3;0.0;79.5;10.0;13.4;18;10;11;1;5.0;;4.0;24-09-2024;17.65;0;30;980;247;60;0;0;0;1;0;0;0;0;1;0;0;0;0;0;1;0;0;0;0;1;0;0
26;0.0;4.6;0.0;93.6;48.0;104.5;97;0;12;18;5.0;5.0;5.0;04-09-2024;19.63;0;30;930;293;75;0;0;1;0;0;0;0;0;1;0;0;0;0;0;0;0;1;0;0;0;1;0
18;0.0;8.9;10.0;91.7;32.0;40.3;57;5;5;4;2.0;3.0;5.0;04-09-2024;3.27;1;30;810;265;81;0;0;0;0;0;0;1;0;0;1;0;0;0;0;0;1;0;0;0;0;1;0
17;0.0;3.6;11.0;88.6;41.0;78.8;89;0;10;11;5.0;5.0;5.0;09-09-2024;18.64;0;28;710;325;60;1;0;0;0;0;0;0;0;0;0;1;0;0;0;1;0;0;0;0;0;1;0
18;0.0;3.8;0.0;64.2;19.0;18.2;32;6;8;2;4.0;4.0;2.0;25-09-2024;5.76;1;30;980;247;60;0;0;0;1;0;0;0;0;0;0;1;0;0;0;1;0;0;0;0;1;0;0
20;0.0;9.3;0.0;75.4;3.0;2.2;10;6;6;0;1.0;3.0;2.0;26-09-2024;4.09;1;30;830;282;65;0;1;0;0;0;0;0;0;0;0;1;1;0;0;0;0;0;0;0;1;0;0
18;0.0;0.9;0.0;91.3;49.0;39.5;81;2;10;12;5.0;4.0;3.0;13-09-2024;19.09;0;30;930;293;75;0;0;1;0;0;0;0;0;1;0;0;0;0;0;0;0;1;0;0;0;1;0
23;0.0;42.6;9.0;89.6;47.0;68.0;100;0;12;2;5.0;5.0;5.0;02-09-2024;18.22;0;30;830;282;65;0;1;0;0;0;0;0;0;1;0;0;1;0;0;0;0;0;0;0;0;1;0
18;2.0;;27.0;61.5;23.0;37.9;40;4;10;3;3.0;5.0;2.0;17-09-2024;14.39;0;30;930;293;75;0;0;1;0;0;0;0;0;1;0;0;0;0;0;0;0;1;0;0;0;1;0
18;2.0;59.8;0.0;78.2;21.0;26.4;45;3;7;7;5.0;3.0;2.0;17-09-2024;13.63;0;28;710;325;60;1;0;0;0;0;0;0;0;1;0;0;0;0;0;1;0;0;0;1;0;0;0
19;2.0;5.9;23.0;92.9;58.0;35.8;149;1;11;12;5.0;5.0;5.0;03-09-2024;19.76;0;30;620;263;66;0;0;0;0;0;0;0;1;1;0;0;0;0;1;0;0;0;0;0;0;1;0
21;3.0;15.9;;99.7;;103.0;110;1;11;8;5.0;5.0;5.0;02-09-2024;18.09;0;30;980;247;60;0;0;0;1;0;0;0;0;0;0;1;0;0;0;1;0;0;0;0;0;1;0
19;2.0;0.5;23.0;99.1;55.0;97.8;145;0;12;10;5.0;4.0;5.0;20-09-2024;19.41;0;30;810;265;81;0;0;0;0;0;0;1;0;1;0;0;0;0;0;0;1;0;0;0;0;1;0
18;1.0;16.8;0.0;82.3;31.0;38.0;70;4;10;3;4.0;4.0;2.0;10-09-2024;18.0;0;28;710;325;60;1;0;0;0;0;0;0;0;1;0;0;0;0;0;1;0;0;0;0;0;1;0
19;2.0;0.2;24.0;71.8;3.0;2.9;7;5;5;0;2.0;2.0;3.0;26-09-2024;3.59;1;28;710;325;60;1;0;0;0;0;0;0;0;1;0;0;0;0;0;1;0;0;0;0;1;0;0
20;0.0;21.1;12.0;95.2;52.0;57.9;107;1;8;6;5.0;4.0;5.0;05-09-2024;18.43;0;30;930;293;75;0;0;1;0;0;0;0;0;0;0;1;0;0;0;0;0;1;0;0;0;1;0
19;0.0;14.9;6.0;76.8;29.0;42.0;69;2;13;4;;4.0;1.0;12-09-2024;16.08;0;30;810;265;81;0;0;0;0;0;0;1;0;1;0;0;0;0;0;0;1;0;0;0;0;0;1
22;0.0;22.4;14.0;93.3;66.0;87.0;133;1;8;7;5.0;4.0;3.0;18-09-2024;17.34;0;28;710;325;60;1;0;0;0;0;0;0;0;0;1;0;0;0;0;1;0;0;0;0;0;1;0
17;0.0;16.1;;96.1;53.0;75.5;101;3;13;3;5.0;4.0;4.0;26-09-2024;18.26;0;30;980;247;60;0;0;0;1;0;0;0;0;0;0;1;0;0;0;1;0;0;0;0;1;0;0
22;0.0;24.2;15.0;93.0;31.0;34.6;83;2;8;6;2.0;2.0;2.0;18-09-2024;13.56;0;28;710;325;60;1;0;0;0;0;0;0;0;0;0;1;0;0;0;1;0;0;0;0;0;1;0
22;1.0;57.5;0.0;89.0;20.0;28.9;52;0;10;7;3.0;;2.0;05-09-2024;17.24;0;30;830;282;65;0;1;0;0;0;0;0;0;1;0;0;1;0;0;0;0;0;0;1;0;0;0
20;0.0;3.3;0.0;53.9;1.0;2.1;5;3;8;1;2.0;3.0;2.0;06-09-2024;3.51;1;28;550;256;64;0;0;0;0;0;1;0;0;1;0;0;0;0;0;1;0;0;0;0;0;1;0
20;1.0;1.4;23.0;77.0;20.0;23.5;38;2;7;1;3.0;3.0;3.0;12-09-2024;8.9;1;28;480;265;78;0;0;0;0;1;0;0;0;1;0;0;0;1;0;0;0;0;0;0;0;1;0
17;2.0;3.0;11.0;80.5;38.0;55.6;61;1;8;4;4.0;3.0;4.0;16-09-2024;18.28;0;28;480;265;78;0;0;0;0;1;0;0;0;1;0;0;0;1;0;0;0;0;0;0;0;1;0
19;1.0;29.9;27.0;68.1;42.0;49.4;101;4;10;6;5.0;2.0;2.0;16-09-2024;15.02;0;28;550;256;64;0;0;0;0;0;1;0;0;1;0;0;0;0;0;1;0;0;0;0;1;0;0
23;0.0;12.3;0.0;76.5;14.0;24.4;44;7;7;0;2.0;2.0;1.0;23-09-2024;15.04;0;30;980;247;60;0;0;0;1;0;0;0;0;1;0;0;0;0;0;1;0;0;0;0;0;1;0
22;3.0;1.9;10.0;69.8;46.0;45.7;89;3;10;4;5.0;4.0;;23-09-2024;16.33;0;28;710;325;60;1;0;0;0;0;0;0;0;0;0;1;0;0;0;1;0;0;0;0;0;1;0
19;1.0;42.6;18.0;62.6;14.0;12.5;35;4;9;0;3.0;1.0;3.0;24-09-2024;14.62;0;30;810;265;81;0;0;0;0;0;0;1;0;1;0;0;0;0;0;0;1;0;0;0;0;1;0
18;2.0;8.2;0.0;82.0;18.0;15.9;63;7;9;1;2.0;2.0;2.0;04-09-2024;13.7;0;30;810;265;81;0;0;0;0;0;0;1;0;1;0;0;0;0;0;0;1;0;1;0;0;0;0
21;3.0;20.5;23.0;61.4;3.0;3.9;14;6;6;0;3.0;1.0;1.0;09-09-2024;15.12;0;30;810;265;81;0;0;0;0;0;0;1;0;1;0;0;0;0;0;0;1;0;0;0;0;1;0
20;0.0;2.8;15.0;64.6;25.0;33.4;70;2;8;2;4.0;3.0;3.0;23-09-2024;7.41;1;30;810;265;81;0;0;0;0;0;0;1;0;0;0;1;0;0;0;0;1;0;0;0;0;1;0
21;0.0;20.6;;82.9;19.0;26.0;42;3;8;2;1.0;3.0;2.0;23-09-2024;4.71;1;30;980;247;60;0;0;0;1;0;0;0;0;1;0;0;0;0;0;1;0;0;0;0;0;1;0
20;0.0;11.7;0.0;85.9;31.0;60.9;58;0;12;8;4.0;3.0;5.0;06-09-2024;17.09;0;30;830;282;65;0;1;0;0;0;0;0;0;1;0;0;1;0;0;0;0;0;0;0;0;1;0
24;3.0;1.5;13.0;73.5;34.0;49.2;62;5;8;2;3.0;2.0;4.0;12-09-2024;14.58;0;30;930;293;75;0;0;1;0;0;0;0;0;1;0;0;0;0;0;0;0;1;0;0;1;0;0
24;0.0;1.3;11.0;52.1;13.0;20.4;33;6;6;0;2.0;3.0;1.0;05-09-2024;3.24;1;30;830;282;65;0;1;0;0;0;0;0;0;1;0;0;1;0;0;0;0;0;0;0;0;1;0
27;2.0;9.3;;87.4;17.0;27.1;18;5;7;4;3.0;3.0;1.0;02-09-2024;4.84;1;30;980;247;60;0;0;0;1;0;0;0;0;1;0;0;0;0;0;1;0;0;0;0;0;1;0
21;2.0;47.1;7.0;98.8;41.0;70.3;90;3;12;9;4.0;4.0;3.0;25-09-2024;17.13;0;30;930;293;75;0;0;1;0;0;0;0;0;0;0;1;0;0;0;0;0;1;0;0;0;1;0
22;0.0;26.2;0.0;70.6;40.0;52.0;109;0;10;8;3.0;5.0;3.0;12-09-2024;14.82;0;30;980;247;60;0;0;0;1;0;0;0;0;1;0;0;0;0;0;1;0;0;0;0;0;1;0
17;0.0;2.2;24.0;76.7;39.0;71.9;101;2;8;5;5.0;5.0;4.0;04-09-2024;13.55;0;30;980;247;60;0;0;0;1;0;0;0;0;0;1;0;0;0;0;1;0;0;0;1;0;0;0
19;0.0;0.5;11.0;88.2;35.0;73.5;73;0;10;3;4.0;1.0;3.0;10-09-2024;17.66;0;30;830;282;65;0;1;0;0;0;0;0;0;1;0;0;1;0;0;0;0;0;0;0;1;0;0
21;0.0;43.6;10.0;75.1;47.0;81.7;88;1;10;8;3.0;4.0;2.0;13-09-2024;16.77;0;30;930;293;75;0;0;1;0;0;0;0;0;1;0;0;0;0;0;0;0;1;0;0;0;1;0
21;0.0;10.4;6.0;80.8;46.0;94.0;127;2;11;7;3.0;;4.0;04-09-2024;14.04;0;28;550;256;64;0;0;0;0;0;1;0;0;1;0;0;0;0;0;1;0;0;0;0;0;1;0
19;0.0;;11.0;87.5;30.0;73.9;81;1;7;2;5.0;2.0;3.0;18-09-2024;13.45;0;30;810;265;81;0;0;0;0;0;0;1;0;0;0;1;0;0;0;0;1;0;0;0;1;0;0
20;0.0;5.7;15.0;90.1;31.0;24.1;88;4;12;9;3.0;3.0;3.0;12-09-2024;15.71;0;28;550;256;64;0;0;0;0;0;1;0;0;1;0;0;0;0;0;1;0;0;0;0;1;0;0
18;;26.0;;80.0;45.0;84.4;80;5;12;5;5.0;5.0;;20-09-2024;16.4;0;30;810;265;81;0;0;0;0;0;0;1;0;1;0;0;0;0;0;0;1;0;0;0;0;1;0
18;0.0;;11.0;75.6;32.0;54.4;80;3;11;4;;4.0;;18-09-2024;5.8;1;30;980;247;60;0;0;0;1;0;0;0;0;0;1;0;0;0;0;1;0;0;0;0;0;1;0
23;1.0;28.8;7.0;81.5;29.0;19.4;62;1;11;3;4.0;5.0;2.0;23-09-2024;13.32;0;28;480;265;78;0;0;0;0;1;0;0;0;0;0;1;0;1;0;0;0;0;0;0;0;1;0
20;1.0;12.4;25.0;86.1;45.0;49.0;86;0;10;5;4.0;5.0;4.0;12-09-2024;18.0;0;30;810;265;81;0;0;0;0;0;0;1;0;0;0;1;0;0;0;0;1;0;0;1;0;0;0
20;2.0;37.5;27.0;90.1;46.0;100.0;113;1;12;5;4.0;3.0;1.0;11-09-2024;17.75;0;28;480;265;78;0;0;0;0;1;0;0;0;0;0;1;0;1;0;0;0;0;0;0;0;1;0
18;0.0;58.2;19.0;71.8;35.0;67.7;88;4;7;1;4.0;2.0;2.0;20-09-2024;14.18;0;30;980;247;60;0;0;0;1;0;0;0;0;1;0;0;0;0;0;1;0;0;0;0;0;1;0
21;3.0;0.4;14.0;81.1;36.0;67.5;64;6;7;6;2.0;3.0;3.0;11-09-2024;16.03;0;30;980;247;60;0;0;0;1;0;0;0;0;1;0;0;0;0;0;1;0;0;0;0;0;1;0
20;0.0;29.4;27.0;67.9;;4.6;9;7;7;1;1.0;2.0;2.0;24-09-2024;0.71;1;30;930;293;75;0;0;1;0;0;0;0;0;0;0;1;0;0;0;0;0;1;0;0;1;0;0
23;3.0;12.0;20.0;79.3;33.0;33.4;75;6;8;8;4.0;3.0;5.0;11-09-2024;15.05;0;30;810;265;81;0;0;0;0;0;0;1;0;1;0;0;0;0;0;0;1;0;0;0;0;1;0
19;1.0;7.9;;87.3;34.0;64.8;86;3;7;7;4.0;3.0;;09-09-2024;15.52;0;30;980;247;60;0;0;0;1;0;0;0;0;1;0;0;0;0;0;1;0;0;0;0;0;1;0
18;1.0;9.0;17.0;76.3;35.0;73.9;64;1;7;3;4.0;5.0;3.0;24-09-2024;17.68;0;30;830;282;65;0;1;0;0;0;0;0;0;1;0;0;1;0;0;0;0;0;0;0;0;1;0
21;2.0;52.6;0.0;74.3;35.0;42.7;60;6;10;0;2.0;4.0;2.0;17-09-2024;15.47;0;30;980;247;60;0;0;0;1;0;0;0;0;0;0;1;0;0;0;1;0;0;0;0;0;1;0
19;2.0;12.4;28.0;84.9;42.0;61.3;81;4;9;6;4.0;4.0;4.0;12-09-2024;12.58;0;30;980;247;60;0;0;0;1;0;0;0;0;1;0;0;0;0;0;1;0;0;0;0;0;1;0
24;;;7.0;71.0;46.0;65.8;116;5;10;3;2.0;4.0;2.0;02-09-2024;16.02;0;28;550;256;64;0;0;0;0;0;1;0;0;1;0;0;0;0;0;1;0;0;0;0;1;0;0
23;0.0;5.7;10.0;99.2;42.0;59.2;98;2;9;5;4.0;4.0;4.0;24-09-2024;13.44;0;30;930;293;75;0;0;1;0;0;0;0;0;0;0;1;0;0;0;0;0;1;1;0;0;0;0
17;1.0;2.5;0.0;67.1;22.0;35.9;53;6;6;2;1.0;4.0;3.0;23-09-2024;11.64;0;30;620;263;66;0;0;0;0;0;0;0;1;0;0;1;0;0;1;0;0;0;0;1;0;0;0
20;1.0;70.4;;86.8;29.0;58.2;51;5;9;7;4.0;3.0;1.0;02-09-2024;15.0;0;28;710;325;60;1;0;0;0;0;0;0;0;1;0;0;0;0;0;1;0;0;0;0;0;1;0
18;2.0;6.2;;70.0;14.0;30.5;21;1;9;2;4.0;2.0;4.0;27-09-2024;16.04;0;28;710;325;60;1;0;0;0;0;0;0;0;1;0;0;0;0;0;1;0;0;0;1;0;0;0
20;0.0;10.2;13.0;72.3;22.0;31.3;52;4;9;0;1.0;3.0;3.0;16-09-2024;13.43;0;30;810;265;81;0;0;0;0;0;0;1;0;1;0;0;0;0;0;0;1;0;0;0;0;1;0
21;0.0;14.2;4.0;85.9;22.0;33.7;30;6;9;1;5.0;4.0;4.0;26-09-2024;18.03;0;28;710;325;60;1;0;0;0;0;0;0;0;1;0;0;0;0;0;1;0;0;0;0;0;1;0
18;2.0;26.7;0.0;97.2;41.0;55.3;80;1;13;5;5.0;3.0;2.0;02-09-2024;18.67;0;30;930;293;75;0;0;1;0;0;0;0;0;0;0;1;0;0;0;0;0;1;0;0;0;1;0
22;0.0;10.4;9.0;82.7;44.0;84.6;72;1;12;7;5.0;4.0;4.0;03-09-2024;17.89;0;30;980;247;60;0;0;0;1;0;0;0;0;1;0;0;0;0;0;1;0;0;0;0;0;1;0
18;0.0;34.5;0.0;76.5;23.0;35.1;58;8;8;3;1.0;3.0;1.0;19-09-2024;5.05;1;30;620;263;66;0;0;0;0;0;0;0;1;0;0;1;0;0;1;0;0;0;0;0;0;1;0
18;0.0;14.5;17.0;77.2;31.0;28.0;82;3;10;4;5.0;4.0;2.0;24-09-2024;14.87;0;28;550;256;64;0;0;0;0;0;1;0;0;0;0;1;0;0;0;1;0;0;0;0;0;1;0
18;0.0;22.8;15.0;78.1;27.0;26.8;57;5;11;3;4.0;5.0;3.0;06-09-2024;15.79;0;30;810;265;81;0;0;0;0;0;0;1;0;0;0;1;0;0;0;0;1;0;0;0;0;1;0
20;0.0;4.0;14.0;66.3;18.0;25.9;56;8;8;0;2.0;4.0;4.0;16-09-2024;3.78;1;28;710;325;60;1;0;0;0;0;0;0;0;1;0;0;0;0;0;1;0;0;0;0;0;1;0
19;0.0;0.8;;57.9;6.0;9.7;11;5;5;0;1.0;1.0;3.0;10-09-2024;4.53;1;28;480;265;78;0;0;0;0;1;0;0;0;1;0;0;0;1;0;0;0;0;0;0;1;0;0
20;3.0;13.4;28.0;62.9;13.0;12.0;19;7;7;0;2.0;4.0;1.0;18-09-2024;1.87;1;30;980;247;60;0;0;0;1;0;0;0;0;0;0;1;0;0;0;1;0;0;0;0;0;1;0
19;0.0;10.3;13.0;88.5;23.0;33.4;50;6;7;6;1.0;3.0;3.0;26-09-2024;9.09;1;28;710;325;60;1;0;0;0;0;0;0;0;1;0;0;0;0;0;1;0;0;1;0;0;0;0
18;1.0;1.9;16.0;84.1;15.0;18.8;35;4;5;3;3.0;4.0;2.0;09-09-2024;7.63;1;30;980;247;60;0;0;0;1;0;0;0;0;1;0;0;0;0;0;1;0;0;0;0;0;0;1
21;0.0;35.5;;99.4;47.0;71.2;78;1;10;2;5.0;3.0;4.0;27-09-2024;19.35;0;30;810;265;81;0;0;0;0;0;0;1;0;1;0;0;0;0;0;0;1;0;0;0;0;1;0
25;1.0;14.4;22.0;77.7;8.0;7.5;7;4;4;0;1.0;2.0;;02-09-2024;1.96;1;30;980;247;60;0;0;0;1;0;0;0;0;0;0;1;0;0;0;1;0;0;0;0;0;1;0
22;1.0;11.0;;62.9;9.0;10.1;36;5;5;0;1.0;2.0;2.0;27-09-2024;1.89;1;30;980;247;60;0;0;0;1;0;0;0;0;0;1;0;0;0;0;1;0;0;0;0;0;1;0
19;0.0;13.5;10.0;87.4;20.0;31.8;39;6;8;2;3.0;4.0;3.0;18-09-2024;13.76;0;30;810;265;81;0;0;0;0;0;0;1;0;1;0;0;0;0;0;0;1;0;0;0;1;0;0
20;0.0;22.6;0.0;75.3;3.0;3.0;7;7;7;0;3.0;2.0;2.0;06-09-2024;6.1;1;30;830;282;65;0;1;0;0;0;0;0;0;1;0;0;1;0;0;0;0;0;0;0;0;1;0
18;1.0;29.0;0.0;70.1;19.0;25.9;30;5;8;0;2.0;;2.0;20-09-2024;14.68;0;28;710;325;60;1;0;0;0;0;0;0;0;1;0;0;0;0;0;1;0;0;0;0;0;1;0
19;0.0;26.7;;98.3;46.0;70.8;95;2;7;5;5.0;;2.0;23-09-2024;18.9;0;30;810;265;81;0;0;0;0;0;0;1;0;1;0;0;0;0;0;0;1;0;0;0;1;0;0
18;0.0;13.9;5.0;80.0;20.0;26.8;47;7;7;8;3.0;3.0;;25-09-2024;14.53;0;30;830;282;65;0;1;0;0;0;0;0;0;1;0;0;1;0;0;0;0;0;0;0;0;1;0
19;3.0;64.1;16.0;72.7;8.0;3.7;18;3;5;2;5.0;2.0;1.0;17-09-2024;15.43;0;30;810;265;81;0;0;0;0;0;0;1;0;1;0;0;0;0;0;0;1;0;1;0;0;0;0
17;0.0;6.4;13.0;95.9;46.0;58.7;117;2;8;7;4.0;5.0;5.0;25-09-2024;18.91;0;28;480;265;78;0;0;0;0;1;0;0;0;1;0;0;0;1;0;0;0;0;0;0;0;1;0
19;2.0;14.9;0.0;91.2;55.0;112.8;140;0;12;5;5.0;4.0;4.0;18-09-2024;18.67;0;28;480;265;78;0;0;0;0;1;0;0;0;0;0;1;0;1;0;0;0;0;0;0;0;0;1
21;0.0;12.1;14.0;91.0;18.0;33.1;35;6;6;0;4.0;2.0;3.0;06-09-2024;11.11;0;30;980;247;60;0;0;0;1;0;0;0;0;0;1;0;0;0;0;1;0;0;0;0;0;1;0
20;0.0;0.3;3.0;70.3;16.0;30.4;36;6;6;1;3.0;;3.0;10-09-2024;15.34;0;30;830;282;65;0;1;0;0;0;0;0;0;1;0;0;1;0;0;0;0;0;0;0;0;1;0
18;1.0;;16.0;67.5;34.0;60.1;86;7;7;1;2.0;2.0;2.0;24-09-2024;13.21;0;28;480;265;78;0;0;0;0;1;0;0;0;0;1;0;0;1;0;0;0;0;0;0;0;1;0
19;0.0;2.9;7.0;99.3;67.0;67.6;144;0;13;8;5.0;;5.0;27-09-2024;19.72;0;30;830;282;65;0;1;0;0;0;0;0;0;1;0;0;1;0;0;0;0;0;0;0;0;1;0
21;0.0;2.4;0.0;82.0;41.0;52.1;72;3;7;0;5.0;4.0;5.0;09-09-2024;13.58;0;30;810;265;81;0;0;0;0;0;0;1;0;1;0;0;0;0;0;0;1;0;0;1;0;0;0
18;;20.8;7.0;59.6;4.0;2.4;25;6;6;0;2.0;3.0;2.0;04-09-2024;2.49;1;30;830;282;65;0;1;0;0;0;0;0;0;0;1;0;1;0;0;0;0;0;0;0;0;1;0
21;1.0;12.5;0.0;84.4;39.0;36.5;92;1;10;4;4.0;5.0;3.0;13-09-2024;16.76;0;30;980;247;60;0;0;0;1;0;0;0;0;1;0;0;0;0;0;1;0;0;0;1;0;0;0
18;1.0;7.5;3.0;88.4;34.0;47.8;78;4;8;4;3.0;2.0;4.0;24-09-2024;17.73;0;28;480;265;78;0;0;0;0;1;0;0;0;1;0;0;0;1;0;0;0;0;0;0;1;0;0
19;0.0;6.4;5.0;68.9;25.0;44.3;56;6;6;0;4.0;2.0;5.0;09-09-2024;12.85;0;30;930;293;75;0;0;1;0;0;0;0;0;1;0;0;0;0;0;0;0;1;0;0;0;1;0
17;2.0;15.0;;67.0;18.0;23.0;47;5;5;0;1.0;2.0;2.0;05-09-2024;4.83;1;30;980;247;60;0;0;0;1;0;0;0;0;1;0;0;0;0;0;1;0;0;0;0;0;1;0
17;2.0;10.9;0.0;75.2;28.0;48.3;61;5;6;0;4.0;4.0;4.0;09-09-2024;16.41;0;30;980;247;60;0;0;0;1;0;0;0;0;0;0;1;0;0;0;1;0;0;0;0;0;1;0
21;1.0;3.4;11.0;82.7;52.0;59.7;108;3;11;2;5.0;4.0;4.0;27-09-2024;17.82;0;28;480;265;78;0;0;0;0;1;0;0;0;0;1;0;0;1;0;0;0;0;0;0;0;1;0
22;0.0;6.9;21.0;95.9;42.0;87.2;124;4;8;6;3.0;3.0;5.0;26-09-2024;2.39;1;30;930;293;75;0;0;1;0;0;0;0;0;0;0;1;0;0;0;0;0;1;0;0;0;1;0
20;0.0;5.7;0.0;79.8;36.0;50.2;91;4;9;3;2.0;2.0;4.0;10-09-2024;15.62;0;30;930;293;75;0;0;1;0;0;0;0;0;1;0;0;0;0;0;0;0;1;0;0;0;1;0
20;1.0;0.7;18.0;77.6;34.0;58.8;94;4;8;4;4.0;3.0;3.0;26-09-2024;17.25;0;30;930;293;75;0;0;1;0;0;0;0;0;0;0;1;0;0;0;0;0;1;0;0;0;1;0
20;0.0;26.2;0.0;59.4;11.0;17.7;18;7;7;2;1.0;2.0;2.0;06-09-2024;2.62;1;30;930;293;75;0;0;1;0;0;0;0;0;1;0;0;0;0;0;0;0;1;0;0;0;1;0
21;1.0;15.9;0.0;52.0;21.0;24.3;38;4;8;1;3.0;1.0;3.0;26-09-2024;6.51;1;30;830;282;65;0;1;0;0;0;0;0;0;1;0;0;1;0;0;0;0;0;0;0;0;1;0
19;0.0;5.6;0.0;49.7;0.0;0.0;0;8;8;0;3.0;3.0;3.0;24-09-2024;8.56;1;28;550;256;64;0;0;0;0;0;1;0;0;1;0;0;0;0;0;1;0;0;1;0;0;0;0
19;3.0;27.8;0.0;88.8;40.0;57.6;74;5;7;4;4.0;1.0;3.0;04-09-2024;16.8;0;30;810;265;81;0;0;0;0;0;0;1;0;0;1;0;0;0;0;0;1;0;0;0;1;0;0
21;0.0;0.9;;71.1;7.0;13.0;9;2;7;3;5.0;5.0;3.0;04-09-2024;8.54;1;30;830;282;65;0;1;0;0;0;0;0;0;1;0;0;1;0;0;0;0;0;0;0;1;0;0
19;1.0;10.9;0.0;71.8;35.0;49.4;94;5;11;6;4.0;4.0;5.0;20-09-2024;15.49;0;30;810;265;81;0;0;0;0;0;0;1;0;1;0;0;0;0;0;0;1;0;0;0;0;1;0
23;1.0;1.4;19.0;63.6;32.0;25.1;49;7;8;8;2.0;4.0;4.0;13-09-2024;14.89;0;28;710;325;60;1;0;0;0;0;0;0;0;1;0;0;0;0;0;1;0;0;0;0;0;1;0
20;0.0;0.9;0.0;68.0;29.0;39.4;70;7;7;0;2.0;2.0;4.0;26-09-2024;12.32;0;30;620;263;66;0;0;0;0;0;0;0;1;1;0;0;0;0;1;0;0;0;0;0;0;1;0
18;1.0;2.9;26.0;50.5;;0.0;0;6;6;0;2.0;1.0;1.0;06-09-2024;3.15;1;30;930;293;75;0;0;1;0;0;0;0;0;0;0;1;0;0;0;0;0;1;0;0;1;0;0
17;1.0;26.2;26.0;77.6;26.0;45.7;57;5;7;5;3.0;2.0;3.0;13-09-2024;11.66;0;28;710;325;60;1;0;0;0;0;0;0;0;0;0;1;0;0;0;1;0;0;0;0;0;1;0
17;1.0;12.6;5.0;72.4;33.0;49.0;85;2;13;7;4.0;4.0;5.0;06-09-2024;19.44;0;30;830;282;65;0;1;0;0;0;0;0;0;1;0;0;1;0;0;0;0;0;0;0;0;1;0
19;1.0;9.6;0.0;81.5;27.0;52.4;47;5;10;5;5.0;4.0;4.0;13-09-2024;15.9;0;30;810;265;81;0;0;0;0;0;0;1;0;1;0;0;0;0;0;0;1;0;0;0;0;1;0
20;1.0;1.1;11.0;85.3;18.0;26.2;50;3;8;2;4.0;3.0;3.0;12-09-2024;16.1;0;30;830;282;65;0;1;0;0;0;0;0;0;1;0;0;1;0;0;0;0;0;0;0;0;1;0
21;3.0;26.3;8.0;49.1;4.0;8.3;12;5;5;0;2.0;1.0;2.0;10-09-2024;1.78;1;30;620;263;66;0;0;0;0;0;0;0;1;0;1;0;0;0;1;0;0;0;0;0;1;0;0
19;3.0;2.0;0.0;63.5;16.0;18.3;20;5;8;0;3.0;1.0;2.0;12-09-2024;8.14;1;30;810;265;81;0;0;0;0;0;0;1;0;1;0;0;0;0;0;0;1;0;0;0;0;1;0
17;0.0;22.5;10.0;65.6;15.0;21.6;34;6;7;0;1.0;2.0;;05-09-2024;1.67;1;28;710;325;60;1;0;0;0;0;0;0;0;0;1;0;0;0;0;1;0;0;0;0;0;1;0
17;0.0;4.9;12.0;74.3;42.0;54.9;68;3;8;0;5.0;4.0;3.0;06-09-2024;19.14;0;30;930;293;75;0;0;1;0;0;0;0;0;1;0;0;0;0;0;0;0;1;0;0;0;1;0
19;0.0;36.0;;94.2;44.0;48.1;74;3;9;7;5.0;3.0;4.0;25-09-2024;19.01;0;28;710;325;60;1;0;0;0;0;0;0;0;1;0;0;0;0;0;1;0;0;0;0;0;1;0
20;2.0;;12.0;91.2;60.0;95.9;110;0;10;6;5.0;5.0;5.0;10-09-2024;18.81;0;30;810;265;81;0;0;0;0;0;0;1;0;1;0;0;0;0;0;0;1;0;0;0;0;0;1
19;0.0;6.7;;85.5;27.0;43.4;76;4;11;4;2.0;4.0;4.0;20-09-2024;17.59;0;30;830;282;65;0;1;0;0;0;0;0;0;1;0;0;1;0;0;0;0;0;0;0;0;1;0
22;0.0;;0.0;82.9;42.0;72.9;112;4;10;7;3.0;5.0;2.0;09-09-2024;17.32;0;30;620;263;66;0;0;0;0;0;0;0;1;1;0;0;0;0;1;0;0;0;1;0;0;0;0
19;0.0;15.1;7.0;73.0;25.0;40.6;69;6;7;2;5.0;4.0;2.0;17-09-2024;8.8;1;28;480;265;78;0;0;0;0;1;0;0;0;1;0;0;0;1;0;0;0;0;0;1;0;0;0
22;1.0;20.4;10.0;61.2;15.0;15.4;28;5;5;2;2.0;2.0;3.0;05-09-2024;14.34;0;28;710;325;60;1;0;0;0;0;0;0;0;0;0;1;0;0;0;1;0;0;0;0;0;1;0
18;0.0;20.8;11.0;86.1;38.0;56.6;80;6;8;1;2.0;3.0;3.0;03-09-2024;11.46;0;30;930;293;75;0;0;1;0;0;0;0;0;0;0;1;0;0;0;0;0;1;0;0;1;0;0
17;1.0;22.4;15.0;81.7;26.0;51.2;33;2;5;2;2.0;3.0;;11-09-2024;15.57;0;30;620;263;66;0;0;0;0;0;0;0;1;0;0;1;0;0;1;0;0;0;0;0;0;1;0
24;0.0;14.2;10.0;92.2;35.0;40.0;82;3;10;9;4.0;5.0;4.0;13-09-2024;16.58;0;30;810;265;81;0;0;0;0;0;0;1;0;0;0;1;0;0;0;0;1;0;0;0;0;1;0
21;1.0;4.8;22.0;72.7;35.0;55.8;96;2;9;1;2.0;3.0;2.0;20-09-2024;16.89;0;30;830;282;65;0;1;0;0;0;0;0;0;1;0;0;1;0;0;0;0;0;0;1;0;0;0
18;1.0;30.5;0.0;84.9;24.0;25.5;37;3;9;5;4.0;3.0;3.0;20-09-2024;18.93;0;30;810;265;81;0;0;0;0;0;0;1;0;1;0;0;0;0;0;0;1;0;0;0;1;0;0
19;0.0;15.2;0.0;77.4;19.0;25.5;35;4;8;7;4.0;4.0;4.0;05-09-2024;17.89;0;30;930;293;75;0;0;1;0;0;0;0;0;1;0;0;0;0;0;0;0;1;0;0;0;1;0
19;3.0;34.1;0.0;84.9;37.0;33.0;87;2;9;2;4.0;5.0;2.0;05-09-2024;17.79;0;28;710;325;60;1;0;0;0;0;0;0;0;0;1;0;0;0;0;1;0;0;0;0;0;1;0
19;;5.6;20.0;72.7;34.0;41.2;63;4;9;0;3.0;4.0;4.0;13-09-2024;6.37;1;30;930;293;75;0;0;1;0;0;0;0;0;1;0;0;0;0;0;0;0;1;0;0;0;1;0
22;3.0;1.9;0.0;82.7;14.0;21.2;34;3;6;3;3.0;5.0;3.0;11-09-2024;15.5;0;30;620;263;66;0;0;0;0;0;0;0;1;0;0;1;0;0;1;0;0;0;0;0;0;1;0
19;0.0;22.5;16.0;86.7;37.0;25.7;68;0;11;5;4.0;2.0;2.0;18-09-2024;16.27;0;30;830;282;65;0;1;0;0;0;0;0;0;1;0;0;1;0;0;0;0;0;0;0;0;0;1
20;2.0;5.3;7.0;99.0;42.0;64.1;69;1;11;9;5.0;5.0;5.0;23-09-2024;17.12;0;30;620;263;66;0;0;0;0;0;0;0;1;1;0;0;0;0;1;0;0;0;0;1;0;0;0
18;2.0;6.4;27.0;83.2;29.0;43.2;74;6;8;0;3.0;5.0;3.0;27-09-2024;14.07;0;30;830;282;65;0;1;0;0;0;0;0;0;0;0;1;1;0;0;0;0;0;0;0;0;1;0
17;0.0;8.9;0.0;89.0;41.0;55.2;78;2;7;7;4.0;;5.0;02-09-2024;18.9;0;30;930;293;75;0;0;1;0;0;0;0;0;1;0;0;0;0;0;0;0;1;0;1;0;0;0
17;0.0;3.4;14.0;86.5;37.0;65.9;81;3;8;2;3.0;3.0;2.0;26-09-2024;16.72;0;30;930;293;75;0;0;1;0;0;0;0;0;0;0;1;0;0;0;0;0;1;0;0;1;0;0
19;1.0;;15.0;78.9;22.0;44.7;56;4;9;2;4.0;3.0;2.0;20-09-2024;16.07;0;30;980;247;60;0;0;0;1;0;0;0;0;1;0;0;0;0;0;1;0;0;0;0;0;1;0
20;2.0;14.6;0.0;91.4;40.0;47.3;100;4;11;7;4.0;3.0;;25-09-2024;17.38;0;28;480;265;78;0;0;0;0;1;0;0;0;0;0;1;0;1;0;0;0;0;0;0;0;1;0
24;0.0;1.4;8.0;92.7;32.0;62.2;60;3;9;4;4.0;4.0;3.0;02-09-2024;17.37;0;30;620;263;66;0;0;0;0;0;0;0;1;1;0;0;0;0;1;0;0;0;0;0;0;1;0
18;;8.7;0.0;84.8;24.0;42.2;70;7;7;4;2.0;4.0;3.0;16-09-2024;11.73;0;28;710;325;60;1;0;0;0;0;0;0;0;1;0;0;0;0;0;1;0;0;0;0;0;1;0
19;1.0;26.2;0.0;97.4;36.0;30.4;97;1;8;2;4.0;3.0;5.0;20-09-2024;16.8;0;30;830;282;65;0;1;0;0;0;0;0;0;0;1;0;1;0;0;0;0;0;1;0;0;0;0
22;2.0;0.0;10.0;86.4;18.0;44.4;54;3;6;3;4.0;3.0;3.0;27-09-2024;16.94;0;30;810;265;81;0;0;0;0;0;0;1;0;1;0;0;0;0;0;0;1;0;0;0;0;1;0
20;3.0;3.4;5.0;98.0;;111.3;155;1;9;12;5.0;5.0;;25-09-2024;18.78;0;28;710;325;60;1;0;0;0;0;0;0;0;0;1;0;0;0;0;1;0;0;0;0;0;1;0
21;0.0;1.8;0.0;79.4;19.0;34.1;39;6;8;3;5.0;3.0;2.0;09-09-2024;13.66;0;30;930;293;75;0;0;1;0;0;0;0;0;1;0;0;0;0;0;0;0;1;0;0;1;0;0
18;0.0;3.9;22.0;96.0;34.0;30.5;68;4;9;4;3.0;3.0;4.0;16-09-2024;16.35;0;30;620;263;66;0;0;0;0;0;0;0;1;0;0;1;0;0;1;0;0;0;0;0;1;0;0
20;1.0;56.9;6.0;94.1;45.0;71.6;107;2;11;3;5.0;;2.0;06-09-2024;17.56;0;28;480;265;78;0;0;0;0;1;0;0;0;0;0;1;0;1;0;0;0;0;0;0;1;0;0
21;3.0;15.3;13.0;71.5;21.0;28.1;59;6;11;2;3.0;4.0;3.0;16-09-2024;15.52;0;28;480;265;78;0;0;0;0;1;0;0;0;0;0;1;0;1;0;0;0;0;0;0;0;0;1
19;2.0;5.1;23.0;81.3;24.0;25.0;41;6;8;3;;5.0;4.0;12-09-2024;13.98;0;30;810;265;81;0;0;0;0;0;0;1;0;0;0;1;0;0;0;0;1;0;1;0;0;0;0
24;1.0;35.7;;94.5;32.0;49.5;68;6;7;6;3.0;3.0;5.0;18-09-2024;15.7;0;30;930;293;75;0;0;1;0;0;0;0;0;0;0;1;0;0;0;0;0;1;0;0;0;1;0
19;2.0;1.1;19.0;72.8;22.0;42.8;66;6;6;3;3.0;3.0;3.0;18-09-2024;5.34;1;30;810;265;81;0;0;0;0;0;0;1;0;1;0;0;0;0;0;0;1;0;0;1;0;0;0
18;0.0;22.0;0.0;81.4;42.0;69.3;101;2;5;1;3.0;2.0;4.0;09-09-2024;14.33;0;30;980;247;60;0;0;0;1;0;0;0;0;0;0;1;0;0;0;1;0;0;0;0;0;0;1
21;2.0;13.5;21.0;73.0;28.0;46.4;60;3;8;1;3.0;2.0;1.0;09-09-2024;13.48;0;30;930;293;75;0;0;1;0;0;0;0;0;0;0;1;0;0;0;0;0;1;0;0;0;1;0
22;1.0;2.3;0.0;85.2;32.0;45.0;78;3;11;7;2.0;3.0;3.0;17-09-2024;13.42;0;30;930;293;75;0;0;1;0;0;0;0;0;0;0;1;0;0;0;0;0;1;0;0;0;1;0
22;1.0;38.7;8.0;42.5;0.0;0.0;0;1;1;0;1.0;;1.0;18-09-2024;1.02;1;28;480;265;78;0;0;0;0;1;0;0;0;1;0;0;0;1;0;0;0;0;0;0;0;1;0
18;2.0;90.4;0.0;72.6;27.0;49.4;29;7;7;1;4.0;3.0;2.0;03-09-2024;16.58;0;28;550;256;64;0;0;0;0;0;1;0;0;1;0;0;0;0;0;1;0;0;0;1;0;0;0
25;0.0;0.6;8.0;76.2;38.0;33.8;71;2;6;0;3.0;4.0;3.0;03-09-2024;9.31;1;30;620;263;66;0;0;0;0;0;0;0;1;1;0;0;0;0;1;0;0;0;0;0;0;1;0
19;2.0;9.3;21.0;85.4;43.0;91.2;121;2;11;5;5.0;;5.0;17-09-2024;19.5;0;30;980;247;60;0;0;0;1;0;0;0;0;1;0;0;0;0;0;1;0;0;0;0;0;0;1
19;1.0;5.5;3.0;87.3;43.0;56.4;97;2;12;4;5.0;4.0;5.0;25-09-2024;18.27;0;28;550;256;64;0;0;0;0;0;1;0;0;1;0;0;0;0;0;1;0;0;0;0;0;1;0
20;0.0;5.3;13.0;70.5;32.0;36.6;76;7;7;2;;;3.0;12-09-2024;6.25;1;30;830;282;65;0;1;0;0;0;0;0;0;1;0;0;1;0;0;0;0;0;1;0;0;0;0
20;0.0;2.2;8.0;67.9;19.0;28.3;21;7;9;2;2.0;2.0;2.0;09-09-2024;7.46;1;30;980;247;60;0;0;0;1;0;0;0;0;0;1;0;0;0;0;1;0;0;0;0;0;1;0
18;1.0;;0.0;98.9;59.0;112.1;150;0;13;7;5.0;5.0;2.0;05-09-2024;19.22;0;28;480;265;78;0;0;0;0;1;0;0;0;0;0;1;0;1;0;0;0;0;0;0;1;0;0
20;0.0;1.7;7.0;60.7;17.0;32.1;33;6;7;0;2.0;1.0;4.0;16-09-2024;7.43;1;28;550;256;64;0;0;0;0;0;1;0;0;1;0;0;0;0;0;1;0;0;0;0;0;1;0
20;1.0;32.6;10.0;61.4;24.0;39.1;72;2;6;1;3.0;2.0;;02-09-2024;16.38;0;30;810;265;81;0;0;0;0;0;0;1;0;1;0;0;0;0;0;0;1;0;0;0;0;1;0
19;2.0;3.6;7.0;73.4;18.0;15.5;32;5;9;2;1.0;1.0;3.0;09-09-2024;11.9;0;30;810;265;81;0;0;0;0;0;0;1;0;0;0;1;0;0;0;0;1;0;0;1;0;0;0
20;0.0;3.4;8.0;81.6;41.0;42.6;72;3;9;4;3.0;4.0;4.0;10-09-2024;13.33;0;30;620;263;66;0;0;0;0;0;0;0;1;0;0;1;0;0;1;0;0;0;0;0;0;1;0
21;0.0;15.5;8.0;83.1;39.0;55.2;85;2;10;2;4.0;4.0;2.0;05-09-2024;15.72;0;30;980;247;60;0;0;0;1;0;0;0;0;1;0;0;0;0;0;1;0;0;0;0;0;1;0
20;0.0;25.6;17.0;76.6;45.0;69.5;74;3;9;6;3.0;4.0;3.0;12-09-2024;18.51;0;30;810;265;81;0;0;0;0;0;0;1;0;1;0;0;0;0;0;0;1;0;0;0;0;1;0
18;1.0;0.7;11.0;74.9;22.0;44.4;57;2;8;3;2.0;3.0;3.0;10-09-2024;17.38;0;30;830;282;65;0;1;0;0;0;0;0;0;0;1;0;1;0;0;0;0;0;0;0;0;1;0
19;0.0;1.3;;68.4;22.0;44.8;65;4;8;2;2.0;4.0;3.0;23-09-2024;13.64;0;30;980;247;60;0;0;0;1;0;0;0;0;0;1;0;0;0;0;1;0;0;0;0;1;0;0
20;0.0;4.9;16.0;70.1;9.0;15.9;31;5;10;2;3.0;3.0;2.0;19-09-2024;3.0;1;30;830;282;65;0;1;0;0;0;0;0;0;1;0;0;1;0;0;0;0;0;0;0;0;1;0
20;2.0;16.3;;84.7;42.0;61.3;89;3;11;3;3.0;4.0;5.0;06-09-2024;19.26;0;30;930;293;75;0;0;1;0;0;0;0;0;1;0;0;0;0;0;0;0;1;0;0;0;1;0
19;2.0;3.9;9.0;50.7;2.0;1.0;4;5;5;0;2.0;3.0;1.0;02-09-2024;3.32;1;30;810;265;81;0;0;0;0;0;0;1;0;0;0;1;0;0;0;0;1;0;0;0;0;1;0
25;2.0;5.5;;83.4;22.0;19.8;37;4;11;4;4.0;5.0;5.0;11-09-2024;14.43;0;28;480;265;78;0;0;0;0;1;0;0;0;1;0;0;0;1;0;0;0;0;0;0;0;1;0
20;0.0;12.8;0.0;73.6;33.0;54.1;83;5;8;4;;;3.0;10-09-2024;15.67;0;30;620;263;66;0;0;0;0;0;0;0;1;1;0;0;0;0;1;0;0;0;0;0;0;1;0
21;0.0;0.8;0.0;70.7;12.0;15.1;30;7;7;3;2.0;;1.0;11-09-2024;2.93;1;30;830;282;65;0;1;0;0;0;0;0;0;1;0;0;1;0;0;0;0;0;0;1;0;0;0
19;1.0;;11.0;89.4;53.0;116.9;134;3;7;9;4.0;4.0;3.0;20-09-2024;17.26;0;28;710;325;60;1;0;0;0;0;0;0;0;1;0;0;0;0;0;1;0;0;0;0;0;1;0
22;0.0;;13.0;84.8;29.0;52.0;51;4;8;4;4.0;4.0;1.0;04-09-2024;14.42;0;30;620;263;66;0;0;0;0;0;0;0;1;0;0;1;0;0;1;0;0;0;0;0;0;1;0
20;;28.8;8.0;86.8;40.0;75.6;70;7;7;5;4.0;5.0;4.0;09-09-2024;15.7;0;30;810;265;81;0;0;0;0;0;0;1;0;1;0;0;0;0;0;0;1;0;0;0;1;0;0
18;0.0;;0.0;87.8;29.0;34.8;77;1;7;6;4.0;3.0;5.0;20-09-2024;17.2;0;30;620;263;66;0;0;0;0;0;0;0;1;1;0;0;0;0;1;0;0;0;0;0;0;1;0
24;1.0;4.4;9.0;73.9;25.0;31.2;71;6;7;0;2.0;4.0;2.0;09-09-2024;14.55;0;30;980;247;60;0;0;0;1;0;0;0;0;1;0;0;0;0;0;1;0;0;0;0;0;1;0
21;2.0;52.2;26.0;98.5;61.0;83.9;91;4;10;5;5.0;3.0;5.0;06-09-2024;18.26;0;28;480;265;78;0;0;0;0;1;0;0;0;0;0;1;0;1;0;0;0;0;0;0;0;1;0
21;;1.0;;68.7;15.0;28.9;3;5;5;1;;3.0;3.0;24-09-2024;14.5;0;28;710;325;60;1;0;0;0;0;0;0;0;0;1;0;0;0;0;1;0;0;0;0;0;1;0
22;2.0;51.3;;84.2;35.0;58.1;96;3;10;5;3.0;3.0;2.0;12-09-2024;18.31;0;30;930;293;75;0;0;1;0;0;0;0;0;1;0;0;0;0;0;0;0;1;0;0;0;1;0
20;3.0;2.9;0.0;61.8;17.0;34.9;49;5;5;0;2.0;4.0;3.0;18-09-2024;7.2;1;30;980;247;60;0;0;0;1;0;0;0;0;0;0;1;0;0;0;1;0;0;0;1;0;0;0
18;1.0;17.3;17.0;90.5;19.0;36.6;34;3;8;4;4.0;5.0;2.0;18-09-2024;14.15;0;30;830;282;65;0;1;0;0;0;0;0;0;0;0;1;1;0;0;0;0;0;0;0;1;0;0
19;1.0;4.8;15.0;53.7;25.0;56.6;73;8;11;0;1.0;4.0;1.0;04-09-2024;1.95;1;30;930;293;75;0;0;1;0;0;0;0;0;1;0;0;0;0;0;0;0;1;0;0;0;1;0
22;1.0;8.3;13.0;99.5;39.0;35.2;93;0;11;10;4.0;4.0;;26-09-2024;18.59;0;30;620;263;66;0;0;0;0;0;0;0;1;1;0;0;0;0;1;0;0;0;0;0;0;1;0
20;2.0;60.3;0.0;90.5;;26.3;31;3;9;1;4.0;;;25-09-2024;16.42;0;30;830;282;65;0;1;0;0;0;0;0;0;1;0;0;1;0;0;0;0;0;0;0;0;1;0
20;0.0;26.4;19.0;82.0;24.0;37.0;57;2;12;1;2.0;3.0;3.0;25-09-2024;15.28;0;28;550;256;64;0;0;0;0;0;1;0;0;1;0;0;0;0;0;1;0;0;0;0;1;0;0
19;2.0;8.0;17.0;92.6;39.0;40.1;80;0;8;7;;4.0;3.0;27-09-2024;19.1;0;30;830;282;65;0;1;0;0;0;0;0;0;1;0;0;1;0;0;0;0;0;0;0;0;1;0
20;3.0;7.7;12.0;82.3;38.0;40.6;81;2;11;7;5.0;4.0;4.0;03-09-2024;17.43;0;28;550;256;64;0;0;0;0;0;1;0;0;0;0;1;0;0;0;1;0;0;0;0;0;1;0
20;1.0;11.7;18.0;83.3;14.0;22.2;26;2;7;1;3.0;3.0;2.0;17-09-2024;8.04;1;30;830;282;65;0;1;0;0;0;0;0;0;1;0;0;1;0;0;0;0;0;1;0;0;0;0
19;2.0;0.5;0.0;77.4;42.0;25.8;119;2;8;3;4.0;2.0;2.0;02-09-2024;15.59;0;30;810;265;81;0;0;0;0;0;0;1;0;1;0;0;0;0;0;0;1;0;0;0;1;0;0
18;0.0;8.7;0.0;80.7;31.0;33.7;70;1;7;2;;4.0;1.0;06-09-2024;14.05;0;30;930;293;75;0;0;1;0;0;0;0;0;0;0;1;0;0;0;0;0;1;0;0;0;1;0
21;1.0;14.1;;80.7;33.0;81.1;82;6;10;0;4.0;3.0;2.0;25-09-2024;16.4;0;30;830;282;65;0;1;0;0;0;0;0;0;1;0;0;1;0;0;0;0;0;0;0;1;0;0
21;2.0;15.3;0.0;84.2;30.0;60.4;56;2;8;0;4.0;3.0;2.0;17-09-2024;15.53;0;28;550;256;64;0;0;0;0;0;1;0;0;1;0;0;0;0;0;1;0;0;0;1;0;0;0
17;0.0;34.3;11.0;98.9;38.0;67.4;56;5;8;4;4.0;2.0;3.0;03-09-2024;14.24;0;30;980;247;60;0;0;0;1;0;0;0;0;1;0;0;0;0;0;1;0;0;0;0;1;0;0
18;1.0;9.6;10.0;81.2;32.0;71.1;59;4;8;2;3.0;3.0;1.0;26-09-2024;12.33;0;30;620;263;66;0;0;0;0;0;0;0;1;0;0;1;0;0;1;0;0;0;0;0;0;1;0
22;0.0;21.0;18.0;86.2;43.0;79.4;116;0;8;6;3.0;2.0;4.0;26-09-2024;17.48;0;30;830;282;65;0;1;0;0;0;0;0;0;1;0;0;1;0;0;0;0;0;0;0;0;1;0
18;0.0;;22.0;86.9;46.0;54.2;82;3;10;3;4.0;4.0;1.0;16-09-2024;14.32;0;28;550;256;64;0;0;0;0;0;1;0;0;1;0;0;0;0;0;1;0;0;0;0;0;1;0
22;0.0;2.6;10.0;87.5;31.0;51.0;73;4;9;7;3.0;4.0;3.0;19-09-2024;14.86;0;28;480;265;78;0;0;0;0;1;0;0;0;0;0;1;0;1;0;0;0;0;0;0;0;1;0
20;1.0;;7.0;63.4;13.0;12.9;30;8;9;0;2.0;3.0;3.0;03-09-2024;3.81;1;30;930;293;75;0;0;1;0;0;0;0;0;0;0;1;0;0;0;0;0;1;0;0;1;0;0
19;0.0;22.9;;52.2;19.0;37.8;36;3;8;0;2.0;3.0;3.0;09-09-2024;3.63;1;30;830;282;65;0;1;0;0;0;0;0;0;1;0;0;1;0;0;0;0;0;0;0;1;0;0
23;0.0;1.3;27.0;94.7;34.0;79.4;74;3;11;3;5.0;4.0;5.0;02-09-2024;18.29;0;30;830;282;65;0;1;0;0;0;0;0;0;0;0;1;1;0;0;0;0;0;0;0;0;1;0
19;0.0;8.6;22.0;77.3;47.0;45.6;125;1;11;2;3.0;4.0;3.0;17-09-2024;14.6;0;28;710;325;60;1;0;0;0;0;0;0;0;0;0;1;0;0;0;1;0;0;0;1;0;0;0
18;0.0;5.5;7.0;99.9;46.0;72.1;90;1;8;3;5.0;4.0;4.0;26-09-2024;18.34;0;28;710;325;60;1;0;0;0;0;0;0;0;1;0;0;0;0;0;1;0;0;0;0;0;0;1
21;1.0;9.8;27.0;73.2;29.0;44.5;68;5;6;4;5.0;3.0;4.0;05-09-2024;7.1;1;30;930;293;75;0;0;1;0;0;0;0;0;0;0;1;0;0;0;0;0;1;0;0;0;1;0
19;0.0;1.8;0.0;78.1;22.0;27.4;51;2;8;3;3.0;;3.0;09-09-2024;16.39;0;28;710;325;60;1;0;0;0;0;0;0;0;0;0;1;0;0;0;1;0;0;0;0;0;1;0
24;1.0;34.0;9.0;64.8;23.0;26.5;44;2;6;3;3.0;3.0;2.0;26-09-2024;10.31;0;30;620;263;66;0;0;0;0;0;0;0;1;1;0;0;0;0;1;0;0;0;0;0;0;1;0
18;1.0;15.0;22.0;61.4;6.0;8.5;15;7;7;0;2.0;2.0;1.0;19-09-2024;0.25;1;30;930;293;75;0;0;1;0;0;0;0;0;0;0;1;0;0;0;0;0;1;0;0;0;1;0
17;0.0;17.3;0.0;62.9;27.0;31.5;49;4;9;2;2.0;1.0;1.0;11-09-2024;4.52;1;28;480;265;78;0;0;0;0;1;0;0;0;1;0;0;0;1;0;0;0;0;0;0;0;1;0
20;2.0;12.9;;98.1;20.0;45.9;42;3;8;4;4.0;4.0;4.0;20-09-2024;15.68;0;28;480;265;78;0;0;0;0;1;0;0;0;1;0;0;0;1;0;0;0;0;0;0;0;0;1
20;0.0;;11.0;75.3;46.0;74.6;132;2;8;11;5.0;;;27-09-2024;19.43;0;30;930;293;75;0;0;1;0;0;0;0;0;1;0;0;0;0;0;0;0;1;0;0;0;1;0
22;1.0;29.6;23.0;69.2;3.0;4.1;1;4;5;1;2.0;3.0;1.0;18-09-2024;4.51;1;30;830;282;65;0;1;0;0;0;0;0;0;1;0;0;1;0;0;0;0;0;0;0;1;0;0
21;3.0;3.3;24.0;91.4;19.0;37.9;34;3;10;4;3.0;3.0;4.0;10-09-2024;17.61;0;30;620;263;66;0;0;0;0;0;0;0;1;1;0;0;0;0;1;0;0;0;0;0;0;1;0
18;3.0;0.7;0.0;72.1;33.0;60.3;82;3;6;4;3.0;;3.0;09-09-2024;12.39;0;28;480;265;78;0;0;0;0;1;0;0;0;1;0;0;0;1;0;0;0;0;0;0;0;1;0
23;0.0;25.7;;63.6;25.0;47.5;43;5;10;1;3.0;3.0;2.0;24-09-2024;10.29;0;30;980;247;60;0;0;0;1;0;0;0;0;0;0;1;0;0;0;1;0;0;0;0;0;1;0
22;;43.5;0.0;63.5;21.0;38.2;37;1;7;1;4.0;3.0;3.0;12-09-2024;14.81;0;30;810;265;81;0;0;0;0;0;0;1;0;1;0;0;0;0;0;0;1;0;0;0;0;1;0
19;1.0;2.7;;98.1;30.0;65.5;95;5;8;2;;3.0;2.0;27-09-2024;15.8;0;30;930;293;75;0;0;1;0;0;0;0;0;0;1;0;0;0;0;0;0;1;0;0;1;0;0
20;0.0;4.1;9.0;92.9;36.0;42.2;54;0;13;11;4.0;4.0;3.0;27-09-2024;18.49;0;28;550;256;64;0;0;0;0;0;1;0;0;1;0;0;0;0;0;1;0;0;0;0;0;0;1
21;3.0;16.1;15.0;59.5;18.0;23.0;47;6;7;1;1.0;3.0;3.0;27-09-2024;6.35;1;30;980;247;60;0;0;0;1;0;0;0;0;1;0;0;0;0;0;1;0;0;0;0;0;1;0
20;1.0;17.1;;71.3;16.0;26.9;55;5;5;4;3.0;3.0;1.0;13-09-2024;12.79;0;30;830;282;65;0;1;0;0;0;0;0;0;1;0;0;1;0;0;0;0;0;0;0;0;1;0
18;2.0;16.4;0.0;54.1;9.0;14.2;25;6;6;0;2.0;1.0;1.0;26-09-2024;3.92;1;30;930;293;75;0;0;1;0;0;0;0;0;1;0;0;0;0;0;0;0;1;0;0;0;1;0
20;2.0;0.2;11.0;74.3;26.0;26.3;34;6;6;0;1.0;3.0;3.0;10-09-2024;1.07;1;30;930;293;75;0;0;1;0;0;0;0;0;0;0;1;0;0;0;0;0;1;0;0;0;1;0
18;0.0;;13.0;70.3;28.0;53.9;49;3;6;0;4.0;3.0;3.0;27-09-2024;13.6;0;28;480;265;78;0;0;0;0;1;0;0;0;0;0;1;0;1;0;0;0;0;0;0;0;1;0
18;0.0;1.6;23.0;84.6;38.0;60.0;63;2;13;2;5.0;4.0;4.0;12-09-2024;17.28;0;30;980;247;60;0;0;0;1;0;0;0;0;0;0;1;0;0;0;1;0;0;0;0;0;1;0
21;2.0;59.2;15.0;92.4;26.0;65.9;52;5;10;3;4.0;3.0;2.0;03-09-2024;13.77;0;30;620;263;66;0;0;0;0;0;0;0;1;0;1;0;0;0;1;0;0;0;0;0;0;1;0
20;2.0;0.8;0.0;77.8;42.0;60.0;107;5;11;3;5.0;5.0;2.0;12-09-2024;19.47;0;30;980;247;60;0;0;0;1;0;0;0;0;1;0;0;0;0;0;1;0;0;0;0;1;0;0
18;2.0;0.6;;97.3;60.0;112.2;125;2;10;4;;5.0;5.0;10-09-2024;16.51;0;28;710;325;60;1;0;0;0;0;0;0;0;0;0;1;0;0;0;1;0;0;1;0;0;0;0
21;1.0;22.6;;53.6;34.0;71.5;85;4;9;1;4.0;3.0;1.0;19-09-2024;13.13;0;30;620;263;66;0;0;0;0;0;0;0;1;1;0;0;0;0;1;0;0;0;0;0;0;1;0
25;2.0;8.2;8.0;60.7;42.0;55.8;109;2;6;1;2.0;2.0;3.0;20-09-2024;14.84;0;30;930;293;75;0;0;1;0;0;0;0;0;1;0;0;0;0;0;0;0;1;0;0;0;1;0
17;;7.0;;91.6;48.0;79.7;79;6;10;5;4.0;3.0;3.0;27-09-2024;16.17;0;30;830;282;65;0;1;0;0;0;0;0;0;1;0;0;1;0;0;0;0;0;0;0;0;1;0
20;1.0;11.2;;85.8;32.0;28.5;71;5;9;1;3.0;;3.0;02-09-2024;13.86;0;28;710;325;60;1;0;0;0;0;0;0;0;0;1;0;0;0;0;1;0;0;0;0;0;1;0
22;0.0;38.0;16.0;78.4;;31.3;43;2;7;2;4.0;4.0;2.0;10-09-2024;13.69;0;28;480;265;78;0;0;0;0;1;0;0;0;0;0;1;0;1;0;0;0;0;0;0;0;1;0
23;1.0;;18.0;90.0;45.0;47.6;137;1;8;11;4.0;3.0;3.0;06-09-2024;16.83;0;30;810;265;81;0;0;0;0;0;0;1;0;1;0;0;0;0;0;0;1;0;0;0;0;1;0
18;3.0;29.3;19.0;70.3;25.0;28.3;47;2;8;2;2.0;3.0;1.0;03-09-2024;15.98;0;28;550;256;64;0;0;0;0;0;1;0;0;1;0;0;0;0;0;1;0;0;0;1;0;0;0
20;1.0;10.2;23.0;88.6;20.0;32.6;30;3;8;8;4.0;4.0;4.0;11-09-2024;16.04;0;28;480;265;78;0;0;0;0;1;0;0;0;0;0;1;0;1;0;0;0;0;0;0;0;1;0
18;1.0;58.1;24.0;76.3;31.0;56.6;65;4;10;2;4.0;5.0;1.0;16-09-2024;17.04;0;30;810;265;81;0;0;0;0;0;0;1;0;1;0;0;0;0;0;0;1;0;0;0;1;0;0
20;1.0;20.6;13.0;69.7;12.0;20.2;38;6;7;1;;3.0;3.0;02-09-2024;14.29;0;30;830;282;65;0;1;0;0;0;0;0;0;1;0;0;1;0;0;0;0;0;0;0;0;0;1
21;0.0;20.1;0.0;78.5;35.0;43.4;74;4;9;3;4.0;5.0;2.0;23-09-2024;15.55;0;30;930;293;75;0;0;1;0;0;0;0;0;0;0;1;0;0;0;0;0;1;0;0;0;1;0
18;2.0;4.7;0.0;97.2;33.0;51.8;48;3;7;2;5.0;3.0;2.0;18-09-2024;18.25;0;30;620;263;66;0;0;0;0;0;0;0;1;1;0;0;0;0;1;0;0;0;0;0;1;0;0
19;2.0;0.6;7.0;69.2;18.0;35.4;35;5;13;2;5.0;3.0;3.0;26-09-2024;17.94;0;28;710;325;60;1;0;0;0;0;0;0;0;0;0;1;0;0;0;1;0;0;0;0;1;0;0
21;0.0;21.3;23.0;80.0;48.0;78.9;132;5;9;1;3.0;;4.0;09-09-2024;16.64;0;28;710;325;60;1;0;0;0;0;0;0;0;1;0;0;0;0;0;1;0;0;0;0;0;1;0
18;3.0;9.6;0.0;80.6;40.0;48.3;71;1;9;3;4.0;3.0;4.0;10-09-2024;16.66;0;30;810;265;81;0;0;0;0;0;0;1;0;1;0;0;0;0;0;0;1;0;0;0;0;1;0
19;0.0;17.5;14.0;66.1;12.0;19.5;27;5;10;0;2.0;2.0;2.0;17-09-2024;4.99;1;30;930;293;75;0;0;1;0;0;0;0;0;1;0;0;0;0;0;0;0;1;0;0;1;0;0
20;0.0;1.3;5.0;61.2;32.0;53.4;80;7;8;2;1.0;3.0;3.0;12-09-2024;13.66;0;30;620;263;66;0;0;0;0;0;0;0;1;1;0;0;0;0;1;0;0;0;0;0;0;1;0
20;;18.5;0.0;86.6;17.0;10.3;30;7;8;3;5.0;3.0;1.0;10-09-2024;6.52;1;30;930;293;75;0;0;1;0;0;0;0;0;1;0;0;0;0;0;0;0;1;0;1;0;0;0
20;0.0;5.1;0.0;72.1;26.0;43.5;48;2;12;3;2.0;3.0;3.0;09-09-2024;13.75;0;30;830;282;65;0;1;0;0;0;0;0;0;1;0;0;1;0;0;0;0;0;0;0;0;1;0
17;3.0;10.4;13.0;66.1;14.0;24.2;39;6;10;2;2.0;4.0;1.0;16-09-2024;10.77;0;28;710;325;60;1;0;0;0;0;0;0;0;1;0;0;0;0;0;1;0;0;0;0;0;1;0
19;1.0;22.8;14.0;83.9;56.0;117.7;94;0;10;6;4.0;4.0;4.0;20-09-2024;19.37;0;30;930;293;75;0;0;1;0;0;0;0;0;0;0;1;0;0;0;0;0;1;0;0;0;0;1
20;1.0;2.5;6.0;76.6;43.0;62.6;117;3;10;2;3.0;2.0;2.0;13-09-2024;12.63;0;30;980;247;60;0;0;0;1;0;0;0;0;0;1;0;0;0;0;1;0;0;0;0;1;0;0
20;1.0;38.1;23.0;86.2;32.0;37.5;94;7;8;0;3.0;2.0;2.0;26-09-2024;16.2;0;30;620;263;66;0;0;0;0;0;0;0;1;0;0;1;0;0;1;0;0;0;0;0;1;0;0
19;0.0;;;72.1;43.0;82.0;80;0;9;4;2.0;4.0;3.0;24-09-2024;15.37;0;30;930;293;75;0;0;1;0;0;0;0;0;1;0;0;0;0;0;0;0;1;0;0;1;0;0
21;0.0;18.5;;96.7;24.0;27.7;62;2;8;7;5.0;4.0;4.0;23-09-2024;16.71;0;30;980;247;60;0;0;0;1;0;0;0;0;1;0;0;0;0;0;1;0;0;0;0;0;1;0
24;3.0;24.7;15.0;88.8;48.0;77.9;87;2;11;2;4.0;5.0;3.0;06-09-2024;17.03;0;30;620;263;66;0;0;0;0;0;0;0;1;1;0;0;0;0;1;0;0;0;0;0;0;1;0
20;2.0;15.4;0.0;63.1;3.0;8.5;3;5;5;0;2.0;2.0;1.0;09-09-2024;5.19;1;30;930;293;75;0;0;1;0;0;0;0;0;1;0;0;0;0;0;0;0;1;0;0;0;1;0
20;0.0;4.0;8.0;86.9;42.0;78.1;89;0;12;3;4.0;5.0;5.0;26-09-2024;17.92;0;30;620;263;66;0;0;0;0;0;0;0;1;0;0;1;0;0;1;0;0;0;0;0;0;1;0
19;0.0;;;51.0;11.0;20.4;21;3;6;1;1.0;2.0;;04-09-2024;2.4;1;30;980;247;60;0;0;0;1;0;0;0;0;0;0;1;0;0;0;1;0;0;0;0;0;1;0
19;1.0;13.9;0.0;72.2;38.0;49.5;89;2;10;2;5.0;4.0;4.0;03-09-2024;19.83;0;30;810;265;81;0;0;0;0;0;0;1;0;1;0;0;0;0;0;0;1;0;0;0;0;1;0
19;0.0;15.8;11.0;91.2;33.0;30.5;89;4;9;2;2.0;4.0;4.0;16-09-2024;13.73;0;28;550;256;64;0;0;0;0;0;1;0;0;0;0;1;0;0;0;1;0;0;0;0;1;0;0
23;0.0;23.1;18.0;87.7;26.0;47.9;67;3;9;0;2.0;3.0;1.0;02-09-2024;4.61;1;28;710;325;60;1;0;0;0;0;0;0;0;0;0;1;0;0;0;1;0;0;0;0;0;1;0
20;1.0;12.3;;73.8;44.0;60.6;82;2;9;5;5.0;4.0;4.0;09-09-2024;15.7;0;30;830;282;65;0;1;0;0;0;0;0;0;1;0;0;1;0;0;0;0;0;1;0;0;0;0
20;1.0;2.0;18.0;82.2;33.0;52.9;74;1;11;6;5.0;5.0;5.0;24-09-2024;17.56;0;30;830;282;65;0;1;0;0;0;0;0;0;0;0;1;1;0;0;0;0;0;0;0;0;1;0
19;1.0;10.4;0.0;55.7;16.0;21.2;29;8;8;0;4.0;1.0;1.0;02-09-2024;3.97;1;30;830;282;65;0;1;0;0;0;0;0;0;1;0;0;1;0;0;0;0;0;0;0;1;0;0
20;2.0;11.7;7.0;69.9;14.0;22.1;27;7;7;2;2.0;3.0;3.0;27-09-2024;3.89;1;30;930;293;75;0;0;1;0;0;0;0;0;1;0;0;0;0;0;0;0;1;0;0;0;1;0
17;0.0;22.0;11.0;80.7;30.0;46.2;52;4;10;3;4.0;4.0;3.0;23-09-2024;18.25;0;28;480;265;78;0;0;0;0;1;0;0;0;1;0;0;0;1;0;0;0;0;0;0;0;1;0
18;0.0;17.3;0.0;81.9;20.0;25.1;44;0;13;8;5.0;4.0;2.0;24-09-2024;18.12;0;30;810;265;81;0;0;0;0;0;0;1;0;1;0;0;0;0;0;0;1;0;0;0;0;1;0
19;1.0;24.5;28.0;71.5;3.0;4.4;22;7;7;1;2.0;3.0;2.0;06-09-2024;2.35;1;28;710;325;60;1;0;0;0;0;0;0;0;0;1;0;0;0;0;1;0;0;0;0;0;1;0
18;1.0;13.5;11.0;68.9;31.0;57.0;80;2;9;3;3.0;4.0;4.0;06-09-2024;15.94;0;28;710;325;60;1;0;0;0;0;0;0;0;1;0;0;0;0;0;1;0;0;0;0;0;1;0
18;0.0;3.2;6.0;54.3;21.0;33.8;19;5;10;4;4.0;4.0;2.0;11-09-2024;8.45;1;30;830;282;65;0;1;0;0;0;0;0;0;1;0;0;1;0;0;0;0;0;0;0;0;1;0
18;1.0;48.6;8.0;58.9;18.0;39.9;37;5;5;1;2.0;4.0;3.0;02-09-2024;4.86;1;28;550;256;64;0;0;0;0;0;1;0;0;1;0;0;0;0;0;1;0;0;0;0;0;1;0
19;2.0;0.4;27.0;73.9;30.0;28.0;66;0;7;2;3.0;4.0;3.0;04-09-2024;12.83;0;30;930;293;75;0;0;1;0;0;0;0;0;0;0;1;0;0;0;0;0;1;0;0;1;0;0
19;0.0;63.2;14.0;88.1;29.0;43.3;55;8;8;5;5.0;4.0;3.0;05-09-2024;17.69;0;30;980;247;60;0;0;0;1;0;0;0;0;1;0;0;0;0;0;1;0;0;0;0;0;1;0
20;0.0;21.8;15.0;62.9;17.0;35.2;63;3;7;0;2.0;2.0;2.0;24-09-2024;6.5;1;30;830;282;65;0;1;0;0;0;0;0;0;1;0;0;1;0;0;0;0;0;0;0;1;0;0
19;0.0;;11.0;57.8;3.0;1.9;5;3;5;0;;5.0;1.0;27-09-2024;0.44;1;30;830;282;65;0;1;0;0;0;0;0;0;0;0;1;1;0;0;0;0;0;0;0;0;1;0
20;1.0;8.8;;48.1;;0.0;0;7;7;0;1.0;4.0;1.0;10-09-2024;1.46;1;30;810;265;81;0;0;0;0;0;0;1;0;1;0;0;0;0;0;0;1;0;0;0;0;0;1
20;0.0;4.0;25.0;98.2;52.0;104.1;109;3;11;4;4.0;5.0;4.0;04-09-2024;15.56;0;28;710;325;60;1;0;0;0;0;0;0;0;1;0;0;0;0;0;1;0;0;0;1;0;0;0
17;0.0;8.6;0.0;81.4;27.0;29.0;55;6;9;2;3.0;3.0;4.0;06-09-2024;12.7;0;28;480;265;78;0;0;0;0;1;0;0;0;0;1;0;0;1;0;0;0;0;0;0;0;1;0
25;0.0;1.3;0.0;83.3;33.0;40.0;93;3;8;1;5.0;;4.0;02-09-2024;17.41;0;28;550;256;64;0;0;0;0;0;1;0;0;1;0;0;0;0;0;1;0;0;0;0;1;0;0
18;0.0;5.4;9.0;74.5;35.0;29.0;95;4;9;3;4.0;4.0;1.0;05-09-2024;18.31;0;30;980;247;60;0;0;0;1;0;0;0;0;1;0;0;0;0;0;1;0;0;0;0;1;0;0
22;0.0;1.8;18.0;74.2;32.0;58.3;44;3;11;6;1.0;;4.0;24-09-2024;15.15;0;30;930;293;75;0;0;1;0;0;0;0;0;1;0;0;0;0;0;0;0;1;0;0;0;1;0
25;1.0;28.9;7.0;65.5;23.0;43.2;48;5;7;3;3.0;5.0;4.0;26-09-2024;7.72;1;30;810;265;81;0;0;0;0;0;0;1;0;0;1;0;0;0;0;0;1;0;0;0;0;1;0
18;0.0;12.0;;89.4;40.0;82.8;97;3;9;4;3.0;4.0;4.0;05-09-2024;17.6;0;30;810;265;81;0;0;0;0;0;0;1;0;0;1;0;0;0;0;0;1;0;0;1;0;0;0
18;1.0;1.7;9.0;62.0;25.0;33.0;54;2;5;5;3.0;3.0;1.0;24-09-2024;13.51;0;30;980;247;60;0;0;0;1;0;0;0;0;1;0;0;0;0;0;1;0;0;0;0;1;0;0
19;1.0;1.2;21.0;65.1;13.0;18.1;26;8;8;1;3.0;2.0;;03-09-2024;2.6;1;30;980;247;60;0;0;0;1;0;0;0;0;0;0;1;0;0;0;1;0;0;0;0;0;1;0
21;2.0;2.6;;69.0;9.0;14.8;27;5;5;1;;2.0;4.0;19-09-2024;6.58;1;30;980;247;60;0;0;0;1;0;0;0;0;1;0;0;0;0;0;1;0;0;0;0;1;0;0
21;1.0;20.0;0.0;76.3;27.0;32.8;72;2;7;5;2.0;2.0;;20-09-2024;12.87;0;28;480;265;78;0;0;0;0;1;0;0;0;1;0;0;0;1;0;0;0;0;0;0;0;1;0
25;0.0;9.2;15.0;93.0;53.0;58.4;125;5;12;3;5.0;4.0;4.0;18-09-2024;17.88;0;28;550;256;64;0;0;0;0;0;1;0;0;1;0;0;0;0;0;1;0;0;0;0;0;1;0
18;;24.6;6.0;96.9;38.0;60.5;85;2;10;9;5.0;5.0;5.0;20-09-2024;19.53;0;30;830;282;65;0;1;0;0;0;0;0;0;0;0;1;1;0;0;0;0;0;0;0;0;1;0
18;2.0;22.1;19.0;45.8;0.0;0.0;0;3;3;0;1.0;2.0;1.0;16-09-2024;2.7;1;30;930;293;75;0;0;1;0;0;0;0;0;1;0;0;0;0;0;0;0;1;0;0;0;1;0
22;3.0;9.0;0.0;67.9;12.0;11.9;28;4;10;0;1.0;3.0;3.0;19-09-2024;13.44;0;30;810;265;81;0;0;0;0;0;0;1;0;0;0;1;0;0;0;0;1;0;0;1;0;0;0
22;1.0;0.2;0.0;58.2;21.0;36.9;32;1;8;1;3.0;4.0;4.0;06-09-2024;15.07;0;30;930;293;75;0;0;1;0;0;0;0;0;1;0;0;0;0;0;0;0;1;0;0;0;1;0
21;2.0;67.1;0.0;67.4;4.0;7.0;21;5;7;1;4.0;3.0;1.0;10-09-2024;14.75;0;30;810;265;81;0;0;0;0;0;0;1;0;1;0;0;0;0;0;0;1;0;0;0;1;0;0
19;0.0;3.7;7.0;95.5;65.0;116.4;120;3;13;7;;3.0;4.0;19-09-2024;19.66;0;30;810;265;81;0;0;0;0;0;0;1;0;1;0;0;0;0;0;0;1;0;0;0;0;1;0
21;1.0;0.8;13.0;88.1;30.0;55.4;87;0;10;7;5.0;4.0;2.0;09-09-2024;16.14;0;28;550;256;64;0;0;0;0;0;1;0;0;1;0;0;0;0;0;1;0;0;0;0;0;1;0
20;1.0;48.7;;84.1;34.0;41.1;84;2;10;2;3.0;2.0;1.0;17-09-2024;15.39;0;30;830;282;65;0;1;0;0;0;0;0;0;1;0;0;1;0;0;0;0;0;0;0;0;1;0
19;1.0;;0.0;76.8;56.0;71.8;138;3;13;4;5.0;4.0;5.0;27-09-2024;16.59;0;30;620;263;66;0;0;0;0;0;0;0;1;1;0;0;0;0;1;0;0;0;0;0;1;0;0
20;1.0;11.7;0.0;81.3;35.0;35.4;59;1;8;5;4.0;;5.0;18-09-2024;16.8;0;30;810;265;81;0;0;0;0;0;0;1;0;1;0;0;0;0;0;0;1;0;0;1;0;0;0
20;1.0;4.7;0.0;71.2;12.0;19.6;19;5;8;1;3.0;2.0;2.0;05-09-2024;5.75;1;30;830;282;65;0;1;0;0;0;0;0;0;1;0;0;1;0;0;0;0;0;0;0;0;1;0
20;0.0;12.2;22.0;63.2;13.0;19.4;41;5;8;2;3.0;5.0;3.0;12-09-2024;13.55;0;30;980;247;60;0;0;0;1;0;0;0;0;1;0;0;0;0;0;1;0;0;0;0;0;1;0
24;0.0;14.4;17.0;63.2;44.0;66.4;109;3;7;2;3.0;3.0;3.0;09-09-2024;4.08;1;30;620;263;66;0;0;0;0;0;0;0;1;0;1;0;0;0;1;0;0;0;0;0;0;1;0
20;2.0;0.8;12.0;69.3;18.0;30.1;56;4;10;3;3.0;5.0;4.0;26-09-2024;14.32;0;30;810;265;81;0;0;0;0;0;0;1;0;1;0;0;0;0;0;0;1;0;0;0;1;0;0
23;1.0;7.7;;74.5;20.0;31.1;54;4;11;1;3.0;1.0;2.0;09-09-2024;10.8;0;30;980;247;60;0;0;0;1;0;0;0;0;0;1;0;0;0;0;1;0;0;0;0;0;1;0
20;1.0;3.1;14.0;74.8;8.0;6.4;19;3;7;2;2.0;4.0;2.0;10-09-2024;3.36;1;30;620;263;66;0;0;0;0;0;0;0;1;0;0;1;0;0;1;0;0;0;0;0;0;1;0
20;2.0;18.8;0.0;66.8;18.0;34.6;33;2;10;8;1.0;4.0;2.0;26-09-2024;7.31;1;30;620;263;66;0;0;0;0;0;0;0;1;0;0;1;0;0;1;0;0;0;0;0;0;1;0
21;0.0;17.4;0.0;77.6;22.0;34.0;69;6;6;3;1.0;2.0;4.0;03-09-2024;8.03;1;30;980;247;60;0;0;0;1;0;0;0;0;1;0;0;0;0;0;1;0;0;0;0;0;1;0
22;0.0;6.5;0.0;72.6;16.0;27.9;40;4;10;1;3.0;2.0;3.0;27-09-2024;5.38;1;30;930;293;75;0;0;1;0;0;0;0;0;0;0;1;0;0;0;0;0;1;0;0;0;1;0
19;1.0;19.3;26.0;79.3;27.0;35.6;74;4;10;1;4.0;5.0;2.0;27-09-2024;16.84;0;30;980;247;60;0;0;0;1;0;0;0;0;1;0;0;0;0;0;1;0;0;0;0;1;0;0
19;0.0;0.5;3.0;86.1;26.0;43.8;69;4;9;6;4.0;3.0;3.0;26-09-2024;17.22;0;30;830;282;65;0;1;0;0;0;0;0;0;1;0;0;1;0;0;0;0;0;0;0;0;1;0
19;2.0;3.1;;65.5;30.0;55.0;75;2;10;4;5.0;3.0;2.0;19-09-2024;17.36;0;30;980;247;60;0;0;0;1;0;0;0;0;0;0;1;0;0;0;1;0;0;0;0;0;1;0
18;2.0;24.9;0.0;96.5;27.0;39.4;73;3;9;4;5.0;5.0;3.0;20-09-2024;18.7;0;30;830;282;65;0;1;0;0;0;0;0;0;0;0;1;1;0;0;0;0;0;0;0;0;1;0
19;0.0;31.8;;69.5;;37.8;86;4;7;2;5.0;2.0;;16-09-2024;3.0;1;30;930;293;75;0;0;1;0;0;0;0;0;0;0;1;0;0;0;0;0;1;0;0;0;1;0
18;3.0;12.4;10.0;98.6;65.0;80.9;133;0;12;5;;5.0;4.0;10-09-2024;19.25;0;30;830;282;65;0;1;0;0;0;0;0;0;0;1;0;1;0;0;0;0;0;0;0;0;0;1
20;1.0;7.3;27.0;74.9;25.0;38.1;76;5;6;0;3.0;;2.0;24-09-2024;14.93;0;30;980;247;60;0;0;0;1;0;0;0;0;1;0;0;0;0;0;1;0;0;0;0;0;1;0
20;3.0;;3.0;57.7;11.0;24.2;44;1;9;1;;2.0;2.0;09-09-2024;14.99;0;30;620;263;66;0;0;0;0;0;0;0;1;0;0;1;0;0;1;0;0;0;1;0;0;0;0
18;1.0;32.3;6.0;79.3;29.0;32.4;68;2;6;1;4.0;3.0;2.0;24-09-2024;12.55;0;30;810;265;81;0;0;0;0;0;0;1;0;0;0;1;0;0;0;0;1;0;0;0;0;1;0
20;1.0;22.5;8.0;67.2;26.0;44.7;71;6;10;0;;;2.0;02-09-2024;5.29;1;30;830;282;65;0;1;0;0;0;0;0;0;1;0;0;1;0;0;0;0;0;0;0;1;0;0
21;3.0;2.9;0.0;56.1;18.0;36.4;15;5;6;0;2.0;1.0;3.0;12-09-2024;5.47;1;30;810;265;81;0;0;0;0;0;0;1;0;0;1;0;0;0;0;0;1;0;0;0;0;0;1
19;1.0;5.8;18.0;89.1;24.0;22.4;48;1;7;7;4.0;3.0;4.0;09-09-2024;15.87;0;30;810;265;81;0;0;0;0;0;0;1;0;1;0;0;0;0;0;0;1;0;0;0;0;1;0
26;3.0;5.7;13.0;94.6;26.0;47.9;54;4;10;8;3.0;2.0;3.0;19-09-2024;15.12;0;30;810;265;81;0;0;0;0;0;0;1;0;1;0;0;0;0;0;0;1;0;0;0;1;0;0
22;1.0;3.0;0.0;56.1;9.0;14.5;13;5;5;2;3.0;;2.0;06-09-2024;5.78;1;30;930;293;75;0;0;1;0;0;0;0;0;1;0;0;0;0;0;0;0;1;0;0;0;1;0
17;1.0;16.5;13.0;95.9;36.0;45.3;79;3;8;5;5.0;;3.0;03-09-2024;18.17;0;30;620;263;66;0;0;0;0;0;0;0;1;1;0;0;0;0;1;0;0;0;0;0;0;1;0
20;0.0;3.2;3.0;84.6;;18.0;30;3;9;2;3.0;3.0;2.0;04-09-2024;4.98;1;30;620;263;66;0;0;0;0;0;0;0;1;0;0;1;0;0;1;0;0;0;0;0;1;0;0
22;1.0;;0.0;63.4;25.0;59.1;66;5;5;2;1.0;1.0;2.0;12-09-2024;2.12;1;30;830;282;65;0;1;0;0;0;0;0;0;0;0;1;1;0;0;0;0;0;0;0;0;1;0
19;1.0;10.3;0.0;54.7;2.0;3.4;1;4;4;0;1.0;1.0;2.0;27-09-2024;1.16;1;28;480;265;78;0;0;0;0;1;0;0;0;1;0;0;0;1;0;0;0;0;0;0;1;0;0
18;0.0;11.2;0.0;85.9;51.0;94.4;131;0;12;5;4.0;5.0;3.0;27-09-2024;17.02;0;30;930;293;75;0;0;1;0;0;0;0;0;1;0;0;0;0;0;0;0;1;0;0;0;1;0
20;0.0;0.8;;96.5;36.0;63.7;85;2;9;3;4.0;4.0;5.0;04-09-2024;16.94;0;30;980;247;60;0;0;0;1;0;0;0;0;1;0;0;0;0;0;1;0;0;0;0;0;1;0
21;1.0;8.1;5.0;74.8;25.0;31.6;54;3;7;0;2.0;3.0;2.0;03-09-2024;4.02;1;30;980;247;60;0;0;0;1;0;0;0;0;1;0;0;0;0;0;1;0;0;0;0;0;1;0
21;2.0;5.4;14.0;93.9;32.0;37.1;66;1;9;3;4.0;3.0;;16-09-2024;14.73;0;30;620;263;66;0;0;0;0;0;0;0;1;1;0;0;0;0;1;0;0;0;0;0;0;1;0
17;;;0.0;82.9;43.0;76.1;81;3;13;2;5.0;4.0;3.0;06-09-2024;13.59;0;30;930;293;75;0;0;1;0;0;0;0;0;0;0;1;0;0;0;0;0;1;1;0;0;0;0
18;1.0;8.1;27.0;92.6;51.0;81.0;134;2;8;7;3.0;4.0;3.0;16-09-2024;19.13;0;30;810;265;81;0;0;0;0;0;0;1;0;1;0;0;0;0;0;0;1;0;1;0;0;0;0
19;2.0;0.8;3.0;97.8;45.0;65.4;70;0;7;2;2.0;3.0;3.0;11-09-2024;17.95;0;28;550;256;64;0;0;0;0;0;1;0;0;1;0;0;0;0;0;1;0;0;0;0;0;1;0
20;;6.9;0.0;69.8;31.0;21.7;60;2;5;7;;2.0;2.0;23-09-2024;16.75;0;30;980;247;60;0;0;0;1;0;0;0;0;1;0;0;0;0;0;1;0;0;0;0;0;1;0
19;0.0;8.7;0.0;74.9;43.0;70.7;84;0;8;2;5.0;3.0;1.0;26-09-2024;15.61;0;30;830;282;65;0;1;0;0;0;0;0;0;1;0;0;1;0;0;0;0;0;0;0;1;0;0
18;2.0;20.8;10.0;72.1;38.0;60.6;72;3;8;4;3.0;3.0;4.0;25-09-2024;13.37;0;28;550;256;64;0;0;0;0;0;1;0;0;0;0;1;0;0;0;1;0;0;0;0;0;0;1
18;2.0;0.7;9.0;84.1;36.0;59.2;65;7;7;2;2.0;3.0;3.0;03-09-2024;14.97;0;30;930;293;75;0;0;1;0;0;0;0;0;1;0;0;0;0;0;0;0;1;0;0;1;0;0
18;2.0;29.3;;95.6;15.0;25.1;25;6;12;3;4.0;4.0;3.0;09-09-2024;16.18;0;30;930;293;75;0;0;1;0;0;0;0;0;0;1;0;0;0;0;0;0;1;0;0;1;0;0
20;3.0;1.5;11.0;95.3;51.0;99.2;136;1;8;9;5.0;3.0;;13-09-2024;19.3;0;30;980;247;60;0;0;0;1;0;0;0;0;1;0;0;0;0;0;1;0;0;0;0;0;1;0
20;1.0;16.1;19.0;87.5;39.0;62.0;82;4;11;7;4.0;3.0;2.0;09-09-2024;15.78;0;30;810;265;81;0;0;0;0;0;0;1;0;1;0;0;0;0;0;0;1;0;0;0;0;1;0
21;0.0;31.4;24.0;74.8;26.0;43.5;41;1;6;4;4.0;4.0;5.0;19-09-2024;14.45;0;30;810;265;81;0;0;0;0;0;0;1;0;0;1;0;0;0;0;0;1;0;0;0;0;1;0
20;2.0;23.4;0.0;64.6;9.0;10.5;29;6;6;0;1.0;1.0;1.0;16-09-2024;1.9;1;30;620;263;66;0;0;0;0;0;0;0;1;0;0;1;0;0;1;0;0;0;0;0;0;1;0
20;0.0;40.8;18.0;69.9;10.0;17.1;22;5;5;0;1.0;1.0;2.0;06-09-2024;6.4;1;28;480;265;78;0;0;0;0;1;0;0;0;1;0;0;0;1;0;0;0;0;0;0;0;1;0
24;0.0;10.0;27.0;84.3;61.0;99.2;163;1;13;4;5.0;4.0;4.0;11-09-2024;18.71;0;30;810;265;81;0;0;0;0;0;0;1;0;0;0;1;0;0;0;0;1;0;0;0;1;0;0
26;0.0;3.2;0.0;62.1;22.0;31.7;41;4;10;4;4.0;4.0;3.0;09-09-2024;14.16;0;28;480;265;78;0;0;0;0;1;0;0;0;1;0;0;0;1;0;0;0;0;0;0;0;0;1
17;1.0;12.0;10.0;84.7;;46.8;125;2;7;4;3.0;4.0;4.0;13-09-2024;17.25;0;30;930;293;75;0;0;1;0;0;0;0;0;0;0;1;0;0;0;0;0;1;0;1;0;0;0
24;;;0.0;90.3;35.0;56.7;70;8;10;2;2.0;5.0;;03-09-2024;16.29;0;30;930;293;75;0;0;1;0;0;0;0;0;1;0;0;0;0;0;0;0;1;0;0;0;1;0
18;0.0;28.2;20.0;63.8;19.0;31.1;38;8;8;0;1.0;;3.0;06-09-2024;5.55;1;30;980;247;60;0;0;0;1;0;0;0;0;1;0;0;0;0;0;1;0;0;0;0;0;0;1
18;2.0;2.5;0.0;69.5;38.0;55.2;88;3;13;1;5.0;4.0;3.0;05-09-2024;14.79;0;30;930;293;75;0;0;1;0;0;0;0;0;1;0;0;0;0;0;0;0;1;0;0;0;1;0
20;1.0;;;58.7;4.0;3.9;10;6;12;0;3.0;3.0;2.0;20-09-2024;3.07;1;30;620;263;66;0;0;0;0;0;0;0;1;0;0;1;0;0;1;0;0;0;0;0;1;0;0
18;0.0;5.4;8.0;67.8;28.0;46.3;58;5;7;0;3.0;3.0;1.0;25-09-2024;3.69;1;28;480;265;78;0;0;0;0;1;0;0;0;1;0;0;0;1;0;0;0;0;0;0;0;1;0
23;3.0;5.2;0.0;96.7;44.0;50.7;104;7;11;4;5.0;;5.0;27-09-2024;16.83;0;30;980;247;60;0;0;0;1;0;0;0;0;1;0;0;0;0;0;1;0;0;0;0;0;1;0
18;1.0;8.9;17.0;84.0;20.0;39.8;58;7;7;5;4.0;4.0;;09-09-2024;16.05;0;30;810;265;81;0;0;0;0;0;0;1;0;1;0;0;0;0;0;0;1;0;0;0;0;1;0
21;;16.6;0.0;53.1;0.0;0.0;0;6;6;0;1.0;4.0;1.0;10-09-2024;2.92;1;30;930;293;75;0;0;1;0;0;0;0;0;0;1;0;0;0;0;0;0;1;0;0;0;1;0
19;1.0;26.2;;73.4;22.0;35.6;28;5;9;1;3.0;4.0;2.0;11-09-2024;6.64;1;28;550;256;64;0;0;0;0;0;1;0;0;0;1;0;0;0;0;1;0;0;0;0;0;1;0
23;1.0;8.7;;95.9;33.0;48.6;57;5;10;7;5.0;4.0;3.0;05-09-2024;18.19;0;30;930;293;75;0;0;1;0;0;0;0;0;1;0;0;0;0;0;0;0;1;1;0;0;0;0
21;1.0;39.1;8.0;81.2;26.0;36.2;45;2;9;6;4.0;;4.0;25-09-2024;11.99;0;30;980;247;60;0;0;0;1;0;0;0;0;0;0;1;0;0;0;1;0;0;0;0;0;1;0
19;1.0;3.2;11.0;86.0;46.0;43.4;107;3;10;5;5.0;5.0;2.0;23-09-2024;17.3;0;30;620;263;66;0;0;0;0;0;0;0;1;0;0;1;0;0;1;0;0;0;0;1;0;0;0
21;0.0;11.6;18.0;61.7;;8.2;14;5;6;0;2.0;1.0;3.0;20-09-2024;3.8;1;28;550;256;64;0;0;0;0;0;1;0;0;1;0;0;0;0;0;1;0;0;0;0;0;0;1
20;3.0;0.1;11.0;83.7;9.0;18.4;32;3;8;2;4.0;4.0;2.0;09-09-2024;18.51;0;30;810;265;81;0;0;0;0;0;0;1;0;1;0;0;0;0;0;0;1;0;0;0;0;1;0
18;1.0;16.2;13.0;71.7;;36.0;73;4;8;3;5.0;3.0;3.0;17-09-2024;17.11;0;30;620;263;66;0;0;0;0;0;0;0;1;1;0;0;0;0;1;0;0;0;0;0;0;1;0
17;0.0;4.9;11.0;70.6;30.0;51.7;51;4;8;3;3.0;;5.0;03-09-2024;17.17;0;28;550;256;64;0;0;0;0;0;1;0;0;1;0;0;0;0;0;1;0;0;0;0;1;0;0
20;2.0;11.5;9.0;59.4;18.0;30.9;34;4;6;1;2.0;1.0;2.0;04-09-2024;3.65;1;30;930;293;75;0;0;1;0;0;0;0;0;1;0;0;0;0;0;0;0;1;0;0;0;1;0
22;0.0;1.6;10.0;86.2;23.0;32.8;51;4;9;4;2.0;3.0;3.0;11-09-2024;17.05;0;30;980;247;60;0;0;0;1;0;0;0;0;1;0;0;0;0;0;1;0;0;0;0;0;0;1
22;1.0;;25.0;44.6;14.0;11.2;28;4;4;0;2.0;3.0;2.0;04-09-2024;3.7;1;30;810;265;81;0;0;0;0;0;0;1;0;1;0;0;0;0;0;0;1;0;0;0;0;1;0
20;2.0;28.7;0.0;81.6;38.0;50.2;58;3;12;1;4.0;2.0;2.0;03-09-2024;16.6;0;28;550;256;64;0;0;0;0;0;1;0;0;1;0;0;0;0;0;1;0;0;0;0;0;1;0
18;0.0;3.4;;70.4;28.0;42.9;85;6;9;1;2.0;;4.0;12-09-2024;13.07;0;30;930;293;75;0;0;1;0;0;0;0;0;1;0;0;0;0;0;0;0;1;0;0;0;1;0
21;3.0;10.5;13.0;72.2;12.0;20.3;24;3;3;0;3.0;;3.0;04-09-2024;4.85;1;28;550;256;64;0;0;0;0;0;1;0;0;1;0;0;0;0;0;1;0;0;1;0;0;0;0
19;0.0;13.9;9.0;73.6;33.0;60.7;72;7;10;2;4.0;5.0;4.0;25-09-2024;15.75;0;30;980;247;60;0;0;0;1;0;0;0;0;1;0;0;0;0;0;1;0;0;0;0;0;1;0
20;2.0;0.1;7.0;79.2;28.0;44.3;76;4;9;6;4.0;4.0;4.0;12-09-2024;16.63;0;30;620;263;66;0;0;0;0;0;0;0;1;1;0;0;0;0;1;0;0;0;0;0;0;1;0
18;1.0;17.0;13.0;99.6;51.0;83.7;123;1;8;8;5.0;3.0;4.0;02-09-2024;18.39;0;28;710;325;60;1;0;0;0;0;0;0;0;1;0;0;0;0;0;1;0;0;0;0;0;1;0
19;3.0;3.9;25.0;97.0;56.0;97.8;146;2;8;7;5.0;4.0;4.0;02-09-2024;18.93;0;28;710;325;60;1;0;0;0;0;0;0;0;0;1;0;0;0;0;1;0;0;0;0;0;1;0
20;0.0;2.4;5.0;90.2;;47.0;113;3;10;6;4.0;4.0;5.0;02-09-2024;17.71;0;30;930;293;75;0;0;1;0;0;0;0;0;0;0;1;0;0;0;0;0;1;0;0;0;1;0
20;1.0;57.0;18.0;77.3;37.0;78.5;87;1;7;4;;5.0;2.0;12-09-2024;18.56;0;28;550;256;64;0;0;0;0;0;1;0;0;1;0;0;0;0;0;1;0;0;1;0;0;0;0
21;0.0;;14.0;86.4;49.0;76.1;93;1;7;6;3.0;3.0;5.0;13-09-2024;13.68;0;30;810;265;81;0;0;0;0;0;0;1;0;0;1;0;0;0;0;0;1;0;0;0;0;1;0
20;2.0;0.2;0.0;91.8;35.0;47.1;72;5;9;4;4.0;2.0;5.0;25-09-2024;15.42;0;30;930;293;75;0;0;1;0;0;0;0;0;1;0;0;0;0;0;0;0;1;0;0;0;0;1
21;1.0;32.9;8.0;65.7;17.0;19.8;25;5;5;0;2.0;2.0;;26-09-2024;4.14;1;30;810;265;81;0;0;0;0;0;0;1;0;1;0;0;0;0;0;0;1;0;0;0;0;1;0
22;1.0;11.2;0.0;86.9;56.0;97.7;131;2;7;9;4.0;4.0;4.0;09-09-2024;17.1;0;28;710;325;60;1;0;0;0;0;0;0;0;1;0;0;0;0;0;1;0;0;0;0;0;1;0
20;0.0;15.6;18.0;78.7;43.0;50.2;107;8;11;5;3.0;;4.0;13-09-2024;15.32;0;30;810;265;81;0;0;0;0;0;0;1;0;1;0;0;0;0;0;0;1;0;0;0;0;1;0
19;0.0;37.3;12.0;56.3;3.0;3.8;1;3;4;0;2.0;1.0;1.0;19-09-2024;5.45;1;30;930;293;75;0;0;1;0;0;0;0;0;1;0;0;0;0;0;0;0;1;0;0;0;1;0
22;1.0;32.0;3.0;77.6;36.0;49.8;83;4;8;5;3.0;4.0;1.0;20-09-2024;17.76;0;28;550;256;64;0;0;0;0;0;1;0;0;1;0;0;0;0;0;1;0;0;0;1;0;0;0
19;3.0;33.0;;71.4;35.0;36.8;78;4;12;3;3.0;3.0;1.0;24-09-2024;18.48;0;30;620;263;66;0;0;0;0;0;0;0;1;1;0;0;0;0;1;0;0;0;0;0;0;1;0
23;0.0;0.6;19.0;70.7;32.0;33.6;44;4;8;2;4.0;3.0;3.0;16-09-2024;14.03;0;30;980;247;60;0;0;0;1;0;0;0;0;1;0;0;0;0;0;1;0;0;0;0;0;1;0
18;1.0;7.1;6.0;85.3;30.0;54.4;69;5;12;1;2.0;2.0;3.0;06-09-2024;12.58;0;30;810;265;81;0;0;0;0;0;0;1;0;0;0;1;0;0;0;0;1;0;0;0;0;1;0
22;3.0;;10.0;81.8;20.0;19.2;45;6;6;2;4.0;3.0;4.0;04-09-2024;13.25;0;30;980;247;60;0;0;0;1;0;0;0;0;1;0;0;0;0;0;1;0;0;0;0;0;1;0
19;0.0;11.5;0.0;57.3;12.0;21.5;21;7;10;1;2.0;4.0;2.0;24-09-2024;12.4;0;30;980;247;60;0;0;0;1;0;0;0;0;1;0;0;0;0;0;1;0;0;0;0;0;1;0
23;0.0;9.1;25.0;71.3;35.0;51.0;77;6;8;2;3.0;3.0;3.0;25-09-2024;16.3;0;28;710;325;60;1;0;0;0;0;0;0;0;0;0;1;0;0;0;1;0;0;0;0;0;1;0
20;1.0;25.0;;61.0;15.0;21.3;20;7;7;0;;;1.0;13-09-2024;3.44;1;30;830;282;65;0;1;0;0;0;0;0;0;0;1;0;1;0;0;0;0;0;0;0;0;1;0
20;3.0;32.3;;73.9;25.0;23.6;55;2;10;4;4.0;;4.0;23-09-2024;18.04;0;30;830;282;65;0;1;0;0;0;0;0;0;0;0;1;1;0;0;0;0;0;0;0;1;0;0
18;0.0;61.7;25.0;89.5;23.0;32.7;59;2;10;4;5.0;5.0;3.0;19-09-2024;17.59;0;30;980;247;60;0;0;0;1;0;0;0;0;1;0;0;0;0;0;1;0;0;0;0;0;1;0
23;1.0;10.7;14.0;95.7;33.0;53.2;71;0;13;7;4.0;4.0;3.0;12-09-2024;17.56;0;28;480;265;78;0;0;0;0;1;0;0;0;0;1;0;0;1;0;0;0;0;0;0;0;1;0
22;1.0;10.3;0.0;72.4;33.0;32.2;67;7;9;2;2.0;4.0;1.0;16-09-2024;16.17;0;30;930;293;75;0;0;1;0;0;0;0;0;0;0;1;0;0;0;0;0;1;0;0;0;1;0
21;0.0;6.1;0.0;83.0;45.0;64.9;66;7;10;2;3.0;4.0;;11-09-2024;18.5;0;28;710;325;60;1;0;0;0;0;0;0;0;1;0;0;0;0;0;1;0;0;0;0;1;0;0
20;1.0;7.6;0.0;70.6;25.0;30.4;56;7;10;1;3.0;3.0;2.0;25-09-2024;6.87;1;30;810;265;81;0;0;0;0;0;0;1;0;1;0;0;0;0;0;0;1;0;0;0;0;1;0
18;0.0;11.3;3.0;91.6;37.0;50.5;58;6;10;3;3.0;4.0;1.0;13-09-2024;15.98;0;30;620;263;66;0;0;0;0;0;0;0;1;1;0;0;0;0;1;0;0;0;0;0;0;1;0
23;0.0;28.6;;95.8;35.0;60.6;90;5;9;5;3.0;2.0;2.0;06-09-2024;13.73;0;30;930;293;75;0;0;1;0;0;0;0;0;1;0;0;0;0;0;0;0;1;0;0;0;1;0
19;0.0;;0.0;64.3;20.0;13.7;40;6;7;2;2.0;4.0;;18-09-2024;4.47;1;30;830;282;65;0;1;0;0;0;0;0;0;1;0;0;1;0;0;0;0;0;0;0;1;0;0
17;1.0;11.1;10.0;87.3;40.0;68.2;77;2;13;1;3.0;4.0;1.0;12-09-2024;16.66;0;28;710;325;60;1;0;0;0;0;0;0;0;1;0;0;0;0;0;1;0;0;1;0;0;0;0
19;2.0;10.6;11.0;75.5;33.0;38.5;83;1;8;6;4.0;5.0;4.0;24-09-2024;15.99;0;30;930;293;75;0;0;1;0;0;0;0;0;1;0;0;0;0;0;0;0;1;0;0;0;1;0
22;2.0;34.0;22.0;97.6;47.0;71.4;92;3;12;3;5.0;4.0;2.0;10-09-2024;18.38;0;30;930;293;75;0;0;1;0;0;0;0;0;1;0;0;0;0;0;0;0;1;0;0;0;0;1
19;0.0;29.5;21.0;64.6;24.0;46.5;41;2;5;0;3.0;2.0;3.0;04-09-2024;8.78;1;30;620;263;66;0;0;0;0;0;0;0;1;1;0;0;0;0;1;0;0;0;0;0;0;1;0
20;0.0;0.0;28.0;83.4;30.0;43.5;81;4;9;3;4.0;4.0;3.0;09-09-2024;15.63;0;28;550;256;64;0;0;0;0;0;1;0;0;0;0;1;0;0;0;1;0;0;0;0;0;1;0
21;1.0;20.6;;49.0;0.0;0.0;0;6;6;0;1.0;1.0;;05-09-2024;2.06;1;30;980;247;60;0;0;0;1;0;0;0;0;1;0;0;0;0;0;1;0;0;0;0;0;1;0
20;1.0;5.0;4.0;74.0;32.0;59.7;78;2;9;3;1.0;3.0;4.0;19-09-2024;11.8;0;30;830;282;65;0;1;0;0;0;0;0;0;0;0;1;1;0;0;0;0;0;0;0;0;1;0
20;1.0;18.7;;96.1;52.0;31.9;105;3;9;8;5.0;5.0;5.0;18-09-2024;17.59;0;28;710;325;60;1;0;0;0;0;0;0;0;1;0;0;0;0;0;1;0;0;0;0;1;0;0
19;0.0;2.7;20.0;76.4;;47.5;69;2;11;5;5.0;5.0;3.0;03-09-2024;16.91;0;30;810;265;81;0;0;0;0;0;0;1;0;1;0;0;0;0;0;0;1;0;0;0;0;1;0
21;0.0;4.3;9.0;82.8;25.0;37.7;74;5;10;6;5.0;3.0;4.0;12-09-2024;17.23;0;30;980;247;60;0;0;0;1;0;0;0;0;1;0;0;0;0;0;1;0;0;0;0;0;1;0
19;0.0;56.0;4.0;68.0;13.0;21.9;43;7;7;0;1.0;3.0;2.0;03-09-2024;2.78;1;30;620;263;66;0;0;0;0;0;0;0;1;1;0;0;0;0;1;0;0;0;0;0;0;0;1
22;2.0;27.5;7.0;68.1;58.0;71.4;137;9;9;1;;4.0;2.0;10-09-2024;17.01;0;30;980;247;60;0;0;0;1;0;0;0;0;0;0;1;0;0;0;1;0;0;0;0;0;0;1
20;1.0;0.4;15.0;90.9;37.0;72.3;87;0;12;2;;5.0;2.0;19-09-2024;17.43;0;28;550;256;64;0;0;0;0;0;1;0;0;1;0;0;0;0;0;1;0;0;0;0;0;1;0
18;0.0;0.3;7.0;62.8;10.0;9.1;45;6;7;0;3.0;5.0;4.0;05-09-2024;14.25;0;28;710;325;60;1;0;0;0;0;0;0;0;1;0;0;0;0;0;1;0;0;1;0;0;0;0
19;2.0;21.4;5.0;98.7;39.0;70.1;100;4;6;3;3.0;4.0;2.0;19-09-2024;12.97;0;30;810;265;81;0;0;0;0;0;0;1;0;1;0;0;0;0;0;0;1;0;0;0;0;1;0
20;2.0;44.5;10.0;67.7;47.0;90.7;116;0;11;6;4.0;4.0;3.0;20-09-2024;18.2;0;30;930;293;75;0;0;1;0;0;0;0;0;1;0;0;0;0;0;0;0;1;0;0;0;1;0
21;2.0;;13.0;59.7;37.0;65.6;99;5;9;1;3.0;2.0;3.0;27-09-2024;17.34;0;30;810;265;81;0;0;0;0;0;0;1;0;1;0;0;0;0;0;0;1;0;0;0;0;1;0
19;3.0;3.5;;75.4;25.0;63.5;40;4;11;1;4.0;2.0;3.0;17-09-2024;13.76;0;28;710;325;60;1;0;0;0;0;0;0;0;1;0;0;0;0;0;1;0;0;0;0;0;1;0
21;0.0;17.3;0.0;65.6;21.0;23.7;56;4;7;2;2.0;2.0;3.0;02-09-2024;2.14;1;30;620;263;66;0;0;0;0;0;0;0;1;0;1;0;0;0;1;0;0;0;0;0;0;1;0
18;1.0;35.7;0.0;80.7;27.0;22.8;64;3;8;5;4.0;3.0;2.0;19-09-2024;15.92;0;30;620;263;66;0;0;0;0;0;0;0;1;1;0;0;0;0;1;0;0;0;0;0;0;1;0
19;2.0;6.8;;94.3;36.0;68.5;74;5;9;1;5.0;3.0;4.0;13-09-2024;15.51;0;28;480;265;78;0;0;0;0;1;0;0;0;0;1;0;0;1;0;0;0;0;0;0;0;1;0
21;0.0;11.9;;87.3;35.0;54.2;74;2;8;5;4.0;5.0;4.0;11-09-2024;18.34;0;30;810;265;81;0;0;0;0;0;0;1;0;1;0;0;0;0;0;0;1;0;0;0;0;1;0
21;1.0;5.6;0.0;51.1;1.0;0.3;7;7;7;1;1.0;3.0;3.0;27-09-2024;1.23;1;30;810;265;81;0;0;0;0;0;0;1;0;0;0;1;0;0;0;0;1;0;0;0;0;1;0
23;0.0;;0.0;60.4;26.0;46.3;76;4;7;1;2.0;2.0;3.0;19-09-2024;11.68;0;30;830;282;65;0;1;0;0;0;0;0;0;0;1;0;1;0;0;0;0;0;0;0;0;1;0
17;1.0;;11.0;71.7;15.0;32.1;35;5;6;0;3.0;2.0;3.0;11-09-2024;3.01;1;28;710;325;60;1;0;0;0;0;0;0;0;0;0;1;0;0;0;1;0;0;0;1;0;0;0
21;3.0;40.6;11.0;73.4;7.0;12.1;34;6;7;1;1.0;4.0;1.0;17-09-2024;5.57;1;30;810;265;81;0;0;0;0;0;0;1;0;1;0;0;0;0;0;0;1;0;0;0;0;1;0
21;0.0;2.1;0.0;85.5;31.0;46.7;51;2;10;3;;5.0;4.0;12-09-2024;16.72;0;30;620;263;66;0;0;0;0;0;0;0;1;1;0;0;0;0;1;0;0;0;0;0;0;1;0
20;0.0;11.9;18.0;91.1;37.0;64.1;75;2;9;5;3.0;4.0;2.0;20-09-2024;13.89;0;28;550;256;64;0;0;0;0;0;1;0;0;0;1;0;0;0;0;1;0;0;0;0;0;1;0
20;1.0;9.6;0.0;56.9;3.0;1.9;11;8;8;0;1.0;3.0;1.0;09-09-2024;3.07;1;30;980;247;60;0;0;0;1;0;0;0;0;1;0;0;0;0;0;1;0;0;0;0;1;0;0
18;3.0;9.6;15.0;64.4;3.0;5.8;9;4;4;0;1.0;3.0;2.0;27-09-2024;7.59;1;30;930;293;75;0;0;1;0;0;0;0;0;0;0;1;0;0;0;0;0;1;0;0;0;1;0
20;2.0;0.5;;71.8;;58.2;102;2;11;8;5.0;2.0;4.0;11-09-2024;16.67;0;30;810;265;81;0;0;0;0;0;0;1;0;1;0;0;0;0;0;0;1;0;0;0;0;1;0
18;2.0;9.7;;71.0;3.0;0.6;3;6;6;0;1.0;2.0;1.0;27-09-2024;1.21;1;28;710;325;60;1;0;0;0;0;0;0;0;1;0;0;0;0;0;1;0;0;0;0;0;0;1
23;0.0;0.4;4.0;86.8;39.0;46.8;90;2;8;7;4.0;3.0;3.0;03-09-2024;13.93;0;30;620;263;66;0;0;0;0;0;0;0;1;0;0;1;0;0;1;0;0;0;0;0;0;1;0
22;0.0;16.4;0.0;98.9;33.0;27.8;79;3;12;6;;4.0;3.0;11-09-2024;16.19;0;30;930;293;75;0;0;1;0;0;0;0;0;0;0;1;0;0;0;0;0;1;0;1;0;0;0
19;0.0;4.4;0.0;81.0;42.0;68.8;82;4;10;5;4.0;4.0;3.0;18-09-2024;18.7;0;30;620;263;66;0;0;0;0;0;0;0;1;1;0;0;0;0;1;0;0;0;0;0;0;1;0
19;3.0;3.4;3.0;82.0;23.0;49.0;28;4;7;1;3.0;5.0;2.0;12-09-2024;17.26;0;30;620;263;66;0;0;0;0;0;0;0;1;0;0;1;0;0;1;0;0;0;0;0;0;1;0
19;1.0;11.3;0.0;59.6;13.0;18.6;52;7;11;0;3.0;2.0;2.0;26-09-2024;6.8;1;28;710;325;60;1;0;0;0;0;0;0;0;1;0;0;0;0;0;1;0;0;0;0;0;0;1
19;2.0;3.7;11.0;96.6;44.0;93.6;96;7;12;2;;;5.0;10-09-2024;18.86;0;30;830;282;65;0;1;0;0;0;0;0;0;0;0;1;1;0;0;0;0;0;0;0;0;1;0
18;0.0;7.0;26.0;66.9;9.0;6.5;11;4;6;0;1.0;3.0;1.0;10-09-2024;3.89;1;30;830;282;65;0;1;0;0;0;0;0;0;1;0;0;1;0;0;0;0;0;0;0;0;1;0
19;2.0;;0.0;83.9;51.0;44.9;113;1;11;3;5.0;;4.0;20-09-2024;18.85;0;30;830;282;65;0;1;0;0;0;0;0;0;0;0;1;1;0;0;0;0;0;0;0;0;1;0
19;3.0;5.6;0.0;81.9;26.0;32.9;42;3;6;3;3.0;;3.0;11-09-2024;13.33;0;30;620;263;66;0;0;0;0;0;0;0;1;1;0;0;0;0;1;0;0;0;0;0;0;1;0
18;3.0;34.1;0.0;84.4;38.0;64.9;97;0;8;6;3.0;4.0;3.0;12-09-2024;16.88;0;30;930;293;75;0;0;1;0;0;0;0;0;0;0;1;0;0;0;0;0;1;0;0;0;1;0
21;0.0;;4.0;86.9;15.0;31.2;43;2;9;3;3.0;3.0;2.0;20-09-2024;13.39;0;28;550;256;64;0;0;0;0;0;1;0;0;0;1;0;0;0;0;1;0;0;0;0;0;0;1
18;2.0;5.2;10.0;94.9;66.0;114.0;156;3;10;2;5.0;3.0;3.0;26-09-2024;17.49;0;30;930;293;75;0;0;1;0;0;0;0;0;0;0;1;0;0;0;0;0;1;0;1;0;0;0
22;0.0;;17.0;68.4;11.0;16.9;41;4;7;0;2.0;1.0;2.0;02-09-2024;1.93;1;30;810;265;81;0;0;0;0;0;0;1;0;0;1;0;0;0;0;0;1;0;0;0;0;1;0
18;0.0;23.8;12.0;59.6;6.0;13.7;10;7;8;0;2.0;2.0;1.0;25-09-2024;1.83;1;28;550;256;64;0;0;0;0;0;1;0;0;0;0;1;0;0;0;1;0;0;0;0;0;1;0
19;2.0;9.1;10.0;78.1;38.0;53.8;79;5;7;3;3.0;2.0;3.0;10-09-2024;13.59;0;30;930;293;75;0;0;1;0;0;0;0;0;1;0;0;0;0;0;0;0;1;0;0;1;0;0
18;1.0;16.6;7.0;62.0;7.0;7.5;21;5;5;0;1.0;3.0;3.0;20-09-2024;3.27;1;30;620;263;66;0;0;0;0;0;0;0;1;1;0;0;0;0;1;0;0;0;0;0;0;1;0
20;0.0;30.1;0.0;82.8;34.0;44.6;80;1;7;5;2.0;3.0;3.0;23-09-2024;15.65;0;30;810;265;81;0;0;0;0;0;0;1;0;1;0;0;0;0;0;0;1;0;0;0;0;1;0
20;2.0;3.6;18.0;73.4;6.0;8.6;15;3;9;1;4.0;4.0;4.0;03-09-2024;5.8;1;30;620;263;66;0;0;0;0;0;0;0;1;0;0;1;0;0;1;0;0;0;0;0;0;1;0
19;0.0;1.6;24.0;63.4;14.0;26.5;22;2;7;1;1.0;3.0;2.0;02-09-2024;4.28;1;28;550;256;64;0;0;0;0;0;1;0;0;0;0;1;0;0;0;1;0;0;0;0;1;0;0
21;0.0;35.0;3.0;84.7;16.0;20.1;39;2;8;3;3.0;2.0;;05-09-2024;17.37;0;28;550;256;64;0;0;0;0;0;1;0;0;1;0;0;0;0;0;1;0;0;0;0;0;1;0
21;1.0;11.9;15.0;76.1;14.0;27.5;23;7;8;2;3.0;4.0;2.0;11-09-2024;7.37;1;30;980;247;60;0;0;0;1;0;0;0;0;1;0;0;0;0;0;1;0;0;0;0;0;1;0
23;1.0;17.7;10.0;82.0;42.0;88.1;109;5;13;3;3.0;4.0;3.0;18-09-2024;15.99;0;30;830;282;65;0;1;0;0;0;0;0;0;0;0;1;1;0;0;0;0;0;0;0;0;1;0
20;2.0;17.9;27.0;86.7;8.0;8.2;29;6;10;4;3.0;;2.0;11-09-2024;6.28;1;28;710;325;60;1;0;0;0;0;0;0;0;0;1;0;0;0;0;1;0;0;0;0;0;1;0
22;0.0;8.9;11.0;97.3;61.0;106.8;154;1;8;10;5.0;4.0;5.0;10-09-2024;19.26;0;30;930;293;75;0;0;1;0;0;0;0;0;1;0;0;0;0;0;0;0;1;0;0;0;1;0
24;2.0;1.9;;80.9;21.0;21.3;47;5;8;4;4.0;3.0;3.0;24-09-2024;18.46;0;30;620;263;66;0;0;0;0;0;0;0;1;1;0;0;0;0;1;0;0;0;0;1;0;0;0
21;1.0;21.1;15.0;83.2;51.0;67.5;106;5;13;7;3.0;4.0;3.0;24-09-2024;14.83;0;30;620;263;66;0;0;0;0;0;0;0;1;0;1;0;0;0;1;0;0;0;0;0;0;0;1
21;0.0;1.7;3.0;87.4;20.0;37.3;56;4;6;3;1.0;;2.0;27-09-2024;12.11;0;28;480;265;78;0;0;0;0;1;0;0;0;1;0;0;0;1;0;0;0;0;0;0;0;1;0
21;0.0;13.4;15.0;65.1;17.0;28.5;33;6;6;2;3.0;3.0;;09-09-2024;14.07;0;28;710;325;60;1;0;0;0;0;0;0;0;1;0;0;0;0;0;1;0;0;0;0;1;0;0
20;0.0;5.8;0.0;66.1;15.0;26.2;40;6;6;1;4.0;3.0;2.0;02-09-2024;6.12;1;30;620;263;66;0;0;0;0;0;0;0;1;0;0;1;0;0;1;0;0;0;0;0;0;1;0
22;2.0;16.3;10.0;77.7;47.0;40.9;102;4;8;2;2.0;1.0;4.0;16-09-2024;16.94;0;30;830;282;65;0;1;0;0;0;0;0;0;1;0;0;1;0;0;0;0;0;0;0;1;0;0
21;1.0;;0.0;88.5;;38.9;42;5;13;4;4.0;5.0;4.0;03-09-2024;16.38;0;30;830;282;65;0;1;0;0;0;0;0;0;1;0;0;1;0;0;0;0;0;0;0;0;1;0
19;1.0;0.5;;51.5;10.0;18.3;16;5;5;0;2.0;3.0;2.0;06-09-2024;1.38;1;30;980;247;60;0;0;0;1;0;0;0;0;0;0;1;0;0;0;1;0;0;0;0;0;1;0
19;1.0;20.7;13.0;78.5;39.0;29.9;101;6;9;3;3.0;3.0;2.0;23-09-2024;13.63;0;28;550;256;64;0;0;0;0;0;1;0;0;1;0;0;0;0;0;1;0;0;0;1;0;0;0
22;0.0;48.2;8.0;94.7;35.0;43.9;95;0;6;5;3.0;;2.0;12-09-2024;18.88;0;30;830;282;65;0;1;0;0;0;0;0;0;1;0;0;1;0;0;0;0;0;0;0;1;0;0
23;0.0;7.1;13.0;61.8;20.0;36.8;43;6;8;2;3.0;3.0;5.0;27-09-2024;4.54;1;30;620;263;66;0;0;0;0;0;0;0;1;0;0;1;0;0;1;0;0;0;0;0;0;1;0
21;1.0;3.8;;72.5;20.0;18.1;34;5;8;1;1.0;2.0;4.0;11-09-2024;3.31;1;28;480;265;78;0;0;0;0;1;0;0;0;0;0;1;0;1;0;0;0;0;0;0;1;0;0
21;1.0;34.8;18.0;62.8;3.0;0.3;1;6;8;0;1.0;3.0;1.0;27-09-2024;3.58;1;28;550;256;64;0;0;0;0;0;1;0;0;1;0;0;0;0;0;1;0;0;0;0;1;0;0
20;1.0;26.4;6.0;66.7;13.0;14.2;30;7;11;2;2.0;4.0;1.0;23-09-2024;7.89;1;30;830;282;65;0;1;0;0;0;0;0;0;0;0;1;1;0;0;0;0;0;0;0;0;1;0
18;1.0;;8.0;79.9;8.0;16.5;5;6;6;1;3.0;4.0;2.0;03-09-2024;14.78;0;30;980;247;60;0;0;0;1;0;0;0;0;1;0;0;0;0;0;1;0;0;0;0;1;0;0
20;2.0;6.0;12.0;50.9;2.0;6.0;11;7;8;1;1.0;4.0;2.0;03-09-2024;5.92;1;30;930;293;75;0;0;1;0;0;0;0;0;1;0;0;0;0;0;0;0;1;0;1;0;0;0
19;2.0;9.1;6.0;47.3;7.0;8.6;30;4;5;0;3.0;1.0;1.0;11-09-2024;5.12;1;30;980;247;60;0;0;0;1;0;0;0;0;1;0;0;0;0;0;1;0;0;0;0;0;1;0
22;2.0;16.2;24.0;75.2;19.0;28.2;38;3;9;2;3.0;3.0;4.0;12-09-2024;5.0;1;30;830;282;65;0;1;0;0;0;0;0;0;0;0;1;1;0;0;0;0;0;0;0;0;1;0
19;0.0;8.7;11.0;77.4;38.0;48.1;86;3;7;0;2.0;4.0;3.0;13-09-2024;14.28;0;30;980;247;60;0;0;0;1;0;0;0;0;0;0;1;0;0;0;1;0;0;0;0;0;1;0
22;0.0;2.2;6.0;75.7;36.0;60.0;96;5;11;3;3.0;5.0;3.0;02-09-2024;14.04;0;30;930;293;75;0;0;1;0;0;0;0;0;1;0;0;0;0;0;0;0;1;0;0;0;1;0
22;0.0;7.4;5.0;85.9;34.0;36.0;54;7;7;5;3.0;4.0;3.0;09-09-2024;14.78;0;30;980;247;60;0;0;0;1;0;0;0;0;1;0;0;0;0;0;1;0;0;0;0;0;1;0
19;3.0;37.7;0.0;85.5;10.0;19.0;8;7;9;3;3.0;2.0;2.0;18-09-2024;12.51;0;30;620;263;66;0;0;0;0;0;0;0;1;1;0;0;0;0;1;0;0;0;1;0;0;0;0
18;0.0;1.9;0.0;56.8;20.0;31.6;41;2;8;6;4.0;1.0;2.0;17-09-2024;5.96;1;28;550;256;64;0;0;0;0;0;1;0;0;1;0;0;0;0;0;1;0;0;0;0;0;1;0
20;;21.6;19.0;48.1;8.0;12.3;24;8;9;1;2.0;2.0;2.0;23-09-2024;1.7;1;30;830;282;65;0;1;0;0;0;0;0;0;0;0;1;1;0;0;0;0;0;0;0;0;1;0
18;;24.0;5.0;69.2;13.0;18.0;21;4;7;1;2.0;3.0;1.0;23-09-2024;8.01;1;30;810;265;81;0;0;0;0;0;0;1;0;0;0;1;0;0;0;0;1;0;0;0;0;1;0
20;2.0;5.4;25.0;89.5;37.0;34.6;59;4;7;3;3.0;2.0;;20-09-2024;15.71;0;30;980;247;60;0;0;0;1;0;0;0;0;1;0;0;0;0;0;1;0;0;0;0;0;1;0
17;;20.2;;75.4;;29.9;94;3;12;3;2.0;4.0;;12-09-2024;13.53;0;30;830;282;65;0;1;0;0;0;0;0;0;0;0;1;1;0;0;0;0;0;0;0;0;1;0
21;1.0;9.4;;70.5;3.0;0.3;3;4;7;0;2.0;1.0;1.0;09-09-2024;7.47;1;28;710;325;60;1;0;0;0;0;0;0;0;1;0;0;0;0;0;1;0;0;1;0;0;0;0
21;1.0;17.2;27.0;92.3;45.0;63.9;99;2;11;4;5.0;2.0;3.0;10-09-2024;18.88;0;30;810;265;81;0;0;0;0;0;0;1;0;1;0;0;0;0;0;0;1;0;0;0;1;0;0
23;2.0;0.4;0.0;90.9;39.0;35.9;92;2;10;3;5.0;4.0;4.0;06-09-2024;18.09;0;28;550;256;64;0;0;0;0;0;1;0;0;1;0;0;0;0;0;1;0;0;0;0;0;1;0
24;1.0;44.3;8.0;79.6;18.0;17.2;44;3;6;7;3.0;4.0;3.0;19-09-2024;13.63;0;30;830;282;65;0;1;0;0;0;0;0;0;1;0;0;1;0;0;0;0;0;1;0;0;0;0
20;3.0;1.0;22.0;86.2;37.0;70.3;94;1;11;5;3.0;;3.0;09-09-2024;17.09;0;30;810;265;81;0;0;0;0;0;0;1;0;0;0;1;0;0;0;0;1;0;0;0;0;1;0
21;0.0;6.1;12.0;96.6;50.0;30.9;120;0;13;6;5.0;4.0;;05-09-2024;15.43;0;28;710;325;60;1;0;0;0;0;0;0;0;1;0;0;0;0;0;1;0;0;0;1;0;0;0
17;1.0;31.0;0.0;71.6;38.0;82.8;67;3;13;2;4.0;4.0;3.0;13-09-2024;11.56;0;30;980;247;60;0;0;0;1;0;0;0;0;1;0;0;0;0;0;1;0;0;0;0;0;1;0
18;;41.0;9.0;94.0;;128.0;151;1;8;11;5.0;4.0;4.0;10-09-2024;19.89;0;30;620;263;66;0;0;0;0;0;0;0;1;1;0;0;0;0;1;0;0;0;0;0;0;1;0
21;0.0;24.0;16.0;79.4;38.0;49.8;67;3;8;3;3.0;2.0;4.0;24-09-2024;15.73;0;30;980;247;60;0;0;0;1;0;0;0;0;0;1;0;0;0;0;1;0;0;0;0;0;1;0
20;1.0;6.6;23.0;81.8;20.0;55.3;53;2;7;3;3.0;2.0;3.0;05-09-2024;3.99;1;28;550;256;64;0;0;0;0;0;1;0;0;0;0;1;0;0;0;1;0;0;0;0;0;1;0
20;2.0;;24.0;96.7;52.0;62.7;126;3;9;9;4.0;2.0;4.0;24-09-2024;17.58;0;30;620;263;66;0;0;0;0;0;0;0;1;1;0;0;0;0;1;0;0;0;0;0;0;1;0
20;3.0;6.5;24.0;75.2;;31.7;81;5;5;3;5.0;2.0;2.0;03-09-2024;15.11;0;28;710;325;60;1;0;0;0;0;0;0;0;1;0;0;0;0;0;1;0;0;0;0;0;1;0
18;2.0;4.6;0.0;75.5;38.0;56.9;84;7;8;2;4.0;2.0;2.0;19-09-2024;16.55;0;28;480;265;78;0;0;0;0;1;0;0;0;0;0;1;0;1;0;0;0;0;0;0;1;0;0
18;2.0;49.2;9.0;68.7;22.0;34.5;45;6;6;4;2.0;3.0;2.0;23-09-2024;2.47;1;30;980;247;60;0;0;0;1;0;0;0;0;0;0;1;0;0;0;1;0;0;1;0;0;0;0
18;1.0;6.9;0.0;81.2;38.0;53.4;66;3;10;2;3.0;4.0;4.0;04-09-2024;16.66;0;28;710;325;60;1;0;0;0;0;0;0;0;1;0;0;0;0;0;1;0;0;0;1;0;0;0
19;1.0;5.5;10.0;76.0;37.0;70.4;92;7;10;4;3.0;5.0;2.0;18-09-2024;13.28;0;30;980;247;60;0;0;0;1;0;0;0;0;1;0;0;0;0;0;1;0;0;0;0;0;1;0
20;2.0;15.5;4.0;99.3;60.0;96.6;114;1;9;6;5.0;4.0;5.0;19-09-2024;19.08;0;30;620;263;66;0;0;0;0;0;0;0;1;0;0;1;0;0;1;0;0;0;0;0;0;1;0
19;;22.0;7.0;66.1;8.0;7.7;17;5;5;0;1.0;1.0;1.0;24-09-2024;4.57;1;30;980;247;60;0;0;0;1;0;0;0;0;0;0;1;0;0;0;1;0;0;0;0;0;1;0
19;;8.3;0.0;88.2;37.0;78.4;119;6;11;1;5.0;4.0;2.0;05-09-2024;14.31;0;28;550;256;64;0;0;0;0;0;1;0;0;0;1;0;0;0;0;1;0;0;0;0;1;0;0
20;1.0;12.7;9.0;86.2;18.0;16.9;32;5;7;4;4.0;3.0;4.0;02-09-2024;12.33;0;30;620;263;66;0;0;0;0;0;0;0;1;1;0;0;0;0;1;0;0;0;0;0;0;1;0
18;0.0;7.0;9.0;85.3;29.0;40.8;70;0;13;2;3.0;4.0;3.0;18-09-2024;17.73;0;28;480;265;78;0;0;0;0;1;0;0;0;1;0;0;0;1;0;0;0;0;0;0;0;1;0
19;1.0;;11.0;83.0;36.0;56.9;73;1;9;1;4.0;5.0;3.0;11-09-2024;18.56;0;30;620;263;66;0;0;0;0;0;0;0;1;1;0;0;0;0;1;0;0;0;0;0;0;1;0
20;;2.7;4.0;86.8;54.0;73.6;117;0;10;7;5.0;4.0;4.0;25-09-2024;17.86;0;30;830;282;65;0;1;0;0;0;0;0;0;1;0;0;1;0;0;0;0;0;0;0;0;1;0
22;2.0;7.6;0.0;62.3;14.0;7.3;41;6;6;0;2.0;3.0;2.0;24-09-2024;6.41;1;30;930;293;75;0;0;1;0;0;0;0;0;0;0;1;0;0;0;0;0;1;0;0;1;0;0
22;1.0;12.9;0.0;53.2;0.0;0.0;0;5;5;0;1.0;1.0;1.0;20-09-2024;4.27;1;28;550;256;64;0;0;0;0;0;1;0;0;1;0;0;0;0;0;1;0;0;0;0;1;0;0
22;1.0;1.5;0.0;81.0;19.0;30.0;41;5;8;3;3.0;2.0;2.0;17-09-2024;15.26;0;30;830;282;65;0;1;0;0;0;0;0;0;1;0;0;1;0;0;0;0;0;0;0;0;1;0
20;0.0;22.9;6.0;70.5;3.0;5.9;1;3;7;0;1.0;4.0;2.0;18-09-2024;3.19;1;30;930;293;75;0;0;1;0;0;0;0;0;0;1;0;0;0;0;0;0;1;0;0;1;0;0
18;2.0;51.5;16.0;84.2;43.0;112.9;92;5;10;9;3.0;5.0;3.0;12-09-2024;17.19;0;30;830;282;65;0;1;0;0;0;0;0;0;0;0;1;1;0;0;0;0;0;0;0;0;1;0
18;2.0;29.0;0.0;88.7;66.0;86.2;110;1;12;4;5.0;3.0;3.0;13-09-2024;19.18;0;28;550;256;64;0;0;0;0;0;1;0;0;1;0;0;0;0;0;1;0;0;0;0;0;1;0
23;0.0;5.5;0.0;62.5;27.0;36.1;73;6;7;3;5.0;4.0;3.0;20-09-2024;15.99;0;30;980;247;60;0;0;0;1;0;0;0;0;1;0;0;0;0;0;1;0;0;0;0;0;1;0
18;1.0;37.5;0.0;69.0;29.0;35.4;52;7;7;0;2.0;3.0;1.0;26-09-2024;3.49;1;28;480;265;78;0;0;0;0;1;0;0;0;1;0;0;0;1;0;0;0;0;0;0;0;1;0
23;2.0;45.0;7.0;79.7;9.0;16.2;4;3;8;1;2.0;3.0;2.0;09-09-2024;15.14;0;28;550;256;64;0;0;0;0;0;1;0;0;1;0;0;0;0;0;1;0;0;0;0;0;1;0
17;1.0;4.4;16.0;76.2;33.0;47.5;73;3;6;4;1.0;3.0;3.0;26-09-2024;15.66;0;30;980;247;60;0;0;0;1;0;0;0;0;1;0;0;0;0;0;1;0;0;0;0;0;1;0
19;;12.3;0.0;70.8;30.0;42.3;63;4;10;3;3.0;3.0;4.0;23-09-2024;17.41;0;30;810;265;81;0;0;0;0;0;0;1;0;1;0;0;0;0;0;0;1;0;0;0;1;0;0
20;2.0;2.9;0.0;87.5;22.0;31.1;43;3;7;6;3.0;5.0;5.0;11-09-2024;13.24;0;28;480;265;78;0;0;0;0;1;0;0;0;0;0;1;0;1;0;0;0;0;0;0;1;0;0
21;1.0;;;78.0;38.0;50.6;74;3;8;1;3.0;1.0;3.0;24-09-2024;13.79;0;30;810;265;81;0;0;0;0;0;0;1;0;1;0;0;0;0;0;0;1;0;0;0;0;1;0
17;2.0;16.9;0.0;78.5;41.0;65.3;91;3;10;2;3.0;;4.0;09-09-2024;17.59;0;28;550;256;64;0;0;0;0;0;1;0;0;0;1;0;0;0;0;1;0;0;0;0;1;0;0
23;0.0;3.9;22.0;65.1;26.0;46.9;70;4;10;2;3.0;2.0;3.0;02-09-2024;4.69;1;30;980;247;60;0;0;0;1;0;0;0;0;1;0;0;0;0;0;1;0;0;0;0;0;1;0
18;1.0;0.2;28.0;63.9;9.0;16.6;13;3;9;4;3.0;4.0;3.0;16-09-2024;8.0;1;30;830;282;65;0;1;0;0;0;0;0;0;1;0;0;1;0;0;0;0;0;0;0;1;0;0
20;2.0;61.3;;97.1;45.0;85.8;72;6;9;7;5.0;5.0;2.0;17-09-2024;19.18;0;30;930;293;75;0;0;1;0;0;0;0;0;1;0;0;0;0;0;0;0;1;0;0;0;1;0
18;1.0;24.6;0.0;97.0;39.0;79.3;82;2;12;11;4.0;4.0;5.0;11-09-2024;17.6;0;30;830;282;65;0;1;0;0;0;0;0;0;1;0;0;1;0;0;0;0;0;0;0;0;1;0
24;3.0;2.7;0.0;66.5;37.0;79.1;69;1;5;3;3.0;2.0;4.0;12-09-2024;18.42;0;30;930;293;75;0;0;1;0;0;0;0;0;1;0;0;0;0;0;0;0;1;0;0;0;1;0
20;0.0;21.3;0.0;61.9;;12.2;22;3;6;0;1.0;1.0;1.0;24-09-2024;0.59;1;30;620;263;66;0;0;0;0;0;0;0;1;1;0;0;0;0;1;0;0;0;0;0;0;1;0
18;0.0;12.2;0.0;80.1;28.0;27.9;51;3;10;6;1.0;3.0;3.0;11-09-2024;12.94;0;30;830;282;65;0;1;0;0;0;0;0;0;1;0;0;1;0;0;0;0;0;0;0;0;1;0
21;2.0;1.9;;73.1;24.0;32.0;41;3;6;1;3.0;5.0;1.0;27-09-2024;14.98;0;30;620;263;66;0;0;0;0;0;0;0;1;1;0;0;0;0;1;0;0;0;0;0;0;1;0
18;1.0;10.0;8.0;66.9;13.0;21.5;25;4;7;1;2.0;4.0;3.0;11-09-2024;4.46;1;28;480;265;78;0;0;0;0;1;0;0;0;0;0;1;0;1;0;0;0;0;0;0;0;1;0
19;0.0;14.1;13.0;48.1;0.0;0.0;0;5;8;0;2.0;3.0;4.0;05-09-2024;4.29;1;30;980;247;60;0;0;0;1;0;0;0;0;1;0;0;0;0;0;1;0;0;0;0;0;1;0
20;;15.3;;79.2;32.0;63.5;78;1;12;4;5.0;4.0;2.0;06-09-2024;16.28;0;28;550;256;64;0;0;0;0;0;1;0;0;0;0;1;0;0;0;1;0;0;1;0;0;0;0
20;0.0;8.0;;91.3;25.0;43.9;44;1;12;4;3.0;4.0;3.0;11-09-2024;16.11;0;30;980;247;60;0;0;0;1;0;0;0;0;1;0;0;0;0;0;1;0;0;0;0;0;1;0
19;;12.1;13.0;64.8;25.0;24.5;59;4;8;2;1.0;5.0;3.0;13-09-2024;12.1;0;30;980;247;60;0;0;0;1;0;0;0;0;1;0;0;0;0;0;1;0;0;0;0;0;1;0
18;0.0;2.3;9.0;79.6;15.0;19.9;18;7;7;1;3.0;5.0;1.0;18-09-2024;3.5;1;30;810;265;81;0;0;0;0;0;0;1;0;1;0;0;0;0;0;0;1;0;0;0;1;0;0
22;0.0;35.4;8.0;65.7;12.0;17.4;26;9;9;0;3.0;1.0;1.0;26-09-2024;3.51;1;28;710;325;60;1;0;0;0;0;0;0;0;1;0;0;0;0;0;1;0;0;0;0;0;1;0
21;0.0;29.0;;86.1;53.0;84.2;118;3;12;4;5.0;5.0;3.0;24-09-2024;16.85;0;30;830;282;65;0;1;0;0;0;0;0;0;0;0;1;1;0;0;0;0;0;0;0;0;1;0
18;1.0;12.3;0.0;90.2;26.0;54.1;46;3;9;5;2.0;;4.0;11-09-2024;14.81;0;30;620;263;66;0;0;0;0;0;0;0;1;1;0;0;0;0;1;0;0;0;0;0;0;1;0
18;2.0;20.6;20.0;64.4;24.0;28.9;64;6;10;1;3.0;;3.0;18-09-2024;7.08;1;30;830;282;65;0;1;0;0;0;0;0;0;0;0;1;1;0;0;0;0;0;1;0;0;0;0
22;1.0;;0.0;73.4;18.0;29.6;25;3;6;4;2.0;3.0;;25-09-2024;4.71;1;30;980;247;60;0;0;0;1;0;0;0;0;1;0;0;0;0;0;1;0;0;0;0;1;0;0
19;0.0;0.2;14.0;95.6;34.0;47.3;81;2;6;6;4.0;3.0;5.0;26-09-2024;14.69;0;28;480;265;78;0;0;0;0;1;0;0;0;1;0;0;0;1;0;0;0;0;0;0;0;1;0
18;1.0;14.6;14.0;83.0;18.0;20.3;43;6;10;0;;3.0;3.0;04-09-2024;13.66;0;28;710;325;60;1;0;0;0;0;0;0;0;1;0;0;0;0;0;1;0;0;0;0;0;0;1
21;1.0;1.2;9.0;98.6;;86.1;139;2;13;9;5.0;;5.0;17-09-2024;19.55;0;30;810;265;81;0;0;0;0;0;0;1;0;0;1;0;0;0;0;0;1;0;0;0;0;1;0
17;2.0;;11.0;69.9;32.0;37.8;67;6;7;2;3.0;5.0;3.0;06-09-2024;16.15;0;28;710;325;60;1;0;0;0;0;0;0;0;1;0;0;0;0;0;1;0;0;0;0;0;1;0
19;0.0;5.8;8.0;90.9;34.0;54.5;89;3;8;9;4.0;5.0;2.0;06-09-2024;14.81;0;28;550;256;64;0;0;0;0;0;1;0;0;1;0;0;0;0;0;1;0;0;0;0;0;1;0
19;1.0;27.4;20.0;63.0;24.0;50.9;52;2;11;2;;5.0;1.0;06-09-2024;14.56;0;30;930;293;75;0;0;1;0;0;0;0;0;1;0;0;0;0;0;0;0;1;0;0;0;1;0
18;1.0;3.5;;82.7;31.0;33.0;75;1;9;2;4.0;3.0;1.0;10-09-2024;15.58;0;30;620;263;66;0;0;0;0;0;0;0;1;1;0;0;0;0;1;0;0;0;0;0;0;1;0
21;1.0;3.1;14.0;77.3;22.0;32.6;61;6;11;4;3.0;3.0;5.0;12-09-2024;13.13;0;30;830;282;65;0;1;0;0;0;0;0;0;1;0;0;1;0;0;0;0;0;0;0;1;0;0
23;2.0;1.2;24.0;70.8;19.0;26.6;42;3;12;3;4.0;3.0;4.0;02-09-2024;10.9;0;30;830;282;65;0;1;0;0;0;0;0;0;0;1;0;1;0;0;0;0;0;0;0;0;0;1
19;0.0;4.0;;76.8;25.0;43.1;61;4;6;2;3.0;4.0;3.0;18-09-2024;16.23;0;30;930;293;75;0;0;1;0;0;0;0;0;1;0;0;0;0;0;0;0;1;0;0;0;1;0
18;0.0;2.8;0.0;64.0;3.0;12.7;5;4;9;0;2.0;3.0;2.0;02-09-2024;7.96;1;28;480;265;78;0;0;0;0;1;0;0;0;1;0;0;0;1;0;0;0;0;0;0;1;0;0
23;0.0;2.3;0.0;87.2;48.0;61.9;122;2;11;4;2.0;4.0;3.0;10-09-2024;16.75;0;28;550;256;64;0;0;0;0;0;1;0;0;1;0;0;0;0;0;1;0;0;0;1;0;0;0
22;0.0;29.5;0.0;80.2;47.0;69.8;69;6;11;4;4.0;3.0;;04-09-2024;12.48;0;30;830;282;65;0;1;0;0;0;0;0;0;0;0;1;1;0;0;0;0;0;0;0;0;1;0
17;0.0;6.3;;89.9;29.0;55.2;90;0;9;3;5.0;4.0;3.0;06-09-2024;16.42;0;30;980;247;60;0;0;0;1;0;0;0;0;0;1;0;0;0;0;1;0;0;0;0;0;1;0
21;0.0;6.5;14.0;84.4;42.0;68.7;116;8;8;6;3.0;2.0;4.0;25-09-2024;16.93;0;30;810;265;81;0;0;0;0;0;0;1;0;1;0;0;0;0;0;0;1;0;0;0;0;1;0
21;0.0;18.2;0.0;96.1;43.0;46.5;57;0;11;4;5.0;4.0;5.0;25-09-2024;19.05;0;30;810;265;81;0;0;0;0;0;0;1;0;0;1;0;0;0;0;0;1;0;0;0;0;1;0
18;3.0;56.3;0.0;77.4;25.0;24.9;46;4;9;4;4.0;4.0;3.0;09-09-2024;19.51;0;30;980;247;60;0;0;0;1;0;0;0;0;1;0;0;0;0;0;1;0;0;0;0;1;0;0
22;2.0;7.5;25.0;79.9;17.0;21.9;35;4;8;7;3.0;2.0;2.0;12-09-2024;7.51;1;28;710;325;60;1;0;0;0;0;0;0;0;0;0;1;0;0;0;1;0;0;0;0;1;0;0
20;3.0;37.2;5.0;75.1;24.0;31.0;68;4;9;3;5.0;4.0;4.0;09-09-2024;18.39;0;30;810;265;81;0;0;0;0;0;0;1;0;1;0;0;0;0;0;0;1;0;0;0;1;0;0
20;;0.7;8.0;71.8;51.0;53.8;142;2;10;6;2.0;4.0;3.0;24-09-2024;12.99;0;28;550;256;64;0;0;0;0;0;1;0;0;0;1;0;0;0;0;1;0;0;0;0;1;0;0
21;0.0;0.2;17.0;69.4;29.0;34.5;72;3;8;2;;2.0;;24-09-2024;14.24;0;30;830;282;65;0;1;0;0;0;0;0;0;1;0;0;1;0;0;0;0;0;0;0;0;1;0
20;0.0;13.7;24.0;76.0;12.0;9.7;18;5;10;2;3.0;5.0;5.0;03-09-2024;14.52;0;30;810;265;81;0;0;0;0;0;0;1;0;1;0;0;0;0;0;0;1;0;0;0;1;0;0
21;1.0;13.4;;84.9;32.0;50.7;90;1;6;8;5.0;3.0;3.0;03-09-2024;16.25;0;30;830;282;65;0;1;0;0;0;0;0;0;1;0;0;1;0;0;0;0;0;0;0;0;1;0
19;2.0;1.7;12.0;88.0;33.0;63.7;75;5;11;2;3.0;3.0;4.0;27-09-2024;16.82;0;30;620;263;66;0;0;0;0;0;0;0;1;1;0;0;0;0;1;0;0;0;0;0;0;1;0
19;2.0;5.1;0.0;76.9;36.0;56.9;94;2;9;3;4.0;3.0;3.0;18-09-2024;14.75;0;30;620;263;66;0;0;0;0;0;0;0;1;0;1;0;0;0;1;0;0;0;0;0;0;1;0
20;2.0;12.6;19.0;81.1;21.0;32.5;28;4;6;5;5.0;4.0;5.0;11-09-2024;14.84;0;30;980;247;60;0;0;0;1;0;0;0;0;1;0;0;0;0;0;1;0;0;0;0;1;0;0
23;1.0;11.7;;72.2;12.0;12.4;23;4;6;0;1.0;4.0;3.0;23-09-2024;4.49;1;30;930;293;75;0;0;1;0;0;0;0;0;0;0;1;0;0;0;0;0;1;0;0;0;1;0
19;1.0;1.3;7.0;43.9;20.0;37.6;44;3;3;0;3.0;3.0;2.0;25-09-2024;3.42;1;30;810;265;81;0;0;0;0;0;0;1;0;1;0;0;0;0;0;0;1;0;0;0;0;1;0
17;0.0;28.9;11.0;69.3;14.0;20.7;38;7;7;0;2.0;1.0;3.0;06-09-2024;6.02;1;30;620;263;66;0;0;0;0;0;0;0;1;1;0;0;0;0;1;0;0;0;0;0;0;1;0
21;3.0;120.7;10.0;87.4;32.0;47.6;73;3;10;5;5.0;4.0;2.0;18-09-2024;15.24;0;28;710;325;60;1;0;0;0;0;0;0;0;1;0;0;0;0;0;1;0;0;0;0;0;1;0
23;2.0;21.1;15.0;67.3;33.0;43.2;69;5;12;2;4.0;4.0;1.0;10-09-2024;18.26;0;30;810;265;81;0;0;0;0;0;0;1;0;1;0;0;0;0;0;0;1;0;0;0;0;1;0
21;1.0;21.4;7.0;99.2;46.0;82.3;83;4;8;6;5.0;4.0;3.0;13-09-2024;17.0;0;30;810;265;81;0;0;0;0;0;0;1;0;1;0;0;0;0;0;0;1;0;0;0;1;0;0
19;;11.5;27.0;80.0;40.0;88.8;80;1;7;0;3.0;5.0;3.0;27-09-2024;17.14;0;30;830;282;65;0;1;0;0;0;0;0;0;1;0;0;1;0;0;0;0;0;1;0;0;0;0
20;2.0;9.3;23.0;61.0;16.0;7.4;26;5;11;4;5.0;4.0;3.0;16-09-2024;13.86;0;30;810;265;81;0;0;0;0;0;0;1;0;1;0;0;0;0;0;0;1;0;0;0;0;1;0
17;1.0;8.0;0.0;94.6;38.0;43.2;61;1;11;4;4.0;3.0;4.0;04-09-2024;15.36;0;30;980;247;60;0;0;0;1;0;0;0;0;0;0;1;0;0;0;1;0;0;0;0;1;0;0
21;1.0;10.3;0.0;68.9;13.0;24.8;24;7;9;0;2.0;3.0;1.0;20-09-2024;4.31;1;30;620;263;66;0;0;0;0;0;0;0;1;1;0;0;0;0;1;0;0;0;0;0;1;0;0
24;0.0;2.3;15.0;80.8;25.0;36.3;53;2;7;1;4.0;4.0;3.0;19-09-2024;14.81;0;30;810;265;81;0;0;0;0;0;0;1;0;0;0;1;0;0;0;0;1;0;0;0;0;1;0
20;1.0;10.9;0.0;84.4;28.0;24.5;58;4;10;3;2.0;4.0;2.0;17-09-2024;13.38;0;30;810;265;81;0;0;0;0;0;0;1;0;1;0;0;0;0;0;0;1;0;0;1;0;0;0
20;0.0;6.9;14.0;91.2;44.0;62.0;75;5;9;4;4.0;3.0;3.0;19-09-2024;16.89;0;28;710;325;60;1;0;0;0;0;0;0;0;0;1;0;0;0;0;1;0;0;0;0;0;1;0
19;0.0;5.3;5.0;98.1;52.0;82.9;121;1;9;7;5.0;5.0;5.0;09-09-2024;18.35;0;30;930;293;75;0;0;1;0;0;0;0;0;1;0;0;0;0;0;0;0;1;0;1;0;0;0
21;0.0;14.4;0.0;80.6;42.0;58.3;100;5;10;2;4.0;4.0;4.0;12-09-2024;17.96;0;30;620;263;66;0;0;0;0;0;0;0;1;0;0;1;0;0;1;0;0;0;0;1;0;0;0
19;2.0;18.6;13.0;74.3;39.0;49.7;85;2;10;10;4.0;4.0;5.0;23-09-2024;18.65;0;30;980;247;60;0;0;0;1;0;0;0;0;1;0;0;0;0;0;1;0;0;0;0;0;1;0
22;1.0;45.0;0.0;70.5;26.0;23.9;65;7;7;0;2.0;3.0;;20-09-2024;13.27;0;30;930;293;75;0;0;1;0;0;0;0;0;1;0;0;0;0;0;0;0;1;0;0;0;1;0
21;3.0;5.6;7.0;84.9;38.0;31.2;111;1;11;6;3.0;4.0;3.0;19-09-2024;15.76;0;28;550;256;64;0;0;0;0;0;1;0;0;0;0;1;0;0;0;1;0;0;0;0;1;0;0
20;2.0;8.3;20.0;87.3;16.0;27.5;44;1;9;6;5.0;4.0;4.0;24-09-2024;16.01;0;30;810;265;81;0;0;0;0;0;0;1;0;0;0;1;0;0;0;0;1;0;0;0;1;0;0
19;0.0;16.8;;71.1;12.0;26.0;39;6;6;3;1.0;3.0;2.0;20-09-2024;2.02;1;30;980;247;60;0;0;0;1;0;0;0;0;0;0;1;0;0;0;1;0;0;1;0;0;0;0
19;2.0;5.5;10.0;77.4;15.0;16.3;31;5;10;1;2.0;3.0;2.0;12-09-2024;8.13;1;28;710;325;60;1;0;0;0;0;0;0;0;1;0;0;0;0;0;1;0;0;0;0;1;0;0
22;1.0;3.1;0.0;73.9;21.0;31.7;43;4;8;0;2.0;3.0;3.0;16-09-2024;14.34;0;28;710;325;60;1;0;0;0;0;0;0;0;0;0;1;0;0;0;1;0;0;0;0;0;1;0
23;3.0;7.1;;56.9;3.0;5.3;1;3;3;0;3.0;2.0;1.0;11-09-2024;12.69;0;30;830;282;65;0;1;0;0;0;0;0;0;1;0;0;1;0;0;0;0;0;0;0;0;1;0
21;3.0;5.1;8.0;67.8;25.0;38.9;83;4;7;3;3.0;3.0;;24-09-2024;14.44;0;30;930;293;75;0;0;1;0;0;0;0;0;0;0;1;0;0;0;0;0;1;0;1;0;0;0
20;0.0;17.7;13.0;87.8;41.0;74.2;87;2;8;3;3.0;5.0;5.0;12-09-2024;17.42;0;30;620;263;66;0;0;0;0;0;0;0;1;1;0;0;0;0;1;0;0;0;0;0;0;0;1
21;2.0;18.4;6.0;66.4;18.0;21.5;39;3;7;2;2.0;3.0;1.0;18-09-2024;5.72;1;28;550;256;64;0;0;0;0;0;1;0;0;0;0;1;0;0;0;1;0;0;0;0;0;1;0
21;2.0;3.3;8.0;77.9;28.0;59.5;78;8;11;0;1.0;4.0;1.0;26-09-2024;4.58;1;30;830;282;65;0;1;0;0;0;0;0;0;0;0;1;1;0;0;0;0;0;0;0;0;1;0
17;0.0;4.3;15.0;57.5;18.0;27.5;36;7;7;0;2.0;1.0;;16-09-2024;5.35;1;30;810;265;81;0;0;0;0;0;0;1;0;1;0;0;0;0;0;0;1;0;1;0;0;0;0
18;1.0;7.0;15.0;78.9;23.0;31.7;41;5;7;0;;4.0;3.0;06-09-2024;13.33;0;30;830;282;65;0;1;0;0;0;0;0;0;0;1;0;1;0;0;0;0;0;0;0;0;1;0
18;0.0;16.7;17.0;61.8;11.0;23.7;26;5;13;0;3.0;3.0;1.0;03-09-2024;4.29;1;30;980;247;60;0;0;0;1;0;0;0;0;1;0;0;0;0;0;1;0;0;0;0;1;0;0
22;0.0;8.1;26.0;67.9;31.0;75.6;46;8;8;2;4.0;4.0;;10-09-2024;6.64;1;30;980;247;60;0;0;0;1;0;0;0;0;1;0;0;0;0;0;1;0;0;0;0;0;1;0
23;1.0;25.1;8.0;74.3;21.0;35.2;54;5;8;2;4.0;3.0;3.0;20-09-2024;13.98;0;30;980;247;60;0;0;0;1;0;0;0;0;1;0;0;0;0;0;1;0;0;0;0;0;1;0
19;2.0;6.5;26.0;80.5;9.0;10.1;29;5;9;0;2.0;1.0;2.0;09-09-2024;6.74;1;30;830;282;65;0;1;0;0;0;0;0;0;1;0;0;1;0;0;0;0;0;0;0;0;1;0
22;3.0;37.6;0.0;93.6;36.0;46.9;58;1;10;6;4.0;4.0;;04-09-2024;17.01;0;28;550;256;64;0;0;0;0;0;1;0;0;1;0;0;0;0;0;1;0;0;0;0;1;0;0
23;0.0;2.1;28.0;53.9;13.0;26.7;35;6;7;0;1.0;1.0;5.0;04-09-2024;0.46;1;30;810;265;81;0;0;0;0;0;0;1;0;1;0;0;0;0;0;0;1;0;0;0;0;1;0
20;0.0;53.8;0.0;65.1;15.0;31.0;23;6;11;0;1.0;1.0;1.0;04-09-2024;4.95;1;28;480;265;78;0;0;0;0;1;0;0;0;0;0;1;0;1;0;0;0;0;0;0;0;1;0
21;1.0;8.6;0.0;61.5;22.0;19.1;51;5;8;0;3.0;3.0;3.0;09-09-2024;6.44;1;30;810;265;81;0;0;0;0;0;0;1;0;0;0;1;0;0;0;0;1;0;0;0;0;1;0
20;0.0;15.9;24.0;89.7;41.0;72.5;84;1;9;5;5.0;4.0;4.0;24-09-2024;16.12;0;30;810;265;81;0;0;0;0;0;0;1;0;1;0;0;0;0;0;0;1;0;0;0;0;1;0
20;0.0;5.4;8.0;72.1;23.0;38.6;64;4;10;2;2.0;3.0;3.0;11-09-2024;14.87;0;30;930;293;75;0;0;1;0;0;0;0;0;0;0;1;0;0;0;0;0;1;0;0;1;0;0
18;2.0;7.3;0.0;81.0;39.0;71.0;74;4;9;3;4.0;2.0;3.0;09-09-2024;17.53;0;30;830;282;65;0;1;0;0;0;0;0;0;1;0;0;1;0;0;0;0;0;0;0;0;1;0
20;0.0;4.8;0.0;81.5;35.0;48.8;80;1;9;3;5.0;4.0;4.0;13-09-2024;17.74;0;30;830;282;65;0;1;0;0;0;0;0;0;1;0;0;1;0;0;0;0;0;0;0;1;0;0
17;3.0;10.4;0.0;84.1;27.0;24.7;51;4;8;7;4.0;3.0;1.0;17-09-2024;14.73;0;30;810;265;81;0;0;0;0;0;0;1;0;0;0;1;0;0;0;0;1;0;0;0;0;1;0
22;0.0;18.5;27.0;71.3;14.0;21.9;34;8;8;0;2.0;3.0;1.0;13-09-2024;4.41;1;30;830;282;65;0;1;0;0;0;0;0;0;1;0;0;1;0;0;0;0;0;0;0;1;0;0
18;1.0;18.3;17.0;84.2;52.0;153.1;105;1;10;3;;3.0;5.0;10-09-2024;19.03;0;30;830;282;65;0;1;0;0;0;0;0;0;1;0;0;1;0;0;0;0;0;0;0;0;1;0
19;1.0;18.6;0.0;79.7;52.0;87.5;140;3;10;4;3.0;4.0;3.0;16-09-2024;18.24;0;30;980;247;60;0;0;0;1;0;0;0;0;0;0;1;0;0;0;1;0;0;0;0;0;1;0
23;0.0;13.5;11.0;77.8;18.0;30.4;24;5;10;0;4.0;4.0;3.0;18-09-2024;14.27;0;28;710;325;60;1;0;0;0;0;0;0;0;1;0;0;0;0;0;1;0;0;0;1;0;0;0
21;1.0;6.9;21.0;73.7;35.0;29.1;71;1;11;6;4.0;3.0;4.0;26-09-2024;15.16;0;30;830;282;65;0;1;0;0;0;0;0;0;0;0;1;1;0;0;0;0;0;0;1;0;0;0
20;3.0;17.1;8.0;74.4;21.0;36.6;68;4;9;6;4.0;5.0;2.0;19-09-2024;18.96;0;30;980;247;60;0;0;0;1;0;0;0;0;1;0;0;0;0;0;1;0;0;1;0;0;0;0
21;3.0;17.4;13.0;98.7;38.0;71.5;98;0;7;6;5.0;5.0;2.0;09-09-2024;19.53;0;28;710;325;60;1;0;0;0;0;0;0;0;1;0;0;0;0;0;1;0;0;0;0;0;1;0
20;0.0;11.5;0.0;85.5;51.0;75.4;111;0;9;10;5.0;5.0;4.0;24-09-2024;18.68;0;28;480;265;78;0;0;0;0;1;0;0;0;1;0;0;0;1;0;0;0;0;0;0;0;1;0
22;2.0;1.3;0.0;70.6;4.0;4.7;21;3;6;0;3.0;4.0;3.0;13-09-2024;9.27;1;28;480;265;78;0;0;0;0;1;0;0;0;0;0;1;0;1;0;0;0;0;0;0;1;0;0
19;0.0;1.4;0.0;77.3;29.0;54.0;62;6;12;4;3.0;4.0;4.0;12-09-2024;15.93;0;30;810;265;81;0;0;0;0;0;0;1;0;1;0;0;0;0;0;0;1;0;0;0;0;1;0
19;2.0;59.0;14.0;68.0;12.0;12.8;29;3;9;2;1.0;;2.0;20-09-2024;4.4;1;28;550;256;64;0;0;0;0;0;1;0;0;1;0;0;0;0;0;1;0;0;0;0;0;1;0
20;0.0;6.2;0.0;61.2;3.0;4.1;1;2;5;1;1.0;2.0;1.0;11-09-2024;4.53;1;30;930;293;75;0;0;1;0;0;0;0;0;1;0;0;0;0;0;0;0;1;0;0;1;0;0
18;1.0;2.5;0.0;53.1;0.0;0.0;0;6;7;0;1.0;2.0;1.0;09-09-2024;3.43;1;28;480;265;78;0;0;0;0;1;0;0;0;0;0;1;0;1;0;0;0;0;0;0;0;1;0
17;1.0;10.8;21.0;81.4;24.0;26.8;65;1;12;2;2.0;5.0;3.0;05-09-2024;16.36;0;30;930;293;75;0;0;1;0;0;0;0;0;1;0;0;0;0;0;0;0;1;0;0;0;0;1
21;0.0;28.2;25.0;77.5;24.0;31.7;57;3;10;3;2.0;2.0;1.0;26-09-2024;12.87;0;30;930;293;75;0;0;1;0;0;0;0;0;1;0;0;0;0;0;0;0;1;1;0;0;0;0
21;0.0;7.5;8.0;66.8;35.0;42.8;101;8;8;3;2.0;5.0;2.0;23-09-2024;14.91;0;28;550;256;64;0;0;0;0;0;1;0;0;1;0;0;0;0;0;1;0;0;0;0;0;1;0
20;1.0;3.3;3.0;62.5;3.0;3.8;14;5;8;0;2.0;3.0;5.0;19-09-2024;5.44;1;30;930;293;75;0;0;1;0;0;0;0;0;1;0;0;0;0;0;0;0;1;1;0;0;0;0
18;2.0;7.0;8.0;86.7;4.0;2.2;14;5;7;1;3.0;5.0;3.0;10-09-2024;13.37;0;28;710;325;60;1;0;0;0;0;0;0;0;1;0;0;0;0;0;1;0;0;1;0;0;0;0
19;1.0;4.8;5.0;75.8;27.0;36.7;72;2;7;2;1.0;1.0;3.0;23-09-2024;10.79;0;30;930;293;75;0;0;1;0;0;0;0;0;0;0;1;0;0;0;0;0;1;0;0;0;1;0
19;2.0;18.3;9.0;99.9;42.0;42.2;99;0;10;9;5.0;3.0;3.0;10-09-2024;16.25;0;30;620;263;66;0;0;0;0;0;0;0;1;1;0;0;0;0;1;0;0;0;0;0;0;1;0
18;1.0;2.0;;69.6;22.0;47.5;43;2;11;1;3.0;3.0;3.0;20-09-2024;13.87;0;30;930;293;75;0;0;1;0;0;0;0;0;1;0;0;0;0;0;0;0;1;1;0;0;0;0
22;1.0;26.1;12.0;85.1;17.0;26.8;28;7;13;2;;4.0;3.0;23-09-2024;14.22;0;28;710;325;60;1;0;0;0;0;0;0;0;1;0;0;0;0;0;1;0;0;1;0;0;0;0
17;2.0;37.4;9.0;74.0;22.0;44.5;31;7;7;2;2.0;2.0;;26-09-2024;15.81;0;30;830;282;65;0;1;0;0;0;0;0;0;1;0;0;1;0;0;0;0;0;0;0;0;1;0
21;0.0;14.8;;61.9;20.0;34.7;41;8;8;3;3.0;3.0;3.0;26-09-2024;5.48;1;30;980;247;60;0;0;0;1;0;0;0;0;1;0;0;0;0;0;1;0;0;0;0;0;1;0
23;0.0;26.6;9.0;50.2;0.0;0.0;0;3;5;0;1.0;;1.0;24-09-2024;1.61;1;30;930;293;75;0;0;1;0;0;0;0;0;1;0;0;0;0;0;0;0;1;0;0;1;0;0
19;1.0;11.1;0.0;67.4;33.0;42.1;69;3;8;0;3.0;3.0;2.0;09-09-2024;14.56;0;28;710;325;60;1;0;0;0;0;0;0;0;0;1;0;0;0;0;1;0;0;0;0;0;1;0
18;0.0;2.6;;70.3;12.0;13.3;37;5;5;1;2.0;3.0;2.0;11-09-2024;3.64;1;30;620;263;66;0;0;0;0;0;0;0;1;0;0;1;0;0;1;0;0;0;0;0;0;1;0
19;1.0;0.9;0.0;81.1;28.0;43.4;54;8;9;5;2.0;4.0;;06-09-2024;15.15;0;30;930;293;75;0;0;1;0;0;0;0;0;1;0;0;0;0;0;0;0;1;0;0;0;1;0
21;0.0;19.3;;78.2;24.0;31.5;66;4;7;2;2.0;2.0;3.0;27-09-2024;14.75;0;28;550;256;64;0;0;0;0;0;1;0;0;0;0;1;0;0;0;1;0;0;0;0;0;1;0
19;2.0;10.2;10.0;91.9;18.0;18.2;36;1;8;5;2.0;4.0;;12-09-2024;12.47;0;30;830;282;65;0;1;0;0;0;0;0;0;1;0;0;1;0;0;0;0;0;0;0;0;1;0
22;3.0;15.7;7.0;77.2;22.0;47.0;51;2;7;4;4.0;2.0;;19-09-2024;14.48;0;28;710;325;60;1;0;0;0;0;0;0;0;1;0;0;0;0;0;1;0;0;0;0;0;1;0
23;1.0;;0.0;64.3;22.0;32.1;60;10;11;0;1.0;2.0;1.0;06-09-2024;5.05;1;30;830;282;65;0;1;0;0;0;0;0;0;1;0;0;1;0;0;0;0;0;0;0;0;1;0
21;2.0;29.6;0.0;60.2;5.0;13.6;1;4;6;0;1.0;1.0;1.0;04-09-2024;3.11;1;30;830;282;65;0;1;0;0;0;0;0;0;0;0;1;1;0;0;0;0;0;0;0;0;1;0
19;3.0;18.5;20.0;47.8;0.0;0.0;0;3;3;0;2.0;1.0;1.0;24-09-2024;2.53;1;30;620;263;66;0;0;0;0;0;0;0;1;1;0;0;0;0;1;0;0;0;0;0;0;1;0
19;1.0;25.5;11.0;77.3;;8.2;33;7;10;6;3.0;4.0;2.0;16-09-2024;9.8;1;30;620;263;66;0;0;0;0;0;0;0;1;1;0;0;0;0;1;0;0;0;0;0;1;0;0
20;0.0;5.6;15.0;62.7;15.0;30.3;43;3;9;1;1.0;2.0;3.0;26-09-2024;15.01;0;28;710;325;60;1;0;0;0;0;0;0;0;1;0;0;0;0;0;1;0;0;0;0;0;1;0
20;3.0;22.9;0.0;68.8;34.0;76.0;83;4;7;1;3.0;3.0;2.0;17-09-2024;16.69;0;30;810;265;81;0;0;0;0;0;0;1;0;1;0;0;0;0;0;0;1;0;0;0;0;1;0
19;2.0;21.6;0.0;60.1;43.0;77.8;98;4;5;0;2.0;2.0;;04-09-2024;11.68;0;28;710;325;60;1;0;0;0;0;0;0;0;0;0;1;0;0;0;1;0;0;0;0;0;1;0
17;2.0;0.8;6.0;68.6;21.0;35.1;46;3;8;2;5.0;4.0;4.0;19-09-2024;13.68;0;28;710;325;60;1;0;0;0;0;0;0;0;0;0;1;0;0;0;1;0;0;0;0;0;1;0
19;1.0;6.1;7.0;73.0;27.0;32.2;76;2;11;1;1.0;4.0;3.0;09-09-2024;12.06;0;30;930;293;75;0;0;1;0;0;0;0;0;0;0;1;0;0;0;0;0;1;1;0;0;0;0
19;0.0;2.6;6.0;67.6;28.0;27.5;43;7;10;3;3.0;1.0;3.0;03-09-2024;15.02;0;28;550;256;64;0;0;0;0;0;1;0;0;0;0;1;0;0;0;1;0;0;0;0;0;1;0
19;1.0;11.1;15.0;70.7;34.0;60.0;66;1;7;0;2.0;3.0;3.0;20-09-2024;7.35;1;30;980;247;60;0;0;0;1;0;0;0;0;0;0;1;0;0;0;1;0;0;1;0;0;0;0
17;0.0;4.3;0.0;77.7;17.0;22.6;46;3;10;2;4.0;3.0;4.0;02-09-2024;12.78;0;30;830;282;65;0;1;0;0;0;0;0;0;1;0;0;1;0;0;0;0;0;0;0;0;1;0
25;0.0;55.0;14.0;97.0;48.0;19.6;132;4;11;6;5.0;4.0;2.0;11-09-2024;18.05;0;30;830;282;65;0;1;0;0;0;0;0;0;1;0;0;1;0;0;0;0;0;0;0;0;1;0
20;1.0;1.7;0.0;85.9;23.0;28.4;48;1;7;2;2.0;4.0;4.0;17-09-2024;11.39;0;30;930;293;75;0;0;1;0;0;0;0;0;0;0;1;0;0;0;0;0;1;0;0;1;0;0
20;1.0;7.3;8.0;96.4;36.0;31.2;81;1;12;8;5.0;5.0;4.0;19-09-2024;17.39;0;30;930;293;75;0;0;1;0;0;0;0;0;0;1;0;0;0;0;0;0;1;0;0;0;1;0
19;1.0;28.0;0.0;74.4;27.0;41.4;65;4;10;2;5.0;;2.0;04-09-2024;15.09;0;28;710;325;60;1;0;0;0;0;0;0;0;1;0;0;0;0;0;1;0;0;0;0;0;1;0
20;1.0;64.7;18.0;80.7;32.0;61.1;78;5;6;7;3.0;1.0;;25-09-2024;1.94;1;30;810;265;81;0;0;0;0;0;0;1;0;0;0;1;0;0;0;0;1;0;0;0;0;1;0
21;;8.5;15.0;74.8;38.0;42.2;72;6;6;2;4.0;2.0;;06-09-2024;8.95;1;30;980;247;60;0;0;0;1;0;0;0;0;1;0;0;0;0;0;1;0;0;0;0;0;1;0
20;0.0;2.6;18.0;99.5;24.0;32.5;67;3;9;3;5.0;5.0;3.0;10-09-2024;17.05;0;30;830;282;65;0;1;0;0;0;0;0;0;1;0;0;1;0;0;0;0;0;0;0;0;0;1
21;0.0;8.7;;61.1;8.0;14.9;18;3;9;2;4.0;2.0;3.0;04-09-2024;3.3;1;30;620;263;66;0;0;0;0;0;0;0;1;0;1;0;0;0;1;0;0;0;0;0;0;1;0
18;0.0;9.8;13.0;71.9;32.0;35.4;89;4;5;3;4.0;5.0;3.0;10-09-2024;15.74;0;30;810;265;81;0;0;0;0;0;0;1;0;0;0;1;0;0;0;0;1;0;0;0;0;1;0
20;0.0;22.2;;70.4;31.0;34.1;57;4;7;0;2.0;3.0;2.0;05-09-2024;14.13;0;30;980;247;60;0;0;0;1;0;0;0;0;1;0;0;0;0;0;1;0;0;0;0;0;1;0
19;0.0;6.9;8.0;76.0;33.0;44.7;52;5;6;0;5.0;3.0;2.0;17-09-2024;15.57;0;30;620;263;66;0;0;0;0;0;0;0;1;1;0;0;0;0;1;0;0;0;0;0;0;1;0
19;2.0;0.8;10.0;71.0;5.0;6.9;18;4;6;0;2.0;4.0;2.0;24-09-2024;3.83;1;28;550;256;64;0;0;0;0;0;1;0;0;1;0;0;0;0;0;1;0;0;0;0;0;1;0
26;2.0;2.2;12.0;75.2;60.0;100.5;146;1;13;8;5.0;4.0;5.0;03-09-2024;15.9;0;28;550;256;64;0;0;0;0;0;1;0;0;0;1;0;0;0;0;1;0;0;0;0;0;1;0
18;0.0;24.3;0.0;75.4;38.0;77.4;90;7;7;4;4.0;4.0;5.0;24-09-2024;15.01;0;30;930;293;75;0;0;1;0;0;0;0;0;1;0;0;0;0;0;0;0;1;0;0;1;0;0
19;0.0;9.3;15.0;87.5;14.0;28.0;23;1;8;5;3.0;2.0;4.0;13-09-2024;16.03;0;30;810;265;81;0;0;0;0;0;0;1;0;1;0;0;0;0;0;0;1;0;0;0;0;1;0
18;3.0;11.0;18.0;75.4;41.0;35.6;97;4;8;7;4.0;4.0;1.0;03-09-2024;17.63;0;30;930;293;75;0;0;1;0;0;0;0;0;0;0;1;0;0;0;0;0;1;0;0;0;1;0
18;1.0;10.3;12.0;76.7;5.0;12.3;15;2;10;1;1.0;3.0;3.0;03-09-2024;4.73;1;30;980;247;60;0;0;0;1;0;0;0;0;0;0;1;0;0;0;1;0;0;0;0;0;1;0
18;0.0;12.1;10.0;53.6;9.0;18.6;20;6;7;0;1.0;2.0;2.0;02-09-2024;13.16;0;30;830;282;65;0;1;0;0;0;0;0;0;0;0;1;1;0;0;0;0;0;0;0;0;1;0
19;2.0;24.5;7.0;90.2;28.0;46.7;40;0;10;4;3.0;;3.0;17-09-2024;17.45;0;30;830;282;65;0;1;0;0;0;0;0;0;1;0;0;1;0;0;0;0;0;0;0;0;1;0
21;1.0;32.7;14.0;89.1;30.0;37.9;60;3;9;4;3.0;3.0;2.0;20-09-2024;15.85;0;30;620;263;66;0;0;0;0;0;0;0;1;0;0;1;0;0;1;0;0;0;0;0;0;1;0
19;0.0;;24.0;59.5;4.0;5.6;18;3;6;0;1.0;2.0;3.0;05-09-2024;4.95;1;30;830;282;65;0;1;0;0;0;0;0;0;0;1;0;1;0;0;0;0;0;0;0;0;1;0
19;2.0;34.2;3.0;76.3;40.0;62.2;55;8;8;4;4.0;5.0;1.0;25-09-2024;17.48;0;30;830;282;65;0;1;0;0;0;0;0;0;1;0;0;1;0;0;0;0;0;0;0;0;1;0
17;1.0;5.1;4.0;78.0;18.0;35.3;30;2;7;2;4.0;3.0;2.0;23-09-2024;12.67;0;28;480;265;78;0;0;0;0;1;0;0;0;0;0;1;0;1;0;0;0;0;0;0;0;1;0
22;2.0;9.5;0.0;87.6;29.0;48.5;65;5;8;1;5.0;4.0;2.0;17-09-2024;17.7;0;30;930;293;75;0;0;1;0;0;0;0;0;1;0;0;0;0;0;0;0;1;0;0;0;1;0
18;2.0;;0.0;86.4;51.0;86.7;134;3;8;6;5.0;3.0;;09-09-2024;14.44;0;30;830;282;65;0;1;0;0;0;0;0;0;0;1;0;1;0;0;0;0;0;0;0;0;1;0
20;0.0;9.4;;82.7;35.0;55.7;44;3;8;5;2.0;4.0;3.0;03-09-2024;17.28;0;30;810;265;81;0;0;0;0;0;0;1;0;1;0;0;0;0;0;0;1;0;0;0;0;1;0
22;1.0;0.9;24.0;91.0;16.0;25.6;22;7;9;4;2.0;1.0;3.0;24-09-2024;12.35;0;30;980;247;60;0;0;0;1;0;0;0;0;1;0;0;0;0;0;1;0;0;0;0;0;1;0
19;2.0;0.5;0.0;89.4;30.0;29.8;62;4;8;5;4.0;3.0;3.0;25-09-2024;17.4;0;30;930;293;75;0;0;1;0;0;0;0;0;1;0;0;0;0;0;0;0;1;0;0;0;1;0
18;1.0;6.7;;58.8;19.0;20.5;27;2;6;1;1.0;2.0;2.0;25-09-2024;6.67;1;28;710;325;60;1;0;0;0;0;0;0;0;0;0;1;0;0;0;1;0;0;0;0;0;1;0
22;2.0;4.7;8.0;74.6;19.0;29.3;31;5;12;6;4.0;3.0;3.0;06-09-2024;14.41;0;30;830;282;65;0;1;0;0;0;0;0;0;0;1;0;1;0;0;0;0;0;0;0;0;1;0
21;0.0;8.9;6.0;74.6;20.0;35.2;57;5;6;2;4.0;4.0;3.0;23-09-2024;11.32;0;28;710;325;60;1;0;0;0;0;0;0;0;1;0;0;0;0;0;1;0;0;0;0;0;1;0
17;3.0;15.1;0.0;83.4;36.0;58.9;110;6;10;5;4.0;4.0;2.0;05-09-2024;16.57;0;28;550;256;64;0;0;0;0;0;1;0;0;1;0;0;0;0;0;1;0;0;0;0;0;1;0
18;0.0;1.0;0.0;61.5;3.0;2.0;5;2;8;0;1.0;3.0;1.0;24-09-2024;1.84;1;30;830;282;65;0;1;0;0;0;0;0;0;1;0;0;1;0;0;0;0;0;0;0;0;1;0
23;0.0;1.7;;71.8;15.0;9.7;30;6;6;0;2.0;4.0;3.0;17-09-2024;3.02;1;28;550;256;64;0;0;0;0;0;1;0;0;0;1;0;0;0;0;1;0;0;0;0;1;0;0
19;1.0;3.6;17.0;68.7;24.0;25.4;40;7;9;1;4.0;4.0;4.0;20-09-2024;1.8;1;28;710;325;60;1;0;0;0;0;0;0;0;0;1;0;0;0;0;1;0;0;0;0;1;0;0
18;1.0;1.4;12.0;67.0;11.0;16.9;15;8;10;1;4.0;2.0;3.0;02-09-2024;7.39;1;30;980;247;60;0;0;0;1;0;0;0;0;0;1;0;0;0;0;1;0;0;0;1;0;0;0
20;2.0;13.4;0.0;86.1;29.0;38.8;51;6;10;1;5.0;3.0;2.0;13-09-2024;14.46;0;30;930;293;75;0;0;1;0;0;0;0;0;1;0;0;0;0;0;0;0;1;0;0;0;1;0
19;0.0;0.3;8.0;69.5;30.0;43.0;77;5;5;1;3.0;5.0;3.0;13-09-2024;14.51;0;30;980;247;60;0;0;0;1;0;0;0;0;1;0;0;0;0;0;1;0;0;0;0;0;1;0
17;1.0;2.8;0.0;91.9;32.0;32.4;70;6;7;6;3.0;2.0;4.0;13-09-2024;17.08;0;30;810;265;81;0;0;0;0;0;0;1;0;1;0;0;0;0;0;0;1;0;0;0;0;1;0
19;0.0;14.3;8.0;64.0;;0.3;2;10;10;1;1.0;3.0;1.0;06-09-2024;1.33;1;30;830;282;65;0;1;0;0;0;0;0;0;0;0;1;1;0;0;0;0;0;0;0;0;1;0
18;0.0;9.6;18.0;84.1;48.0;78.9;114;2;12;1;5.0;3.0;4.0;02-09-2024;17.2;0;30;830;282;65;0;1;0;0;0;0;0;0;1;0;0;1;0;0;0;0;0;0;0;0;1;0
20;1.0;9.8;;96.6;45.0;83.1;72;2;11;6;5.0;5.0;5.0;09-09-2024;18.04;0;30;620;263;66;0;0;0;0;0;0;0;1;1;0;0;0;0;1;0;0;0;0;0;0;1;0
20;1.0;22.0;12.0;74.7;17.0;38.7;30;4;8;1;1.0;4.0;2.0;12-09-2024;3.66;1;28;710;325;60;1;0;0;0;0;0;0;0;1;0;0;0;0;0;1;0;0;0;0;0;1;0
20;1.0;4.5;0.0;77.0;21.0;43.1;52;7;9;2;4.0;2.0;;09-09-2024;6.98;1;30;930;293;75;0;0;1;0;0;0;0;0;1;0;0;0;0;0;0;0;1;0;0;0;1;0
19;1.0;1.8;7.0;94.5;50.0;110.7;139;1;9;7;4.0;2.0;2.0;05-09-2024;19.68;0;28;480;265;78;0;0;0;0;1;0;0;0;1;0;0;0;1;0;0;0;0;0;0;0;1;0
21;2.0;36.9;0.0;44.3;10.0;18.0;29;6;6;0;1.0;3.0;3.0;25-09-2024;1.73;1;28;710;325;60;1;0;0;0;0;0;0;0;1;0;0;0;0;0;1;0;0;0;0;0;1;0
18;0.0;0.1;9.0;77.1;27.0;39.0;37;3;11;5;3.0;3.0;2.0;20-09-2024;18.02;0;30;930;293;75;0;0;1;0;0;0;0;0;1;0;0;0;0;0;0;0;1;0;0;0;1;0
24;0.0;9.3;8.0;70.8;24.0;37.5;69;4;6;0;4.0;3.0;2.0;02-09-2024;6.59;1;28;550;256;64;0;0;0;0;0;1;0;0;1;0;0;0;0;0;1;0;0;0;0;0;1;0
18;1.0;19.2;0.0;68.6;44.0;79.1;120;6;6;2;1.0;1.0;;26-09-2024;13.48;0;28;480;265;78;0;0;0;0;1;0;0;0;0;0;1;0;1;0;0;0;0;0;0;0;1;0
19;;4.8;8.0;84.7;22.0;32.9;45;5;13;2;4.0;5.0;4.0;12-09-2024;17.7;0;30;930;293;75;0;0;1;0;0;0;0;0;1;0;0;0;0;0;0;0;1;0;0;0;1;0
18;0.0;6.0;0.0;91.9;47.0;104.3;79;4;10;4;5.0;4.0;5.0;18-09-2024;18.96;0;28;550;256;64;0;0;0;0;0;1;0;0;1;0;0;0;0;0;1;0;0;0;0;1;0;0
23;1.0;17.2;0.0;86.0;6.0;0.3;1;5;6;4;2.0;3.0;3.0;19-09-2024;5.42;1;28;480;265;78;0;0;0;0;1;0;0;0;1;0;0;0;1;0;0;0;0;0;0;1;0;0
20;0.0;10.2;5.0;77.5;24.0;52.3;26;5;10;0;5.0;3.0;3.0;06-09-2024;11.19;0;28;710;325;60;1;0;0;0;0;0;0;0;0;0;1;0;0;0;1;0;0;0;0;0;1;0
18;3.0;5.6;28.0;80.1;28.0;26.7;87;3;9;4;3.0;2.0;3.0;17-09-2024;9.23;1;30;620;263;66;0;0;0;0;0;0;0;1;1;0;0;0;0;1;0;0;0;0;0;0;1;0
21;1.0;6.5;0.0;73.5;29.0;33.3;62;5;8;6;5.0;3.0;3.0;16-09-2024;13.35;0;28;480;265;78;0;0;0;0;1;0;0;0;1;0;0;0;1;0;0;0;0;0;0;0;1;0
21;0.0;9.5;26.0;81.8;14.0;25.3;32;3;12;2;4.0;3.0;3.0;19-09-2024;8.52;1;30;810;265;81;0;0;0;0;0;0;1;0;0;1;0;0;0;0;0;1;0;0;0;0;0;1
23;1.0;17.9;20.0;87.9;44.0;107.8;87;0;8;5;5.0;4.0;3.0;23-09-2024;19.52;0;30;930;293;75;0;0;1;0;0;0;0;0;0;0;1;0;0;0;0;0;1;0;0;0;0;1
20;0.0;1.8;0.0;96.9;44.0;55.1;101;0;9;8;5.0;5.0;5.0;09-09-2024;19.8;0;30;830;282;65;0;1;0;0;0;0;0;0;1;0;0;1;0;0;0;0;0;0;0;0;1;0
18;0.0;13.6;24.0;67.0;;28.4;51;7;10;0;3.0;1.0;3.0;19-09-2024;4.21;1;30;930;293;75;0;0;1;0;0;0;0;0;1;0;0;0;0;0;0;0;1;0;0;0;1;0
17;1.0;1.3;8.0;80.4;34.0;51.0;89;2;8;4;5.0;4.0;2.0;23-09-2024;18.69;0;30;830;282;65;0;1;0;0;0;0;0;0;0;0;1;1;0;0;0;0;0;0;0;1;0;0
18;2.0;22.6;11.0;88.3;38.0;43.8;49;1;10;1;4.0;3.0;3.0;11-09-2024;16.71;0;30;620;263;66;0;0;0;0;0;0;0;1;1;0;0;0;0;1;0;0;0;0;0;0;1;0
21;2.0;9.2;3.0;84.6;39.0;38.1;96;7;10;7;3.0;3.0;4.0;10-09-2024;12.95;0;30;930;293;75;0;0;1;0;0;0;0;0;0;0;1;0;0;0;0;0;1;0;1;0;0;0
20;1.0;65.3;0.0;87.0;37.0;23.4;70;7;8;3;2.0;5.0;2.0;05-09-2024;17.57;0;30;830;282;65;0;1;0;0;0;0;0;0;1;0;0;1;0;0;0;0;0;0;0;0;1;0
21;0.0;0.8;15.0;87.0;21.0;30.2;40;9;9;4;;5.0;3.0;18-09-2024;13.53;0;28;480;265;78;0;0;0;0;1;0;0;0;0;0;1;0;1;0;0;0;0;0;0;0;1;0
21;0.0;11.2;0.0;86.4;26.0;47.2;47;3;11;1;3.0;5.0;5.0;06-09-2024;14.49;0;30;620;263;66;0;0;0;0;0;0;0;1;1;0;0;0;0;1;0;0;0;0;0;0;1;0
17;0.0;0.6;24.0;96.2;40.0;47.8;61;0;10;5;5.0;4.0;5.0;19-09-2024;18.02;0;28;710;325;60;1;0;0;0;0;0;0;0;0;0;1;0;0;0;1;0;0;0;0;0;1;0
19;0.0;36.5;10.0;68.1;29.0;35.2;78;5;7;1;2.0;3.0;2.0;16-09-2024;11.91;0;28;550;256;64;0;0;0;0;0;1;0;0;0;0;1;0;0;0;1;0;0;0;0;0;1;0
17;3.0;15.9;15.0;96.8;37.0;51.6;86;5;8;12;5.0;4.0;3.0;06-09-2024;19.4;0;28;710;325;60;1;0;0;0;0;0;0;0;1;0;0;0;0;0;1;0;0;0;0;0;1;0
18;3.0;13.4;4.0;71.6;30.0;64.4;73;4;9;2;4.0;3.0;3.0;09-09-2024;15.58;0;30;930;293;75;0;0;1;0;0;0;0;0;1;0;0;0;0;0;0;0;1;0;0;0;1;0
19;0.0;32.6;9.0;73.7;51.0;80.7;97;3;11;1;5.0;5.0;4.0;12-09-2024;16.84;0;28;480;265;78;0;0;0;0;1;0;0;0;1;0;0;0;1;0;0;0;0;0;1;0;0;0
19;1.0;6.1;12.0;66.2;21.0;41.0;54;1;8;3;5.0;4.0;2.0;17-09-2024;15.3;0;30;980;247;60;0;0;0;1;0;0;0;0;1;0;0;0;0;0;1;0;0;0;0;1;0;0
18;2.0;32.2;7.0;52.2;13.0;18.7;34;5;7;0;2.0;3.0;1.0;16-09-2024;4.26;1;28;550;256;64;0;0;0;0;0;1;0;0;1;0;0;0;0;0;1;0;0;0;0;0;1;0
20;1.0;10.2;14.0;75.7;27.0;48.1;50;1;9;1;3.0;3.0;2.0;19-09-2024;14.55;0;30;930;293;75;0;0;1;0;0;0;0;0;1;0;0;0;0;0;0;0;1;0;0;0;1;0
17;2.0;12.9;;96.4;56.0;88.6;112;0;13;6;4.0;5.0;5.0;18-09-2024;19.79;0;28;550;256;64;0;0;0;0;0;1;0;0;1;0;0;0;0;0;1;0;0;0;0;0;1;0
22;2.0;9.1;0.0;75.8;14.0;20.6;41;5;8;1;3.0;2.0;2.0;09-09-2024;13.61;0;30;830;282;65;0;1;0;0;0;0;0;0;0;0;1;1;0;0;0;0;0;0;0;1;0;0
17;0.0;14.9;8.0;94.1;27.0;31.7;58;1;12;7;5.0;4.0;5.0;12-09-2024;17.7;0;28;550;256;64;0;0;0;0;0;1;0;0;1;0;0;0;0;0;1;0;0;0;0;0;1;0
19;2.0;8.5;;71.6;34.0;55.2;72;7;9;2;;3.0;1.0;24-09-2024;14.37;0;30;980;247;60;0;0;0;1;0;0;0;0;1;0;0;0;0;0;1;0;0;0;0;0;1;0
18;2.0;4.5;0.0;76.2;26.0;30.5;50;4;10;5;;4.0;2.0;06-09-2024;17.77;0;28;710;325;60;1;0;0;0;0;0;0;0;1;0;0;0;0;0;1;0;0;0;0;0;1;0
21;1.0;9.5;;83.0;35.0;59.2;99;3;13;2;4.0;4.0;3.0;16-09-2024;19.1;0;30;810;265;81;0;0;0;0;0;0;1;0;0;0;1;0;0;0;0;1;0;0;0;1;0;0
18;0.0;6.3;10.0;86.4;32.0;59.0;96;3;11;7;2.0;5.0;2.0;10-09-2024;16.26;0;30;930;293;75;0;0;1;0;0;0;0;0;0;1;0;0;0;0;0;0;1;0;0;0;1;0
20;3.0;3.6;27.0;59.6;5.0;4.9;29;5;5;0;2.0;2.0;;04-09-2024;6.21;1;30;830;282;65;0;1;0;0;0;0;0;0;1;0;0;1;0;0;0;0;0;0;0;0;0;1
17;3.0;0.3;;64.1;18.0;30.3;44;5;8;1;3.0;3.0;3.0;17-09-2024;16.36;0;30;930;293;75;0;0;1;0;0;0;0;0;0;0;1;0;0;0;0;0;1;0;0;1;0;0
21;0.0;21.3;14.0;77.0;35.0;67.6;71;4;8;1;1.0;2.0;2.0;02-09-2024;10.09;0;30;810;265;81;0;0;0;0;0;0;1;0;0;1;0;0;0;0;0;1;0;0;0;0;1;0
18;0.0;23.4;3.0;80.7;47.0;83.2;112;8;8;3;4.0;4.0;1.0;26-09-2024;12.5;0;30;980;247;60;0;0;0;1;0;0;0;0;0;0;1;0;0;0;1;0;0;0;0;0;1;0
18;0.0;84.3;23.0;82.9;47.0;95.9;124;1;11;4;5.0;3.0;2.0;27-09-2024;16.4;0;30;930;293;75;0;0;1;0;0;0;0;0;0;1;0;0;0;0;0;0;1;0;1;0;0;0
18;3.0;;;66.8;23.0;30.0;65;1;12;6;5.0;;5.0;20-09-2024;15.92;0;30;620;263;66;0;0;0;0;0;0;0;1;0;0;1;0;0;1;0;0;0;0;0;1;0;0
19;0.0;28.2;26.0;99.9;56.0;100.4;116;1;10;8;5.0;3.0;;26-09-2024;19.47;0;30;810;265;81;0;0;0;0;0;0;1;0;1;0;0;0;0;0;0;1;0;0;0;1;0;0
17;1.0;12.5;11.0;87.1;37.0;40.1;73;2;12;7;5.0;4.0;3.0;27-09-2024;13.49;0;30;930;293;75;0;0;1;0;0;0;0;0;0;0;1;0;0;0;0;0;1;0;0;0;1;0
22;2.0;10.5;0.0;81.8;24.0;21.2;60;3;9;1;5.0;2.0;4.0;18-09-2024;16.66;0;30;980;247;60;0;0;0;1;0;0;0;0;1;0;0;0;0;0;1;0;0;0;0;0;1;0
22;2.0;10.5;15.0;76.9;34.0;34.3;58;5;9;6;;2.0;4.0;20-09-2024;14.04;0;30;810;265;81;0;0;0;0;0;0;1;0;1;0;0;0;0;0;0;1;0;0;1;0;0;0
21;0.0;5.0;6.0;52.3;11.0;15.8;22;5;11;2;3.0;3.0;3.0;09-09-2024;4.14;1;30;830;282;65;0;1;0;0;0;0;0;0;1;0;0;1;0;0;0;0;0;0;0;0;1;0
20;2.0;2.8;28.0;82.2;7.0;16.2;11;5;5;3;5.0;3.0;2.0;04-09-2024;16.66;0;30;930;293;75;0;0;1;0;0;0;0;0;1;0;0;0;0;0;0;0;1;0;0;0;1;0
17;0.0;36.3;15.0;66.7;25.0;51.3;46;7;7;1;2.0;3.0;1.0;11-09-2024;2.74;1;28;710;325;60;1;0;0;0;0;0;0;0;0;1;0;0;0;0;1;0;0;0;0;1;0;0
21;0.0;7.3;7.0;67.8;6.0;12.3;7;3;10;0;3.0;4.0;5.0;09-09-2024;8.41;1;28;550;256;64;0;0;0;0;0;1;0;0;1;0;0;0;0;0;1;0;0;0;0;0;1;0
19;0.0;6.5;0.0;81.8;49.0;61.3;137;2;11;0;4.0;5.0;4.0;09-09-2024;15.03;0;28;480;265;78;0;0;0;0;1;0;0;0;1;0;0;0;1;0;0;0;0;0;0;1;0;0
22;0.0;1.5;12.0;92.4;39.0;76.5;102;6;7;3;4.0;4.0;3.0;06-09-2024;17.29;0;30;830;282;65;0;1;0;0;0;0;0;0;0;0;1;1;0;0;0;0;0;0;0;1;0;0
20;1.0;9.8;14.0;80.3;25.0;52.4;34;5;8;3;3.0;3.0;3.0;24-09-2024;6.31;1;30;830;282;65;0;1;0;0;0;0;0;0;1;0;0;1;0;0;0;0;0;0;0;0;1;0
18;0.0;107.2;18.0;86.1;33.0;54.0;56;3;5;6;2.0;4.0;1.0;05-09-2024;10.33;0;30;830;282;65;0;1;0;0;0;0;0;0;0;1;0;1;0;0;0;0;0;0;0;0;0;1
17;0.0;25.8;17.0;67.4;24.0;26.5;57;8;8;2;3.0;2.0;3.0;04-09-2024;4.97;1;30;830;282;65;0;1;0;0;0;0;0;0;1;0;0;1;0;0;0;0;0;0;0;0;1;0
24;0.0;;0.0;78.1;24.0;29.9;54;1;6;5;1.0;4.0;3.0;11-09-2024;13.44;0;30;830;282;65;0;1;0;0;0;0;0;0;1;0;0;1;0;0;0;0;0;0;0;0;1;0
22;2.0;3.7;;85.9;;40.7;77;2;5;4;5.0;5.0;3.0;25-09-2024;17.12;0;30;930;293;75;0;0;1;0;0;0;0;0;1;0;0;0;0;0;0;0;1;0;0;1;0;0
24;2.0;;0.0;52.9;2.0;2.8;1;6;8;0;3.0;3.0;3.0;11-09-2024;3.42;1;30;830;282;65;0;1;0;0;0;0;0;0;1;0;0;1;0;0;0;0;0;0;0;1;0;0
23;2.0;10.4;0.0;61.2;33.0;48.8;63;8;9;0;;1.0;1.0;12-09-2024;7.13;1;30;830;282;65;0;1;0;0;0;0;0;0;1;0;0;1;0;0;0;0;0;0;0;0;1;0
20;2.0;;;91.2;42.0;29.7;81;2;9;6;3.0;4.0;4.0;24-09-2024;18.17;0;28;480;265;78;0;0;0;0;1;0;0;0;1;0;0;0;1;0;0;0;0;0;0;1;0;0
20;2.0;24.7;8.0;85.4;32.0;39.1;66;5;10;5;4.0;2.0;;04-09-2024;14.96;0;30;830;282;65;0;1;0;0;0;0;0;0;1;0;0;1;0;0;0;0;0;0;0;0;1;0
18;0.0;0.2;10.0;62.0;28.0;57.1;80;4;9;4;4.0;3.0;4.0;18-09-2024;16.97;0;30;810;265;81;0;0;0;0;0;0;1;0;1;0;0;0;0;0;0;1;0;0;0;0;0;1
19;1.0;;6.0;85.6;45.0;63.8;98;1;11;5;5.0;4.0;3.0;23-09-2024;17.07;0;28;550;256;64;0;0;0;0;0;1;0;0;1;0;0;0;0;0;1;0;0;0;0;1;0;0
19;0.0;;15.0;66.6;35.0;58.8;71;0;7;1;3.0;3.0;2.0;26-09-2024;11.59;0;28;480;265;78;0;0;0;0;1;0;0;0;0;0;1;0;1;0;0;0;0;0;0;1;0;0
22;0.0;7.7;26.0;86.6;40.0;58.9;88;4;8;3;1.0;5.0;2.0;26-09-2024;15.34;0;28;480;265;78;0;0;0;0;1;0;0;0;0;0;1;0;1;0;0;0;0;0;0;0;1;0
20;2.0;9.6;19.0;91.5;;62.0;68;1;10;6;5.0;4.0;5.0;25-09-2024;16.33;0;28;710;325;60;1;0;0;0;0;0;0;0;1;0;0;0;0;0;1;0;0;0;0;1;0;0
17;0.0;3.2;9.0;88.9;12.0;14.8;33;5;13;5;4.0;;3.0;25-09-2024;14.92;0;30;930;293;75;0;0;1;0;0;0;0;0;1;0;0;0;0;0;0;0;1;0;0;0;0;1
19;2.0;22.0;17.0;57.1;3.0;3.7;3;6;6;1;1.0;;3.0;13-09-2024;4.4;1;28;550;256;64;0;0;0;0;0;1;0;0;1;0;0;0;0;0;1;0;0;0;0;0;1;0
25;1.0;1.9;0.0;88.8;46.0;73.2;87;1;13;8;5.0;4.0;5.0;27-09-2024;19.6;0;30;930;293;75;0;0;1;0;0;0;0;0;1;0;0;0;0;0;0;0;1;0;1;0;0;0
18;1.0;10.4;14.0;90.6;40.0;68.0;75;2;8;9;4.0;5.0;3.0;23-09-2024;19.42;0;30;830;282;65;0;1;0;0;0;0;0;0;0;0;1;1;0;0;0;0;0;0;0;0;1;0
20;3.0;68.5;0.0;89.6;39.0;85.2;77;1;10;1;5.0;;4.0;05-09-2024;19.04;0;28;710;325;60;1;0;0;0;0;0;0;0;0;0;1;0;0;0;1;0;0;0;0;1;0;0
23;0.0;1.5;0.0;71.2;4.0;4.0;1;5;5;0;1.0;3.0;2.0;18-09-2024;3.94;1;28;480;265;78;0;0;0;0;1;0;0;0;1;0;0;0;1;0;0;0;0;0;0;0;1;0
19;0.0;14.2;9.0;63.5;13.0;18.8;20;6;6;0;2.0;4.0;;23-09-2024;6.99;1;30;810;265;81;0;0;0;0;0;0;1;0;1;0;0;0;0;0;0;1;0;0;0;0;1;0
18;0.0;7.5;11.0;48.8;0.0;0.0;0;5;5;0;1.0;2.0;1.0;19-09-2024;1.77;1;30;930;293;75;0;0;1;0;0;0;0;0;1;0;0;0;0;0;0;0;1;0;0;0;1;0
20;0.0;;13.0;73.9;14.0;34.1;41;8;10;0;3.0;3.0;1.0;11-09-2024;7.96;1;28;710;325;60;1;0;0;0;0;0;0;0;1;0;0;0;0;0;1;0;0;0;0;0;1;0
19;0.0;;0.0;74.0;6.0;9.6;15;9;9;1;2.0;3.0;3.0;03-09-2024;6.97;1;30;930;293;75;0;0;1;0;0;0;0;0;0;0;1;0;0;0;0;0;1;0;0;0;1;0
21;0.0;6.0;13.0;81.1;31.0;53.4;55;7;7;2;3.0;2.0;4.0;17-09-2024;4.08;1;28;710;325;60;1;0;0;0;0;0;0;0;0;0;1;0;0;0;1;0;0;0;0;0;1;0
18;1.0;;0.0;62.8;44.0;36.5;98;3;8;6;4.0;5.0;4.0;04-09-2024;18.96;0;30;930;293;75;0;0;1;0;0;0;0;0;1;0;0;0;0;0;0;0;1;0;1;0;0;0
22;0.0;0.2;8.0;91.4;28.0;33.3;68;3;8;7;5.0;;;11-09-2024;19.18;0;30;620;263;66;0;0;0;0;0;0;0;1;0;0;1;0;0;1;0;0;0;0;0;0;1;0
18;1.0;6.9;22.0;89.0;60.0;107.6;157;1;10;6;4.0;5.0;3.0;27-09-2024;18.48;0;30;810;265;81;0;0;0;0;0;0;1;0;1;0;0;0;0;0;0;1;0;0;0;0;1;0
23;0.0;24.9;19.0;93.0;49.0;106.4;103;2;12;7;5.0;4.0;3.0;24-09-2024;17.55;0;28;550;256;64;0;0;0;0;0;1;0;0;1;0;0;0;0;0;1;0;0;0;1;0;0;0
21;2.0;15.6;;95.2;34.0;53.9;72;1;12;9;4.0;4.0;5.0;23-09-2024;17.92;0;30;930;293;75;0;0;1;0;0;0;0;0;1;0;0;0;0;0;0;0;1;0;0;0;1;0
20;0.0;5.1;13.0;70.2;34.0;59.4;88;2;7;2;2.0;4.0;4.0;26-09-2024;14.88;0;30;980;247;60;0;0;0;1;0;0;0;0;0;1;0;0;0;0;1;0;0;0;0;0;1;0
21;1.0;49.0;0.0;95.2;55.0;81.6;170;2;9;7;5.0;5.0;;19-09-2024;19.73;0;30;620;263;66;0;0;0;0;0;0;0;1;1;0;0;0;0;1;0;0;0;0;0;0;1;0
18;1.0;8.4;14.0;85.5;24.0;38.3;69;5;7;0;3.0;4.0;3.0;19-09-2024;15.16;0;30;830;282;65;0;1;0;0;0;0;0;0;1;0;0;1;0;0;0;0;0;0;0;0;1;0
20;1.0;41.0;5.0;91.8;26.0;16.8;36;2;11;3;4.0;;3.0;16-09-2024;18.26;0;30;620;263;66;0;0;0;0;0;0;0;1;1;0;0;0;0;1;0;0;0;0;0;0;1;0
22;1.0;34.7;0.0;45.9;11.0;18.1;27;6;6;0;1.0;2.0;1.0;03-09-2024;3.04;1;30;620;263;66;0;0;0;0;0;0;0;1;0;0;1;0;0;1;0;0;0;0;0;1;0;0
18;1.0;4.1;28.0;78.2;20.0;17.7;57;7;8;1;3.0;4.0;4.0;10-09-2024;3.78;1;30;930;293;75;0;0;1;0;0;0;0;0;1;0;0;0;0;0;0;0;1;0;0;0;1;0
23;1.0;1.4;23.0;87.6;30.0;51.0;66;3;10;7;5.0;3.0;3.0;25-09-2024;15.39;0;28;550;256;64;0;0;0;0;0;1;0;0;0;0;1;0;0;0;1;0;0;0;0;0;1;0
21;3.0;0.4;19.0;88.7;52.0;119.1;133;5;8;8;5.0;5.0;5.0;04-09-2024;19.68;0;30;830;282;65;0;1;0;0;0;0;0;0;1;0;0;1;0;0;0;0;0;0;0;0;1;0
19;2.0;0.8;;53.1;24.0;54.6;58;4;6;0;3.0;3.0;3.0;10-09-2024;6.11;1;30;620;263;66;0;0;0;0;0;0;0;1;1;0;0;0;0;1;0;0;0;0;0;0;1;0
21;3.0;35.2;10.0;61.9;33.0;76.1;78;3;8;4;4.0;2.0;2.0;18-09-2024;17.3;0;28;710;325;60;1;0;0;0;0;0;0;0;0;0;1;0;0;0;1;0;0;0;0;0;1;0
24;0.0;1.2;28.0;91.1;28.0;52.7;62;0;11;4;3.0;3.0;3.0;13-09-2024;15.73;0;30;810;265;81;0;0;0;0;0;0;1;0;0;0;1;0;0;0;0;1;0;0;0;0;1;0
20;2.0;4.8;;92.1;39.0;66.8;76;3;7;2;5.0;5.0;2.0;17-09-2024;16.37;0;30;980;247;60;0;0;0;1;0;0;0;0;0;0;1;0;0;0;1;0;0;0;0;0;1;0
20;2.0;30.8;0.0;57.1;16.0;21.7;32;4;7;1;2.0;2.0;2.0;18-09-2024;4.39;1;30;620;263;66;0;0;0;0;0;0;0;1;0;0;1;0;0;1;0;0;0;0;0;0;1;0
17;;13.3;0.0;87.0;57.0;142.2;134;2;8;8;4.0;4.0;4.0;05-09-2024;17.84;0;30;980;247;60;0;0;0;1;0;0;0;0;1;0;0;0;0;0;1;0;0;0;0;0;1;0
21;2.0;15.5;23.0;90.4;47.0;88.7;83;0;12;5;5.0;2.0;4.0;24-09-2024;18.98;0;30;930;293;75;0;0;1;0;0;0;0;0;1;0;0;0;0;0;0;0;1;0;0;0;1;0
21;2.0;25.7;19.0;59.9;17.0;25.6;38;3;7;1;4.0;3.0;3.0;05-09-2024;5.02;1;28;710;325;60;1;0;0;0;0;0;0;0;1;0;0;0;0;0;1;0;0;0;0;0;0;1
19;3.0;1.2;0.0;96.5;56.0;75.3;85;0;12;9;5.0;4.0;4.0;05-09-2024;19.69;0;30;810;265;81;0;0;0;0;0;0;1;0;1;0;0;0;0;0;0;1;0;0;0;0;1;0
18;2.0;30.7;0.0;83.9;36.0;32.7;66;1;10;6;5.0;4.0;1.0;27-09-2024;19.38;0;28;710;325;60;1;0;0;0;0;0;0;0;1;0;0;0;0;0;1;0;0;0;1;0;0;0
21;2.0;17.9;18.0;69.3;20.0;25.8;34;4;6;0;3.0;3.0;3.0;10-09-2024;2.38;1;30;830;282;65;0;1;0;0;0;0;0;0;0;0;1;1;0;0;0;0;0;0;0;0;1;0
20;0.0;18.0;28.0;76.8;32.0;79.1;68;1;8;2;3.0;3.0;2.0;24-09-2024;12.91;0;28;480;265;78;0;0;0;0;1;0;0;0;1;0;0;0;1;0;0;0;0;0;1;0;0;0
22;0.0;27.2;9.0;79.1;24.0;20.2;31;0;9;7;5.0;3.0;3.0;16-09-2024;17.13;0;28;710;325;60;1;0;0;0;0;0;0;0;0;0;1;0;0;0;1;0;0;0;0;0;0;1
22;3.0;11.2;0.0;70.4;33.0;49.4;67;3;11;4;3.0;4.0;4.0;04-09-2024;14.64;0;28;550;256;64;0;0;0;0;0;1;0;0;0;0;1;0;0;0;1;0;0;0;0;0;1;0
19;2.0;17.5;18.0;72.3;18.0;37.5;7;5;13;2;3.0;;2.0;05-09-2024;9.4;1;30;830;282;65;0;1;0;0;0;0;0;0;0;0;1;1;0;0;0;0;0;0;0;0;1;0
23;1.0;11.3;10.0;74.4;16.0;22.9;52;3;10;2;3.0;3.0;4.0;09-09-2024;14.57;0;28;710;325;60;1;0;0;0;0;0;0;0;1;0;0;0;0;0;1;0;0;0;0;0;1;0
21;0.0;2.5;18.0;71.4;18.0;25.2;54;5;6;5;5.0;2.0;4.0;25-09-2024;16.53;0;30;620;263;66;0;0;0;0;0;0;0;1;1;0;0;0;0;1;0;0;0;0;0;0;1;0
18;2.0;45.8;;94.6;18.0;38.0;28;6;8;0;2.0;4.0;3.0;17-09-2024;16.52;0;28;480;265;78;0;0;0;0;1;0;0;0;1;0;0;0;1;0;0;0;0;0;0;0;1;0
22;0.0;14.3;17.0;58.2;23.0;44.2;67;7;7;2;1.0;4.0;5.0;03-09-2024;3.1;1;28;710;325;60;1;0;0;0;0;0;0;0;0;0;1;0;0;0;1;0;0;0;0;0;1;0
20;0.0;12.2;0.0;74.4;40.0;53.5;103;2;10;0;4.0;4.0;2.0;10-09-2024;16.33;0;30;930;293;75;0;0;1;0;0;0;0;0;0;0;1;0;0;0;0;0;1;0;0;1;0;0
21;1.0;38.8;13.0;66.7;10.0;15.4;8;7;7;0;2.0;2.0;2.0;10-09-2024;4.5;1;28;550;256;64;0;0;0;0;0;1;0;0;1;0;0;0;0;0;1;0;0;0;0;0;1;0
19;2.0;11.7;0.0;81.8;32.0;10.2;62;7;12;2;5.0;3.0;3.0;18-09-2024;5.62;1;30;930;293;75;0;0;1;0;0;0;0;0;1;0;0;0;0;0;0;0;1;0;0;0;1;0
20;3.0;2.8;24.0;96.5;41.0;85.4;68;3;9;6;4.0;4.0;3.0;09-09-2024;16.75;0;28;550;256;64;0;0;0;0;0;1;0;0;0;0;1;0;0;0;1;0;0;0;0;0;1;0
18;2.0;3.6;7.0;66.7;16.0;22.8;37;4;11;1;2.0;3.0;2.0;06-09-2024;4.54;1;30;830;282;65;0;1;0;0;0;0;0;0;0;0;1;1;0;0;0;0;0;0;0;0;1;0
19;2.0;10.4;13.0;81.0;33.0;47.1;67;5;9;3;2.0;4.0;4.0;04-09-2024;17.62;0;30;930;293;75;0;0;1;0;0;0;0;0;1;0;0;0;0;0;0;0;1;0;0;1;0;0
21;0.0;4.6;10.0;85.6;43.0;73.7;101;1;8;5;2.0;4.0;;26-09-2024;14.56;0;30;810;265;81;0;0;0;0;0;0;1;0;0;0;1;0;0;0;0;1;0;0;0;1;0;0
18;2.0;2.8;0.0;76.6;37.0;44.8;107;5;10;3;4.0;4.0;4.0;17-09-2024;14.47;0;28;710;325;60;1;0;0;0;0;0;0;0;0;0;1;0;0;0;1;0;0;0;0;0;1;0
25;2.0;12.9;5.0;72.3;17.0;21.0;18;4;5;4;3.0;3.0;2.0;02-09-2024;6.38;1;30;930;293;75;0;0;1;0;0;0;0;0;1;0;0;0;0;0;0;0;1;0;0;0;1;0
20;2.0;15.8;22.0;74.5;22.0;22.3;36;5;9;3;2.0;1.0;1.0;25-09-2024;1.06;1;30;980;247;60;0;0;0;1;0;0;0;0;0;1;0;0;0;0;1;0;0;0;0;0;1;0
24;1.0;6.5;17.0;81.9;;14.8;10;4;5;3;3.0;3.0;4.0;02-09-2024;4.19;1;30;930;293;75;0;0;1;0;0;0;0;0;0;1;0;0;0;0;0;0;1;0;0;0;1;0
22;1.0;7.6;0.0;76.5;;58.2;93;0;9;5;4.0;3.0;3.0;18-09-2024;17.9;0;30;620;263;66;0;0;0;0;0;0;0;1;1;0;0;0;0;1;0;0;0;0;0;0;1;0
20;2.0;10.2;11.0;75.4;12.0;23.1;33;5;6;0;3.0;2.0;4.0;02-09-2024;16.97;0;30;980;247;60;0;0;0;1;0;0;0;0;1;0;0;0;0;0;1;0;0;0;0;1;0;0
22;3.0;;15.0;67.2;20.0;28.0;40;4;9;1;3.0;3.0;1.0;13-09-2024;7.82;1;30;980;247;60;0;0;0;1;0;0;0;0;1;0;0;0;0;0;1;0;0;0;0;0;1;0
21;0.0;3.2;24.0;66.4;24.0;31.4;76;6;7;1;4.0;3.0;2.0;03-09-2024;11.58;0;30;620;263;66;0;0;0;0;0;0;0;1;1;0;0;0;0;1;0;0;0;0;0;0;1;0
17;0.0;4.3;25.0;81.9;42.0;111.2;64;2;10;4;5.0;4.0;2.0;24-09-2024;15.94;0;30;620;263;66;0;0;0;0;0;0;0;1;1;0;0;0;0;1;0;0;0;0;0;1;0;0
24;1.0;;6.0;99.6;37.0;46.2;84;3;8;7;5.0;3.0;5.0;11-09-2024;17.49;0;30;930;293;75;0;0;1;0;0;0;0;0;0;1;0;0;0;0;0;0;1;1;0;0;0;0
21;0.0;26.1;17.0;63.9;23.0;36.4;66;5;7;1;2.0;2.0;4.0;25-09-2024;4.33;1;30;980;247;60;0;0;0;1;0;0;0;0;1;0;0;0;0;0;1;0;0;0;0;0;1;0
20;1.0;1.9;0.0;74.0;32.0;39.6;75;4;10;4;2.0;1.0;4.0;12-09-2024;12.48;0;30;930;293;75;0;0;1;0;0;0;0;0;0;1;0;0;0;0;0;0;1;0;0;0;1;0
19;1.0;20.0;0.0;72.7;27.0;16.6;58;2;8;3;2.0;5.0;3.0;05-09-2024;14.06;0;28;710;325;60;1;0;0;0;0;0;0;0;1;0;0;0;0;0;1;0;0;0;0;0;1;0
18;0.0;5.1;7.0;80.8;24.0;34.8;49;3;10;1;1.0;4.0;2.0;10-09-2024;14.77;0;30;830;282;65;0;1;0;0;0;0;0;0;0;0;1;1;0;0;0;0;0;0;0;0;1;0
19;3.0;0.1;;73.9;;8.8;45;4;6;4;3.0;4.0;4.0;04-09-2024;3.38;1;30;810;265;81;0;0;0;0;0;0;1;0;0;0;1;0;0;0;0;1;0;0;0;0;1;0
19;1.0;16.0;0.0;73.3;26.0;36.4;53;3;7;0;1.0;4.0;2.0;18-09-2024;16.39;0;30;810;265;81;0;0;0;0;0;0;1;0;1;0;0;0;0;0;0;1;0;0;0;1;0;0
20;0.0;3.3;23.0;74.6;22.0;37.2;32;4;10;4;4.0;5.0;4.0;24-09-2024;15.81;0;30;930;293;75;0;0;1;0;0;0;0;0;1;0;0;0;0;0;0;0;1;0;0;1;0;0
21;3.0;1.2;8.0;87.6;21.0;30.2;29;2;7;1;;4.0;3.0;13-09-2024;13.55;0;30;830;282;65;0;1;0;0;0;0;0;0;0;1;0;1;0;0;0;0;0;0;0;0;1;0
22;1.0;66.3;0.0;72.6;26.0;21.7;29;6;6;2;4.0;2.0;2.0;04-09-2024;7.97;1;30;980;247;60;0;0;0;1;0;0;0;0;0;0;1;0;0;0;1;0;0;0;0;0;1;0
17;2.0;6.0;17.0;58.1;13.0;17.0;38;4;5;0;3.0;3.0;1.0;19-09-2024;5.33;1;30;930;293;75;0;0;1;0;0;0;0;0;1;0;0;0;0;0;0;0;1;0;0;0;1;0
21;1.0;20.5;17.0;86.3;;37.6;57;6;8;5;4.0;3.0;4.0;24-09-2024;16.37;0;30;810;265;81;0;0;0;0;0;0;1;0;1;0;0;0;0;0;0;1;0;0;0;0;1;0
24;1.0;7.9;0.0;96.1;30.0;69.1;82;1;9;6;3.0;5.0;4.0;04-09-2024;16.65;0;30;810;265;81;0;0;0;0;0;0;1;0;1;0;0;0;0;0;0;1;0;0;0;0;0;1
20;1.0;10.6;24.0;70.3;17.0;23.0;40;5;9;3;5.0;4.0;1.0;03-09-2024;14.4;0;30;980;247;60;0;0;0;1;0;0;0;0;0;0;1;0;0;0;1;0;0;0;0;0;1;0
20;1.0;42.9;21.0;95.0;62.0;105.7;144;2;12;9;5.0;5.0;4.0;18-09-2024;19.82;0;30;980;247;60;0;0;0;1;0;0;0;0;1;0;0;0;0;0;1;0;0;0;0;0;1;0
21;0.0;4.3;0.0;93.6;16.0;18.6;33;6;9;1;4.0;4.0;;09-09-2024;14.89;0;28;710;325;60;1;0;0;0;0;0;0;0;1;0;0;0;0;0;1;0;0;0;0;0;1;0
20;0.0;75.7;12.0;60.5;6.0;9.1;14;6;6;0;4.0;4.0;1.0;17-09-2024;6.73;1;30;980;247;60;0;0;0;1;0;0;0;0;1;0;0;0;0;0;1;0;0;0;0;0;0;1
18;1.0;40.8;9.0;78.7;50.0;67.5;109;2;8;1;4.0;3.0;5.0;18-09-2024;14.57;0;30;930;293;75;0;0;1;0;0;0;0;0;1;0;0;0;0;0;0;0;1;0;0;1;0;0
19;1.0;15.8;9.0;86.6;20.0;6.3;47;4;11;2;4.0;2.0;2.0;06-09-2024;14.36;0;30;980;247;60;0;0;0;1;0;0;0;0;1;0;0;0;0;0;1;0;0;0;0;0;1;0
23;1.0;44.9;14.0;88.2;40.0;80.6;78;6;9;2;5.0;2.0;3.0;16-09-2024;15.96;0;28;550;256;64;0;0;0;0;0;1;0;0;0;0;1;0;0;0;1;0;0;0;0;0;1;0
17;;23.3;24.0;85.6;31.0;39.6;55;6;6;2;2.0;2.0;2.0;19-09-2024;5.35;1;30;930;293;75;0;0;1;0;0;0;0;0;1;0;0;0;0;0;0;0;1;0;0;1;0;0
17;2.0;25.4;;63.2;3.0;7.1;4;5;5;1;1.0;3.0;2.0;06-09-2024;4.41;1;30;620;263;66;0;0;0;0;0;0;0;1;1;0;0;0;0;1;0;0;0;0;1;0;0;0
21;0.0;6.0;19.0;77.2;31.0;50.7;66;4;10;4;4.0;2.0;4.0;04-09-2024;14.68;0;30;930;293;75;0;0;1;0;0;0;0;0;1;0;0;0;0;0;0;0;1;0;0;0;1;0
19;1.0;10.5;14.0;80.4;39.0;78.1;72;2;9;4;3.0;3.0;3.0;03-09-2024;13.56;0;30;980;247;60;0;0;0;1;0;0;0;0;1;0;0;0;0;0;1;0;0;0;0;0;1;0
19;0.0;3.9;9.0;91.1;49.0;61.1;82;1;9;7;2.0;4.0;5.0;18-09-2024;13.99;0;28;480;265;78;0;0;0;0;1;0;0;0;1;0;0;0;1;0;0;0;0;0;0;0;1;0
20;0.0;;7.0;71.8;37.0;55.3;62;4;8;1;2.0;3.0;1.0;20-09-2024;12.93;0;28;480;265;78;0;0;0;0;1;0;0;0;1;0;0;0;1;0;0;0;0;0;0;1;0;0
21;1.0;24.0;28.0;92.2;46.0;77.5;85;1;11;10;4.0;3.0;4.0;25-09-2024;17.07;0;28;550;256;64;0;0;0;0;0;1;0;0;0;1;0;0;0;0;1;0;0;0;0;1;0;0
17;1.0;17.1;14.0;80.8;25.0;39.5;61;3;7;2;5.0;4.0;4.0;23-09-2024;15.48;0;28;550;256;64;0;0;0;0;0;1;0;0;0;1;0;0;0;0;1;0;0;0;0;0;1;0
19;0.0;13.6;0.0;98.6;30.0;40.8;70;5;8;0;3.0;3.0;2.0;03-09-2024;13.96;0;30;830;282;65;0;1;0;0;0;0;0;0;1;0;0;1;0;0;0;0;0;0;0;0;1;0
20;1.0;;15.0;58.0;29.0;20.9;64;6;6;1;4.0;3.0;1.0;09-09-2024;14.3;0;30;930;293;75;0;0;1;0;0;0;0;0;1;0;0;0;0;0;0;0;1;0;0;0;1;0
22;0.0;18.8;;83.3;51.0;42.5;144;2;11;7;4.0;3.0;5.0;26-09-2024;19.12;0;30;620;263;66;0;0;0;0;0;0;0;1;1;0;0;0;0;1;0;0;0;0;0;1;0;0
17;2.0;;3.0;69.6;3.0;8.1;1;6;11;2;3.0;3.0;3.0;03-09-2024;8.33;1;28;550;256;64;0;0;0;0;0;1;0;0;1;0;0;0;0;0;1;0;0;0;0;0;1;0
20;2.0;3.1;6.0;67.9;27.0;75.2;54;6;6;1;3.0;2.0;2.0;18-09-2024;14.13;0;30;930;293;75;0;0;1;0;0;0;0;0;1;0;0;0;0;0;0;0;1;0;0;0;1;0
19;0.0;1.7;15.0;96.8;73.0;141.2;137;0;11;4;5.0;5.0;4.0;11-09-2024;19.06;0;30;980;247;60;0;0;0;1;0;0;0;0;1;0;0;0;0;0;1;0;0;0;0;1;0;0
20;0.0;5.5;0.0;59.5;26.0;42.2;68;4;6;1;3.0;3.0;;20-09-2024;14.96;0;28;710;325;60;1;0;0;0;0;0;0;0;1;0;0;0;0;0;1;0;0;0;0;0;1;0
20;0.0;12.2;18.0;85.0;22.0;32.0;40;2;10;3;4.0;;3.0;10-09-2024;14.91;0;30;830;282;65;0;1;0;0;0;0;0;0;1;0;0;1;0;0;0;0;0;0;0;0;1;0
22;1.0;4.0;9.0;61.6;6.0;15.7;24;5;9;0;2.0;2.0;4.0;16-09-2024;5.65;1;30;810;265;81;0;0;0;0;0;0;1;0;1;0;0;0;0;0;0;1;0;0;1;0;0;0
22;0.0;31.7;0.0;56.3;11.0;13.4;39;6;6;0;2.0;2.0;1.0;23-09-2024;4.56;1;30;830;282;65;0;1;0;0;0;0;0;0;0;0;1;1;0;0;0;0;0;0;0;1;0;0
23;2.0;10.2;16.0;87.2;34.0;52.1;95;4;13;3;;3.0;3.0;10-09-2024;15.42;0;30;810;265;81;0;0;0;0;0;0;1;0;1;0;0;0;0;0;0;1;0;0;0;0;1;0
17;0.0;11.1;21.0;89.8;54.0;109.6;134;2;10;6;5.0;5.0;4.0;13-09-2024;19.29;0;28;480;265;78;0;0;0;0;1;0;0;0;1;0;0;0;1;0;0;0;0;0;0;0;1;0
18;0.0;9.3;8.0;69.1;3.0;4.3;1;1;5;2;3.0;2.0;3.0;06-09-2024;15.01;0;30;980;247;60;0;0;0;1;0;0;0;0;1;0;0;0;0;0;1;0;0;0;0;0;1;0
17;0.0;29.6;0.0;66.7;;26.5;43;3;8;2;1.0;5.0;2.0;03-09-2024;11.78;0;30;620;263;66;0;0;0;0;0;0;0;1;0;1;0;0;0;1;0;0;0;1;0;0;0;0
24;0.0;15.4;10.0;78.7;34.0;61.8;96;4;10;3;4.0;4.0;2.0;24-09-2024;16.96;0;30;810;265;81;0;0;0;0;0;0;1;0;0;0;1;0;0;0;0;1;0;0;0;0;1;0
17;1.0;27.5;4.0;60.3;3.0;6.9;11;6;7;0;1.0;4.0;1.0;23-09-2024;5.16;1;28;550;256;64;0;0;0;0;0;1;0;0;1;0;0;0;0;0;1;0;0;0;0;0;1;0
20;0.0;13.4;0.0;81.3;33.0;45.6;80;2;7;8;5.0;5.0;5.0;05-09-2024;15.21;0;30;620;263;66;0;0;0;0;0;0;0;1;1;0;0;0;0;1;0;0;0;0;0;0;1;0
17;2.0;14.2;14.0;36.0;;0.0;0;7;7;0;1.0;1.0;1.0;06-09-2024;1.04;1;30;830;282;65;0;1;0;0;0;0;0;0;0;0;1;1;0;0;0;0;0;0;0;0;1;0
21;3.0;0.3;15.0;73.3;15.0;10.5;56;5;7;0;1.0;2.0;1.0;09-09-2024;15.52;0;30;930;293;75;0;0;1;0;0;0;0;0;1;0;0;0;0;0;0;0;1;0;0;0;1;0
21;0.0;13.6;18.0;91.0;;25.7;62;3;8;6;4.0;2.0;3.0;24-09-2024;16.84;0;30;620;263;66;0;0;0;0;0;0;0;1;1;0;0;0;0;1;0;0;0;1;0;0;0;0
19;1.0;36.3;8.0;91.9;21.0;29.1;44;2;9;2;4.0;2.0;2.0;10-09-2024;16.98;0;28;710;325;60;1;0;0;0;0;0;0;0;1;0;0;0;0;0;1;0;0;0;0;1;0;0
21;1.0;27.0;0.0;81.5;25.0;15.1;51;8;8;3;2.0;1.0;1.0;03-09-2024;6.81;1;28;550;256;64;0;0;0;0;0;1;0;0;1;0;0;0;0;0;1;0;0;0;1;0;0;0
21;0.0;13.7;;83.7;22.0;41.5;46;0;12;7;4.0;5.0;3.0;17-09-2024;17.95;0;28;480;265;78;0;0;0;0;1;0;0;0;1;0;0;0;1;0;0;0;0;1;0;0;0;0
18;0.0;36.2;0.0;59.6;3.0;4.3;1;5;5;0;1.0;1.0;;02-09-2024;2.64;1;28;480;265;78;0;0;0;0;1;0;0;0;0;0;1;0;1;0;0;0;0;0;0;1;0;0
19;2.0;0.7;0.0;69.8;25.0;24.3;42;2;8;3;4.0;1.0;4.0;19-09-2024;15.51;0;28;550;256;64;0;0;0;0;0;1;0;0;1;0;0;0;0;0;1;0;0;0;0;0;1;0
19;0.0;16.9;5.0;65.6;11.0;7.2;34;3;11;0;4.0;3.0;3.0;11-09-2024;13.61;0;30;930;293;75;0;0;1;0;0;0;0;0;1;0;0;0;0;0;0;0;1;0;0;0;1;0
19;0.0;52.5;;98.6;48.0;53.9;121;3;13;6;5.0;4.0;2.0;19-09-2024;17.74;0;30;980;247;60;0;0;0;1;0;0;0;0;0;0;1;0;0;0;1;0;0;0;1;0;0;0
17;0.0;1.6;;85.3;29.0;56.4;58;4;11;0;3.0;4.0;3.0;04-09-2024;16.78;0;28;480;265;78;0;0;0;0;1;0;0;0;1;0;0;0;1;0;0;0;0;0;0;0;1;0
22;0.0;30.0;;66.2;17.0;18.6;45;4;7;0;2.0;4.0;3.0;16-09-2024;7.68;1;30;980;247;60;0;0;0;1;0;0;0;0;0;0;1;0;0;0;1;0;0;0;0;0;1;0
18;;2.2;10.0;78.5;39.0;59.4;102;4;8;4;3.0;4.0;3.0;19-09-2024;15.02;0;30;830;282;65;0;1;0;0;0;0;0;0;1;0;0;1;0;0;0;0;0;0;0;0;1;0
19;0.0;4.7;;98.0;48.0;58.9;95;1;8;5;5.0;4.0;4.0;20-09-2024;18.45;0;30;810;265;81;0;0;0;0;0;0;1;0;0;0;1;0;0;0;0;1;0;0;0;0;1;0
23;1.0;13.6;0.0;67.0;21.0;23.1;40;4;6;2;3.0;2.0;3.0;03-09-2024;4.37;1;30;810;265;81;0;0;0;0;0;0;1;0;0;0;1;0;0;0;0;1;0;0;0;0;1;0
18;0.0;29.3;0.0;62.9;9.0;15.9;13;6;8;0;2.0;4.0;2.0;23-09-2024;13.41;0;30;620;263;66;0;0;0;0;0;0;0;1;1;0;0;0;0;1;0;0;0;0;0;0;1;0
18;0.0;9.3;7.0;72.8;54.0;111.5;117;3;9;5;4.0;3.0;;19-09-2024;17.93;0;30;620;263;66;0;0;0;0;0;0;0;1;0;0;1;0;0;1;0;0;0;0;0;0;1;0
19;0.0;11.3;8.0;84.8;40.0;46.9;120;2;10;5;4.0;3.0;;24-09-2024;16.72;0;30;980;247;60;0;0;0;1;0;0;0;0;1;0;0;0;0;0;1;0;0;0;0;0;1;0
20;2.0;;0.0;71.2;42.0;39.6;61;2;11;2;3.0;4.0;4.0;10-09-2024;17.84;0;28;550;256;64;0;0;0;0;0;1;0;0;1;0;0;0;0;0;1;0;0;0;0;0;1;0
18;1.0;9.9;0.0;93.6;38.0;59.3;60;0;10;7;5.0;3.0;3.0;25-09-2024;14.1;0;30;930;293;75;0;0;1;0;0;0;0;0;1;0;0;0;0;0;0;0;1;0;0;0;1;0
17;1.0;0.8;5.0;69.6;22.0;18.1;54;3;10;3;1.0;3.0;3.0;26-09-2024;5.17;1;30;830;282;65;0;1;0;0;0;0;0;0;0;1;0;1;0;0;0;0;0;0;0;0;1;0
23;0.0;0.5;7.0;76.3;41.0;59.5;108;3;13;5;4.0;;;12-09-2024;18.67;0;30;980;247;60;0;0;0;1;0;0;0;0;1;0;0;0;0;0;1;0;0;0;0;1;0;0
20;0.0;6.1;0.0;95.6;65.0;66.0;153;0;11;8;5.0;5.0;5.0;16-09-2024;17.28;0;30;830;282;65;0;1;0;0;0;0;0;0;0;0;1;1;0;0;0;0;0;0;0;0;1;0
20;2.0;9.1;25.0;83.2;35.0;76.5;58;2;12;6;5.0;;5.0;26-09-2024;17.84;0;30;830;282;65;0;1;0;0;0;0;0;0;1;0;0;1;0;0;0;0;0;0;0;0;1;0
23;1.0;1.0;13.0;56.0;21.0;17.3;55;5;6;0;3.0;4.0;;23-09-2024;2.51;1;28;480;265;78;0;0;0;0;1;0;0;0;0;1;0;0;1;0;0;0;0;0;0;0;1;0
17;2.0;27.5;0.0;94.6;17.0;31.3;37;5;8;3;5.0;4.0;3.0;27-09-2024;15.74;0;30;810;265;81;0;0;0;0;0;0;1;0;1;0;0;0;0;0;0;1;0;0;0;0;1;0
20;1.0;29.1;;87.2;36.0;52.7;65;2;7;4;3.0;4.0;4.0;04-09-2024;18.05;0;28;550;256;64;0;0;0;0;0;1;0;0;0;0;1;0;0;0;1;0;0;0;0;0;1;0
22;2.0;12.8;9.0;50.8;13.0;29.8;16;6;7;0;4.0;3.0;1.0;17-09-2024;4.73;1;30;930;293;75;0;0;1;0;0;0;0;0;1;0;0;0;0;0;0;0;1;0;0;0;1;0
24;2.0;25.9;12.0;82.3;32.0;63.6;74;4;9;1;3.0;2.0;2.0;26-09-2024;15.61;0;28;550;256;64;0;0;0;0;0;1;0;0;1;0;0;0;0;0;1;0;0;0;0;0;1;0
21;0.0;6.9;;50.8;21.0;25.1;28;4;8;2;4.0;2.0;2.0;13-09-2024;7.29;1;28;550;256;64;0;0;0;0;0;1;0;0;1;0;0;0;0;0;1;0;0;0;0;0;1;0
18;3.0;19.2;0.0;78.2;10.0;21.5;26;3;9;0;5.0;2.0;1.0;17-09-2024;15.73;0;30;810;265;81;0;0;0;0;0;0;1;0;1;0;0;0;0;0;0;1;0;0;0;0;0;1
19;2.0;1.9;17.0;72.2;11.0;22.9;22;5;10;0;2.0;2.0;3.0;12-09-2024;6.37;1;30;620;263;66;0;0;0;0;0;0;0;1;1;0;0;0;0;1;0;0;0;0;0;0;1;0
23;1.0;1.7;26.0;66.1;18.0;40.3;32;6;6;0;3.0;2.0;1.0;19-09-2024;5.47;1;28;710;325;60;1;0;0;0;0;0;0;0;0;1;0;0;0;0;1;0;0;0;0;0;1;0
19;0.0;8.7;6.0;88.3;46.0;80.8;121;6;6;4;5.0;3.0;5.0;24-09-2024;14.19;0;30;810;265;81;0;0;0;0;0;0;1;0;0;0;1;0;0;0;0;1;0;0;0;0;1;0
17;3.0;4.6;6.0;74.0;39.0;73.8;83;5;11;2;5.0;2.0;3.0;27-09-2024;19.61;0;28;710;325;60;1;0;0;0;0;0;0;0;1;0;0;0;0;0;1;0;0;0;0;0;1;0
18;0.0;7.9;;87.2;42.0;83.2;112;2;12;5;4.0;4.0;4.0;23-09-2024;18.79;0;30;620;263;66;0;0;0;0;0;0;0;1;0;0;1;0;0;1;0;0;0;0;0;1;0;0
19;0.0;20.0;0.0;65.4;25.0;34.5;49;8;9;1;3.0;;3.0;27-09-2024;11.1;0;30;620;263;66;0;0;0;0;0;0;0;1;0;0;1;0;0;1;0;0;0;0;0;0;1;0
20;0.0;14.3;;97.9;43.0;94.2;67;0;13;6;5.0;5.0;;03-09-2024;18.28;0;28;480;265;78;0;0;0;0;1;0;0;0;0;0;1;0;1;0;0;0;0;0;0;0;1;0
21;0.0;14.8;0.0;82.8;34.0;55.4;68;0;12;1;3.0;5.0;5.0;04-09-2024;15.78;0;30;930;293;75;0;0;1;0;0;0;0;0;0;1;0;0;0;0;0;0;1;0;0;0;0;1
18;1.0;26.6;11.0;77.1;24.0;38.3;53;0;7;5;4.0;4.0;4.0;27-09-2024;18.32;0;30;810;265;81;0;0;0;0;0;0;1;0;1;0;0;0;0;0;0;1;0;0;0;0;1;0
19;0.0;26.7;11.0;90.4;23.0;46.8;56;2;7;2;2.0;5.0;4.0;11-09-2024;15.91;0;28;480;265;78;0;0;0;0;1;0;0;0;1;0;0;0;1;0;0;0;0;0;0;0;1;0
20;1.0;5.6;21.0;85.7;19.0;30.9;33;3;6;6;3.0;3.0;1.0;13-09-2024;15.0;0;28;550;256;64;0;0;0;0;0;1;0;0;1;0;0;0;0;0;1;0;0;0;0;0;1;0
19;0.0;19.3;27.0;82.4;;33.0;53;5;9;6;5.0;4.0;3.0;13-09-2024;15.7;0;28;480;265;78;0;0;0;0;1;0;0;0;1;0;0;0;1;0;0;0;0;0;0;0;1;0
19;2.0;0.6;11.0;91.0;51.0;76.7;143;0;13;6;5.0;5.0;5.0;24-09-2024;17.51;0;28;480;265;78;0;0;0;0;1;0;0;0;0;0;1;0;1;0;0;0;0;0;0;0;1;0
18;2.0;30.3;8.0;75.9;3.0;0.9;2;4;4;1;1.0;2.0;2.0;10-09-2024;3.84;1;28;710;325;60;1;0;0;0;0;0;0;0;0;0;1;0;0;0;1;0;0;0;1;0;0;0
20;1.0;8.2;17.0;88.1;36.0;75.6;54;1;8;6;5.0;5.0;5.0;24-09-2024;19.01;0;30;810;265;81;0;0;0;0;0;0;1;0;1;0;0;0;0;0;0;1;0;0;0;0;1;0
22;2.0;10.5;10.0;77.1;;14.6;54;4;12;3;5.0;5.0;4.0;13-09-2024;14.58;0;28;480;265;78;0;0;0;0;1;0;0;0;0;0;1;0;1;0;0;0;0;0;0;0;1;0
18;0.0;23.0;14.0;83.2;31.0;39.7;76;6;9;5;4.0;5.0;2.0;19-09-2024;11.5;0;28;550;256;64;0;0;0;0;0;1;0;0;0;0;1;0;0;0;1;0;0;0;0;0;1;0
21;1.0;3.0;;55.4;14.0;33.0;45;6;6;1;3.0;2.0;2.0;12-09-2024;1.27;1;30;620;263;66;0;0;0;0;0;0;0;1;0;0;1;0;0;1;0;0;0;0;0;0;1;0
19;1.0;4.2;0.0;83.9;9.0;14.3;28;7;8;0;3.0;3.0;4.0;13-09-2024;18.79;0;30;980;247;60;0;0;0;1;0;0;0;0;1;0;0;0;0;0;1;0;0;0;0;0;1;0
18;2.0;22.5;19.0;81.6;39.0;66.4;91;1;11;3;4.0;4.0;1.0;23-09-2024;16.7;0;30;810;265;81;0;0;0;0;0;0;1;0;1;0;0;0;0;0;0;1;0;0;0;0;1;0
19;0.0;16.0;15.0;93.2;45.0;49.7;71;0;10;7;5.0;5.0;2.0;13-09-2024;16.35;0;30;830;282;65;0;1;0;0;0;0;0;0;1;0;0;1;0;0;0;0;0;0;0;0;1;0
21;0.0;11.4;11.0;87.2;16.0;17.3;34;4;9;0;3.0;3.0;2.0;02-09-2024;13.54;0;30;830;282;65;0;1;0;0;0;0;0;0;1;0;0;1;0;0;0;0;0;0;1;0;0;0
20;2.0;1.7;14.0;74.9;26.0;32.9;65;7;8;0;3.0;3.0;2.0;16-09-2024;8.25;1;30;980;247;60;0;0;0;1;0;0;0;0;0;1;0;0;0;0;1;0;0;0;0;0;1;0
21;2.0;16.4;0.0;71.8;22.0;41.8;36;4;10;2;3.0;2.0;2.0;11-09-2024;16.52;0;30;980;247;60;0;0;0;1;0;0;0;0;1;0;0;0;0;0;1;0;0;0;0;1;0;0
20;1.0;1.0;0.0;74.1;5.0;4.3;16;3;7;0;2.0;1.0;1.0;04-09-2024;1.78;1;28;710;325;60;1;0;0;0;0;0;0;0;0;0;1;0;0;0;1;0;0;0;0;0;1;0
18;2.0;1.5;11.0;72.2;25.0;32.9;73;7;9;1;3.0;4.0;2.0;27-09-2024;6.05;1;28;480;265;78;0;0;0;0;1;0;0;0;1;0;0;0;1;0;0;0;0;0;0;1;0;0
20;2.0;;;86.6;40.0;75.5;69;4;7;6;5.0;3.0;3.0;03-09-2024;19.2;0;30;830;282;65;0;1;0;0;0;0;0;0;1;0;0;1;0;0;0;0;0;0;0;1;0;0
21;1.0;19.0;17.0;90.7;36.0;51.6;70;4;13;5;4.0;;3.0;25-09-2024;16.9;0;30;930;293;75;0;0;1;0;0;0;0;0;1;0;0;0;0;0;0;0;1;0;0;0;1;0
19;2.0;;20.0;87.5;27.0;23.5;65;2;9;6;4.0;5.0;;10-09-2024;14.02;0;30;620;263;66;0;0;0;0;0;0;0;1;1;0;0;0;0;1;0;0;0;0;0;0;1;0
20;2.0;19.5;14.0;85.4;35.0;52.1;94;3;11;0;4.0;4.0;3.0;26-09-2024;14.91;0;30;810;265;81;0;0;0;0;0;0;1;0;1;0;0;0;0;0;0;1;0;0;0;1;0;0
17;0.0;81.1;;67.2;15.0;40.3;37;9;10;0;2.0;2.0;1.0;04-09-2024;3.2;1;28;550;256;64;0;0;0;0;0;1;0;0;1;0;0;0;0;0;1;0;0;0;0;0;1;0
23;0.0;1.2;;68.4;17.0;17.1;26;5;7;0;1.0;2.0;1.0;02-09-2024;6.72;1;30;980;247;60;0;0;0;1;0;0;0;0;1;0;0;0;0;0;1;0;0;0;0;0;1;0
20;3.0;16.4;24.0;69.9;22.0;28.2;56;4;6;1;3.0;3.0;2.0;19-09-2024;17.5;0;28;550;256;64;0;0;0;0;0;1;0;0;1;0;0;0;0;0;1;0;0;0;0;0;1;0
21;0.0;12.7;28.0;80.7;29.0;43.9;69;5;7;4;3.0;2.0;2.0;25-09-2024;14.96;0;28;710;325;60;1;0;0;0;0;0;0;0;1;0;0;0;0;0;1;0;0;0;0;0;1;0
24;0.0;7.1;15.0;89.8;49.0;59.3;133;3;7;4;4.0;3.0;4.0;18-09-2024;13.96;0;30;810;265;81;0;0;0;0;0;0;1;0;1;0;0;0;0;0;0;1;0;0;0;0;1;0
22;2.0;3.8;25.0;99.6;41.0;68.8;76;1;10;3;5.0;5.0;4.0;23-09-2024;17.71;0;30;930;293;75;0;0;1;0;0;0;0;0;1;0;0;0;0;0;0;0;1;0;0;1;0;0
19;1.0;7.0;;76.5;19.0;35.9;59;8;8;3;3.0;3.0;2.0;11-09-2024;6.26;1;30;930;293;75;0;0;1;0;0;0;0;0;1;0;0;0;0;0;0;0;1;0;0;0;1;0
19;0.0;5.6;0.0;55.1;10.0;13.4;14;7;9;0;1.0;2.0;3.0;09-09-2024;5.1;1;28;710;325;60;1;0;0;0;0;0;0;0;0;0;1;0;0;0;1;0;0;0;0;0;1;0
20;1.0;28.1;22.0;78.3;15.0;18.4;43;4;12;1;4.0;3.0;2.0;13-09-2024;18.86;0;28;710;325;60;1;0;0;0;0;0;0;0;1;0;0;0;0;0;1;0;0;0;0;0;1;0
18;0.0;3.7;;78.1;14.0;16.6;26;2;10;0;3.0;2.0;1.0;25-09-2024;2.95;1;30;810;265;81;0;0;0;0;0;0;1;0;1;0;0;0;0;0;0;1;0;0;0;0;1;0
20;1.0;1.9;0.0;77.7;3.0;8.8;11;7;7;1;3.0;2.0;;16-09-2024;14.73;0;28;480;265;78;0;0;0;0;1;0;0;0;1;0;0;0;1;0;0;0;0;0;0;0;1;0
19;2.0;56.2;0.0;74.3;35.0;34.9;82;3;9;7;3.0;4.0;2.0;19-09-2024;17.41;0;30;620;263;66;0;0;0;0;0;0;0;1;1;0;0;0;0;1;0;0;0;0;0;0;1;0
20;0.0;5.4;0.0;97.7;21.0;28.5;56;6;7;3;4.0;3.0;1.0;23-09-2024;15.8;0;30;810;265;81;0;0;0;0;0;0;1;0;1;0;0;0;0;0;0;1;0;0;0;0;1;0
23;1.0;2.4;26.0;81.0;28.0;60.6;62;6;8;2;3.0;4.0;2.0;03-09-2024;14.43;0;30;980;247;60;0;0;0;1;0;0;0;0;1;0;0;0;0;0;1;0;0;0;0;0;1;0
19;1.0;2.4;14.0;69.7;3.0;1.4;19;3;6;0;2.0;3.0;1.0;10-09-2024;11.54;0;30;980;247;60;0;0;0;1;0;0;0;0;1;0;0;0;0;0;1;0;0;0;0;0;1;0
17;2.0;68.7;12.0;79.3;41.0;60.0;95;3;10;2;4.0;4.0;2.0;26-09-2024;14.91;0;28;710;325;60;1;0;0;0;0;0;0;0;1;0;0;0;0;0;1;0;0;0;0;0;1;0
18;1.0;5.8;0.0;84.2;10.0;8.7;21;4;7;1;3.0;3.0;3.0;25-09-2024;13.97;0;30;810;265;81;0;0;0;0;0;0;1;0;1;0;0;0;0;0;0;1;0;0;0;0;1;0
17;1.0;13.2;9.0;93.9;32.0;81.1;69;4;8;4;3.0;5.0;4.0;24-09-2024;18.32;0;30;620;263;66;0;0;0;0;0;0;0;1;1;0;0;0;0;1;0;0;0;1;0;0;0;0
18;2.0;4.9;15.0;78.1;37.0;39.6;98;3;7;4;3.0;;4.0;12-09-2024;14.23;0;30;930;293;75;0;0;1;0;0;0;0;0;0;1;0;0;0;0;0;0;1;0;0;0;1;0
18;0.0;21.8;0.0;96.3;41.0;55.3;78;2;8;7;3.0;3.0;2.0;04-09-2024;12.93;0;30;810;265;81;0;0;0;0;0;0;1;0;0;1;0;0;0;0;0;1;0;0;0;0;1;0
21;0.0;6.2;;86.0;60.0;90.7;122;6;10;4;3.0;3.0;2.0;20-09-2024;16.09;0;30;830;282;65;0;1;0;0;0;0;0;0;1;0;0;1;0;0;0;0;0;0;0;0;1;0
23;0.0;55.8;0.0;67.1;3.0;0.3;22;6;9;1;2.0;4.0;1.0;25-09-2024;4.89;1;30;810;265;81;0;0;0;0;0;0;1;0;0;0;1;0;0;0;0;1;0;0;0;0;1;0
19;0.0;9.1;0.0;99.9;27.0;54.9;36;5;9;2;4.0;4.0;3.0;24-09-2024;17.78;0;28;710;325;60;1;0;0;0;0;0;0;0;1;0;0;0;0;0;1;0;0;0;0;0;1;0
21;2.0;21.7;0.0;79.3;46.0;91.3;108;0;7;4;5.0;4.0;5.0;11-09-2024;19.01;0;28;710;325;60;1;0;0;0;0;0;0;0;1;0;0;0;0;0;1;0;0;0;0;1;0;0
19;2.0;3.4;;72.4;26.0;36.0;38;6;6;0;2.0;2.0;1.0;25-09-2024;4.51;1;30;930;293;75;0;0;1;0;0;0;0;0;1;0;0;0;0;0;0;0;1;0;0;0;1;0
21;0.0;0.7;16.0;66.9;30.0;40.3;88;1;6;0;5.0;1.0;4.0;12-09-2024;17.33;0;30;980;247;60;0;0;0;1;0;0;0;0;1;0;0;0;0;0;1;0;0;0;0;1;0;0
19;0.0;15.3;11.0;73.0;8.0;10.9;34;2;9;4;4.0;5.0;2.0;04-09-2024;13.25;0;30;980;247;60;0;0;0;1;0;0;0;0;1;0;0;0;0;0;1;0;0;0;0;0;1;0
22;0.0;0.9;15.0;90.7;42.0;57.2;106;4;12;8;5.0;4.0;2.0;04-09-2024;17.43;0;28;710;325;60;1;0;0;0;0;0;0;0;1;0;0;0;0;0;1;0;0;0;0;0;1;0
24;2.0;1.2;0.0;81.0;22.0;22.0;41;4;9;3;5.0;3.0;1.0;10-09-2024;19.83;0;30;620;263;66;0;0;0;0;0;0;0;1;1;0;0;0;0;1;0;0;0;0;0;0;1;0
19;0.0;0.5;9.0;85.4;15.0;29.5;27;5;6;0;4.0;2.0;1.0;25-09-2024;6.62;1;30;930;293;75;0;0;1;0;0;0;0;0;1;0;0;0;0;0;0;0;1;0;0;0;1;0
18;0.0;11.6;;77.0;47.0;113.5;118;8;11;2;4.0;;2.0;02-09-2024;16.49;0;30;930;293;75;0;0;1;0;0;0;0;0;1;0;0;0;0;0;0;0;1;0;0;0;1;0
22;1.0;6.4;28.0;73.8;3.0;6.7;5;5;7;1;4.0;3.0;2.0;26-09-2024;14.39;0;30;620;263;66;0;0;0;0;0;0;0;1;1;0;0;0;0;1;0;0;0;0;0;1;0;0
21;1.0;11.9;;85.9;17.0;23.6;40;4;6;1;;3.0;4.0;17-09-2024;16.8;0;30;810;265;81;0;0;0;0;0;0;1;0;1;0;0;0;0;0;0;1;0;0;0;0;1;0
24;1.0;6.3;;95.7;33.0;42.1;64;3;12;3;4.0;3.0;;23-09-2024;12.67;0;30;930;293;75;0;0;1;0;0;0;0;0;0;1;0;0;0;0;0;0;1;0;0;0;1;0
20;1.0;;17.0;76.0;28.0;52.6;60;5;8;4;4.0;4.0;3.0;25-09-2024;13.26;0;28;480;265;78;0;0;0;0;1;0;0;0;0;1;0;0;1;0;0;0;0;0;0;0;1;0
21;0.0;1.2;21.0;87.5;20.0;21.2;45;4;9;5;2.0;3.0;4.0;24-09-2024;14.58;0;30;830;282;65;0;1;0;0;0;0;0;0;1;0;0;1;0;0;0;0;0;0;0;0;1;0
22;0.0;3.3;6.0;88.2;43.0;58.0;106;2;8;9;3.0;3.0;5.0;25-09-2024;17.69;0;30;830;282;65;0;1;0;0;0;0;0;0;0;1;0;1;0;0;0;0;0;0;0;1;0;0
24;1.0;2.8;6.0;65.6;27.0;29.1;65;3;12;11;4.0;4.0;4.0;27-09-2024;15.25;0;30;810;265;81;0;0;0;0;0;0;1;0;0;1;0;0;0;0;0;1;0;0;0;1;0;0
17;0.0;1.4;23.0;97.6;56.0;93.6;145;0;8;11;5.0;5.0;4.0;20-09-2024;16.27;0;30;930;293;75;0;0;1;0;0;0;0;0;0;0;1;0;0;0;0;0;1;0;0;1;0;0
19;0.0;7.4;6.0;82.0;30.0;55.6;82;6;6;7;3.0;2.0;3.0;18-09-2024;16.0;0;30;810;265;81;0;0;0;0;0;0;1;0;1;0;0;0;0;0;0;1;0;0;0;0;1;0
19;2.0;36.2;11.0;57.0;7.0;2.7;13;6;6;0;1.0;2.0;1.0;18-09-2024;3.47;1;30;930;293;75;0;0;1;0;0;0;0;0;0;0;1;0;0;0;0;0;1;0;0;1;0;0
20;2.0;6.5;0.0;85.1;56.0;114.8;137;2;7;8;3.0;5.0;4.0;13-09-2024;16.53;0;30;830;282;65;0;1;0;0;0;0;0;0;1;0;0;1;0;0;0;0;0;0;0;1;0;0
17;3.0;10.1;25.0;63.3;22.0;39.1;37;3;9;7;4.0;5.0;3.0;17-09-2024;11.82;0;30;930;293;75;0;0;1;0;0;0;0;0;0;1;0;0;0;0;0;0;1;0;0;0;1;0
19;1.0;34.7;0.0;76.1;32.0;58.3;62;2;9;4;4.0;1.0;3.0;06-09-2024;16.69;0;30;810;265;81;0;0;0;0;0;0;1;0;1;0;0;0;0;0;0;1;0;0;0;1;0;0
20;2.0;56.6;0.0;79.8;20.0;34.1;42;8;10;5;;3.0;2.0;09-09-2024;8.68;1;30;620;263;66;0;0;0;0;0;0;0;1;1;0;0;0;0;1;0;0;0;0;1;0;0;0
21;3.0;18.1;;78.0;37.0;68.0;100;0;9;7;3.0;3.0;2.0;25-09-2024;15.9;0;30;810;265;81;0;0;0;0;0;0;1;0;1;0;0;0;0;0;0;1;0;0;0;0;1;0
18;2.0;0.4;20.0;88.3;38.0;39.5;68;2;9;7;4.0;5.0;2.0;17-09-2024;14.9;0;28;710;325;60;1;0;0;0;0;0;0;0;0;0;1;0;0;0;1;0;0;0;0;1;0;0
18;0.0;2.8;10.0;82.0;16.0;29.2;34;5;7;3;4.0;3.0;2.0;06-09-2024;15.22;0;30;930;293;75;0;0;1;0;0;0;0;0;0;0;1;0;0;0;0;0;1;0;0;0;1;0
18;2.0;19.8;;78.7;17.0;30.8;29;7;8;1;2.0;1.0;2.0;18-09-2024;12.25;0;30;620;263;66;0;0;0;0;0;0;0;1;1;0;0;0;0;1;0;0;0;0;0;0;1;0
19;2.0;11.8;6.0;89.2;41.0;88.8;107;1;13;4;;3.0;5.0;24-09-2024;18.48;0;28;480;265;78;0;0;0;0;1;0;0;0;1;0;0;0;1;0;0;0;0;0;0;0;1;0
20;0.0;19.1;12.0;79.5;27.0;34.3;52;5;10;3;2.0;3.0;1.0;04-09-2024;6.09;1;30;620;263;66;0;0;0;0;0;0;0;1;0;1;0;0;0;1;0;0;0;0;0;0;1;0
22;2.0;20.8;0.0;65.2;20.0;30.1;42;3;10;4;4.0;5.0;;23-09-2024;13.83;0;28;480;265;78;0;0;0;0;1;0;0;0;0;1;0;0;1;0;0;0;0;0;0;0;1;0
23;1.0;3.2;12.0;98.2;19.0;39.0;20;2;8;2;4.0;4.0;3.0;03-09-2024;17.34;0;30;980;247;60;0;0;0;1;0;0;0;0;1;0;0;0;0;0;1;0;0;0;0;0;1;0
19;1.0;39.6;0.0;93.8;35.0;45.1;56;3;7;3;4.0;5.0;3.0;09-09-2024;15.23;0;30;810;265;81;0;0;0;0;0;0;1;0;0;1;0;0;0;0;0;1;0;0;1;0;0;0
19;1.0;10.4;;63.3;3.0;2.4;6;9;9;0;1.0;2.0;3.0;13-09-2024;2.01;1;30;830;282;65;0;1;0;0;0;0;0;0;1;0;0;1;0;0;0;0;0;0;0;0;1;0
19;;30.9;13.0;65.6;45.0;107.0;101;6;6;1;3.0;2.0;1.0;25-09-2024;1.69;1;30;810;265;81;0;0;0;0;0;0;1;0;1;0;0;0;0;0;0;1;0;0;0;0;1;0
20;0.0;4.5;7.0;70.9;29.0;27.1;78;5;11;2;3.0;2.0;2.0;27-09-2024;5.37;1;30;810;265;81;0;0;0;0;0;0;1;0;1;0;0;0;0;0;0;1;0;0;0;1;0;0
19;1.0;14.6;23.0;56.5;19.0;30.0;54;5;5;1;4.0;5.0;4.0;10-09-2024;3.63;1;30;620;263;66;0;0;0;0;0;0;0;1;0;0;1;0;0;1;0;0;0;0;0;0;1;0
18;0.0;1.3;;79.1;21.0;25.6;38;6;7;1;2.0;2.0;;25-09-2024;6.89;1;30;930;293;75;0;0;1;0;0;0;0;0;1;0;0;0;0;0;0;0;1;0;0;1;0;0
23;1.0;20.2;10.0;75.5;43.0;65.6;100;5;11;3;3.0;4.0;1.0;26-09-2024;16.13;0;30;930;293;75;0;0;1;0;0;0;0;0;0;0;1;0;0;0;0;0;1;0;0;0;1;0
19;0.0;5.3;0.0;74.0;37.0;60.1;104;3;8;3;5.0;2.0;;16-09-2024;15.2;0;30;830;282;65;0;1;0;0;0;0;0;0;1;0;0;1;0;0;0;0;0;0;0;0;1;0
23;0.0;8.5;10.0;73.0;15.0;21.9;27;7;7;3;2.0;2.0;1.0;16-09-2024;1.66;1;28;550;256;64;0;0;0;0;0;1;0;0;0;0;1;0;0;0;1;0;0;0;0;0;1;0
20;1.0;32.6;9.0;70.1;16.0;26.2;20;7;8;0;2.0;4.0;1.0;10-09-2024;4.19;1;30;830;282;65;0;1;0;0;0;0;0;0;0;0;1;1;0;0;0;0;0;0;0;0;1;0
20;0.0;6.7;24.0;52.9;16.0;15.8;47;7;7;0;2.0;2.0;2.0;04-09-2024;3.34;1;30;930;293;75;0;0;1;0;0;0;0;0;0;0;1;0;0;0;0;0;1;0;0;0;1;0
19;2.0;1.6;9.0;88.4;38.0;39.5;82;3;9;7;5.0;4.0;3.0;05-09-2024;13.97;0;30;620;263;66;0;0;0;0;0;0;0;1;0;0;1;0;0;1;0;0;0;0;1;0;0;0
20;0.0;39.9;;55.6;13.0;29.5;26;5;5;0;3.0;2.0;2.0;27-09-2024;4.22;1;30;810;265;81;0;0;0;0;0;0;1;0;1;0;0;0;0;0;0;1;0;0;0;0;0;1
24;3.0;2.0;20.0;75.4;51.0;81.0;133;0;12;8;4.0;3.0;4.0;09-09-2024;16.99;0;30;830;282;65;0;1;0;0;0;0;0;0;0;0;1;1;0;0;0;0;0;0;0;1;0;0
18;3.0;14.5;0.0;87.4;31.0;73.4;77;6;6;1;2.0;4.0;4.0;10-09-2024;13.5;0;30;930;293;75;0;0;1;0;0;0;0;0;0;0;1;0;0;0;0;0;1;0;0;0;1;0
19;0.0;6.7;0.0;96.9;73.0;105.1;189;0;8;11;5.0;5.0;4.0;09-09-2024;19.86;0;30;830;282;65;0;1;0;0;0;0;0;0;1;0;0;1;0;0;0;0;0;0;0;0;1;0
18;1.0;0.4;25.0;97.5;48.0;87.0;95;1;11;4;5.0;;5.0;20-09-2024;18.54;0;28;710;325;60;1;0;0;0;0;0;0;0;1;0;0;0;0;0;1;0;0;0;0;0;1;0
21;0.0;2.1;13.0;72.2;17.0;17.8;21;2;9;2;4.0;3.0;4.0;09-09-2024;13.08;0;28;550;256;64;0;0;0;0;0;1;0;0;0;0;1;0;0;0;1;0;0;1;0;0;0;0
17;1.0;26.1;0.0;89.4;64.0;99.2;90;1;8;6;4.0;2.0;5.0;04-09-2024;19.39;0;28;710;325;60;1;0;0;0;0;0;0;0;1;0;0;0;0;0;1;0;0;0;0;0;1;0
20;1.0;5.4;;84.0;29.0;37.6;42;1;8;3;4.0;4.0;3.0;06-09-2024;15.95;0;30;810;265;81;0;0;0;0;0;0;1;0;0;1;0;0;0;0;0;1;0;0;0;1;0;0
21;2.0;;19.0;70.2;40.0;56.7;114;4;11;7;5.0;2.0;3.0;25-09-2024;15.04;0;28;480;265;78;0;0;0;0;1;0;0;0;0;0;1;0;1;0;0;0;0;0;0;0;1;0
21;1.0;12.3;;80.5;40.0;68.6;103;6;7;1;4.0;2.0;3.0;20-09-2024;15.6;0;30;830;282;65;0;1;0;0;0;0;0;0;0;1;0;1;0;0;0;0;0;0;0;0;1;0
19;3.0;2.8;0.0;70.8;38.0;44.1;96;4;9;0;3.0;;3.0;17-09-2024;13.18;0;28;550;256;64;0;0;0;0;0;1;0;0;0;0;1;0;0;0;1;0;0;0;0;0;1;0
18;2.0;6.2;10.0;94.8;51.0;53.8;93;4;8;5;5.0;3.0;4.0;13-09-2024;17.9;0;28;480;265;78;0;0;0;0;1;0;0;0;0;0;1;0;1;0;0;0;0;0;0;0;1;0
19;2.0;3.7;10.0;79.0;25.0;26.6;54;7;11;4;4.0;4.0;2.0;25-09-2024;14.79;0;30;980;247;60;0;0;0;1;0;0;0;0;0;0;1;0;0;0;1;0;0;0;0;0;1;0
20;1.0;1.0;0.0;98.0;47.0;65.0;110;0;10;7;;5.0;4.0;04-09-2024;18.01;0;28;710;325;60;1;0;0;0;0;0;0;0;0;1;0;0;0;0;1;0;0;0;0;0;1;0
18;0.0;0.8;6.0;72.8;21.0;36.7;55;5;5;0;4.0;2.0;2.0;27-09-2024;16.78;0;28;710;325;60;1;0;0;0;0;0;0;0;1;0;0;0;0;0;1;0;0;0;0;0;0;1
19;3.0;31.8;19.0;95.0;24.0;45.5;56;4;6;4;4.0;4.0;3.0;25-09-2024;14.12;0;30;810;265;81;0;0;0;0;0;0;1;0;1;0;0;0;0;0;0;1;0;0;0;0;1;0
23;3.0;30.6;11.0;94.9;30.0;47.5;93;3;10;7;3.0;3.0;3.0;19-09-2024;16.94;0;28;710;325;60;1;0;0;0;0;0;0;0;0;0;1;0;0;0;1;0;0;0;0;0;1;0
18;0.0;8.2;0.0;62.6;9.0;11.3;7;4;8;1;1.0;3.0;;11-09-2024;5.52;1;30;980;247;60;0;0;0;1;0;0;0;0;1;0;0;0;0;0;1;0;0;0;0;0;1;0
20;0.0;6.7;0.0;65.2;21.0;27.9;58;6;10;0;1.0;3.0;;26-09-2024;4.21;1;30;930;293;75;0;0;1;0;0;0;0;0;1;0;0;0;0;0;0;0;1;0;0;0;1;0
19;1.0;4.4;;98.5;51.0;75.8;79;5;10;2;5.0;3.0;5.0;25-09-2024;18.62;0;30;980;247;60;0;0;0;1;0;0;0;0;1;0;0;0;0;0;1;0;0;0;0;0;1;0
18;2.0;2.7;8.0;85.5;28.0;57.5;63;4;7;1;1.0;3.0;2.0;20-09-2024;13.61;0;30;620;263;66;0;0;0;0;0;0;0;1;0;0;1;0;0;1;0;0;0;0;0;1;0;0
20;0.0;9.8;0.0;75.3;31.0;19.7;74;5;7;5;3.0;3.0;;04-09-2024;15.06;0;28;710;325;60;1;0;0;0;0;0;0;0;1;0;0;0;0;0;1;0;0;0;0;1;0;0
24;3.0;43.8;15.0;70.0;3.0;3.6;15;8;8;3;2.0;2.0;4.0;16-09-2024;4.52;1;28;480;265;78;0;0;0;0;1;0;0;0;1;0;0;0;1;0;0;0;0;0;0;0;1;0
19;0.0;18.6;19.0;66.9;41.0;92.8;77;2;10;3;4.0;4.0;1.0;13-09-2024;13.29;0;28;550;256;64;0;0;0;0;0;1;0;0;0;1;0;0;0;0;1;0;0;0;0;1;0;0
21;0.0;22.8;4.0;78.9;37.0;59.4;87;5;7;4;4.0;3.0;3.0;16-09-2024;16.56;0;30;810;265;81;0;0;0;0;0;0;1;0;1;0;0;0;0;0;0;1;0;0;0;0;1;0
19;1.0;37.0;11.0;66.5;;32.9;28;1;7;0;2.0;3.0;1.0;04-09-2024;15.37;0;28;710;325;60;1;0;0;0;0;0;0;0;1;0;0;0;0;0;1;0;0;0;0;0;0;1
18;;27.3;8.0;91.5;28.0;32.8;87;1;8;6;3.0;3.0;3.0;05-09-2024;16.93;0;30;620;263;66;0;0;0;0;0;0;0;1;1;0;0;0;0;1;0;0;0;0;0;0;1;0
21;2.0;18.4;10.0;80.6;32.0;39.9;84;6;8;0;4.0;3.0;1.0;23-09-2024;15.13;0;28;550;256;64;0;0;0;0;0;1;0;0;1;0;0;0;0;0;1;0;0;0;0;0;1;0
20;2.0;34.3;13.0;75.3;24.0;38.3;53;1;10;4;4.0;;3.0;10-09-2024;16.76;0;30;980;247;60;0;0;0;1;0;0;0;0;1;0;0;0;0;0;1;0;0;0;0;0;1;0
18;1.0;1.6;0.0;98.1;62.0;88.9;134;0;8;13;5.0;5.0;5.0;23-09-2024;19.1;0;28;480;265;78;0;0;0;0;1;0;0;0;1;0;0;0;1;0;0;0;0;0;0;0;1;0
21;0.0;9.1;0.0;85.0;55.0;77.1;119;0;8;10;4.0;5.0;5.0;20-09-2024;18.62;0;30;810;265;81;0;0;0;0;0;0;1;0;1;0;0;0;0;0;0;1;0;0;0;0;1;0
17;2.0;8.3;14.0;81.7;35.0;50.4;96;2;8;0;3.0;2.0;4.0;10-09-2024;12.12;0;30;930;293;75;0;0;1;0;0;0;0;0;0;1;0;0;0;0;0;0;1;0;1;0;0;0
20;0.0;24.6;13.0;69.5;30.0;45.0;58;5;5;0;2.0;1.0;3.0;03-09-2024;5.6;1;30;620;263;66;0;0;0;0;0;0;0;1;1;0;0;0;0;1;0;0;0;0;0;1;0;0
19;0.0;65.3;14.0;67.5;3.0;4.0;1;5;9;2;3.0;5.0;2.0;19-09-2024;15.15;0;30;810;265;81;0;0;0;0;0;0;1;0;1;0;0;0;0;0;0;1;0;0;0;0;1;0
20;2.0;4.9;0.0;83.3;43.0;73.2;105;3;12;5;4.0;3.0;1.0;20-09-2024;19.67;0;30;810;265;81;0;0;0;0;0;0;1;0;1;0;0;0;0;0;0;1;0;0;0;0;1;0
19;2.0;6.9;0.0;59.8;21.0;16.9;36;6;9;2;3.0;1.0;2.0;19-09-2024;6.38;1;30;980;247;60;0;0;0;1;0;0;0;0;1;0;0;0;0;0;1;0;0;0;0;0;0;1
22;0.0;13.3;;94.1;11.0;11.5;9;4;9;3;5.0;4.0;2.0;26-09-2024;13.41;0;30;930;293;75;0;0;1;0;0;0;0;0;1;0;0;0;0;0;0;0;1;0;0;1;0;0
18;2.0;0.7;0.0;61.6;31.0;35.1;62;2;10;5;3.0;4.0;;18-09-2024;18.77;0;28;550;256;64;0;0;0;0;0;1;0;0;1;0;0;0;0;0;1;0;0;0;0;0;1;0
23;1.0;20.4;26.0;63.4;3.0;7.3;1;3;7;1;1.0;4.0;3.0;05-09-2024;3.71;1;30;620;263;66;0;0;0;0;0;0;0;1;1;0;0;0;0;1;0;0;0;0;0;0;0;1
21;0.0;19.3;11.0;85.4;20.0;30.6;53;2;6;3;3.0;4.0;3.0;02-09-2024;14.23;0;28;480;265;78;0;0;0;0;1;0;0;0;1;0;0;0;1;0;0;0;0;0;0;0;1;0
17;1.0;13.0;26.0;58.1;3.0;2.9;5;3;9;0;1.0;4.0;2.0;17-09-2024;3.62;1;28;550;256;64;0;0;0;0;0;1;0;0;1;0;0;0;0;0;1;0;0;0;0;0;1;0
17;0.0;17.1;3.0;65.5;8.0;3.4;13;5;5;0;2.0;1.0;1.0;20-09-2024;1.51;1;28;710;325;60;1;0;0;0;0;0;0;0;0;0;1;0;0;0;1;0;0;0;0;1;0;0
17;1.0;;;93.4;33.0;49.9;87;0;9;4;5.0;4.0;;24-09-2024;14.03;0;30;980;247;60;0;0;0;1;0;0;0;0;0;0;1;0;0;0;1;0;0;0;0;0;1;0
18;2.0;4.7;0.0;90.4;47.0;58.4;118;3;9;6;;5.0;4.0;11-09-2024;15.87;0;30;830;282;65;0;1;0;0;0;0;0;0;1;0;0;1;0;0;0;0;0;0;0;0;1;0
21;0.0;4.5;0.0;61.9;21.0;19.7;34;4;5;0;3.0;;2.0;24-09-2024;3.84;1;30;980;247;60;0;0;0;1;0;0;0;0;1;0;0;0;0;0;1;0;0;0;0;0;1;0
18;0.0;8.7;6.0;96.7;41.0;51.3;81;1;12;8;4.0;5.0;5.0;13-09-2024;16.12;0;30;810;265;81;0;0;0;0;0;0;1;0;0;1;0;0;0;0;0;1;0;0;0;0;1;0
19;2.0;10.5;10.0;76.7;16.0;16.5;40;2;10;4;3.0;5.0;2.0;16-09-2024;17.02;0;30;830;282;65;0;1;0;0;0;0;0;0;1;0;0;1;0;0;0;0;0;0;0;0;1;0
19;2.0;31.4;23.0;96.7;35.0;58.2;66;0;7;4;5.0;4.0;2.0;04-09-2024;17.05;0;30;620;263;66;0;0;0;0;0;0;0;1;1;0;0;0;0;1;0;0;0;0;0;0;0;1
21;0.0;2.6;0.0;77.0;19.0;25.1;37;6;10;4;5.0;3.0;5.0;20-09-2024;17.22;0;30;980;247;60;0;0;0;1;0;0;0;0;0;0;1;0;0;0;1;0;0;0;0;0;1;0
18;0.0;8.5;7.0;98.5;39.0;55.8;106;0;11;10;5.0;4.0;3.0;06-09-2024;18.94;0;28;480;265;78;0;0;0;0;1;0;0;0;0;0;1;0;1;0;0;0;0;0;0;0;0;1
19;0.0;31.9;22.0;96.3;61.0;80.2;103;0;10;13;5.0;4.0;5.0;24-09-2024;17.55;0;30;930;293;75;0;0;1;0;0;0;0;0;0;1;0;0;0;0;0;0;1;0;0;0;1;0
18;2.0;4.3;25.0;57.2;13.0;10.1;22;4;7;0;2.0;3.0;1.0;11-09-2024;5.98;1;30;930;293;75;0;0;1;0;0;0;0;0;0;0;1;0;0;0;0;0;1;0;0;0;1;0
23;3.0;3.3;18.0;95.5;41.0;64.9;94;6;9;7;3.0;3.0;4.0;03-09-2024;19.41;0;30;810;265;81;0;0;0;0;0;0;1;0;1;0;0;0;0;0;0;1;0;0;0;0;1;0
20;2.0;14.0;3.0;92.6;32.0;52.0;60;4;12;4;5.0;4.0;2.0;20-09-2024;17.49;0;30;620;263;66;0;0;0;0;0;0;0;1;1;0;0;0;0;1;0;0;0;0;0;0;1;0
17;;7.6;7.0;94.2;64.0;101.0;147;0;10;4;4.0;5.0;4.0;06-09-2024;19.61;0;28;710;325;60;1;0;0;0;0;0;0;0;1;0;0;0;0;0;1;0;0;0;0;1;0;0
18;0.0;14.2;;71.0;30.0;70.4;71;3;10;3;3.0;3.0;3.0;09-09-2024;16.85;0;28;480;265;78;0;0;0;0;1;0;0;0;0;0;1;0;1;0;0;0;0;0;0;0;1;0
19;1.0;4.6;9.0;73.1;26.0;32.3;61;1;7;4;4.0;3.0;5.0;10-09-2024;14.18;0;30;810;265;81;0;0;0;0;0;0;1;0;1;0;0;0;0;0;0;1;0;0;0;1;0;0
24;0.0;23.6;0.0;80.8;41.0;95.2;79;3;7;7;5.0;4.0;2.0;02-09-2024;15.29;0;30;980;247;60;0;0;0;1;0;0;0;0;1;0;0;0;0;0;1;0;0;0;0;0;1;0
20;2.0;15.2;28.0;96.3;35.0;38.1;80;2;9;4;5.0;4.0;5.0;27-09-2024;16.9;0;28;550;256;64;0;0;0;0;0;1;0;0;0;0;1;0;0;0;1;0;0;0;0;0;1;0
20;1.0;10.5;23.0;81.3;42.0;74.7;73;3;9;1;4.0;3.0;3.0;10-09-2024;16.47;0;30;980;247;60;0;0;0;1;0;0;0;0;1;0;0;0;0;0;1;0;0;0;0;1;0;0
19;1.0;2.5;;69.3;45.0;95.2;118;5;10;4;2.0;5.0;4.0;24-09-2024;14.5;0;30;830;282;65;0;1;0;0;0;0;0;0;0;0;1;1;0;0;0;0;0;0;0;0;0;1
20;0.0;8.1;13.0;99.2;59.0;57.6;144;0;13;9;5.0;5.0;3.0;13-09-2024;18.07;0;30;930;293;75;0;0;1;0;0;0;0;0;1;0;0;0;0;0;0;0;1;0;0;1;0;0
25;0.0;59.6;19.0;80.3;32.0;69.9;80;2;11;2;5.0;3.0;2.0;10-09-2024;17.82;0;30;620;263;66;0;0;0;0;0;0;0;1;1;0;0;0;0;1;0;0;0;0;1;0;0;0
19;3.0;13.0;0.0;89.9;30.0;45.6;65;6;8;3;3.0;5.0;3.0;13-09-2024;16.7;0;30;810;265;81;0;0;0;0;0;0;1;0;1;0;0;0;0;0;0;1;0;0;0;0;1;0
21;1.0;7.3;12.0;73.5;17.0;18.8;50;3;7;1;4.0;;2.0;26-09-2024;17.45;0;30;930;293;75;0;0;1;0;0;0;0;0;0;0;1;0;0;0;0;0;1;0;0;0;1;0
21;2.0;10.3;9.0;80.2;32.0;36.2;78;1;5;2;5.0;3.0;3.0;23-09-2024;16.66;0;30;810;265;81;0;0;0;0;0;0;1;0;1;0;0;0;0;0;0;1;0;0;0;0;1;0
19;1.0;3.1;0.0;75.2;26.0;29.3;55;6;13;4;2.0;1.0;4.0;04-09-2024;14.87;0;28;550;256;64;0;0;0;0;0;1;0;0;1;0;0;0;0;0;1;0;0;0;0;1;0;0
19;1.0;2.3;9.0;78.8;28.0;44.1;61;2;10;7;5.0;4.0;4.0;03-09-2024;14.41;0;30;980;247;60;0;0;0;1;0;0;0;0;0;1;0;0;0;0;1;0;0;0;0;0;1;0
17;1.0;11.9;7.0;71.6;40.0;61.1;106;7;9;2;2.0;4.0;3.0;27-09-2024;15.4;0;30;980;247;60;0;0;0;1;0;0;0;0;1;0;0;0;0;0;1;0;0;0;0;0;1;0
17;0.0;8.5;8.0;74.6;46.0;72.6;94;3;10;3;5.0;3.0;5.0;17-09-2024;18.94;0;28;710;325;60;1;0;0;0;0;0;0;0;1;0;0;0;0;0;1;0;0;0;0;0;1;0
20;1.0;8.1;15.0;62.3;8.0;11.6;22;6;8;0;1.0;2.0;4.0;23-09-2024;3.31;1;30;830;282;65;0;1;0;0;0;0;0;0;1;0;0;1;0;0;0;0;0;0;0;0;1;0
18;0.0;18.7;17.0;66.5;40.0;83.3;105;3;11;6;3.0;3.0;4.0;16-09-2024;15.97;0;30;830;282;65;0;1;0;0;0;0;0;0;0;0;1;1;0;0;0;0;0;0;0;0;1;0
18;0.0;3.9;14.0;66.8;51.0;57.3;127;3;9;5;5.0;4.0;4.0;04-09-2024;17.04;0;30;930;293;75;0;0;1;0;0;0;0;0;1;0;0;0;0;0;0;0;1;0;0;0;1;0
18;;10.9;5.0;81.3;19.0;27.7;54;3;10;1;3.0;5.0;4.0;26-09-2024;15.2;0;30;810;265;81;0;0;0;0;0;0;1;0;0;1;0;0;0;0;0;1;0;0;0;0;0;1
22;0.0;8.7;0.0;65.2;12.0;17.0;29;3;6;0;1.0;1.0;;13-09-2024;4.38;1;30;930;293;75;0;0;1;0;0;0;0;0;1;0;0;0;0;0;0;0;1;0;0;0;1;0
22;0.0;0.7;17.0;71.9;3.0;4.1;1;5;9;1;2.0;2.0;3.0;18-09-2024;4.06;1;28;710;325;60;1;0;0;0;0;0;0;0;1;0;0;0;0;0;1;0;0;0;0;0;1;0
24;0.0;35.4;8.0;85.6;24.0;28.7;43;2;9;3;;5.0;2.0;19-09-2024;15.79;0;30;620;263;66;0;0;0;0;0;0;0;1;1;0;0;0;0;1;0;0;0;0;0;0;1;0
19;0.0;7.0;3.0;53.9;7.0;13.5;2;5;6;0;1.0;1.0;2.0;25-09-2024;4.62;1;28;550;256;64;0;0;0;0;0;1;0;0;1;0;0;0;0;0;1;0;0;0;0;1;0;0
17;1.0;85.5;20.0;83.1;52.0;73.5;106;3;12;5;4.0;5.0;2.0;03-09-2024;14.83;0;30;980;247;60;0;0;0;1;0;0;0;0;1;0;0;0;0;0;1;0;0;0;0;1;0;0
21;1.0;;11.0;85.2;32.0;29.9;93;5;10;5;4.0;3.0;;06-09-2024;17.87;0;30;620;263;66;0;0;0;0;0;0;0;1;1;0;0;0;0;1;0;0;0;0;0;0;0;1
21;0.0;26.3;0.0;64.3;26.0;30.4;51;5;5;0;1.0;1.0;1.0;17-09-2024;2.61;1;28;710;325;60;1;0;0;0;0;0;0;0;0;0;1;0;0;0;1;0;0;0;0;0;1;0
18;0.0;0.0;20.0;64.2;14.0;24.0;17;5;7;0;;3.0;;05-09-2024;3.48;1;30;620;263;66;0;0;0;0;0;0;0;1;0;0;1;0;0;1;0;0;0;1;0;0;0;0
22;1.0;9.5;0.0;78.5;18.0;17.2;43;3;9;6;2.0;3.0;2.0;02-09-2024;15.11;0;30;980;247;60;0;0;0;1;0;0;0;0;0;0;1;0;0;0;1;0;0;0;0;1;0;0
17;3.0;12.6;21.0;68.2;3.0;3.7;9;5;5;0;2.0;2.0;1.0;20-09-2024;8.58;1;30;930;293;75;0;0;1;0;0;0;0;0;0;0;1;0;0;0;0;0;1;0;0;0;1;0
19;1.0;0.6;7.0;88.6;31.0;29.8;86;1;9;7;5.0;5.0;4.0;19-09-2024;17.77;0;28;550;256;64;0;0;0;0;0;1;0;0;0;0;1;0;0;0;1;0;0;0;0;0;1;0
19;1.0;6.8;25.0;73.7;18.0;37.9;56;2;7;3;3.0;;5.0;04-09-2024;14.08;0;30;810;265;81;0;0;0;0;0;0;1;0;0;0;1;0;0;0;0;1;0;0;0;0;1;0
23;1.0;28.1;;64.4;17.0;28.0;48;4;6;0;2.0;4.0;4.0;24-09-2024;8.12;1;30;830;282;65;0;1;0;0;0;0;0;0;0;0;1;1;0;0;0;0;0;0;0;0;1;0
19;1.0;30.1;8.0;95.3;36.0;49.2;91;2;13;7;5.0;2.0;3.0;23-09-2024;18.46;0;30;980;247;60;0;0;0;1;0;0;0;0;1;0;0;0;0;0;1;0;0;0;0;0;1;0
21;2.0;;4.0;80.9;30.0;43.8;81;7;7;0;4.0;3.0;3.0;27-09-2024;15.32;0;28;480;265;78;0;0;0;0;1;0;0;0;1;0;0;0;1;0;0;0;0;0;1;0;0;0
19;0.0;9.3;13.0;98.1;17.0;19.1;34;3;10;3;3.0;2.0;2.0;06-09-2024;16.33;0;30;810;265;81;0;0;0;0;0;0;1;0;0;0;1;0;0;0;0;1;0;0;0;0;0;1
17;2.0;4.6;0.0;75.4;31.0;53.6;53;3;9;3;;3.0;2.0;05-09-2024;15.54;0;28;480;265;78;0;0;0;0;1;0;0;0;1;0;0;0;1;0;0;0;0;0;0;0;1;0
23;1.0;2.8;7.0;83.7;52.0;50.7;110;1;11;9;4.0;5.0;4.0;18-09-2024;18.06;0;30;980;247;60;0;0;0;1;0;0;0;0;1;0;0;0;0;0;1;0;0;0;0;0;1;0
18;1.0;35.4;13.0;67.7;19.0;25.1;36;7;7;0;2.0;4.0;2.0;23-09-2024;6.19;1;30;620;263;66;0;0;0;0;0;0;0;1;1;0;0;0;0;1;0;0;0;0;0;0;0;1
21;0.0;12.5;10.0;62.6;3.0;3.4;1;3;7;0;3.0;2.0;1.0;23-09-2024;4.15;1;28;480;265;78;0;0;0;0;1;0;0;0;1;0;0;0;1;0;0;0;0;0;0;0;1;0
21;1.0;;6.0;74.3;16.0;35.0;35;7;8;3;4.0;2.0;3.0;05-09-2024;7.66;1;30;930;293;75;0;0;1;0;0;0;0;0;0;0;1;0;0;0;0;0;1;0;0;0;1;0
19;0.0;3.1;10.0;65.5;7.0;11.0;19;7;7;0;2.0;2.0;2.0;24-09-2024;14.64;0;28;710;325;60;1;0;0;0;0;0;0;0;0;1;0;0;0;0;1;0;0;0;0;1;0;0
21;2.0;7.5;23.0;71.0;21.0;17.3;58;7;10;1;4.0;3.0;5.0;09-09-2024;14.53;0;30;810;265;81;0;0;0;0;0;0;1;0;1;0;0;0;0;0;0;1;0;0;0;1;0;0
22;1.0;17.8;17.0;67.7;24.0;32.4;56;2;9;3;5.0;3.0;1.0;26-09-2024;13.01;0;28;710;325;60;1;0;0;0;0;0;0;0;1;0;0;0;0;0;1;0;0;0;1;0;0;0
18;1.0;1.3;22.0;89.2;36.0;40.4;72;5;11;2;3.0;3.0;4.0;04-09-2024;11.13;0;30;810;265;81;0;0;0;0;0;0;1;0;0;1;0;0;0;0;0;1;0;0;0;0;1;0
21;2.0;9.4;12.0;68.1;25.0;33.4;63;1;13;3;4.0;3.0;4.0;05-09-2024;17.92;0;30;810;265;81;0;0;0;0;0;0;1;0;1;0;0;0;0;0;0;1;0;0;0;0;1;0
18;2.0;4.6;12.0;79.8;3.0;5.2;10;7;8;0;1.0;2.0;4.0;24-09-2024;7.18;1;28;710;325;60;1;0;0;0;0;0;0;0;1;0;0;0;0;0;1;0;0;1;0;0;0;0
18;1.0;42.8;10.0;65.3;;52.2;42;4;11;0;4.0;1.0;3.0;24-09-2024;1.74;1;30;810;265;81;0;0;0;0;0;0;1;0;0;0;1;0;0;0;0;1;0;0;0;1;0;0
17;0.0;18.2;6.0;76.0;30.0;46.6;68;3;7;0;3.0;2.0;1.0;05-09-2024;4.24;1;30;830;282;65;0;1;0;0;0;0;0;0;0;0;1;1;0;0;0;0;0;0;0;1;0;0
21;1.0;71.0;0.0;70.8;37.0;42.3;84;2;11;4;5.0;3.0;1.0;26-09-2024;17.22;0;30;810;265;81;0;0;0;0;0;0;1;0;1;0;0;0;0;0;0;1;0;0;0;0;1;0
18;2.0;12.3;8.0;74.7;18.0;30.9;57;6;10;5;5.0;4.0;5.0;03-09-2024;16.58;0;28;550;256;64;0;0;0;0;0;1;0;0;1;0;0;0;0;0;1;0;0;1;0;0;0;0
17;;0.7;;80.4;28.0;42.4;73;0;10;2;4.0;4.0;3.0;04-09-2024;18.31;0;28;710;325;60;1;0;0;0;0;0;0;0;1;0;0;0;0;0;1;0;0;0;0;0;1;0
21;0.0;9.1;18.0;99.5;42.0;65.7;52;1;10;4;5.0;;4.0;23-09-2024;19.56;0;28;710;325;60;1;0;0;0;0;0;0;0;1;0;0;0;0;0;1;0;0;0;0;0;1;0
18;1.0;45.2;0.0;77.0;36.0;38.6;78;6;6;2;;3.0;1.0;24-09-2024;11.09;0;30;810;265;81;0;0;0;0;0;0;1;0;0;1;0;0;0;0;0;1;0;0;0;0;1;0
18;0.0;12.8;12.0;94.2;22.0;23.1;42;2;10;3;4.0;4.0;3.0;09-09-2024;11.41;0;30;830;282;65;0;1;0;0;0;0;0;0;0;1;0;1;0;0;0;0;0;0;0;1;0;0
19;0.0;69.5;25.0;60.1;4.0;4.5;27;3;7;0;1.0;3.0;1.0;26-09-2024;0.99;1;30;830;282;65;0;1;0;0;0;0;0;0;0;1;0;1;0;0;0;0;0;0;0;0;1;0
22;3.0;8.6;;73.7;39.0;44.0;69;7;7;3;3.0;2.0;3.0;26-09-2024;17.26;0;28;710;325;60;1;0;0;0;0;0;0;0;1;0;0;0;0;0;1;0;0;0;0;0;1;0
18;1.0;24.1;10.0;99.4;61.0;112.4;106;1;13;10;5.0;4.0;5.0;02-09-2024;19.24;0;30;620;263;66;0;0;0;0;0;0;0;1;1;0;0;0;0;1;0;0;0;0;0;0;1;0
18;1.0;1.2;0.0;77.2;31.0;42.0;71;6;11;2;4.0;3.0;1.0;05-09-2024;12.06;0;28;550;256;64;0;0;0;0;0;1;0;0;0;1;0;0;0;0;1;0;0;0;0;0;1;0
19;3.0;6.9;7.0;80.5;31.0;46.1;84;3;13;5;2.0;5.0;;06-09-2024;17.2;0;30;980;247;60;0;0;0;1;0;0;0;0;0;0;1;0;0;0;1;0;0;0;0;1;0;0
23;0.0;138.0;0.0;73.7;25.0;41.1;65;5;7;0;3.0;3.0;1.0;17-09-2024;11.79;0;28;710;325;60;1;0;0;0;0;0;0;0;0;0;1;0;0;0;1;0;0;0;0;0;1;0
20;0.0;10.5;6.0;85.3;35.0;53.4;56;4;10;3;3.0;3.0;4.0;04-09-2024;16.65;0;28;480;265;78;0;0;0;0;1;0;0;0;0;0;1;0;1;0;0;0;0;0;0;1;0;0
19;0.0;24.0;23.0;70.4;20.0;10.9;29;2;9;2;2.0;3.0;;19-09-2024;14.15;0;30;830;282;65;0;1;0;0;0;0;0;0;1;0;0;1;0;0;0;0;0;0;0;0;1;0
18;0.0;18.3;9.0;97.6;;42.9;93;2;9;3;4.0;;3.0;10-09-2024;14.4;0;30;830;282;65;0;1;0;0;0;0;0;0;0;0;1;1;0;0;0;0;0;1;0;0;0;0
20;2.0;7.2;11.0;90.4;38.0;64.0;69;4;13;9;3.0;3.0;3.0;16-09-2024;16.55;0;30;830;282;65;0;1;0;0;0;0;0;0;0;0;1;1;0;0;0;0;0;0;0;0;1;0
23;0.0;18.6;13.0;71.0;6.0;4.8;16;7;8;1;2.0;2.0;1.0;02-09-2024;3.16;1;28;480;265;78;0;0;0;0;1;0;0;0;0;1;0;0;1;0;0;0;0;0;0;1;0;0
20;0.0;12.9;0.0;54.2;3.0;0.3;7;8;8;0;4.0;2.0;2.0;02-09-2024;7.95;1;28;550;256;64;0;0;0;0;0;1;0;0;1;0;0;0;0;0;1;0;0;0;0;0;1;0
18;2.0;0.5;0.0;83.3;17.0;31.4;37;2;8;5;4.0;4.0;5.0;24-09-2024;18.51;0;30;930;293;75;0;0;1;0;0;0;0;0;1;0;0;0;0;0;0;0;1;0;0;0;1;0
22;1.0;0.7;12.0;72.3;19.0;23.4;55;5;9;3;2.0;1.0;4.0;26-09-2024;8.63;1;28;480;265;78;0;0;0;0;1;0;0;0;1;0;0;0;1;0;0;0;0;0;0;0;1;0
20;1.0;1.4;8.0;97.7;37.0;66.6;58;3;8;6;5.0;;3.0;10-09-2024;17.38;0;30;930;293;75;0;0;1;0;0;0;0;0;1;0;0;0;0;0;0;0;1;0;0;0;1;0
22;0.0;2.5;0.0;57.8;15.0;26.7;47;5;5;1;3.0;3.0;2.0;23-09-2024;5.72;1;28;710;325;60;1;0;0;0;0;0;0;0;0;0;1;0;0;0;1;0;0;0;0;1;0;0
19;3.0;;27.0;99.1;49.0;75.3;77;0;7;9;5.0;;5.0;19-09-2024;18.99;0;30;810;265;81;0;0;0;0;0;0;1;0;0;0;1;0;0;0;0;1;0;0;0;0;1;0
20;2.0;6.2;15.0;81.9;;63.3;68;4;11;3;4.0;2.0;3.0;26-09-2024;17.64;0;30;930;293;75;0;0;1;0;0;0;0;0;1;0;0;0;0;0;0;0;1;0;0;0;1;0
18;0.0;0.7;19.0;77.4;15.0;16.8;35;6;9;2;3.0;3.0;4.0;06-09-2024;14.1;0;30;810;265;81;0;0;0;0;0;0;1;0;1;0;0;0;0;0;0;1;0;0;0;0;1;0
17;0.0;16.0;14.0;77.4;23.0;39.6;66;6;6;3;2.0;2.0;3.0;09-09-2024;1.52;1;30;980;247;60;0;0;0;1;0;0;0;0;0;1;0;0;0;0;1;0;0;0;0;0;1;0
20;2.0;;0.0;72.3;3.0;9.0;1;6;8;0;3.0;;2.0;18-09-2024;4.38;1;28;710;325;60;1;0;0;0;0;0;0;0;1;0;0;0;0;0;1;0;0;0;0;0;1;0
21;1.0;48.1;6.0;60.0;12.0;15.6;26;7;7;0;3.0;3.0;1.0;25-09-2024;5.91;1;28;710;325;60;1;0;0;0;0;0;0;0;1;0;0;0;0;0;1;0;0;0;0;1;0;0
21;1.0;5.2;10.0;64.5;3.0;10.0;1;7;7;0;2.0;1.0;2.0;10-09-2024;5.13;1;30;810;265;81;0;0;0;0;0;0;1;0;0;0;1;0;0;0;0;1;0;0;0;0;1;0
17;0.0;2.0;0.0;94.2;39.0;53.9;103;3;13;3;5.0;;4.0;05-09-2024;18.36;0;28;710;325;60;1;0;0;0;0;0;0;0;1;0;0;0;0;0;1;0;0;0;0;0;1;0
22;1.0;23.5;8.0;79.5;21.0;29.1;36;5;9;4;2.0;;4.0;19-09-2024;13.71;0;30;830;282;65;0;1;0;0;0;0;0;0;1;0;0;1;0;0;0;0;0;0;0;1;0;0
22;1.0;4.6;7.0;60.6;13.0;18.4;30;8;8;0;2.0;3.0;1.0;17-09-2024;2.86;1;30;980;247;60;0;0;0;1;0;0;0;0;0;0;1;0;0;0;1;0;0;0;0;0;1;0
18;0.0;27.6;6.0;60.7;14.0;27.6;29;6;6;1;2.0;3.0;4.0;25-09-2024;7.29;1;28;710;325;60;1;0;0;0;0;0;0;0;0;0;1;0;0;0;1;0;0;0;0;0;1;0
18;2.0;19.6;13.0;88.0;33.0;46.2;46;3;10;5;3.0;3.0;2.0;19-09-2024;12.94;0;28;710;325;60;1;0;0;0;0;0;0;0;1;0;0;0;0;0;1;0;0;1;0;0;0;0
20;1.0;32.2;;84.5;30.0;41.1;45;3;7;1;2.0;3.0;3.0;27-09-2024;17.14;0;30;930;293;75;0;0;1;0;0;0;0;0;0;0;1;0;0;0;0;0;1;0;0;0;1;0
18;1.0;2.8;23.0;59.0;4.0;6.5;18;8;8;0;1.0;1.0;2.0;17-09-2024;4.17;1;30;930;293;75;0;0;1;0;0;0;0;0;1;0;0;0;0;0;0;0;1;0;0;0;1;0
20;0.0;24.7;;62.6;3.0;5.3;1;6;6;1;2.0;4.0;;20-09-2024;1.45;1;30;620;263;66;0;0;0;0;0;0;0;1;0;1;0;0;0;1;0;0;0;0;0;0;1;0
20;0.0;0.2;;99.2;59.0;114.8;161;4;11;3;;3.0;3.0;04-09-2024;15.84;0;30;810;265;81;0;0;0;0;0;0;1;0;0;1;0;0;0;0;0;1;0;0;0;0;1;0
19;1.0;1.4;0.0;71.6;44.0;76.8;112;3;8;7;5.0;5.0;5.0;04-09-2024;19.36;0;28;550;256;64;0;0;0;0;0;1;0;0;1;0;0;0;0;0;1;0;0;1;0;0;0;0
19;1.0;71.5;0.0;93.7;28.0;56.4;36;5;7;5;5.0;5.0;2.0;25-09-2024;16.16;0;30;810;265;81;0;0;0;0;0;0;1;0;1;0;0;0;0;0;0;1;0;0;0;1;0;0
20;1.0;5.9;0.0;77.6;26.0;38.8;51;3;7;1;1.0;2.0;2.0;02-09-2024;6.63;1;30;930;293;75;0;0;1;0;0;0;0;0;0;0;1;0;0;0;0;0;1;0;1;0;0;0
20;1.0;1.8;7.0;71.3;21.0;42.1;32;3;8;2;4.0;3.0;3.0;26-09-2024;14.0;0;28;550;256;64;0;0;0;0;0;1;0;0;0;1;0;0;0;0;1;0;0;0;0;1;0;0
17;0.0;17.7;10.0;79.1;16.0;18.3;24;4;8;1;2.0;3.0;2.0;26-09-2024;12.1;0;30;620;263;66;0;0;0;0;0;0;0;1;1;0;0;0;0;1;0;0;0;0;0;0;1;0
19;0.0;15.1;5.0;71.7;41.0;65.9;92;4;12;1;1.0;4.0;1.0;10-09-2024;13.4;0;28;550;256;64;0;0;0;0;0;1;0;0;1;0;0;0;0;0;1;0;0;0;0;0;1;0
21;1.0;32.0;10.0;56.2;34.0;44.4;75;1;9;0;1.0;;3.0;13-09-2024;2.3;1;30;980;247;60;0;0;0;1;0;0;0;0;0;1;0;0;0;0;1;0;0;0;1;0;0;0
23;0.0;21.9;0.0;66.3;5.0;12.8;9;8;10;0;;3.0;3.0;19-09-2024;2.89;1;30;810;265;81;0;0;0;0;0;0;1;0;1;0;0;0;0;0;0;1;0;0;0;1;0;0
20;;26.8;6.0;70.1;29.0;50.7;79;5;9;0;1.0;2.0;1.0;13-09-2024;16.52;0;28;710;325;60;1;0;0;0;0;0;0;0;0;0;1;0;0;0;1;0;0;0;0;0;0;1
21;1.0;7.9;20.0;94.6;34.0;45.7;69;1;11;4;5.0;4.0;;18-09-2024;15.47;0;30;830;282;65;0;1;0;0;0;0;0;0;0;0;1;1;0;0;0;0;0;0;0;0;0;1
20;1.0;4.3;17.0;89.5;44.0;69.7;104;5;10;8;3.0;4.0;3.0;16-09-2024;15.07;0;28;710;325;60;1;0;0;0;0;0;0;0;0;1;0;0;0;0;1;0;0;0;0;0;1;0
18;0.0;;11.0;97.5;37.0;36.6;87;2;12;4;4.0;;3.0;18-09-2024;19.26;0;30;620;263;66;0;0;0;0;0;0;0;1;0;0;1;0;0;1;0;0;0;0;0;1;0;0
20;1.0;18.4;18.0;92.6;42.0;73.0;93;5;13;2;3.0;5.0;1.0;03-09-2024;17.71;0;30;620;263;66;0;0;0;0;0;0;0;1;1;0;0;0;0;1;0;0;0;0;0;0;1;0
19;3.0;5.5;10.0;98.7;41.0;53.9;90;1;11;6;5.0;4.0;3.0;20-09-2024;19.62;0;30;830;282;65;0;1;0;0;0;0;0;0;1;0;0;1;0;0;0;0;0;0;0;0;1;0
22;3.0;4.3;0.0;76.7;;28.1;41;6;6;2;1.0;1.0;1.0;11-09-2024;10.75;0;28;480;265;78;0;0;0;0;1;0;0;0;0;1;0;0;1;0;0;0;0;0;0;0;1;0
20;0.0;10.5;0.0;80.0;22.0;26.2;67;3;9;2;1.0;2.0;2.0;23-09-2024;14.47;0;30;980;247;60;0;0;0;1;0;0;0;0;1;0;0;0;0;0;1;0;0;0;0;0;1;0
24;1.0;28.2;0.0;66.6;8.0;17.2;32;7;7;0;1.0;1.0;2.0;06-09-2024;3.97;1;30;830;282;65;0;1;0;0;0;0;0;0;0;0;1;1;0;0;0;0;0;0;0;0;1;0
19;1.0;0.8;0.0;75.1;8.0;17.4;32;2;7;3;2.0;4.0;2.0;10-09-2024;13.19;0;30;810;265;81;0;0;0;0;0;0;1;0;1;0;0;0;0;0;0;1;0;0;0;0;1;0
18;1.0;7.5;8.0;52.4;0.0;0.0;0;4;4;0;3.0;2.0;;19-09-2024;4.67;1;30;980;247;60;0;0;0;1;0;0;0;0;0;0;1;0;0;0;1;0;0;0;0;0;1;0
24;2.0;3.8;12.0;77.1;16.0;19.6;52;1;10;2;3.0;;2.0;06-09-2024;15.19;0;30;930;293;75;0;0;1;0;0;0;0;0;1;0;0;0;0;0;0;0;1;0;0;0;1;0
17;0.0;5.5;8.0;85.1;32.0;61.1;74;1;9;7;5.0;4.0;3.0;10-09-2024;19.06;0;30;980;247;60;0;0;0;1;0;0;0;0;1;0;0;0;0;0;1;0;0;0;0;0;1;0
20;2.0;;10.0;91.0;40.0;71.7;89;2;9;6;5.0;3.0;5.0;03-09-2024;19.24;0;30;620;263;66;0;0;0;0;0;0;0;1;0;0;1;0;0;1;0;0;0;0;0;0;1;0
18;0.0;2.6;;85.6;43.0;101.1;83;2;11;4;4.0;3.0;5.0;11-09-2024;18.47;0;28;480;265;78;0;0;0;0;1;0;0;0;1;0;0;0;1;0;0;0;0;0;0;0;1;0
18;1.0;30.6;17.0;75.2;21.0;20.9;33;4;4;2;3.0;2.0;2.0;19-09-2024;6.49;1;30;980;247;60;0;0;0;1;0;0;0;0;0;0;1;0;0;0;1;0;0;0;0;0;1;0
18;1.0;4.1;0.0;94.2;42.0;63.9;108;8;11;7;5.0;3.0;2.0;02-09-2024;17.46;0;30;980;247;60;0;0;0;1;0;0;0;0;0;0;1;0;0;0;1;0;0;1;0;0;0;0
20;0.0;20.3;10.0;97.8;41.0;73.6;102;1;12;4;5.0;5.0;3.0;19-09-2024;19.28;0;30;620;263;66;0;0;0;0;0;0;0;1;0;0;1;0;0;1;0;0;0;0;0;0;1;0
19;0.0;;14.0;74.0;34.0;85.2;71;4;7;3;3.0;2.0;3.0;11-09-2024;15.28;0;30;980;247;60;0;0;0;1;0;0;0;0;0;0;1;0;0;0;1;0;0;0;0;1;0;0
20;1.0;0.1;3.0;99.1;52.0;64.1;99;0;12;9;5.0;5.0;5.0;18-09-2024;17.49;0;30;810;265;81;0;0;0;0;0;0;1;0;1;0;0;0;0;0;0;1;0;0;0;1;0;0
22;;;;78.5;13.0;24.1;34;1;8;4;4.0;4.0;2.0;03-09-2024;15.05;0;30;830;282;65;0;1;0;0;0;0;0;0;1;0;0;1;0;0;0;0;0;0;0;1;0;0
20;1.0;6.6;;88.0;39.0;50.0;81;1;11;3;4.0;5.0;5.0;06-09-2024;17.81;0;30;980;247;60;0;0;0;1;0;0;0;0;1;0;0;0;0;0;1;0;0;0;0;1;0;0
19;3.0;0.3;0.0;76.3;29.0;30.1;57;6;7;0;3.0;4.0;3.0;26-09-2024;15.88;0;30;980;247;60;0;0;0;1;0;0;0;0;1;0;0;0;0;0;1;0;0;0;0;0;1;0
22;3.0;5.9;15.0;90.6;44.0;42.3;96;4;9;9;5.0;5.0;3.0;12-09-2024;17.9;0;30;830;282;65;0;1;0;0;0;0;0;0;1;0;0;1;0;0;0;0;0;0;0;0;1;0
22;0.0;10.6;12.0;78.6;34.0;58.9;97;1;12;6;3.0;4.0;5.0;11-09-2024;14.42;0;28;480;265;78;0;0;0;0;1;0;0;0;1;0;0;0;1;0;0;0;0;1;0;0;0;0
22;0.0;9.5;0.0;73.7;28.0;48.6;58;3;7;0;4.0;3.0;3.0;02-09-2024;16.88;0;30;980;247;60;0;0;0;1;0;0;0;0;1;0;0;0;0;0;1;0;0;0;0;0;0;1
20;;7.1;0.0;74.2;36.0;84.7;51;8;11;2;4.0;3.0;3.0;05-09-2024;16.59;0;30;620;263;66;0;0;0;0;0;0;0;1;1;0;0;0;0;1;0;0;0;0;0;0;1;0
17;2.0;0.1;15.0;71.8;;47.8;53;4;8;2;4.0;4.0;3.0;18-09-2024;15.17;0;30;980;247;60;0;0;0;1;0;0;0;0;1;0;0;0;0;0;1;0;0;0;0;1;0;0
17;3.0;23.0;;91.5;48.0;81.1;110;3;8;8;4.0;4.0;3.0;03-09-2024;16.73;0;30;930;293;75;0;0;1;0;0;0;0;0;1;0;0;0;0;0;0;0;1;0;0;0;1;0
19;3.0;0.3;6.0;75.8;34.0;46.0;82;3;10;1;5.0;4.0;2.0;17-09-2024;16.37;0;30;810;265;81;0;0;0;0;0;0;1;0;1;0;0;0;0;0;0;1;0;0;0;1;0;0
19;2.0;9.5;8.0;66.6;7.0;4.6;12;8;9;0;2.0;1.0;3.0;11-09-2024;5.37;1;30;980;247;60;0;0;0;1;0;0;0;0;1;0;0;0;0;0;1;0;0;0;0;0;1;0
22;0.0;1.4;18.0;80.7;12.0;12.5;28;2;7;4;3.0;5.0;4.0;06-09-2024;16.81;0;30;980;247;60;0;0;0;1;0;0;0;0;1;0;0;0;0;0;1;0;0;0;0;0;1;0
21;3.0;16.7;0.0;62.3;17.0;26.1;22;7;7;0;2.0;1.0;4.0;24-09-2024;6.43;1;30;830;282;65;0;1;0;0;0;0;0;0;0;0;1;1;0;0;0;0;0;0;0;0;1;0
21;3.0;0.0;13.0;59.9;17.0;37.4;43;3;7;1;1.0;3.0;3.0;19-09-2024;6.8;1;30;620;263;66;0;0;0;0;0;0;0;1;0;1;0;0;0;1;0;0;0;0;0;1;0;0
21;1.0;23.9;3.0;71.6;23.0;23.5;40;5;10;4;3.0;;3.0;10-09-2024;15.46;0;30;810;265;81;0;0;0;0;0;0;1;0;1;0;0;0;0;0;0;1;0;0;1;0;0;0
17;0.0;51.6;27.0;80.1;19.0;31.5;39;7;8;1;2.0;;1.0;25-09-2024;4.5;1;28;710;325;60;1;0;0;0;0;0;0;0;1;0;0;0;0;0;1;0;0;0;0;0;1;0
18;1.0;43.6;16.0;68.6;28.0;45.1;58;2;9;1;1.0;5.0;4.0;27-09-2024;11.63;0;30;810;265;81;0;0;0;0;0;0;1;0;0;0;1;0;0;0;0;1;0;0;0;1;0;0
21;0.0;7.6;12.0;80.0;23.0;33.6;37;3;5;4;;3.0;4.0;13-09-2024;12.7;0;30;810;265;81;0;0;0;0;0;0;1;0;1;0;0;0;0;0;0;1;0;0;1;0;0;0
23;;10.1;28.0;76.4;27.0;56.3;62;0;9;0;4.0;;3.0;26-09-2024;12.42;0;30;830;282;65;0;1;0;0;0;0;0;0;1;0;0;1;0;0;0;0;0;0;0;0;1;0
18;0.0;2.6;0.0;98.9;57.0;33.8;156;0;9;6;4.0;4.0;4.0;20-09-2024;18.77;0;30;620;263;66;0;0;0;0;0;0;0;1;0;0;1;0;0;1;0;0;0;0;0;1;0;0
20;2.0;14.1;25.0;68.4;;108.9;92;2;10;7;4.0;4.0;;02-09-2024;19.21;0;28;550;256;64;0;0;0;0;0;1;0;0;1;0;0;0;0;0;1;0;0;0;0;0;1;0
22;0.0;4.7;13.0;96.7;38.0;66.0;96;2;12;4;;3.0;5.0;23-09-2024;17.65;0;28;710;325;60;1;0;0;0;0;0;0;0;1;0;0;0;0;0;1;0;0;0;1;0;0;0
18;;14.7;0.0;74.2;29.0;40.7;74;6;6;2;3.0;4.0;4.0;18-09-2024;9.16;1;30;830;282;65;0;1;0;0;0;0;0;0;1;0;0;1;0;0;0;0;0;0;1;0;0;0
20;1.0;;27.0;83.7;23.0;21.4;59;5;7;1;3.0;4.0;2.0;06-09-2024;3.1;1;30;830;282;65;0;1;0;0;0;0;0;0;0;0;1;1;0;0;0;0;0;0;0;1;0;0
19;1.0;7.2;8.0;84.1;54.0;51.5;134;4;13;3;5.0;5.0;4.0;27-09-2024;19.51;0;30;830;282;65;0;1;0;0;0;0;0;0;1;0;0;1;0;0;0;0;0;0;0;0;1;0
19;1.0;22.4;23.0;60.5;24.0;42.8;42;8;8;0;1.0;4.0;1.0;03-09-2024;4.75;1;28;710;325;60;1;0;0;0;0;0;0;0;0;0;1;0;0;0;1;0;0;0;0;0;1;0
22;2.0;;27.0;77.9;47.0;98.0;119;0;10;7;2.0;3.0;2.0;19-09-2024;16.36;0;30;930;293;75;0;0;1;0;0;0;0;0;1;0;0;0;0;0;0;0;1;0;0;0;1;0
21;1.0;6.0;19.0;77.3;28.0;32.6;87;4;7;2;4.0;4.0;3.0;25-09-2024;14.93;0;30;810;265;81;0;0;0;0;0;0;1;0;1;0;0;0;0;0;0;1;0;0;0;0;1;0
19;0.0;40.0;11.0;66.6;14.0;25.5;33;4;6;0;3.0;2.0;1.0;09-09-2024;3.73;1;30;930;293;75;0;0;1;0;0;0;0;0;0;0;1;0;0;0;0;0;1;0;0;1;0;0
18;2.0;6.1;7.0;97.3;48.0;79.9;112;4;8;6;5.0;2.0;3.0;11-09-2024;18.01;0;30;930;293;75;0;0;1;0;0;0;0;0;1;0;0;0;0;0;0;0;1;0;0;0;1;0
20;0.0;9.6;11.0;91.8;44.0;84.7;81;2;12;8;5.0;4.0;3.0;16-09-2024;17.62;0;28;550;256;64;0;0;0;0;0;1;0;0;0;0;1;0;0;0;1;0;0;0;0;0;1;0
18;2.0;13.1;15.0;90.1;14.0;15.3;27;1;9;6;2.0;2.0;5.0;17-09-2024;14.61;0;28;550;256;64;0;0;0;0;0;1;0;0;1;0;0;0;0;0;1;0;0;0;0;0;1;0
20;2.0;1.6;0.0;86.8;48.0;40.3;116;1;10;4;5.0;4.0;3.0;25-09-2024;19.44;0;30;980;247;60;0;0;0;1;0;0;0;0;1;0;0;0;0;0;1;0;0;0;0;0;1;0
22;1.0;13.8;0.0;79.0;35.0;65.6;62;4;7;6;4.0;;3.0;17-09-2024;14.47;0;30;830;282;65;0;1;0;0;0;0;0;0;1;0;0;1;0;0;0;0;0;1;0;0;0;0
20;1.0;30.6;11.0;81.7;24.0;49.2;43;3;6;4;;;3.0;24-09-2024;15.13;0;30;620;263;66;0;0;0;0;0;0;0;1;1;0;0;0;0;1;0;0;0;0;0;0;1;0
18;0.0;17.8;14.0;76.7;31.0;31.8;79;5;8;1;3.0;2.0;4.0;10-09-2024;13.69;0;30;980;247;60;0;0;0;1;0;0;0;0;0;0;1;0;0;0;1;0;0;0;0;0;1;0
22;0.0;14.2;0.0;67.4;33.0;42.7;64;5;7;6;3.0;;3.0;12-09-2024;13.7;0;30;930;293;75;0;0;1;0;0;0;0;0;0;1;0;0;0;0;0;0;1;0;0;1;0;0
22;0.0;8.3;23.0;73.0;38.0;55.9;76;2;12;5;3.0;4.0;5.0;04-09-2024;17.51;0;30;980;247;60;0;0;0;1;0;0;0;0;0;1;0;0;0;0;1;0;0;0;0;0;1;0
17;2.0;14.4;10.0;98.4;50.0;90.6;95;1;10;7;5.0;;4.0;25-09-2024;19.46;0;28;480;265;78;0;0;0;0;1;0;0;0;1;0;0;0;1;0;0;0;0;0;0;0;1;0
20;2.0;12.1;0.0;60.9;10.0;19.1;28;5;7;0;1.0;2.0;1.0;18-09-2024;3.08;1;30;930;293;75;0;0;1;0;0;0;0;0;1;0;0;0;0;0;0;0;1;0;1;0;0;0
18;3.0;4.2;10.0;84.8;49.0;83.3;91;2;9;6;5.0;4.0;4.0;20-09-2024;18.87;0;28;480;265;78;0;0;0;0;1;0;0;0;1;0;0;0;1;0;0;0;0;0;0;1;0;0
22;0.0;9.2;16.0;75.3;7.0;10.9;14;6;8;0;1.0;1.0;2.0;18-09-2024;1.12;1;30;930;293;75;0;0;1;0;0;0;0;0;1;0;0;0;0;0;0;0;1;0;0;0;1;0
19;0.0;1.5;6.0;76.9;32.0;37.1;97;4;8;2;1.0;3.0;3.0;05-09-2024;11.35;0;28;710;325;60;1;0;0;0;0;0;0;0;0;1;0;0;0;0;1;0;0;0;0;0;1;0
18;0.0;44.5;19.0;88.8;41.0;55.8;73;5;10;5;4.0;4.0;1.0;17-09-2024;16.39;0;30;930;293;75;0;0;1;0;0;0;0;0;1;0;0;0;0;0;0;0;1;0;0;1;0;0
18;1.0;4.1;9.0;67.0;25.0;38.0;62;4;7;1;5.0;2.0;2.0;23-09-2024;15.92;0;30;810;265;81;0;0;0;0;0;0;1;0;1;0;0;0;0;0;0;1;0;0;1;0;0;0
22;1.0;8.1;4.0;79.3;47.0;94.5;112;2;8;3;4.0;4.0;3.0;11-09-2024;17.3;0;28;710;325;60;1;0;0;0;0;0;0;0;1;0;0;0;0;0;1;0;0;0;0;0;1;0
18;1.0;8.1;0.0;72.9;21.0;19.3;61;5;10;1;3.0;;2.0;27-09-2024;14.97;0;30;830;282;65;0;1;0;0;0;0;0;0;1;0;0;1;0;0;0;0;0;0;1;0;0;0
19;2.0;3.6;0.0;95.1;27.0;34.1;37;3;11;6;5.0;3.0;3.0;17-09-2024;15.61;0;28;480;265;78;0;0;0;0;1;0;0;0;0;1;0;0;1;0;0;0;0;0;0;0;1;0
19;1.0;;12.0;75.9;19.0;21.5;26;4;11;1;2.0;3.0;3.0;18-09-2024;14.25;0;30;620;263;66;0;0;0;0;0;0;0;1;1;0;0;0;0;1;0;0;0;0;0;0;1;0
18;0.0;4.3;0.0;87.4;54.0;72.6;153;3;11;8;5.0;3.0;4.0;03-09-2024;18.3;0;30;830;282;65;0;1;0;0;0;0;0;0;1;0;0;1;0;0;0;0;0;0;0;0;1;0
19;0.0;20.5;14.0;77.2;13.0;18.0;29;4;10;2;2.0;4.0;1.0;13-09-2024;7.06;1;30;620;263;66;0;0;0;0;0;0;0;1;1;0;0;0;0;1;0;0;0;0;0;1;0;0
17;;33.0;;60.7;7.0;13.2;20;4;9;0;1.0;4.0;2.0;18-09-2024;3.14;1;30;810;265;81;0;0;0;0;0;0;1;0;1;0;0;0;0;0;0;1;0;0;0;0;1;0
19;0.0;3.9;;59.5;4.0;4.0;1;5;5;0;1.0;3.0;1.0;26-09-2024;3.95;1;30;830;282;65;0;1;0;0;0;0;0;0;0;0;1;1;0;0;0;0;0;0;0;0;1;0
21;0.0;3.9;13.0;97.2;44.0;85.0;79;3;8;8;5.0;5.0;5.0;24-09-2024;16.11;0;28;550;256;64;0;0;0;0;0;1;0;0;1;0;0;0;0;0;1;0;0;0;0;0;1;0
21;1.0;9.2;11.0;82.8;;41.6;62;0;12;5;5.0;2.0;3.0;09-09-2024;17.83;0;30;930;293;75;0;0;1;0;0;0;0;0;1;0;0;0;0;0;0;0;1;0;0;0;1;0
19;2.0;55.7;16.0;92.3;11.0;16.5;27;3;8;2;3.0;4.0;1.0;02-09-2024;16.1;0;28;550;256;64;0;0;0;0;0;1;0;0;1;0;0;0;0;0;1;0;0;0;0;1;0;0
20;2.0;3.6;11.0;98.5;36.0;56.7;84;3;8;5;;4.0;2.0;02-09-2024;15.94;0;30;930;293;75;0;0;1;0;0;0;0;0;0;0;1;0;0;0;0;0;1;0;0;0;1;0
19;0.0;28.7;9.0;98.0;43.0;57.1;91;0;8;7;5.0;5.0;2.0;06-09-2024;18.03;0;28;710;325;60;1;0;0;0;0;0;0;0;1;0;0;0;0;0;1;0;0;0;0;0;1;0
20;;11.4;25.0;72.2;34.0;59.3;61;0;12;4;3.0;5.0;4.0;26-09-2024;16.42;0;30;830;282;65;0;1;0;0;0;0;0;0;1;0;0;1;0;0;0;0;0;0;0;0;1;0
19;0.0;12.3;;70.1;8.0;17.4;6;6;10;0;2.0;1.0;2.0;20-09-2024;4.23;1;30;620;263;66;0;0;0;0;0;0;0;1;1;0;0;0;0;1;0;0;0;0;0;0;1;0
17;0.0;6.2;0.0;82.1;18.0;35.0;35;3;7;2;3.0;3.0;2.0;27-09-2024;11.67;0;28;550;256;64;0;0;0;0;0;1;0;0;0;0;1;0;0;0;1;0;0;0;0;0;1;0
22;0.0;29.4;8.0;88.3;41.0;78.4;65;2;7;3;4.0;3.0;2.0;04-09-2024;17.55;0;30;980;247;60;0;0;0;1;0;0;0;0;1;0;0;0;0;0;1;0;0;0;0;0;1;0
21;0.0;2.4;;97.0;43.0;45.3;87;2;13;5;3.0;4.0;5.0;04-09-2024;18.75;0;30;810;265;81;0;0;0;0;0;0;1;0;1;0;0;0;0;0;0;1;0;0;0;0;1;0
18;1.0;9.4;10.0;89.2;36.0;40.5;92;5;10;3;5.0;2.0;;06-09-2024;19.45;0;30;620;263;66;0;0;0;0;0;0;0;1;1;0;0;0;0;1;0;0;0;0;0;0;1;0
19;0.0;0.4;13.0;49.5;3.0;2.6;1;5;9;0;1.0;;3.0;05-09-2024;1.92;1;30;980;247;60;0;0;0;1;0;0;0;0;0;0;1;0;0;0;1;0;0;0;0;0;1;0
19;1.0;13.2;0.0;74.0;36.0;56.2;70;2;7;1;1.0;3.0;3.0;03-09-2024;14.49;0;30;830;282;65;0;1;0;0;0;0;0;0;0;0;1;1;0;0;0;0;0;0;0;1;0;0
19;3.0;1.1;;50.2;24.0;39.3;66;5;5;1;1.0;3.0;3.0;23-09-2024;13.58;0;28;710;325;60;1;0;0;0;0;0;0;0;1;0;0;0;0;0;1;0;0;0;0;0;1;0
17;1.0;8.5;;78.1;34.0;46.1;86;2;8;4;;4.0;4.0;12-09-2024;12.93;0;30;930;293;75;0;0;1;0;0;0;0;0;0;0;1;0;0;0;0;0;1;0;0;0;1;0
21;0.0;35.4;11.0;70.5;36.0;44.1;114;6;9;3;4.0;2.0;;10-09-2024;15.51;0;28;550;256;64;0;0;0;0;0;1;0;0;0;0;1;0;0;0;1;0;0;0;0;0;1;0
18;0.0;4.7;3.0;74.8;18.0;33.7;37;7;10;3;3.0;2.0;1.0;10-09-2024;7.2;1;28;710;325;60;1;0;0;0;0;0;0;0;1;0;0;0;0;0;1;0;0;0;0;0;0;1
18;3.0;;27.0;75.9;23.0;43.4;56;3;11;6;5.0;;3.0;04-09-2024;17.71;0;30;930;293;75;0;0;1;0;0;0;0;0;0;0;1;0;0;0;0;0;1;0;0;0;1;0
17;0.0;15.1;14.0;85.7;25.0;21.2;50;4;7;2;3.0;4.0;1.0;16-09-2024;14.2;0;30;980;247;60;0;0;0;1;0;0;0;0;1;0;0;0;0;0;1;0;0;0;0;0;0;1
18;0.0;43.6;10.0;94.7;57.0;65.0;151;1;8;7;5.0;5.0;3.0;27-09-2024;17.11;0;28;480;265;78;0;0;0;0;1;0;0;0;0;0;1;0;1;0;0;0;0;0;0;0;1;0
22;0.0;10.3;23.0;84.9;23.0;27.2;52;1;8;6;4.0;1.0;4.0;02-09-2024;14.63;0;28;710;325;60;1;0;0;0;0;0;0;0;0;0;1;0;0;0;1;0;0;0;0;0;1;0
26;1.0;9.2;0.0;90.6;3.0;4.2;12;3;9;2;2.0;3.0;3.0;10-09-2024;11.57;0;28;710;325;60;1;0;0;0;0;0;0;0;1;0;0;0;0;0;1;0;0;0;0;0;1;0
22;1.0;3.2;0.0;67.7;27.0;31.5;68;3;9;1;5.0;3.0;4.0;23-09-2024;7.4;1;30;830;282;65;0;1;0;0;0;0;0;0;0;0;1;1;0;0;0;0;0;0;0;0;0;1
22;1.0;48.5;15.0;67.9;30.0;56.8;55;3;11;3;4.0;2.0;3.0;09-09-2024;14.8;0;30;830;282;65;0;1;0;0;0;0;0;0;1;0;0;1;0;0;0;0;0;0;0;0;1;0
20;0.0;5.9;;87.2;43.0;55.0;103;4;8;6;5.0;2.0;4.0;27-09-2024;17.98;0;30;930;293;75;0;0;1;0;0;0;0;0;1;0;0;0;0;0;0;0;1;0;0;1;0;0
20;0.0;23.9;11.0;63.5;9.0;13.3;11;8;8;0;2.0;4.0;2.0;25-09-2024;2.94;1;30;930;293;75;0;0;1;0;0;0;0;0;1;0;0;0;0;0;0;0;1;0;0;0;1;0
20;1.0;1.6;23.0;58.9;29.0;63.6;55;6;12;6;3.0;3.0;5.0;27-09-2024;16.56;0;28;550;256;64;0;0;0;0;0;1;0;0;1;0;0;0;0;0;1;0;0;0;1;0;0;0
18;;4.8;;80.0;46.0;55.9;117;0;9;7;5.0;5.0;4.0;20-09-2024;19.78;0;30;980;247;60;0;0;0;1;0;0;0;0;1;0;0;0;0;0;1;0;0;0;0;0;1;0
19;2.0;0.4;0.0;75.7;32.0;58.5;68;4;8;3;2.0;3.0;3.0;04-09-2024;14.71;0;30;620;263;66;0;0;0;0;0;0;0;1;1;0;0;0;0;1;0;0;0;0;1;0;0;0
21;2.0;10.3;11.0;79.7;;46.1;82;2;5;1;3.0;4.0;2.0;16-09-2024;14.99;0;30;930;293;75;0;0;1;0;0;0;0;0;0;0;1;0;0;0;0;0;1;0;0;1;0;0
21;0.0;39.0;17.0;62.3;8.0;16.8;20;7;7;0;1.0;4.0;2.0;09-09-2024;2.21;1;30;980;247;60;0;0;0;1;0;0;0;0;1;0;0;0;0;0;1;0;0;0;0;0;1;0
17;2.0;8.9;7.0;70.6;11.0;8.6;11;3;6;5;5.0;;2.0;19-09-2024;14.66;0;30;930;293;75;0;0;1;0;0;0;0;0;1;0;0;0;0;0;0;0;1;0;0;0;0;1
22;3.0;5.7;10.0;68.9;31.0;35.0;58;7;7;0;;4.0;;06-09-2024;16.73;0;30;930;293;75;0;0;1;0;0;0;0;0;1;0;0;0;0;0;0;0;1;0;0;0;1;0
18;3.0;21.1;0.0;64.5;15.0;15.1;35;7;7;1;;3.0;2.0;24-09-2024;4.58;1;28;710;325;60;1;0;0;0;0;0;0;0;0;1;0;0;0;0;1;0;0;0;0;0;1;0
19;3.0;1.6;0.0;86.5;42.0;80.3;94;4;7;2;5.0;2.0;2.0;12-09-2024;19.57;0;30;620;263;66;0;0;0;0;0;0;0;1;1;0;0;0;0;1;0;0;0;0;0;0;1;0
21;0.0;5.8;0.0;59.5;7.0;8.1;21;5;9;1;3.0;4.0;1.0;16-09-2024;12.16;0;28;550;256;64;0;0;0;0;0;1;0;0;1;0;0;0;0;0;1;0;0;0;0;0;1;0
19;0.0;0.3;23.0;67.2;13.0;16.1;28;6;6;0;1.0;2.0;3.0;23-09-2024;2.81;1;30;980;247;60;0;0;0;1;0;0;0;0;0;1;0;0;0;0;1;0;0;0;0;0;1;0
17;0.0;23.0;8.0;77.0;28.0;59.0;57;5;11;5;3.0;;3.0;17-09-2024;13.88;0;30;810;265;81;0;0;0;0;0;0;1;0;0;1;0;0;0;0;0;1;0;0;0;0;1;0
27;0.0;;0.0;67.2;14.0;18.6;42;7;7;0;2.0;4.0;3.0;20-09-2024;5.81;1;30;830;282;65;0;1;0;0;0;0;0;0;1;0;0;1;0;0;0;0;0;0;0;0;1;0
21;;13.3;10.0;54.0;16.0;27.6;26;7;7;0;2.0;3.0;1.0;24-09-2024;2.07;1;28;480;265;78;0;0;0;0;1;0;0;0;1;0;0;0;1;0;0;0;0;0;0;0;1;0
20;1.0;19.2;11.0;78.2;20.0;30.6;46;7;9;7;3.0;3.0;4.0;18-09-2024;8.35;1;30;980;247;60;0;0;0;1;0;0;0;0;0;1;0;0;0;0;1;0;0;0;0;1;0;0
19;1.0;19.6;0.0;86.2;21.0;18.5;54;2;10;5;3.0;5.0;3.0;24-09-2024;15.76;0;30;620;263;66;0;0;0;0;0;0;0;1;1;0;0;0;0;1;0;0;0;0;0;0;1;0
21;2.0;28.6;10.0;82.7;36.0;39.7;67;5;8;3;4.0;4.0;3.0;24-09-2024;17.44;0;28;710;325;60;1;0;0;0;0;0;0;0;1;0;0;0;0;0;1;0;0;0;0;0;1;0
20;0.0;2.1;13.0;96.8;43.0;54.5;80;0;8;4;5.0;;4.0;25-09-2024;17.93;0;30;980;247;60;0;0;0;1;0;0;0;0;1;0;0;0;0;0;1;0;0;0;0;0;0;1
18;3.0;31.0;0.0;74.4;32.0;68.8;54;2;7;0;4.0;2.0;3.0;11-09-2024;14.51;0;30;930;293;75;0;0;1;0;0;0;0;0;1;0;0;0;0;0;0;0;1;0;0;0;1;0
17;0.0;22.4;0.0;80.5;35.0;63.0;91;4;7;3;4.0;4.0;4.0;19-09-2024;18.06;0;30;980;247;60;0;0;0;1;0;0;0;0;1;0;0;0;0;0;1;0;0;0;0;0;1;0
17;2.0;4.6;7.0;97.1;31.0;42.6;80;0;9;5;5.0;3.0;5.0;19-09-2024;18.27;0;30;930;293;75;0;0;1;0;0;0;0;0;1;0;0;0;0;0;0;0;1;0;0;1;0;0
19;0.0;17.9;0.0;72.8;21.0;31.1;52;7;8;4;5.0;2.0;1.0;16-09-2024;14.59;0;28;710;325;60;1;0;0;0;0;0;0;0;1;0;0;0;0;0;1;0;0;0;1;0;0;0
19;3.0;9.6;0.0;91.3;55.0;70.7;134;0;12;3;5.0;4.0;5.0;10-09-2024;19.76;0;30;810;265;81;0;0;0;0;0;0;1;0;1;0;0;0;0;0;0;1;0;0;0;0;1;0
18;0.0;42.3;;74.6;36.0;30.3;79;2;11;7;3.0;;3.0;25-09-2024;16.85;0;30;810;265;81;0;0;0;0;0;0;1;0;0;0;1;0;0;0;0;1;0;0;1;0;0;0
18;0.0;9.7;25.0;80.5;25.0;47.6;31;2;10;5;4.0;3.0;3.0;06-09-2024;14.86;0;30;930;293;75;0;0;1;0;0;0;0;0;1;0;0;0;0;0;0;0;1;0;0;0;1;0
20;2.0;11.7;8.0;56.3;10.0;11.4;22;7;7;0;2.0;3.0;2.0;10-09-2024;3.81;1;30;620;263;66;0;0;0;0;0;0;0;1;1;0;0;0;0;1;0;0;0;0;0;0;1;0
20;0.0;24.4;18.0;73.7;29.0;33.2;48;4;10;0;3.0;2.0;1.0;19-09-2024;15.69;0;30;930;293;75;0;0;1;0;0;0;0;0;1;0;0;0;0;0;0;0;1;0;0;0;1;0
23;;36.8;;55.6;14.0;14.6;38;9;9;2;2.0;4.0;1.0;23-09-2024;5.1;1;28;480;265;78;0;0;0;0;1;0;0;0;0;0;1;0;1;0;0;0;0;0;0;0;1;0
22;0.0;4.4;13.0;82.5;52.0;66.0;112;4;12;5;3.0;3.0;4.0;25-09-2024;15.83;0;28;710;325;60;1;0;0;0;0;0;0;0;1;0;0;0;0;0;1;0;0;0;0;0;1;0
20;1.0;6.8;0.0;72.5;5.0;14.7;6;2;9;0;3.0;2.0;1.0;19-09-2024;3.68;1;30;930;293;75;0;0;1;0;0;0;0;0;1;0;0;0;0;0;0;0;1;0;0;0;1;0
20;0.0;19.7;8.0;86.3;24.0;36.1;40;4;7;7;4.0;3.0;3.0;02-09-2024;14.35;0;30;930;293;75;0;0;1;0;0;0;0;0;1;0;0;0;0;0;0;0;1;0;0;1;0;0
21;2.0;7.4;24.0;65.5;3.0;2.8;1;7;7;0;1.0;2.0;2.0;12-09-2024;2.52;1;28;480;265;78;0;0;0;0;1;0;0;0;1;0;0;0;1;0;0;0;0;0;0;0;1;0
18;0.0;6.4;18.0;83.6;39.0;77.1;95;6;6;3;3.0;4.0;5.0;26-09-2024;12.28;0;28;710;325;60;1;0;0;0;0;0;0;0;1;0;0;0;0;0;1;0;0;0;0;1;0;0
20;0.0;18.8;18.0;79.6;39.0;41.6;73;1;9;5;3.0;4.0;2.0;25-09-2024;15.13;0;30;830;282;65;0;1;0;0;0;0;0;0;1;0;0;1;0;0;0;0;0;0;0;0;0;1
20;2.0;53.4;0.0;75.3;19.0;21.8;39;3;8;3;2.0;;1.0;13-09-2024;13.8;0;30;810;265;81;0;0;0;0;0;0;1;0;1;0;0;0;0;0;0;1;0;0;0;0;1;0
22;1.0;32.1;0.0;85.5;28.0;36.7;79;5;11;3;4.0;3.0;2.0;25-09-2024;14.15;0;30;620;263;66;0;0;0;0;0;0;0;1;1;0;0;0;0;1;0;0;0;0;0;0;1;0
20;0.0;29.2;23.0;87.8;23.0;31.4;53;2;13;4;4.0;1.0;2.0;12-09-2024;15.04;0;30;930;293;75;0;0;1;0;0;0;0;0;1;0;0;0;0;0;0;0;1;0;0;0;1;0
22;0.0;3.7;0.0;76.0;;51.5;96;2;9;3;3.0;3.0;1.0;04-09-2024;16.64;0;30;930;293;75;0;0;1;0;0;0;0;0;0;1;0;0;0;0;0;0;1;0;0;0;1;0
20;3.0;22.2;10.0;92.9;49.0;134.6;104;2;11;4;5.0;5.0;5.0;11-09-2024;18.65;0;30;830;282;65;0;1;0;0;0;0;0;0;1;0;0;1;0;0;0;0;0;0;0;0;1;0
23;0.0;7.2;15.0;62.8;23.0;49.3;27;3;9;0;2.0;2.0;5.0;04-09-2024;5.44;1;28;550;256;64;0;0;0;0;0;1;0;0;0;0;1;0;0;0;1;0;0;0;1;0;0;0
19;0.0;35.4;0.0;68.7;9.0;28.1;12;2;7;2;1.0;4.0;1.0;09-09-2024;4.16;1;30;930;293;75;0;0;1;0;0;0;0;0;1;0;0;0;0;0;0;0;1;0;1;0;0;0
19;2.0;6.8;;93.4;17.0;22.2;43;2;7;3;2.0;4.0;2.0;11-09-2024;15.27;0;28;710;325;60;1;0;0;0;0;0;0;0;1;0;0;0;0;0;1;0;0;0;0;0;1;0
20;1.0;60.7;0.0;91.6;19.0;28.9;53;3;10;4;2.0;4.0;1.0;03-09-2024;13.64;0;28;710;325;60;1;0;0;0;0;0;0;0;0;0;1;0;0;0;1;0;0;0;0;0;1;0
17;0.0;24.5;15.0;59.3;37.0;48.1;98;5;10;3;3.0;1.0;3.0;04-09-2024;13.36;0;30;930;293;75;0;0;1;0;0;0;0;0;1;0;0;0;0;0;0;0;1;0;0;0;1;0
21;1.0;10.3;23.0;70.9;54.0;36.9;157;6;9;2;2.0;3.0;;04-09-2024;16.91;0;28;480;265;78;0;0;0;0;1;0;0;0;1;0;0;0;1;0;0;0;0;0;0;0;1;0
25;0.0;1.4;28.0;57.7;24.0;44.3;37;5;9;0;3.0;3.0;2.0;13-09-2024;6.14;1;30;980;247;60;0;0;0;1;0;0;0;0;1;0;0;0;0;0;1;0;0;0;0;0;1;0
21;0.0;52.3;14.0;66.9;3.0;5.4;6;7;9;1;3.0;3.0;2.0;16-09-2024;4.7;1;30;980;247;60;0;0;0;1;0;0;0;0;1;0;0;0;0;0;1;0;0;0;0;0;1;0
23;0.0;4.9;16.0;85.3;33.0;55.0;66;6;10;0;1.0;3.0;3.0;10-09-2024;14.66;0;30;830;282;65;0;1;0;0;0;0;0;0;1;0;0;1;0;0;0;0;0;0;0;0;1;0
21;;1.2;0.0;60.0;21.0;44.7;53;5;11;2;4.0;1.0;;23-09-2024;15.17;0;30;930;293;75;0;0;1;0;0;0;0;0;1;0;0;0;0;0;0;0;1;0;1;0;0;0
18;0.0;11.2;13.0;80.0;17.0;25.3;45;5;7;2;3.0;;1.0;09-09-2024;7.98;1;30;810;265;81;0;0;0;0;0;0;1;0;1;0;0;0;0;0;0;1;0;0;0;0;1;0
24;2.0;4.8;11.0;52.9;30.0;60.3;58;3;6;1;1.0;2.0;;05-09-2024;7.8;1;30;930;293;75;0;0;1;0;0;0;0;0;1;0;0;0;0;0;0;0;1;0;0;0;1;0
22;0.0;10.9;15.0;80.8;43.0;62.3;107;5;7;2;3.0;3.0;4.0;18-09-2024;16.17;0;30;810;265;81;0;0;0;0;0;0;1;0;1;0;0;0;0;0;0;1;0;0;0;0;1;0
17;;3.1;8.0;96.1;38.0;46.1;82;4;11;3;3.0;;5.0;13-09-2024;17.62;0;28;480;265;78;0;0;0;0;1;0;0;0;1;0;0;0;1;0;0;0;0;0;0;0;1;0
20;2.0;28.2;0.0;53.8;6.0;7.5;24;7;7;0;2.0;3.0;2.0;13-09-2024;2.08;1;30;810;265;81;0;0;0;0;0;0;1;0;1;0;0;0;0;0;0;1;0;0;0;0;1;0
20;2.0;10.7;8.0;78.8;18.0;22.8;31;2;7;3;3.0;2.0;3.0;25-09-2024;16.89;0;30;830;282;65;0;1;0;0;0;0;0;0;1;0;0;1;0;0;0;0;0;0;0;0;1;0
18;;17.9;22.0;70.5;16.0;20.5;29;2;6;0;3.0;2.0;2.0;25-09-2024;16.42;0;30;830;282;65;0;1;0;0;0;0;0;0;1;0;0;1;0;0;0;0;0;1;0;0;0;0
22;1.0;35.1;;68.9;20.0;20.3;36;3;8;4;2.0;3.0;1.0;24-09-2024;2.97;1;30;980;247;60;0;0;0;1;0;0;0;0;0;0;1;0;0;0;1;0;0;0;0;0;1;0
20;1.0;6.4;17.0;83.0;;54.4;86;3;8;4;4.0;3.0;3.0;20-09-2024;16.33;0;30;830;282;65;0;1;0;0;0;0;0;0;0;0;1;1;0;0;0;0;0;0;0;0;1;0
22;2.0;10.8;24.0;63.4;14.0;23.4;25;6;7;3;3.0;2.0;2.0;04-09-2024;14.69;0;28;480;265;78;0;0;0;0;1;0;0;0;1;0;0;0;1;0;0;0;0;0;0;0;1;0
17;0.0;21.4;23.0;84.4;47.0;110.4;75;4;12;3;3.0;4.0;2.0;13-09-2024;17.92;0;30;810;265;81;0;0;0;0;0;0;1;0;0;0;1;0;0;0;0;1;0;0;0;0;1;0
21;0.0;;0.0;62.1;;9.1;25;7;8;2;2.0;4.0;1.0;20-09-2024;14.36;0;30;830;282;65;0;1;0;0;0;0;0;0;1;0;0;1;0;0;0;0;0;0;0;0;1;0
19;0.0;6.7;12.0;72.5;36.0;49.6;77;1;10;2;3.0;3.0;2.0;23-09-2024;13.4;0;30;620;263;66;0;0;0;0;0;0;0;1;0;0;1;0;0;1;0;0;0;0;0;0;1;0
18;0.0;0.4;0.0;81.1;30.0;36.3;51;5;8;5;2.0;3.0;3.0;27-09-2024;11.71;0;30;810;265;81;0;0;0;0;0;0;1;0;1;0;0;0;0;0;0;1;0;0;0;0;1;0
21;3.0;7.1;;83.6;22.0;31.3;39;3;7;0;3.0;;;03-09-2024;17.18;0;28;480;265;78;0;0;0;0;1;0;0;0;1;0;0;0;1;0;0;0;0;0;0;0;1;0
20;2.0;4.5;;89.1;54.0;96.3;101;2;7;4;2.0;4.0;4.0;23-09-2024;17.55;0;30;930;293;75;0;0;1;0;0;0;0;0;1;0;0;0;0;0;0;0;1;0;0;1;0;0
21;1.0;14.2;21.0;78.0;29.0;20.4;42;2;8;3;1.0;5.0;3.0;19-09-2024;16.56;0;30;620;263;66;0;0;0;0;0;0;0;1;0;0;1;0;0;1;0;0;0;0;0;0;1;0
18;2.0;9.9;5.0;73.6;23.0;50.6;43;2;11;2;3.0;5.0;4.0;11-09-2024;18.07;0;30;930;293;75;0;0;1;0;0;0;0;0;1;0;0;0;0;0;0;0;1;0;0;1;0;0
19;0.0;5.3;;72.2;22.0;34.2;26;7;8;3;2.0;3.0;1.0;23-09-2024;8.06;1;30;620;263;66;0;0;0;0;0;0;0;1;0;0;1;0;0;1;0;0;0;0;0;0;1;0
24;1.0;20.3;0.0;87.2;40.0;50.3;83;3;13;2;5.0;4.0;3.0;23-09-2024;16.05;0;28;710;325;60;1;0;0;0;0;0;0;0;1;0;0;0;0;0;1;0;0;0;0;1;0;0
20;0.0;30.4;;69.0;13.0;20.2;37;5;5;2;3.0;;1.0;26-09-2024;0.64;1;30;830;282;65;0;1;0;0;0;0;0;0;0;0;1;1;0;0;0;0;0;0;0;0;1;0
18;2.0;1.2;14.0;81.7;27.0;29.7;57;6;9;4;4.0;5.0;4.0;24-09-2024;15.95;0;30;930;293;75;0;0;1;0;0;0;0;0;1;0;0;0;0;0;0;0;1;0;0;0;1;0
17;1.0;16.4;6.0;89.8;38.0;53.2;67;0;11;3;4.0;4.0;3.0;10-09-2024;14.02;0;28;550;256;64;0;0;0;0;0;1;0;0;1;0;0;0;0;0;1;0;0;0;0;0;1;0
21;2.0;;10.0;87.3;29.0;43.1;76;1;5;7;1.0;1.0;2.0;11-09-2024;12.73;0;28;710;325;60;1;0;0;0;0;0;0;0;0;0;1;0;0;0;1;0;0;0;0;0;1;0
18;3.0;1.5;;72.2;23.0;32.5;40;3;8;3;3.0;2.0;3.0;25-09-2024;6.6;1;28;480;265;78;0;0;0;0;1;0;0;0;1;0;0;0;1;0;0;0;0;0;0;1;0;0
17;0.0;25.9;10.0;76.4;17.0;22.2;44;2;9;2;3.0;3.0;3.0;13-09-2024;13.45;0;28;480;265;78;0;0;0;0;1;0;0;0;1;0;0;0;1;0;0;0;0;0;0;0;1;0
22;0.0;14.6;27.0;62.7;19.0;34.9;68;3;7;2;1.0;2.0;3.0;13-09-2024;6.39;1;30;980;247;60;0;0;0;1;0;0;0;0;0;1;0;0;0;0;1;0;0;0;0;0;1;0
22;2.0;40.7;10.0;58.5;5.0;12.6;7;7;7;0;2.0;2.0;2.0;20-09-2024;3.26;1;28;550;256;64;0;0;0;0;0;1;0;0;0;0;1;0;0;0;1;0;0;0;0;1;0;0
21;0.0;8.4;0.0;81.4;21.0;29.8;36;5;11;1;2.0;2.0;;27-09-2024;16.51;0;30;980;247;60;0;0;0;1;0;0;0;0;1;0;0;0;0;0;1;0;0;0;0;0;1;0
18;;46.2;5.0;59.5;36.0;68.8;92;6;10;2;2.0;;3.0;16-09-2024;15.46;0;28;710;325;60;1;0;0;0;0;0;0;0;1;0;0;0;0;0;1;0;0;0;0;1;0;0
17;0.0;0.6;0.0;96.0;44.0;79.8;82;0;8;11;5.0;4.0;4.0;27-09-2024;18.95;0;30;980;247;60;0;0;0;1;0;0;0;0;1;0;0;0;0;0;1;0;0;0;0;0;1;0
19;2.0;0.3;13.0;90.6;52.0;85.0;115;1;13;4;5.0;4.0;4.0;06-09-2024;18.33;0;28;550;256;64;0;0;0;0;0;1;0;0;1;0;0;0;0;0;1;0;0;0;0;0;1;0
18;1.0;;10.0;97.4;36.0;40.0;75;3;8;9;4.0;4.0;3.0;16-09-2024;15.24;0;28;480;265;78;0;0;0;0;1;0;0;0;0;0;1;0;1;0;0;0;0;0;0;0;1;0
18;2.0;38.0;0.0;88.2;40.0;57.3;73;8;10;9;5.0;4.0;5.0;10-09-2024;18.66;0;28;550;256;64;0;0;0;0;0;1;0;0;1;0;0;0;0;0;1;0;0;0;0;0;1;0
18;1.0;16.4;21.0;59.3;16.0;22.7;26;4;6;1;4.0;2.0;1.0;19-09-2024;7.12;1;28;710;325;60;1;0;0;0;0;0;0;0;1;0;0;0;0;0;1;0;0;0;0;0;1;0
18;1.0;18.1;0.0;70.3;5.0;11.9;10;4;5;0;2.0;1.0;1.0;26-09-2024;4.97;1;30;980;247;60;0;0;0;1;0;0;0;0;1;0;0;0;0;0;1;0;0;0;0;0;1;0
19;1.0;14.4;26.0;69.5;;12.3;32;7;7;0;1.0;2.0;2.0;25-09-2024;6.76;1;28;710;325;60;1;0;0;0;0;0;0;0;1;0;0;0;0;0;1;0;0;1;0;0;0;0
20;2.0;17.1;0.0;62.3;17.0;30.4;25;4;8;2;2.0;3.0;3.0;04-09-2024;8.4;1;30;810;265;81;0;0;0;0;0;0;1;0;1;0;0;0;0;0;0;1;0;0;1;0;0;0
18;1.0;;;95.7;33.0;36.3;66;1;9;7;;;3.0;26-09-2024;17.21;0;30;620;263;66;0;0;0;0;0;0;0;1;1;0;0;0;0;1;0;0;0;0;0;0;1;0
19;0.0;;0.0;68.5;19.0;37.6;19;6;8;2;3.0;2.0;3.0;17-09-2024;15.55;0;30;830;282;65;0;1;0;0;0;0;0;0;0;1;0;1;0;0;0;0;0;0;1;0;0;0
22;1.0;0.2;5.0;69.5;41.0;86.0;99;2;9;0;2.0;2.0;3.0;16-09-2024;16.31;0;30;620;263;66;0;0;0;0;0;0;0;1;0;1;0;0;0;1;0;0;0;1;0;0;0;0
22;3.0;19.7;8.0;69.4;32.0;53.5;55;5;8;0;2.0;2.0;2.0;16-09-2024;15.22;0;28;550;256;64;0;0;0;0;0;1;0;0;1;0;0;0;0;0;1;0;0;0;0;0;1;0
17;2.0;29.7;;72.7;25.0;34.5;44;6;7;4;3.0;3.0;2.0;13-09-2024;2.98;1;28;480;265;78;0;0;0;0;1;0;0;0;1;0;0;0;1;0;0;0;0;0;0;0;1;0
19;2.0;21.1;14.0;86.0;35.0;54.6;83;5;6;2;5.0;2.0;3.0;26-09-2024;15.63;0;28;550;256;64;0;0;0;0;0;1;0;0;1;0;0;0;0;0;1;0;0;0;0;0;1;0
20;0.0;1.0;0.0;95.5;3.0;0.3;5;5;5;2;3.0;3.0;3.0;23-09-2024;7.49;1;28;710;325;60;1;0;0;0;0;0;0;0;0;0;1;0;0;0;1;0;0;0;0;0;1;0
20;0.0;32.9;0.0;69.0;;27.6;46;6;6;2;2.0;;3.0;25-09-2024;3.23;1;28;550;256;64;0;0;0;0;0;1;0;0;0;1;0;0;0;0;1;0;0;0;0;1;0;0
18;1.0;14.1;5.0;74.0;30.0;37.6;90;7;7;1;2.0;3.0;;13-09-2024;13.91;0;30;810;265;81;0;0;0;0;0;0;1;0;1;0;0;0;0;0;0;1;0;0;0;0;1;0
19;3.0;29.3;0.0;95.4;43.0;58.9;82;3;9;6;5.0;5.0;2.0;16-09-2024;18.56;0;30;810;265;81;0;0;0;0;0;0;1;0;1;0;0;0;0;0;0;1;0;0;0;0;1;0
21;1.0;27.4;20.0;86.1;21.0;30.5;47;1;8;6;4.0;3.0;;04-09-2024;14.6;0;30;980;247;60;0;0;0;1;0;0;0;0;0;1;0;0;0;0;1;0;0;0;0;1;0;0
25;3.0;6.2;9.0;92.5;47.0;79.8;87;1;11;10;5.0;3.0;4.0;05-09-2024;18.09;0;28;480;265;78;0;0;0;0;1;0;0;0;1;0;0;0;1;0;0;0;0;0;1;0;0;0
21;1.0;15.1;0.0;81.1;26.0;57.8;50;5;8;0;3.0;3.0;3.0;02-09-2024;16.34;0;28;710;325;60;1;0;0;0;0;0;0;0;1;0;0;0;0;0;1;0;0;0;0;0;1;0
20;2.0;7.0;7.0;89.1;28.0;64.2;51;6;11;1;4.0;4.0;2.0;12-09-2024;17.15;0;30;810;265;81;0;0;0;0;0;0;1;0;0;0;1;0;0;0;0;1;0;0;1;0;0;0
19;3.0;9.7;10.0;55.9;20.0;14.0;50;5;5;0;4.0;2.0;;24-09-2024;6.6;1;30;980;247;60;0;0;0;1;0;0;0;0;0;0;1;0;0;0;1;0;0;0;0;0;1;0
17;3.0;1.3;11.0;85.3;;44.7;75;1;13;5;5.0;4.0;3.0;24-09-2024;18.56;0;30;980;247;60;0;0;0;1;0;0;0;0;1;0;0;0;0;0;1;0;0;0;0;0;1;0
17;2.0;14.7;22.0;81.5;37.0;38.8;74;2;9;10;5.0;4.0;4.0;09-09-2024;16.63;0;30;810;265;81;0;0;0;0;0;0;1;0;1;0;0;0;0;0;0;1;0;0;0;1;0;0
23;0.0;9.1;8.0;99.5;36.0;47.4;68;4;10;4;2.0;3.0;3.0;11-09-2024;17.02;0;28;710;325;60;1;0;0;0;0;0;0;0;1;0;0;0;0;0;1;0;0;0;0;0;1;0
22;2.0;13.4;4.0;83.5;32.0;27.8;66;2;12;4;4.0;3.0;1.0;10-09-2024;15.12;0;30;810;265;81;0;0;0;0;0;0;1;0;1;0;0;0;0;0;0;1;0;0;0;0;1;0
18;1.0;17.5;0.0;70.0;31.0;31.2;57;3;6;2;4.0;2.0;3.0;20-09-2024;13.9;0;30;930;293;75;0;0;1;0;0;0;0;0;0;0;1;0;0;0;0;0;1;0;0;0;1;0
21;0.0;19.4;8.0;67.8;21.0;29.4;32;6;9;0;2.0;5.0;2.0;02-09-2024;13.05;0;30;620;263;66;0;0;0;0;0;0;0;1;1;0;0;0;0;1;0;0;0;0;0;1;0;0
23;2.0;1.3;6.0;71.8;47.0;83.9;120;5;8;0;4.0;3.0;2.0;17-09-2024;16.51;0;30;620;263;66;0;0;0;0;0;0;0;1;1;0;0;0;0;1;0;0;0;0;0;0;1;0
18;1.0;54.7;23.0;65.8;9.0;16.3;26;5;8;0;2.0;4.0;1.0;23-09-2024;3.02;1;30;930;293;75;0;0;1;0;0;0;0;0;0;1;0;0;0;0;0;0;1;0;0;0;1;0
18;2.0;52.0;13.0;68.4;28.0;38.5;59;3;11;6;3.0;4.0;2.0;13-09-2024;4.43;1;30;620;263;66;0;0;0;0;0;0;0;1;0;0;1;0;0;1;0;0;0;0;0;0;1;0
19;1.0;18.3;0.0;61.9;23.0;31.7;36;3;8;1;3.0;2.0;2.0;19-09-2024;2.56;1;30;980;247;60;0;0;0;1;0;0;0;0;0;0;1;0;0;0;1;0;0;0;0;0;1;0
20;2.0;8.9;0.0;78.2;29.0;26.0;55;6;8;0;4.0;1.0;;06-09-2024;18.17;0;28;550;256;64;0;0;0;0;0;1;0;0;1;0;0;0;0;0;1;0;0;0;1;0;0;0
19;0.0;70.6;0.0;99.7;43.0;54.9;89;0;9;5;3.0;5.0;2.0;27-09-2024;16.83;0;30;810;265;81;0;0;0;0;0;0;1;0;0;1;0;0;0;0;0;1;0;0;0;0;1;0
20;0.0;21.2;23.0;68.4;33.0;41.5;55;6;7;1;2.0;4.0;3.0;16-09-2024;12.99;0;28;480;265;78;0;0;0;0;1;0;0;0;0;0;1;0;1;0;0;0;0;0;0;0;1;0
23;0.0;3.9;;70.4;27.0;35.7;55;3;12;7;3.0;4.0;4.0;17-09-2024;12.34;0;30;980;247;60;0;0;0;1;0;0;0;0;0;0;1;0;0;0;1;0;0;0;0;0;1;0
20;1.0;29.6;0.0;99.9;45.0;78.6;101;2;9;7;4.0;3.0;1.0;24-09-2024;17.74;0;28;480;265;78;0;0;0;0;1;0;0;0;0;0;1;0;1;0;0;0;0;0;0;1;0;0
18;0.0;0.7;0.0;74.6;18.0;40.6;43;3;10;4;4.0;4.0;3.0;23-09-2024;17.18;0;30;930;293;75;0;0;1;0;0;0;0;0;1;0;0;0;0;0;0;0;1;0;0;0;1;0
20;0.0;6.4;0.0;98.4;50.0;82.0;119;0;13;4;5.0;5.0;3.0;16-09-2024;19.17;0;30;810;265;81;0;0;0;0;0;0;1;0;0;0;1;0;0;0;0;1;0;1;0;0;0;0
18;2.0;6.7;;97.7;48.0;95.5;74;2;8;10;5.0;5.0;2.0;11-09-2024;19.71;0;28;550;256;64;0;0;0;0;0;1;0;0;1;0;0;0;0;0;1;0;0;0;0;1;0;0
17;1.0;3.6;8.0;64.7;11.0;14.6;39;5;5;1;4.0;;;18-09-2024;17.85;0;30;620;263;66;0;0;0;0;0;0;0;1;1;0;0;0;0;1;0;0;0;0;0;0;1;0
19;0.0;36.3;0.0;49.3;9.0;6.9;21;2;4;0;1.0;1.0;2.0;18-09-2024;0.75;1;30;620;263;66;0;0;0;0;0;0;0;1;1;0;0;0;0;1;0;0;0;0;1;0;0;0
22;2.0;16.2;15.0;73.8;37.0;52.5;68;6;6;2;2.0;3.0;;12-09-2024;13.82;0;30;620;263;66;0;0;0;0;0;0;0;1;1;0;0;0;0;1;0;0;0;0;0;0;1;0
20;0.0;34.6;0.0;70.5;27.0;49.6;52;1;9;2;2.0;5.0;2.0;17-09-2024;6.48;1;30;980;247;60;0;0;0;1;0;0;0;0;1;0;0;0;0;0;1;0;0;0;0;0;1;0
19;0.0;13.1;0.0;81.5;39.0;37.9;104;4;11;8;4.0;5.0;4.0;04-09-2024;19.2;0;30;980;247;60;0;0;0;1;0;0;0;0;1;0;0;0;0;0;1;0;0;0;0;0;1;0
19;1.0;1.7;0.0;69.1;29.0;14.5;75;2;6;1;3.0;3.0;2.0;23-09-2024;2.51;1;28;710;325;60;1;0;0;0;0;0;0;0;1;0;0;0;0;0;1;0;0;0;0;0;1;0
24;1.0;6.8;0.0;57.5;19.0;33.1;53;6;8;0;2.0;5.0;1.0;25-09-2024;3.28;1;30;810;265;81;0;0;0;0;0;0;1;0;0;1;0;0;0;0;0;1;0;0;0;1;0;0
22;2.0;3.9;0.0;61.5;3.0;9.5;13;6;6;1;1.0;5.0;1.0;09-09-2024;2.01;1;30;830;282;65;0;1;0;0;0;0;0;0;1;0;0;1;0;0;0;0;0;0;0;0;1;0
23;1.0;3.1;24.0;94.5;55.0;31.4;143;5;8;8;4.0;4.0;4.0;19-09-2024;17.79;0;30;980;247;60;0;0;0;1;0;0;0;0;1;0;0;0;0;0;1;0;0;0;0;0;1;0
17;0.0;1.1;13.0;81.3;22.0;37.1;39;9;9;2;1.0;2.0;2.0;12-09-2024;6.82;1;30;830;282;65;0;1;0;0;0;0;0;0;1;0;0;1;0;0;0;0;0;0;0;0;1;0
18;3.0;8.3;15.0;99.4;38.0;60.8;98;2;7;2;3.0;;3.0;13-09-2024;14.88;0;30;810;265;81;0;0;0;0;0;0;1;0;0;0;1;0;0;0;0;1;0;0;1;0;0;0
17;3.0;90.5;11.0;55.3;3.0;8.1;1;7;7;0;1.0;2.0;1.0;10-09-2024;3.34;1;30;980;247;60;0;0;0;1;0;0;0;0;1;0;0;0;0;0;1;0;0;0;0;1;0;0
21;2.0;16.7;9.0;74.2;52.0;55.5;126;2;8;0;;4.0;5.0;20-09-2024;16.22;0;28;710;325;60;1;0;0;0;0;0;0;0;1;0;0;0;0;0;1;0;0;0;0;0;1;0
22;0.0;;0.0;79.9;45.0;60.1;124;4;9;3;3.0;3.0;3.0;19-09-2024;12.56;0;30;980;247;60;0;0;0;1;0;0;0;0;1;0;0;0;0;0;1;0;0;0;0;0;1;0
19;1.0;17.0;0.0;51.2;13.0;17.3;26;7;9;0;1.0;4.0;1.0;02-09-2024;3.57;1;30;980;247;60;0;0;0;1;0;0;0;0;0;1;0;0;0;0;1;0;0;0;0;0;1;0
20;0.0;10.2;0.0;90.9;25.0;35.5;51;6;8;3;5.0;3.0;5.0;23-09-2024;14.38;0;30;830;282;65;0;1;0;0;0;0;0;0;0;0;1;1;0;0;0;0;0;0;0;1;0;0
19;0.0;8.0;19.0;98.9;48.0;61.6;118;1;12;9;5.0;5.0;3.0;19-09-2024;19.42;0;30;980;247;60;0;0;0;1;0;0;0;0;0;0;1;0;0;0;1;0;0;0;0;0;1;0
19;0.0;1.1;18.0;56.5;22.0;19.2;44;7;9;3;4.0;3.0;4.0;12-09-2024;9.65;1;28;480;265;78;0;0;0;0;1;0;0;0;1;0;0;0;1;0;0;0;0;0;1;0;0;0
22;0.0;9.3;19.0;67.6;22.0;22.3;42;3;7;2;;4.0;3.0;18-09-2024;10.74;0;28;550;256;64;0;0;0;0;0;1;0;0;0;1;0;0;0;0;1;0;0;0;0;1;0;0
18;0.0;7.0;25.0;76.5;9.0;13.7;23;5;8;1;1.0;2.0;3.0;12-09-2024;8.18;1;30;810;265;81;0;0;0;0;0;0;1;0;1;0;0;0;0;0;0;1;0;0;0;0;0;1
19;0.0;20.6;7.0;68.0;17.0;34.0;54;7;8;0;2.0;1.0;5.0;27-09-2024;8.57;1;30;930;293;75;0;0;1;0;0;0;0;0;1;0;0;0;0;0;0;0;1;0;0;0;1;0
24;0.0;4.0;18.0;74.9;3.0;5.7;8;8;9;0;1.0;4.0;2.0;27-09-2024;5.74;1;28;480;265;78;0;0;0;0;1;0;0;0;1;0;0;0;1;0;0;0;0;0;0;0;1;0
21;3.0;0.5;0.0;76.9;32.0;51.4;57;4;7;4;3.0;4.0;2.0;20-09-2024;17.35;0;30;930;293;75;0;0;1;0;0;0;0;0;1;0;0;0;0;0;0;0;1;0;0;1;0;0
18;2.0;18.7;10.0;65.7;25.0;50.7;68;2;6;3;4.0;2.0;3.0;11-09-2024;18.84;0;28;710;325;60;1;0;0;0;0;0;0;0;1;0;0;0;0;0;1;0;0;0;0;0;1;0
20;2.0;3.6;0.0;85.1;21.0;42.0;35;2;9;1;;3.0;2.0;13-09-2024;13.89;0;30;830;282;65;0;1;0;0;0;0;0;0;1;0;0;1;0;0;0;0;0;0;1;0;0;0
17;1.0;30.1;10.0;93.3;42.0;79.7;99;4;10;10;5.0;3.0;5.0;18-09-2024;19.85;0;28;550;256;64;0;0;0;0;0;1;0;0;1;0;0;0;0;0;1;0;0;0;0;1;0;0
20;0.0;13.3;0.0;76.1;35.0;64.3;46;5;6;3;3.0;3.0;2.0;26-09-2024;12.96;0;30;810;265;81;0;0;0;0;0;0;1;0;0;0;1;0;0;0;0;1;0;0;0;0;1;0
21;3.0;3.9;12.0;93.6;52.0;62.3;130;2;10;7;4.0;4.0;1.0;26-09-2024;19.45;0;28;480;265;78;0;0;0;0;1;0;0;0;1;0;0;0;1;0;0;0;0;0;0;0;1;0
19;1.0;66.6;0.0;67.5;24.0;32.6;42;2;9;1;3.0;2.0;3.0;27-09-2024;13.27;0;30;810;265;81;0;0;0;0;0;0;1;0;1;0;0;0;0;0;0;1;0;0;0;0;1;0
20;0.0;21.2;0.0;78.2;28.0;34.6;52;1;8;0;3.0;3.0;3.0;24-09-2024;17.23;0;28;480;265;78;0;0;0;0;1;0;0;0;1;0;0;0;1;0;0;0;0;0;0;0;1;0
19;0.0;5.4;14.0;72.7;34.0;65.8;104;0;7;7;4.0;4.0;4.0;13-09-2024;15.44;0;30;980;247;60;0;0;0;1;0;0;0;0;1;0;0;0;0;0;1;0;0;0;0;1;0;0
19;1.0;34.4;16.0;74.2;24.0;31.8;54;2;8;0;2.0;2.0;2.0;25-09-2024;7.26;1;30;620;263;66;0;0;0;0;0;0;0;1;1;0;0;0;0;1;0;0;0;0;0;0;1;0
17;1.0;5.6;;89.5;49.0;65.9;110;1;12;5;4.0;3.0;3.0;05-09-2024;17.63;0;30;930;293;75;0;0;1;0;0;0;0;0;1;0;0;0;0;0;0;0;1;0;0;0;1;0
19;1.0;;15.0;76.8;7.0;7.3;15;8;10;0;2.0;3.0;1.0;02-09-2024;4.25;1;30;620;263;66;0;0;0;0;0;0;0;1;0;1;0;0;0;1;0;0;0;0;0;0;1;0
19;1.0;19.5;;69.0;7.0;7.3;30;0;9;1;2.0;4.0;4.0;02-09-2024;11.31;0;30;620;263;66;0;0;0;0;0;0;0;1;1;0;0;0;0;1;0;0;0;0;0;0;1;0
17;1.0;9.8;6.0;54.5;37.0;68.8;70;1;9;2;4.0;3.0;4.0;27-09-2024;14.26;0;28;710;325;60;1;0;0;0;0;0;0;0;1;0;0;0;0;0;1;0;0;0;0;0;1;0
18;1.0;20.7;0.0;98.3;64.0;70.5;150;0;12;4;5.0;5.0;;16-09-2024;18.63;0;28;710;325;60;1;0;0;0;0;0;0;0;0;0;1;0;0;0;1;0;0;0;0;0;1;0
18;0.0;7.2;0.0;66.6;18.0;24.2;47;8;8;0;2.0;3.0;1.0;05-09-2024;3.18;1;28;710;325;60;1;0;0;0;0;0;0;0;1;0;0;0;0;0;1;0;0;0;0;0;1;0
24;0.0;8.9;25.0;79.1;21.0;29.0;37;4;8;6;3.0;1.0;3.0;10-09-2024;5.16;1;30;830;282;65;0;1;0;0;0;0;0;0;0;0;1;1;0;0;0;0;0;0;0;1;0;0
19;2.0;25.9;0.0;83.6;12.0;14.9;35;3;8;2;2.0;;3.0;13-09-2024;16.13;0;30;830;282;65;0;1;0;0;0;0;0;0;0;0;1;1;0;0;0;0;0;0;0;0;1;0
19;1.0;3.1;0.0;77.2;31.0;56.0;62;5;9;2;3.0;4.0;5.0;12-09-2024;16.1;0;28;480;265;78;0;0;0;0;1;0;0;0;1;0;0;0;1;0;0;0;0;0;0;0;1;0
19;1.0;7.0;6.0;84.1;19.0;29.3;45;4;7;1;3.0;4.0;3.0;23-09-2024;18.88;0;28;550;256;64;0;0;0;0;0;1;0;0;0;0;1;0;0;0;1;0;0;0;0;0;1;0
17;0.0;13.1;9.0;84.7;27.0;42.5;69;5;9;1;;2.0;4.0;24-09-2024;13.37;0;30;930;293;75;0;0;1;0;0;0;0;0;1;0;0;0;0;0;0;0;1;0;0;0;1;0
19;0.0;0.1;12.0;79.8;45.0;39.8;88;3;9;2;5.0;4.0;4.0;18-09-2024;17.39;0;30;810;265;81;0;0;0;0;0;0;1;0;1;0;0;0;0;0;0;1;0;0;0;0;1;0
21;0.0;12.3;7.0;93.3;15.0;29.8;44;0;6;3;4.0;3.0;3.0;12-09-2024;16.02;0;30;980;247;60;0;0;0;1;0;0;0;0;1;0;0;0;0;0;1;0;0;0;0;0;0;1
20;2.0;8.5;0.0;68.3;34.0;65.1;46;4;9;0;3.0;4.0;3.0;11-09-2024;13.25;0;30;980;247;60;0;0;0;1;0;0;0;0;0;1;0;0;0;0;1;0;0;0;0;1;0;0
19;1.0;0.7;8.0;91.4;23.0;31.6;62;5;9;3;4.0;;3.0;16-09-2024;19.39;0;28;710;325;60;1;0;0;0;0;0;0;0;1;0;0;0;0;0;1;0;0;0;0;0;1;0
21;0.0;;0.0;86.4;42.0;72.8;76;1;12;4;3.0;5.0;3.0;17-09-2024;18.69;0;28;550;256;64;0;0;0;0;0;1;0;0;1;0;0;0;0;0;1;0;0;0;0;0;1;0
19;;13.3;0.0;78.5;32.0;55.1;59;3;13;2;5.0;3.0;;17-09-2024;17.33;0;30;830;282;65;0;1;0;0;0;0;0;0;1;0;0;1;0;0;0;0;0;0;1;0;0;0
17;1.0;10.8;0.0;80.5;32.0;59.2;67;2;10;4;4.0;3.0;3.0;04-09-2024;14.65;0;28;710;325;60;1;0;0;0;0;0;0;0;0;0;1;0;0;0;1;0;0;0;0;0;0;1
23;0.0;11.1;11.0;55.5;8.0;18.2;4;6;9;0;2.0;4.0;1.0;09-09-2024;4.22;1;30;930;293;75;0;0;1;0;0;0;0;0;1;0;0;0;0;0;0;0;1;0;1;0;0;0
20;1.0;1.3;10.0;88.0;40.0;72.9;82;2;13;5;3.0;4.0;2.0;12-09-2024;17.15;0;30;980;247;60;0;0;0;1;0;0;0;0;1;0;0;0;0;0;1;0;0;0;0;0;1;0
20;;41.8;25.0;65.3;;15.6;44;7;8;0;2.0;1.0;1.0;04-09-2024;1.63;1;30;830;282;65;0;1;0;0;0;0;0;0;0;0;1;1;0;0;0;0;0;0;0;0;1;0
20;1.0;10.7;0.0;80.5;16.0;31.8;22;8;8;0;1.0;4.0;2.0;24-09-2024;11.06;0;30;930;293;75;0;0;1;0;0;0;0;0;1;0;0;0;0;0;0;0;1;0;0;0;1;0
17;0.0;27.5;0.0;99.9;59.0;94.6;166;0;12;11;4.0;4.0;4.0;25-09-2024;19.12;0;30;830;282;65;0;1;0;0;0;0;0;0;0;1;0;1;0;0;0;0;0;0;0;0;0;1
22;1.0;2.1;13.0;58.6;13.0;20.4;24;5;5;0;1.0;3.0;1.0;27-09-2024;4.37;1;30;810;265;81;0;0;0;0;0;0;1;0;1;0;0;0;0;0;0;1;0;0;0;0;1;0
22;1.0;17.0;7.0;98.1;39.0;57.3;81;1;8;10;4.0;5.0;5.0;10-09-2024;19.01;0;30;620;263;66;0;0;0;0;0;0;0;1;0;1;0;0;0;1;0;0;0;0;0;0;1;0
19;2.0;48.9;8.0;79.5;35.0;52.9;73;2;9;5;3.0;2.0;3.0;24-09-2024;17.84;0;28;550;256;64;0;0;0;0;0;1;0;0;1;0;0;0;0;0;1;0;0;0;0;0;1;0
20;0.0;19.3;9.0;69.8;19.0;25.9;40;6;9;0;2.0;3.0;2.0;03-09-2024;5.84;1;30;930;293;75;0;0;1;0;0;0;0;0;1;0;0;0;0;0;0;0;1;0;0;0;1;0
18;0.0;26.8;0.0;67.2;13.0;4.1;9;4;4;2;4.0;3.0;3.0;19-09-2024;14.76;0;28;550;256;64;0;0;0;0;0;1;0;0;1;0;0;0;0;0;1;0;0;0;0;0;0;1
18;1.0;19.3;28.0;78.4;46.0;103.6;76;0;8;7;5.0;5.0;4.0;05-09-2024;19.27;0;28;480;265;78;0;0;0;0;1;0;0;0;1;0;0;0;1;0;0;0;0;0;0;0;1;0
17;3.0;57.4;0.0;86.0;41.0;47.1;70;4;10;8;5.0;2.0;3.0;12-09-2024;16.06;0;30;980;247;60;0;0;0;1;0;0;0;0;1;0;0;0;0;0;1;0;0;0;0;0;1;0
20;3.0;;13.0;66.7;7.0;7.5;30;6;6;0;2.0;2.0;1.0;17-09-2024;5.9;1;28;550;256;64;0;0;0;0;0;1;0;0;0;0;1;0;0;0;1;0;0;0;0;0;1;0
21;1.0;;0.0;62.4;22.0;29.9;37;2;11;4;4.0;2.0;2.0;20-09-2024;11.23;0;30;930;293;75;0;0;1;0;0;0;0;0;1;0;0;0;0;0;0;0;1;0;0;0;1;0
19;2.0;6.1;4.0;69.1;42.0;74.2;66;6;6;4;4.0;2.0;4.0;16-09-2024;17.43;0;30;830;282;65;0;1;0;0;0;0;0;0;0;1;0;1;0;0;0;0;0;0;0;0;1;0
18;;11.7;16.0;74.3;26.0;36.2;45;6;11;2;2.0;4.0;2.0;17-09-2024;1.34;1;30;930;293;75;0;0;1;0;0;0;0;0;0;1;0;0;0;0;0;0;1;0;0;0;1;0
19;0.0;7.0;27.0;80.4;24.0;32.0;40;4;6;1;1.0;4.0;4.0;27-09-2024;7.15;1;30;810;265;81;0;0;0;0;0;0;1;0;0;0;1;0;0;0;0;1;0;0;0;0;1;0
21;1.0;14.1;21.0;52.5;6.0;12.2;20;3;6;0;1.0;;3.0;03-09-2024;1.75;1;30;930;293;75;0;0;1;0;0;0;0;0;0;1;0;0;0;0;0;0;1;0;0;0;1;0
17;0.0;14.5;28.0;63.1;7.0;10.3;29;4;6;0;3.0;4.0;3.0;03-09-2024;15.26;0;30;980;247;60;0;0;0;1;0;0;0;0;1;0;0;0;0;0;1;0;0;0;0;0;1;0
26;0.0;1.2;26.0;71.2;38.0;54.6;82;9;9;4;;4.0;4.0;05-09-2024;12.85;0;30;930;293;75;0;0;1;0;0;0;0;0;1;0;0;0;0;0;0;0;1;0;0;0;1;0
19;1.0;0.0;15.0;80.1;14.0;24.0;38;5;7;1;2.0;4.0;3.0;17-09-2024;5.33;1;28;550;256;64;0;0;0;0;0;1;0;0;0;0;1;0;0;0;1;0;0;0;0;0;1;0
25;0.0;10.8;0.0;87.6;57.0;95.0;119;1;8;10;5.0;4.0;5.0;18-09-2024;18.36;0;30;810;265;81;0;0;0;0;0;0;1;0;1;0;0;0;0;0;0;1;0;0;0;0;1;0
17;1.0;16.3;15.0;49.8;38.0;29.2;79;5;10;1;2.0;3.0;2.0;04-09-2024;7.43;1;28;550;256;64;0;0;0;0;0;1;0;0;1;0;0;0;0;0;1;0;0;0;0;1;0;0
23;0.0;35.7;0.0;76.9;9.0;22.3;30;4;7;1;1.0;4.0;1.0;09-09-2024;0.33;1;30;980;247;60;0;0;0;1;0;0;0;0;0;0;1;0;0;0;1;0;0;0;0;0;1;0
24;0.0;3.4;0.0;90.2;56.0;95.1;123;4;8;6;4.0;5.0;5.0;12-09-2024;18.41;0;30;620;263;66;0;0;0;0;0;0;0;1;0;0;1;0;0;1;0;0;0;0;0;0;1;0
17;1.0;2.0;0.0;82.3;7.0;11.7;17;5;11;1;2.0;2.0;4.0;05-09-2024;7.39;1;30;620;263;66;0;0;0;0;0;0;0;1;0;1;0;0;0;1;0;0;0;0;0;0;1;0
18;1.0;10.2;22.0;96.9;29.0;38.0;58;0;9;2;2.0;3.0;;25-09-2024;16.33;0;30;980;247;60;0;0;0;1;0;0;0;0;0;0;1;0;0;0;1;0;0;0;0;1;0;0
21;0.0;10.4;6.0;69.6;;38.3;51;7;7;2;2.0;5.0;1.0;11-09-2024;13.39;0;30;810;265;81;0;0;0;0;0;0;1;0;0;0;1;0;0;0;0;1;0;0;0;0;1;0
20;1.0;2.2;12.0;69.2;35.0;52.0;60;6;8;1;4.0;3.0;3.0;09-09-2024;12.81;0;30;930;293;75;0;0;1;0;0;0;0;0;0;1;0;0;0;0;0;0;1;0;0;0;1;0
19;2.0;7.2;15.0;90.8;40.0;68.2;74;1;8;6;;5.0;3.0;18-09-2024;18.35;0;30;930;293;75;0;0;1;0;0;0;0;0;1;0;0;0;0;0;0;0;1;0;0;1;0;0
19;0.0;14.1;16.0;86.5;28.0;37.0;58;10;10;4;5.0;1.0;2.0;24-09-2024;16.14;0;30;620;263;66;0;0;0;0;0;0;0;1;0;0;1;0;0;1;0;0;0;1;0;0;0;0
19;1.0;5.1;15.0;73.8;33.0;58.0;98;4;10;7;2.0;;1.0;05-09-2024;14.74;0;30;810;265;81;0;0;0;0;0;0;1;0;1;0;0;0;0;0;0;1;0;0;1;0;0;0
20;0.0;27.9;24.0;97.9;30.0;45.1;67;3;6;6;3.0;3.0;2.0;02-09-2024;12.43;0;30;810;265;81;0;0;0;0;0;0;1;0;1;0;0;0;0;0;0;1;0;0;0;1;0;0
23;2.0;4.7;10.0;75.9;17.0;25.5;48;3;7;1;1.0;2.0;1.0;18-09-2024;6.88;1;30;930;293;75;0;0;1;0;0;0;0;0;1;0;0;0;0;0;0;0;1;0;0;0;1;0
20;0.0;43.1;0.0;49.5;4.0;4.3;1;6;7;0;1.0;1.0;1.0;12-09-2024;2.19;1;30;830;282;65;0;1;0;0;0;0;0;0;1;0;0;1;0;0;0;0;0;0;0;0;1;0
19;0.0;17.3;0.0;94.9;54.0;67.3;145;1;13;7;5.0;4.0;4.0;12-09-2024;18.89;0;30;930;293;75;0;0;1;0;0;0;0;0;1;0;0;0;0;0;0;0;1;0;0;1;0;0
21;1.0;0.9;0.0;74.2;21.0;33.8;52;2;12;2;5.0;4.0;3.0;24-09-2024;17.27;0;30;930;293;75;0;0;1;0;0;0;0;0;1;0;0;0;0;0;0;0;1;0;0;0;1;0
19;1.0;13.9;0.0;85.4;38.0;59.7;78;1;8;4;5.0;4.0;5.0;09-09-2024;18.83;0;30;830;282;65;0;1;0;0;0;0;0;0;1;0;0;1;0;0;0;0;0;0;0;0;1;0
22;;0.3;;94.0;34.0;50.6;45;1;9;5;4.0;3.0;4.0;16-09-2024;18.84;0;30;830;282;65;0;1;0;0;0;0;0;0;1;0;0;1;0;0;0;0;0;0;0;0;1;0
20;;33.0;;56.5;28.0;48.5;76;5;6;0;2.0;3.0;2.0;17-09-2024;4.62;1;30;620;263;66;0;0;0;0;0;0;0;1;1;0;0;0;0;1;0;0;0;0;0;0;1;0
20;2.0;29.6;20.0;83.9;19.0;24.7;49;5;8;5;2.0;4.0;3.0;13-09-2024;15.78;0;28;710;325;60;1;0;0;0;0;0;0;0;1;0;0;0;0;0;1;0;0;0;0;1;0;0
20;0.0;11.6;8.0;99.4;57.0;89.1;117;1;10;9;5.0;5.0;4.0;20-09-2024;17.82;0;30;810;265;81;0;0;0;0;0;0;1;0;0;1;0;0;0;0;0;1;0;0;0;0;1;0
21;1.0;32.3;;91.9;44.0;87.5;80;2;8;5;5.0;2.0;;23-09-2024;17.37;0;30;830;282;65;0;1;0;0;0;0;0;0;1;0;0;1;0;0;0;0;0;1;0;0;0;0
23;1.0;5.6;10.0;99.6;53.0;96.4;113;2;11;3;5.0;;4.0;12-09-2024;19.29;0;30;810;265;81;0;0;0;0;0;0;1;0;0;0;1;0;0;0;0;1;0;0;0;0;1;0
19;1.0;38.0;12.0;84.3;43.0;56.2;132;5;7;0;5.0;5.0;1.0;05-09-2024;16.83;0;30;980;247;60;0;0;0;1;0;0;0;0;0;1;0;0;0;0;1;0;0;1;0;0;0;0
17;0.0;14.8;0.0;82.8;28.0;55.3;71;4;10;4;3.0;4.0;2.0;05-09-2024;14.75;0;30;930;293;75;0;0;1;0;0;0;0;0;1;0;0;0;0;0;0;0;1;0;0;1;0;0
18;0.0;54.4;12.0;95.2;26.0;55.8;57;2;8;4;3.0;2.0;1.0;12-09-2024;17.21;0;30;980;247;60;0;0;0;1;0;0;0;0;1;0;0;0;0;0;1;0;0;0;0;0;1;0
18;2.0;8.7;;73.1;45.0;97.8;99;5;8;2;3.0;4.0;;13-09-2024;16.79;0;30;620;263;66;0;0;0;0;0;0;0;1;0;0;1;0;0;1;0;0;0;0;0;0;1;0
18;0.0;;13.0;78.4;25.0;38.0;40;4;10;2;2.0;4.0;2.0;04-09-2024;13.56;0;28;710;325;60;1;0;0;0;0;0;0;0;0;1;0;0;0;0;1;0;0;0;0;0;1;0
20;1.0;1.7;5.0;92.1;34.0;54.3;70;1;7;7;4.0;3.0;;19-09-2024;18.81;0;30;620;263;66;0;0;0;0;0;0;0;1;1;0;0;0;0;1;0;0;0;0;0;0;1;0
21;1.0;14.4;0.0;75.8;;38.8;65;7;7;1;2.0;2.0;3.0;04-09-2024;7.25;1;28;480;265;78;0;0;0;0;1;0;0;0;1;0;0;0;1;0;0;0;0;0;0;0;1;0
20;1.0;1.6;0.0;73.3;19.0;57.2;38;7;8;1;3.0;2.0;4.0;03-09-2024;15.58;0;28;480;265;78;0;0;0;0;1;0;0;0;1;0;0;0;1;0;0;0;0;0;0;0;1;0
24;0.0;14.2;26.0;85.8;30.0;41.6;84;3;11;3;4.0;3.0;3.0;24-09-2024;15.71;0;28;550;256;64;0;0;0;0;0;1;0;0;1;0;0;0;0;0;1;0;0;0;0;0;0;1
21;2.0;12.8;6.0;75.2;20.0;27.8;27;2;6;2;3.0;3.0;3.0;26-09-2024;4.63;1;30;980;247;60;0;0;0;1;0;0;0;0;0;1;0;0;0;0;1;0;0;0;0;0;1;0
18;0.0;60.3;;85.0;54.0;82.6;128;2;8;9;5.0;5.0;2.0;17-09-2024;17.06;0;30;620;263;66;0;0;0;0;0;0;0;1;1;0;0;0;0;1;0;0;0;0;0;1;0;0
19;;17.1;23.0;80.6;28.0;48.6;52;2;10;2;3.0;3.0;4.0;12-09-2024;12.6;0;28;550;256;64;0;0;0;0;0;1;0;0;0;0;1;0;0;0;1;0;0;0;0;0;1;0
21;1.0;1.7;20.0;89.8;38.0;68.5;111;3;9;2;4.0;3.0;2.0;24-09-2024;16.24;0;30;810;265;81;0;0;0;0;0;0;1;0;0;0;1;0;0;0;0;1;0;0;0;0;1;0
19;1.0;6.1;17.0;89.4;65.0;91.8;154;0;10;13;4.0;5.0;5.0;17-09-2024;19.58;0;28;550;256;64;0;0;0;0;0;1;0;0;1;0;0;0;0;0;1;0;0;0;0;0;1;0
20;3.0;4.2;;60.0;10.0;9.8;16;6;6;1;2.0;4.0;2.0;19-09-2024;5.95;1;28;710;325;60;1;0;0;0;0;0;0;0;1;0;0;0;0;0;1;0;0;0;0;0;1;0
21;2.0;43.3;21.0;78.0;14.0;13.5;37;4;12;1;4.0;4.0;2.0;05-09-2024;16.02;0;30;830;282;65;0;1;0;0;0;0;0;0;1;0;0;1;0;0;0;0;0;0;0;0;1;0
19;2.0;25.7;0.0;77.6;46.0;92.6;120;6;7;3;4.0;4.0;1.0;06-09-2024;16.99;0;30;810;265;81;0;0;0;0;0;0;1;0;0;0;1;0;0;0;0;1;0;0;0;0;1;0
18;1.0;27.3;0.0;75.6;26.0;36.2;38;6;7;1;3.0;3.0;4.0;05-09-2024;15.22;0;30;810;265;81;0;0;0;0;0;0;1;0;1;0;0;0;0;0;0;1;0;0;0;1;0;0
21;0.0;6.3;15.0;91.6;30.0;38.1;76;5;10;4;3.0;5.0;3.0;11-09-2024;16.21;0;30;620;263;66;0;0;0;0;0;0;0;1;0;0;1;0;0;1;0;0;0;0;0;0;1;0
21;1.0;4.0;;86.9;21.0;39.5;48;8;9;1;3.0;2.0;2.0;13-09-2024;11.72;0;30;620;263;66;0;0;0;0;0;0;0;1;1;0;0;0;0;1;0;0;0;0;0;0;1;0
18;3.0;10.2;11.0;71.5;30.0;46.6;70;2;9;0;2.0;2.0;2.0;26-09-2024;15.53;0;30;830;282;65;0;1;0;0;0;0;0;0;1;0;0;1;0;0;0;0;0;0;0;0;0;1
21;1.0;17.2;4.0;54.8;29.0;31.9;58;6;6;1;3.0;2.0;3.0;02-09-2024;8.49;1;28;480;265;78;0;0;0;0;1;0;0;0;1;0;0;0;1;0;0;0;0;0;0;0;1;0
18;1.0;24.3;0.0;89.3;39.0;58.4;104;2;10;3;4.0;4.0;4.0;17-09-2024;17.78;0;28;550;256;64;0;0;0;0;0;1;0;0;0;0;1;0;0;0;1;0;0;0;0;0;1;0
21;0.0;;7.0;70.1;3.0;7.4;22;7;10;0;1.0;3.0;2.0;25-09-2024;3.86;1;30;980;247;60;0;0;0;1;0;0;0;0;1;0;0;0;0;0;1;0;0;0;0;1;0;0
21;1.0;1.6;9.0;84.0;53.0;69.4;103;2;8;9;4.0;4.0;5.0;10-09-2024;19.22;0;28;710;325;60;1;0;0;0;0;0;0;0;1;0;0;0;0;0;1;0;0;0;0;1;0;0
20;1.0;31.0;15.0;70.1;39.0;46.8;87;3;11;6;5.0;3.0;2.0;09-09-2024;16.41;0;30;980;247;60;0;0;0;1;0;0;0;0;0;0;1;0;0;0;1;0;0;0;0;1;0;0
21;0.0;4.8;;97.2;13.0;13.7;27;4;12;3;2.0;;3.0;23-09-2024;16.28;0;30;980;247;60;0;0;0;1;0;0;0;0;1;0;0;0;0;0;1;0;0;0;0;0;1;0
23;0.0;39.9;0.0;62.5;;56.0;92;5;7;6;4.0;4.0;1.0;23-09-2024;14.02;0;28;480;265;78;0;0;0;0;1;0;0;0;1;0;0;0;1;0;0;0;0;0;0;0;1;0
19;1.0;6.7;15.0;76.5;8.0;21.2;30;7;7;4;2.0;3.0;4.0;26-09-2024;7.02;1;30;930;293;75;0;0;1;0;0;0;0;0;0;0;1;0;0;0;0;0;1;0;0;0;1;0
20;3.0;20.0;0.0;94.0;38.0;44.8;74;2;9;4;3.0;3.0;2.0;06-09-2024;17.41;0;30;810;265;81;0;0;0;0;0;0;1;0;1;0;0;0;0;0;0;1;0;0;0;0;0;1
18;1.0;;9.0;61.3;13.0;10.6;53;7;10;0;4.0;1.0;1.0;05-09-2024;13.78;0;28;710;325;60;1;0;0;0;0;0;0;0;1;0;0;0;0;0;1;0;0;0;0;1;0;0
18;2.0;14.1;7.0;69.2;28.0;38.5;59;6;11;0;5.0;;2.0;12-09-2024;14.22;0;28;710;325;60;1;0;0;0;0;0;0;0;0;0;1;0;0;0;1;0;0;0;0;0;1;0
22;2.0;;18.0;81.9;39.0;37.5;70;2;12;4;5.0;3.0;3.0;17-09-2024;18.73;0;30;930;293;75;0;0;1;0;0;0;0;0;1;0;0;0;0;0;0;0;1;0;0;0;1;0
18;0.0;30.2;;75.3;36.0;70.7;116;4;10;6;4.0;4.0;4.0;18-09-2024;13.38;0;28;550;256;64;0;0;0;0;0;1;0;0;1;0;0;0;0;0;1;0;0;0;0;1;0;0
19;0.0;;21.0;38.3;17.0;17.5;24;0;8;0;2.0;3.0;1.0;25-09-2024;3.72;1;30;930;293;75;0;0;1;0;0;0;0;0;0;0;1;0;0;0;0;0;1;0;0;0;1;0
20;0.0;13.0;22.0;85.2;20.0;34.6;35;2;6;0;3.0;3.0;4.0;10-09-2024;11.75;0;30;810;265;81;0;0;0;0;0;0;1;0;0;1;0;0;0;0;0;1;0;0;0;0;1;0
18;;4.2;8.0;86.8;53.0;68.1;96;3;13;13;4.0;4.0;;10-09-2024;17.4;0;30;830;282;65;0;1;0;0;0;0;0;0;0;0;1;1;0;0;0;0;0;0;0;0;1;0
21;0.0;6.6;15.0;82.0;24.0;31.7;45;2;8;1;5.0;4.0;1.0;13-09-2024;17.91;0;30;930;293;75;0;0;1;0;0;0;0;0;1;0;0;0;0;0;0;0;1;0;0;0;1;0
20;1.0;77.0;8.0;80.5;29.0;50.3;50;4;8;3;;3.0;1.0;04-09-2024;4.59;1;28;550;256;64;0;0;0;0;0;1;0;0;0;0;1;0;0;0;1;0;0;0;0;0;1;0
20;1.0;12.2;17.0;70.3;34.0;36.3;81;6;7;1;;3.0;3.0;16-09-2024;14.24;0;30;620;263;66;0;0;0;0;0;0;0;1;1;0;0;0;0;1;0;0;0;0;0;0;0;1
20;0.0;56.0;12.0;90.9;;61.3;63;0;9;7;5.0;5.0;3.0;24-09-2024;18.21;0;30;930;293;75;0;0;1;0;0;0;0;0;1;0;0;0;0;0;0;0;1;0;0;1;0;0
21;1.0;8.8;0.0;76.7;23.0;50.2;31;5;10;3;;3.0;1.0;05-09-2024;15.28;0;30;620;263;66;0;0;0;0;0;0;0;1;0;0;1;0;0;1;0;0;0;0;0;0;1;0
17;2.0;8.9;8.0;52.4;22.0;29.1;61;4;9;0;2.0;;4.0;13-09-2024;5.88;1;30;830;282;65;0;1;0;0;0;0;0;0;1;0;0;1;0;0;0;0;0;0;0;0;1;0
18;0.0;4.4;23.0;71.1;26.0;24.6;65;2;7;4;3.0;4.0;1.0;04-09-2024;8.69;1;28;480;265;78;0;0;0;0;1;0;0;0;1;0;0;0;1;0;0;0;0;0;0;0;1;0
19;1.0;0.7;12.0;68.3;16.0;26.7;33;4;9;0;2.0;2.0;1.0;24-09-2024;1.4;1;30;620;263;66;0;0;0;0;0;0;0;1;0;0;1;0;0;1;0;0;0;0;0;0;1;0
18;0.0;24.9;0.0;74.5;31.0;54.0;85;1;11;2;3.0;3.0;3.0;18-09-2024;13.73;0;30;930;293;75;0;0;1;0;0;0;0;0;0;0;1;0;0;0;0;0;1;0;0;1;0;0
19;3.0;29.4;;73.7;28.0;41.7;54;2;8;3;4.0;3.0;2.0;02-09-2024;5.56;1;30;980;247;60;0;0;0;1;0;0;0;0;0;1;0;0;0;0;1;0;0;0;0;0;1;0
20;3.0;11.8;;78.0;11.0;20.9;22;3;12;1;4.0;4.0;3.0;26-09-2024;14.45;0;28;480;265;78;0;0;0;0;1;0;0;0;1;0;0;0;1;0;0;0;0;0;0;0;0;1
21;1.0;;16.0;75.2;29.0;45.3;71;2;9;4;3.0;5.0;2.0;17-09-2024;13.2;0;30;810;265;81;0;0;0;0;0;0;1;0;0;1;0;0;0;0;0;1;0;0;0;0;1;0
19;1.0;39.5;0.0;85.0;40.0;71.3;88;4;6;4;4.0;;3.0;12-09-2024;15.26;0;30;830;282;65;0;1;0;0;0;0;0;0;1;0;0;1;0;0;0;0;0;0;0;0;1;0
18;2.0;26.2;;54.1;0.0;0.0;0;7;7;0;3.0;2.0;1.0;25-09-2024;2.79;1;30;810;265;81;0;0;0;0;0;0;1;0;1;0;0;0;0;0;0;1;0;0;0;0;1;0
20;;2.3;7.0;71.7;;7.6;9;4;6;0;3.0;3.0;3.0;20-09-2024;11.94;0;30;980;247;60;0;0;0;1;0;0;0;0;1;0;0;0;0;0;1;0;0;0;0;0;1;0
20;2.0;21.7;8.0;68.0;39.0;70.5;69;2;8;4;5.0;4.0;4.0;24-09-2024;18.71;0;30;980;247;60;0;0;0;1;0;0;0;0;1;0;0;0;0;0;1;0;0;0;0;0;1;0
24;1.0;31.2;26.0;83.0;14.0;31.1;28;4;7;3;;4.0;1.0;11-09-2024;5.4;1;30;930;293;75;0;0;1;0;0;0;0;0;0;1;0;0;0;0;0;0;1;0;0;1;0;0
20;3.0;7.7;19.0;70.7;8.0;3.1;5;6;6;0;1.0;2.0;1.0;23-09-2024;6.65;1;28;710;325;60;1;0;0;0;0;0;0;0;0;0;1;0;0;0;1;0;0;0;1;0;0;0
17;2.0;5.6;18.0;79.9;45.0;74.0;113;2;7;9;3.0;4.0;4.0;04-09-2024;18.23;0;30;810;265;81;0;0;0;0;0;0;1;0;1;0;0;0;0;0;0;1;0;1;0;0;0;0
21;3.0;36.0;;74.8;29.0;41.9;71;5;5;0;3.0;4.0;3.0;25-09-2024;15.86;0;28;710;325;60;1;0;0;0;0;0;0;0;1;0;0;0;0;0;1;0;0;0;0;0;1;0
19;0.0;2.8;6.0;73.6;31.0;42.4;70;4;9;2;2.0;4.0;4.0;23-09-2024;11.45;0;30;930;293;75;0;0;1;0;0;0;0;0;1;0;0;0;0;0;0;0;1;0;0;1;0;0
17;0.0;3.4;0.0;72.1;21.0;25.6;42;3;6;2;3.0;1.0;3.0;11-09-2024;10.65;0;28;550;256;64;0;0;0;0;0;1;0;0;1;0;0;0;0;0;1;0;0;0;0;0;1;0
20;1.0;11.5;3.0;94.7;29.0;40.1;36;1;10;7;4.0;4.0;3.0;03-09-2024;17.44;0;30;930;293;75;0;0;1;0;0;0;0;0;1;0;0;0;0;0;0;0;1;0;0;0;0;1
21;0.0;0.6;14.0;82.6;32.0;51.0;67;4;8;3;3.0;2.0;4.0;18-09-2024;15.06;0;30;830;282;65;0;1;0;0;0;0;0;0;1;0;0;1;0;0;0;0;0;0;0;0;1;0
20;1.0;5.8;13.0;69.0;41.0;65.0;76;4;9;2;3.0;5.0;3.0;17-09-2024;15.68;0;30;830;282;65;0;1;0;0;0;0;0;0;0;0;1;1;0;0;0;0;0;0;0;0;1;0
20;0.0;6.8;24.0;60.5;8.0;10.1;15;6;6;0;2.0;3.0;;20-09-2024;2.18;1;28;550;256;64;0;0;0;0;0;1;0;0;1;0;0;0;0;0;1;0;0;0;1;0;0;0
20;1.0;24.7;13.0;86.2;47.0;55.2;72;2;13;6;4.0;3.0;2.0;12-09-2024;18.59;0;30;830;282;65;0;1;0;0;0;0;0;0;0;0;1;1;0;0;0;0;0;0;0;0;1;0
22;2.0;9.6;8.0;78.1;22.0;32.2;63;7;10;2;3.0;3.0;2.0;10-09-2024;15.98;0;30;830;282;65;0;1;0;0;0;0;0;0;1;0;0;1;0;0;0;0;0;0;0;1;0;0
18;0.0;1.7;7.0;73.2;30.0;43.3;82;3;10;3;3.0;3.0;4.0;27-09-2024;16.46;0;28;480;265;78;0;0;0;0;1;0;0;0;1;0;0;0;1;0;0;0;0;0;0;1;0;0
22;0.0;1.1;7.0;98.4;41.0;56.6;103;2;10;7;5.0;3.0;;19-09-2024;15.84;0;28;550;256;64;0;0;0;0;0;1;0;0;1;0;0;0;0;0;1;0;0;0;0;0;1;0
20;3.0;15.7;5.0;73.9;6.0;6.2;16;2;7;2;3.0;4.0;;12-09-2024;14.77;0;28;480;265;78;0;0;0;0;1;0;0;0;1;0;0;0;1;0;0;0;0;0;0;0;1;0
23;0.0;16.9;;70.2;19.0;24.8;37;4;7;2;1.0;3.0;2.0;26-09-2024;3.41;1;30;810;265;81;0;0;0;0;0;0;1;0;0;1;0;0;0;0;0;1;0;0;0;0;1;0
18;2.0;16.1;28.0;76.0;30.0;53.1;57;5;8;3;2.0;4.0;3.0;26-09-2024;17.63;0;30;980;247;60;0;0;0;1;0;0;0;0;1;0;0;0;0;0;1;0;0;1;0;0;0;0
21;0.0;6.0;;74.5;36.0;45.1;55;3;7;4;3.0;3.0;2.0;02-09-2024;8.39;1;30;620;263;66;0;0;0;0;0;0;0;1;1;0;0;0;0;1;0;0;0;0;0;1;0;0
23;1.0;38.6;6.0;97.3;52.0;106.0;114;0;10;4;;5.0;4.0;27-09-2024;18.57;0;30;980;247;60;0;0;0;1;0;0;0;0;1;0;0;0;0;0;1;0;0;0;0;0;1;0
17;2.0;5.6;0.0;57.0;3.0;0.7;1;6;7;0;1.0;2.0;;12-09-2024;3.39;1;30;980;247;60;0;0;0;1;0;0;0;0;1;0;0;0;0;0;1;0;0;0;0;0;1;0
19;0.0;16.9;0.0;94.3;63.0;121.7;120;1;10;6;3.0;4.0;3.0;25-09-2024;16.69;0;30;810;265;81;0;0;0;0;0;0;1;0;0;0;1;0;0;0;0;1;0;1;0;0;0;0
19;1.0;33.2;13.0;77.7;26.0;34.3;58;5;7;2;3.0;4.0;1.0;17-09-2024;14.09;0;30;980;247;60;0;0;0;1;0;0;0;0;0;0;1;0;0;0;1;0;0;0;0;0;1;0
18;0.0;;17.0;83.4;27.0;40.8;77;5;9;5;3.0;4.0;4.0;06-09-2024;15.57;0;30;980;247;60;0;0;0;1;0;0;0;0;0;0;1;0;0;0;1;0;0;0;0;0;1;0
26;0.0;30.2;11.0;74.7;25.0;30.3;53;3;7;6;4.0;3.0;2.0;18-09-2024;13.82;0;30;620;263;66;0;0;0;0;0;0;0;1;0;0;1;0;0;1;0;0;0;0;0;1;0;0
20;0.0;6.2;6.0;86.1;37.0;32.6;111;2;11;2;4.0;2.0;4.0;17-09-2024;13.26;0;28;710;325;60;1;0;0;0;0;0;0;0;0;0;1;0;0;0;1;0;0;0;0;0;0;1
19;1.0;5.5;0.0;79.5;28.0;58.5;67;4;10;2;3.0;5.0;3.0;20-09-2024;14.89;0;28;710;325;60;1;0;0;0;0;0;0;0;0;0;1;0;0;0;1;0;0;1;0;0;0;0
17;1.0;20.5;18.0;70.1;30.0;29.1;66;2;9;6;3.0;5.0;1.0;06-09-2024;16.96;0;30;980;247;60;0;0;0;1;0;0;0;0;0;0;1;0;0;0;1;0;0;0;0;0;1;0
18;3.0;21.1;13.0;89.2;46.0;76.4;85;1;9;1;4.0;4.0;4.0;17-09-2024;15.55;0;30;830;282;65;0;1;0;0;0;0;0;0;1;0;0;1;0;0;0;0;0;0;0;0;1;0
24;1.0;3.4;10.0;66.3;15.0;11.5;29;2;8;0;4.0;3.0;3.0;09-09-2024;4.66;1;30;620;263;66;0;0;0;0;0;0;0;1;1;0;0;0;0;1;0;0;0;0;0;0;1;0
24;1.0;12.1;;68.9;23.0;25.0;58;3;6;2;3.0;3.0;3.0;09-09-2024;16.06;0;30;930;293;75;0;0;1;0;0;0;0;0;1;0;0;0;0;0;0;0;1;0;0;0;1;0
17;0.0;17.5;26.0;82.9;31.0;54.7;51;5;7;2;2.0;2.0;2.0;04-09-2024;11.85;0;28;710;325;60;1;0;0;0;0;0;0;0;0;0;1;0;0;0;1;0;0;0;0;1;0;0
18;;29.0;10.0;75.4;43.0;61.4;73;2;9;0;3.0;3.0;3.0;03-09-2024;15.39;0;30;830;282;65;0;1;0;0;0;0;0;0;0;0;1;1;0;0;0;0;0;0;0;0;1;0
19;0.0;2.9;13.0;66.9;8.0;19.1;26;3;11;3;3.0;4.0;2.0;03-09-2024;12.02;0;30;810;265;81;0;0;0;0;0;0;1;0;0;1;0;0;0;0;0;1;0;0;0;1;0;0
18;1.0;13.5;23.0;87.3;40.0;73.9;100;0;10;6;4.0;4.0;4.0;06-09-2024;15.93;0;30;810;265;81;0;0;0;0;0;0;1;0;1;0;0;0;0;0;0;1;0;1;0;0;0;0
19;0.0;3.6;12.0;78.9;54.0;77.2;148;2;8;5;4.0;3.0;3.0;09-09-2024;15.26;0;30;830;282;65;0;1;0;0;0;0;0;0;1;0;0;1;0;0;0;0;0;0;0;0;1;0
18;0.0;12.8;0.0;65.1;15.0;24.1;43;5;6;1;4.0;4.0;3.0;12-09-2024;15.38;0;28;550;256;64;0;0;0;0;0;1;0;0;1;0;0;0;0;0;1;0;0;0;0;0;1;0
20;3.0;5.2;8.0;58.7;35.0;65.5;60;6;9;3;3.0;3.0;1.0;16-09-2024;15.14;0;30;980;247;60;0;0;0;1;0;0;0;0;1;0;0;0;0;0;1;0;0;0;0;0;1;0
19;1.0;37.7;24.0;57.3;21.0;39.7;30;3;10;2;4.0;4.0;1.0;24-09-2024;14.44;0;28;710;325;60;1;0;0;0;0;0;0;0;1;0;0;0;0;0;1;0;0;0;0;1;0;0
20;0.0;9.0;13.0;79.9;23.0;28.5;47;4;7;0;3.0;;3.0;11-09-2024;16.48;0;30;810;265;81;0;0;0;0;0;0;1;0;1;0;0;0;0;0;0;1;0;0;0;1;0;0
22;3.0;6.4;21.0;94.4;44.0;98.1;125;0;12;12;5.0;4.0;3.0;03-09-2024;19.68;0;30;620;263;66;0;0;0;0;0;0;0;1;1;0;0;0;0;1;0;0;0;0;0;0;1;0
20;2.0;0.8;16.0;95.5;35.0;74.9;53;2;10;5;5.0;4.0;3.0;23-09-2024;16.62;0;30;810;265;81;0;0;0;0;0;0;1;0;1;0;0;0;0;0;0;1;0;0;0;0;0;1
18;3.0;;18.0;71.8;55.0;87.1;102;4;7;6;4.0;4.0;1.0;03-09-2024;19.2;0;30;930;293;75;0;0;1;0;0;0;0;0;1;0;0;0;0;0;0;0;1;0;1;0;0;0
19;0.0;4.2;11.0;84.2;20.0;22.4;19;5;9;3;3.0;3.0;4.0;18-09-2024;13.77;0;30;830;282;65;0;1;0;0;0;0;0;0;0;1;0;1;0;0;0;0;0;0;0;0;1;0
21;3.0;8.3;23.0;70.3;24.0;26.0;59;5;8;0;1.0;5.0;3.0;04-09-2024;14.42;0;30;620;263;66;0;0;0;0;0;0;0;1;0;1;0;0;0;1;0;0;0;0;0;1;0;0
17;;12.9;10.0;96.3;24.0;26.4;38;1;11;4;3.0;3.0;;19-09-2024;12.81;0;30;980;247;60;0;0;0;1;0;0;0;0;0;1;0;0;0;0;1;0;0;0;0;0;1;0
20;0.0;16.8;;97.9;26.0;51.5;40;4;7;5;4.0;4.0;3.0;23-09-2024;12.87;0;28;480;265;78;0;0;0;0;1;0;0;0;0;0;1;0;1;0;0;0;0;0;0;0;1;0
17;0.0;14.5;0.0;87.8;46.0;81.8;81;1;11;2;4.0;3.0;3.0;09-09-2024;18.27;0;30;980;247;60;0;0;0;1;0;0;0;0;1;0;0;0;0;0;1;0;0;0;0;0;0;1
18;0.0;;0.0;72.2;10.0;15.7;18;5;5;1;3.0;3.0;2.0;09-09-2024;5.83;1;30;810;265;81;0;0;0;0;0;0;1;0;1;0;0;0;0;0;0;1;0;0;0;1;0;0
21;2.0;1.6;3.0;66.5;3.0;6.6;20;6;9;0;1.0;3.0;2.0;17-09-2024;5.39;1;30;930;293;75;0;0;1;0;0;0;0;0;1;0;0;0;0;0;0;0;1;0;0;0;1;0
19;0.0;3.4;10.0;69.8;32.0;47.0;62;4;6;0;2.0;2.0;3.0;24-09-2024;7.63;1;28;710;325;60;1;0;0;0;0;0;0;0;1;0;0;0;0;0;1;0;0;0;0;0;1;0
18;2.0;28.1;0.0;59.6;8.0;9.6;20;6;6;1;2.0;3.0;2.0;16-09-2024;3.22;1;30;830;282;65;0;1;0;0;0;0;0;0;0;0;1;1;0;0;0;0;0;0;0;0;1;0
22;0.0;7.5;14.0;85.0;;26.3;78;4;8;4;3.0;;3.0;13-09-2024;13.09;0;30;830;282;65;0;1;0;0;0;0;0;0;1;0;0;1;0;0;0;0;0;0;0;0;1;0
18;3.0;10.6;9.0;82.8;28.0;52.2;82;2;7;5;3.0;4.0;3.0;25-09-2024;16.89;0;28;550;256;64;0;0;0;0;0;1;0;0;0;0;1;0;0;0;1;0;0;0;0;0;1;0
20;0.0;5.0;23.0;62.6;14.0;17.9;40;7;7;0;2.0;4.0;2.0;17-09-2024;3.76;1;30;830;282;65;0;1;0;0;0;0;0;0;0;1;0;1;0;0;0;0;0;0;0;0;1;0
24;2.0;38.2;11.0;94.1;41.0;39.9;91;1;10;5;3.0;4.0;4.0;04-09-2024;16.74;0;30;930;293;75;0;0;1;0;0;0;0;0;0;0;1;0;0;0;0;0;1;0;0;0;1;0
22;0.0;;11.0;77.3;25.0;45.5;39;6;9;3;3.0;1.0;3.0;17-09-2024;8.43;1;28;550;256;64;0;0;0;0;0;1;0;0;1;0;0;0;0;0;1;0;0;0;0;0;1;0
23;1.0;57.8;23.0;67.0;24.0;33.6;69;4;7;2;2.0;1.0;1.0;03-09-2024;4.2;1;30;980;247;60;0;0;0;1;0;0;0;0;0;0;1;0;0;0;1;0;0;0;1;0;0;0
22;1.0;20.4;0.0;87.8;27.0;38.1;65;2;7;6;5.0;4.0;2.0;13-09-2024;16.49;0;30;620;263;66;0;0;0;0;0;0;0;1;0;0;1;0;0;1;0;0;0;0;0;0;1;0
19;3.0;0.9;;89.1;48.0;107.7;109;3;9;6;5.0;3.0;4.0;12-09-2024;19.33;0;30;810;265;81;0;0;0;0;0;0;1;0;1;0;0;0;0;0;0;1;0;0;0;1;0;0
21;1.0;10.1;14.0;61.0;28.0;36.0;52;7;7;0;1.0;;2.0;12-09-2024;6.14;1;28;480;265;78;0;0;0;0;1;0;0;0;0;0;1;0;1;0;0;0;0;0;0;0;1;0
18;1.0;18.7;11.0;71.8;30.0;47.6;55;3;6;2;3.0;3.0;2.0;18-09-2024;15.63;0;30;810;265;81;0;0;0;0;0;0;1;0;1;0;0;0;0;0;0;1;0;0;1;0;0;0
17;0.0;22.5;3.0;97.2;27.0;45.9;60;3;11;6;5.0;5.0;2.0;23-09-2024;19.49;0;28;710;325;60;1;0;0;0;0;0;0;0;1;0;0;0;0;0;1;0;0;0;1;0;0;0
21;0.0;9.9;0.0;87.9;27.0;44.6;51;8;8;2;4.0;2.0;3.0;23-09-2024;18.38;0;28;480;265;78;0;0;0;0;1;0;0;0;1;0;0;0;1;0;0;0;0;0;0;0;1;0
21;0.0;14.6;4.0;97.9;22.0;26.4;39;2;8;7;4.0;4.0;4.0;06-09-2024;17.06;0;30;620;263;66;0;0;0;0;0;0;0;1;1;0;0;0;0;1;0;0;0;0;0;0;1;0
19;0.0;4.1;0.0;77.2;22.0;45.8;47;4;8;1;2.0;5.0;2.0;24-09-2024;3.53;1;30;980;247;60;0;0;0;1;0;0;0;0;0;1;0;0;0;0;1;0;0;0;1;0;0;0
17;0.0;17.5;0.0;62.3;3.0;4.6;4;7;7;0;1.0;5.0;3.0;18-09-2024;2.33;1;30;620;263;66;0;0;0;0;0;0;0;1;0;1;0;0;0;1;0;0;0;0;0;0;1;0
18;0.0;0.2;10.0;70.7;3.0;0.3;23;9;10;2;;2.0;3.0;20-09-2024;8.23;1;28;480;265;78;0;0;0;0;1;0;0;0;1;0;0;0;1;0;0;0;0;0;0;0;1;0
21;0.0;29.3;8.0;68.2;;66.2;53;1;8;5;4.0;3.0;4.0;09-09-2024;16.94;0;30;620;263;66;0;0;0;0;0;0;0;1;1;0;0;0;0;1;0;0;0;0;0;0;0;1
21;2.0;13.5;25.0;83.9;13.0;24.7;22;5;8;2;4.0;2.0;3.0;19-09-2024;4.96;1;30;620;263;66;0;0;0;0;0;0;0;1;0;0;1;0;0;1;0;0;0;0;0;0;1;0
21;2.0;12.3;25.0;89.9;15.0;18.1;41;7;7;5;3.0;2.0;3.0;09-09-2024;16.49;0;28;550;256;64;0;0;0;0;0;1;0;0;1;0;0;0;0;0;1;0;0;0;0;0;1;0
21;;24.8;23.0;77.7;13.0;23.6;20;0;7;5;3.0;3.0;4.0;10-09-2024;11.69;0;28;550;256;64;0;0;0;0;0;1;0;0;1;0;0;0;0;0;1;0;0;0;0;1;0;0
22;3.0;11.3;26.0;78.4;36.0;27.5;60;3;11;2;2.0;4.0;3.0;11-09-2024;17.31;0;30;930;293;75;0;0;1;0;0;0;0;0;1;0;0;0;0;0;0;0;1;0;0;0;1;0
19;1.0;77.1;13.0;84.5;35.0;43.2;84;3;7;0;3.0;5.0;1.0;20-09-2024;13.94;0;30;830;282;65;0;1;0;0;0;0;0;0;1;0;0;1;0;0;0;0;0;0;1;0;0;0
19;0.0;36.5;;89.6;57.0;66.2;144;0;9;14;5.0;5.0;2.0;20-09-2024;19.58;0;30;980;247;60;0;0;0;1;0;0;0;0;0;0;1;0;0;0;1;0;0;0;0;0;1;0
21;0.0;14.2;0.0;83.6;26.0;25.6;50;7;8;4;3.0;3.0;3.0;19-09-2024;13.94;0;30;930;293;75;0;0;1;0;0;0;0;0;1;0;0;0;0;0;0;0;1;0;0;1;0;0
18;0.0;3.1;19.0;93.4;37.0;30.5;57;6;11;1;2.0;3.0;5.0;03-09-2024;14.04;0;30;810;265;81;0;0;0;0;0;0;1;0;0;0;1;0;0;0;0;1;0;0;0;0;1;0
20;1.0;0.4;0.0;65.1;3.0;7.3;19;4;6;0;3.0;;1.0;16-09-2024;3.88;1;30;620;263;66;0;0;0;0;0;0;0;1;1;0;0;0;0;1;0;0;0;0;0;0;1;0
17;3.0;28.8;0.0;62.8;3.0;4.9;4;4;4;0;2.0;;1.0;19-09-2024;5.42;1;30;980;247;60;0;0;0;1;0;0;0;0;1;0;0;0;0;0;1;0;0;0;0;0;1;0
18;0.0;7.7;10.0;84.1;26.0;43.8;39;3;10;3;5.0;5.0;;02-09-2024;16.27;0;30;810;265;81;0;0;0;0;0;0;1;0;1;0;0;0;0;0;0;1;0;0;0;1;0;0
20;1.0;1.8;13.0;64.8;15.0;25.9;37;3;10;2;3.0;5.0;3.0;17-09-2024;10.03;0;30;810;265;81;0;0;0;0;0;0;1;0;0;1;0;0;0;0;0;1;0;0;0;0;1;0
19;2.0;2.2;9.0;54.5;0.0;0.0;0;5;5;0;2.0;3.0;2.0;10-09-2024;14.53;0;30;930;293;75;0;0;1;0;0;0;0;0;0;0;1;0;0;0;0;0;1;0;0;0;1;0
20;3.0;13.9;14.0;73.0;27.0;44.8;46;7;7;3;4.0;4.0;2.0;17-09-2024;7.87;1;30;830;282;65;0;1;0;0;0;0;0;0;1;0;0;1;0;0;0;0;0;0;0;0;1;0
23;0.0;7.1;5.0;89.0;58.0;60.9;131;2;11;3;4.0;;;10-09-2024;17.25;0;30;620;263;66;0;0;0;0;0;0;0;1;1;0;0;0;0;1;0;0;0;0;0;0;1;0
18;0.0;7.1;7.0;77.2;18.0;23.1;46;3;8;2;3.0;3.0;2.0;26-09-2024;9.21;1;30;980;247;60;0;0;0;1;0;0;0;0;1;0;0;0;0;0;1;0;0;0;0;0;1;0
23;1.0;5.6;16.0;78.0;50.0;66.8;82;0;8;7;4.0;4.0;4.0;16-09-2024;17.25;0;30;810;265;81;0;0;0;0;0;0;1;0;0;0;1;0;0;0;0;1;0;0;0;0;1;0
18;1.0;;8.0;84.9;34.0;57.1;76;2;9;5;4.0;4.0;5.0;06-09-2024;17.85;0;30;620;263;66;0;0;0;0;0;0;0;1;1;0;0;0;0;1;0;0;0;0;0;0;0;1
17;0.0;17.3;0.0;78.4;23.0;36.9;39;4;6;3;3.0;2.0;2.0;27-09-2024;16.74;0;30;620;263;66;0;0;0;0;0;0;0;1;1;0;0;0;0;1;0;0;0;0;0;1;0;0
18;1.0;21.6;0.0;68.3;42.0;54.4;72;6;12;3;4.0;3.0;2.0;10-09-2024;17.08;0;30;830;282;65;0;1;0;0;0;0;0;0;0;0;1;1;0;0;0;0;0;0;0;0;0;1
18;1.0;0.7;0.0;67.4;31.0;49.2;48;2;6;3;4.0;4.0;4.0;10-09-2024;13.35;0;30;930;293;75;0;0;1;0;0;0;0;0;1;0;0;0;0;0;0;0;1;0;0;0;1;0
18;1.0;10.5;11.0;97.9;43.0;71.6;79;0;8;7;5.0;5.0;5.0;05-09-2024;18.08;0;30;810;265;81;0;0;0;0;0;0;1;0;1;0;0;0;0;0;0;1;0;1;0;0;0;0
20;0.0;8.5;0.0;79.6;26.0;32.0;48;6;7;2;1.0;2.0;3.0;11-09-2024;5.11;1;28;480;265;78;0;0;0;0;1;0;0;0;0;1;0;0;1;0;0;0;0;0;0;0;1;0
18;1.0;8.8;28.0;65.9;23.0;39.0;41;3;8;0;3.0;3.0;2.0;13-09-2024;5.22;1;30;620;263;66;0;0;0;0;0;0;0;1;1;0;0;0;0;1;0;0;0;0;1;0;0;0
19;2.0;3.5;0.0;84.9;7.0;11.4;31;6;6;2;3.0;4.0;2.0;13-09-2024;11.9;0;30;980;247;60;0;0;0;1;0;0;0;0;0;0;1;0;0;0;1;0;0;0;0;0;1;0
18;3.0;10.2;10.0;82.4;40.0;68.5;92;4;11;9;4.0;3.0;4.0;25-09-2024;18.49;0;30;620;263;66;0;0;0;0;0;0;0;1;0;1;0;0;0;1;0;0;0;0;0;0;1;0
21;2.0;;18.0;61.1;17.0;39.4;42;4;7;1;3.0;4.0;1.0;12-09-2024;5.95;1;28;550;256;64;0;0;0;0;0;1;0;0;0;0;1;0;0;0;1;0;0;0;0;0;1;0
18;1.0;9.3;13.0;67.4;30.0;55.0;62;4;11;4;3.0;2.0;4.0;05-09-2024;8.22;1;30;620;263;66;0;0;0;0;0;0;0;1;1;0;0;0;0;1;0;0;0;0;0;0;1;0
20;0.0;18.4;;72.2;18.0;22.9;29;5;5;1;3.0;3.0;2.0;03-09-2024;2.61;1;28;710;325;60;1;0;0;0;0;0;0;0;0;0;1;0;0;0;1;0;0;0;0;0;1;0
19;1.0;7.5;13.0;73.5;25.0;41.2;69;3;8;3;4.0;3.0;4.0;19-09-2024;16.5;0;30;620;263;66;0;0;0;0;0;0;0;1;1;0;0;0;0;1;0;0;0;0;0;0;1;0
18;1.0;13.7;0.0;76.6;31.0;29.7;52;4;8;4;3.0;4.0;3.0;25-09-2024;12.98;0;28;550;256;64;0;0;0;0;0;1;0;0;1;0;0;0;0;0;1;0;0;0;0;0;1;0
18;1.0;8.9;;80.0;31.0;42.9;59;6;7;2;3.0;4.0;2.0;26-09-2024;13.97;0;28;710;325;60;1;0;0;0;0;0;0;0;1;0;0;0;0;0;1;0;0;0;0;0;1;0
20;2.0;9.8;0.0;62.1;38.0;58.6;96;7;8;1;2.0;2.0;1.0;18-09-2024;12.76;0;28;480;265;78;0;0;0;0;1;0;0;0;0;0;1;0;1;0;0;0;0;0;0;0;1;0
19;0.0;3.3;9.0;90.2;25.0;34.9;55;2;10;6;4.0;4.0;4.0;11-09-2024;14.2;0;30;830;282;65;0;1;0;0;0;0;0;0;1;0;0;1;0;0;0;0;0;0;0;0;1;0
20;1.0;9.7;0.0;91.4;35.0;49.6;86;0;13;8;4.0;3.0;4.0;12-09-2024;16.72;0;28;710;325;60;1;0;0;0;0;0;0;0;1;0;0;0;0;0;1;0;0;0;0;0;1;0
18;0.0;83.0;14.0;80.9;39.0;64.3;87;2;8;3;3.0;2.0;2.0;27-09-2024;16.53;0;30;930;293;75;0;0;1;0;0;0;0;0;0;0;1;0;0;0;0;0;1;0;0;0;1;0
23;2.0;31.8;0.0;96.9;61.0;26.0;114;0;10;8;5.0;4.0;5.0;23-09-2024;19.86;0;30;980;247;60;0;0;0;1;0;0;0;0;1;0;0;0;0;0;1;0;0;0;0;0;1;0
24;1.0;17.2;;77.2;39.0;53.8;89;5;9;3;4.0;5.0;;17-09-2024;16.57;0;28;550;256;64;0;0;0;0;0;1;0;0;0;0;1;0;0;0;1;0;0;0;0;0;1;0
20;0.0;;0.0;87.0;18.0;34.0;31;3;12;3;3.0;4.0;4.0;18-09-2024;16.48;0;28;550;256;64;0;0;0;0;0;1;0;0;1;0;0;0;0;0;1;0;0;0;0;0;1;0
19;0.0;0.7;23.0;97.4;39.0;24.1;94;2;13;6;4.0;4.0;5.0;25-09-2024;13.28;0;28;480;265;78;0;0;0;0;1;0;0;0;1;0;0;0;1;0;0;0;0;0;0;0;1;0
21;1.0;6.7;11.0;94.7;45.0;88.0;91;1;12;9;5.0;5.0;5.0;02-09-2024;19.32;0;30;980;247;60;0;0;0;1;0;0;0;0;1;0;0;0;0;0;1;0;0;0;0;0;1;0
18;2.0;4.3;21.0;73.2;48.0;54.3;133;4;7;5;4.0;3.0;2.0;11-09-2024;17.19;0;30;930;293;75;0;0;1;0;0;0;0;0;0;1;0;0;0;0;0;0;1;0;0;0;1;0
23;2.0;12.7;;71.6;24.0;26.4;38;1;11;5;3.0;3.0;3.0;24-09-2024;6.93;1;28;550;256;64;0;0;0;0;0;1;0;0;1;0;0;0;0;0;1;0;0;0;0;0;1;0
18;3.0;5.7;16.0;89.6;39.0;82.6;74;5;7;4;5.0;;2.0;02-09-2024;15.23;0;30;620;263;66;0;0;0;0;0;0;0;1;0;1;0;0;0;1;0;0;0;0;0;0;1;0
19;1.0;26.5;11.0;48.8;;9.8;1;5;5;0;1.0;1.0;2.0;10-09-2024;4.74;1;30;930;293;75;0;0;1;0;0;0;0;0;1;0;0;0;0;0;0;0;1;0;0;0;1;0
19;1.0;22.7;0.0;70.4;18.0;29.7;43;4;10;1;5.0;3.0;3.0;04-09-2024;14.85;0;30;980;247;60;0;0;0;1;0;0;0;0;1;0;0;0;0;0;1;0;0;0;0;0;1;0
21;1.0;11.3;23.0;67.9;20.0;25.8;61;3;8;4;2.0;2.0;4.0;02-09-2024;4.33;1;28;710;325;60;1;0;0;0;0;0;0;0;0;0;1;0;0;0;1;0;0;0;0;0;1;0
17;0.0;1.3;0.0;68.9;50.0;82.0;99;4;8;1;3.0;4.0;5.0;27-09-2024;14.05;0;30;810;265;81;0;0;0;0;0;0;1;0;1;0;0;0;0;0;0;1;0;0;0;0;1;0
19;0.0;6.2;4.0;63.4;18.0;13.4;48;3;5;0;3.0;4.0;3.0;12-09-2024;4.79;1;30;930;293;75;0;0;1;0;0;0;0;0;0;1;0;0;0;0;0;0;1;0;0;0;0;1
17;;5.6;0.0;83.6;22.0;25.6;49;5;9;1;3.0;4.0;3.0;05-09-2024;16.92;0;30;930;293;75;0;0;1;0;0;0;0;0;1;0;0;0;0;0;0;0;1;0;0;0;1;0
17;0.0;5.7;0.0;65.2;19.0;23.9;52;5;5;0;1.0;3.0;2.0;10-09-2024;1.49;1;30;620;263;66;0;0;0;0;0;0;0;1;0;1;0;0;0;1;0;0;0;0;0;0;1;0
22;2.0;;0.0;59.4;32.0;73.0;66;3;7;5;3.0;5.0;4.0;09-09-2024;17.68;0;28;480;265;78;0;0;0;0;1;0;0;0;1;0;0;0;1;0;0;0;0;0;0;0;1;0
21;0.0;25.0;14.0;69.7;25.0;32.1;37;3;8;1;2.0;2.0;1.0;18-09-2024;7.53;1;30;930;293;75;0;0;1;0;0;0;0;0;0;0;1;0;0;0;0;0;1;0;0;0;1;0
19;2.0;8.6;0.0;70.0;31.0;47.8;91;8;8;4;3.0;4.0;3.0;27-09-2024;16.82;0;28;480;265;78;0;0;0;0;1;0;0;0;1;0;0;0;1;0;0;0;0;0;0;0;1;0
17;1.0;2.7;15.0;90.7;51.0;101.7;90;0;9;7;5.0;3.0;3.0;19-09-2024;18.68;0;28;710;325;60;1;0;0;0;0;0;0;0;0;0;1;0;0;0;1;0;0;0;0;0;1;0
18;0.0;;0.0;61.8;25.0;44.5;43;7;7;0;3.0;3.0;1.0;27-09-2024;5.48;1;28;550;256;64;0;0;0;0;0;1;0;0;1;0;0;0;0;0;1;0;0;0;0;0;1;0
18;1.0;35.4;20.0;78.0;9.0;18.2;8;4;10;4;;3.0;2.0;05-09-2024;5.61;1;30;930;293;75;0;0;1;0;0;0;0;0;0;0;1;0;0;0;0;0;1;0;0;0;0;1
17;0.0;8.3;6.0;65.4;36.0;73.5;79;3;7;5;1.0;4.0;3.0;05-09-2024;17.82;0;30;830;282;65;0;1;0;0;0;0;0;0;1;0;0;1;0;0;0;0;0;0;0;1;0;0
17;2.0;6.7;20.0;87.8;62.0;137.5;151;2;8;2;5.0;4.0;4.0;20-09-2024;19.16;0;30;810;265;81;0;0;0;0;0;0;1;0;1;0;0;0;0;0;0;1;0;0;0;0;1;0
19;1.0;12.1;13.0;59.7;3.0;4.5;7;4;7;0;3.0;3.0;1.0;05-09-2024;5.75;1;30;980;247;60;0;0;0;1;0;0;0;0;0;0;1;0;0;0;1;0;0;0;0;0;1;0
18;1.0;9.6;0.0;80.7;10.0;13.6;16;3;8;1;2.0;;1.0;10-09-2024;4.16;1;28;550;256;64;0;0;0;0;0;1;0;0;0;1;0;0;0;0;1;0;0;0;0;0;1;0
20;1.0;14.9;;64.0;12.0;17.8;29;6;6;0;2.0;3.0;2.0;16-09-2024;4.34;1;30;810;265;81;0;0;0;0;0;0;1;0;0;0;1;0;0;0;0;1;0;0;0;0;1;0
20;2.0;0.7;9.0;99.8;35.0;57.9;50;5;9;4;5.0;3.0;1.0;17-09-2024;17.42;0;28;710;325;60;1;0;0;0;0;0;0;0;1;0;0;0;0;0;1;0;0;0;0;0;1;0
21;0.0;5.7;7.0;75.4;20.0;35.3;55;3;8;4;2.0;3.0;4.0;04-09-2024;15.6;0;28;550;256;64;0;0;0;0;0;1;0;0;0;0;1;0;0;0;1;0;0;0;0;0;1;0
17;0.0;13.3;0.0;78.2;12.0;22.1;22;5;5;3;1.0;;4.0;06-09-2024;13.77;0;30;810;265;81;0;0;0;0;0;0;1;0;1;0;0;0;0;0;0;1;0;0;0;0;1;0
19;1.0;10.2;14.0;76.8;26.0;24.0;57;4;10;1;3.0;4.0;4.0;24-09-2024;11.43;0;30;830;282;65;0;1;0;0;0;0;0;0;1;0;0;1;0;0;0;0;0;0;0;1;0;0
20;0.0;11.5;8.0;95.1;27.0;23.7;50;4;7;6;4.0;5.0;3.0;04-09-2024;14.93;0;28;710;325;60;1;0;0;0;0;0;0;0;0;1;0;0;0;0;1;0;0;0;0;0;1;0
18;0.0;32.4;;71.2;23.0;28.3;46;6;6;0;3.0;3.0;3.0;13-09-2024;6.2;1;28;480;265;78;0;0;0;0;1;0;0;0;1;0;0;0;1;0;0;0;0;0;0;1;0;0
18;1.0;18.4;0.0;63.5;20.0;25.8;63;0;10;0;3.0;3.0;2.0;09-09-2024;15.58;0;30;830;282;65;0;1;0;0;0;0;0;0;1;0;0;1;0;0;0;0;0;0;0;0;1;0
20;2.0;10.7;0.0;73.2;26.0;49.6;50;7;7;0;4.0;3.0;4.0;03-09-2024;5.9;1;28;710;325;60;1;0;0;0;0;0;0;0;0;0;1;0;0;0;1;0;0;0;0;0;1;0
20;2.0;2.3;15.0;78.2;50.0;65.6;131;2;11;5;5.0;4.0;5.0;13-09-2024;19.59;0;30;930;293;75;0;0;1;0;0;0;0;0;0;0;1;0;0;0;0;0;1;0;0;0;1;0
19;0.0;;16.0;87.9;20.0;37.7;32;9;10;2;4.0;4.0;2.0;17-09-2024;11.56;0;28;480;265;78;0;0;0;0;1;0;0;0;1;0;0;0;1;0;0;0;0;0;0;0;1;0
20;;8.9;24.0;80.7;20.0;11.7;67;2;7;2;2.0;3.0;4.0;27-09-2024;4.45;1;30;810;265;81;0;0;0;0;0;0;1;0;1;0;0;0;0;0;0;1;0;0;0;1;0;0
22;1.0;20.4;9.0;85.5;38.0;62.3;95;1;11;4;4.0;3.0;4.0;09-09-2024;17.84;0;30;830;282;65;0;1;0;0;0;0;0;0;1;0;0;1;0;0;0;0;0;0;0;0;1;0
24;2.0;25.7;;66.6;25.0;36.4;67;4;8;1;3.0;4.0;1.0;26-09-2024;9.25;1;28;710;325;60;1;0;0;0;0;0;0;0;0;0;1;0;0;0;1;0;0;0;0;0;1;0
19;0.0;10.1;3.0;89.4;44.0;78.3;87;3;7;3;5.0;3.0;5.0;02-09-2024;19.77;0;30;980;247;60;0;0;0;1;0;0;0;0;1;0;0;0;0;0;1;0;0;0;0;0;1;0
18;0.0;11.2;16.0;86.1;21.0;30.6;38;4;7;1;;4.0;2.0;10-09-2024;6.33;1;30;980;247;60;0;0;0;1;0;0;0;0;1;0;0;0;0;0;1;0;0;0;0;0;1;0
23;2.0;27.6;6.0;65.2;19.0;16.2;33;4;9;0;4.0;;2.0;24-09-2024;16.93;0;28;710;325;60;1;0;0;0;0;0;0;0;1;0;0;0;0;0;1;0;0;0;0;0;1;0
19;0.0;1.7;;92.5;14.0;26.4;30;8;8;2;2.0;3.0;3.0;19-09-2024;12.45;0;28;550;256;64;0;0;0;0;0;1;0;0;0;0;1;0;0;0;1;0;0;1;0;0;0;0
22;1.0;7.6;0.0;87.7;;59.1;76;3;8;6;5.0;2.0;4.0;27-09-2024;16.28;0;28;710;325;60;1;0;0;0;0;0;0;0;1;0;0;0;0;0;1;0;0;0;0;0;1;0
20;1.0;39.9;0.0;87.7;34.0;19.9;79;4;11;4;4.0;;4.0;10-09-2024;17.61;0;28;480;265;78;0;0;0;0;1;0;0;0;1;0;0;0;1;0;0;0;0;0;0;0;1;0
18;1.0;6.1;0.0;77.6;37.0;41.9;80;1;12;2;4.0;;4.0;18-09-2024;16.31;0;28;710;325;60;1;0;0;0;0;0;0;0;1;0;0;0;0;0;1;0;0;0;1;0;0;0
19;2.0;3.1;23.0;68.0;9.0;10.4;28;9;9;0;1.0;2.0;1.0;26-09-2024;1.84;1;30;810;265;81;0;0;0;0;0;0;1;0;0;0;1;0;0;0;0;1;0;0;0;1;0;0
17;0.0;30.3;20.0;66.8;18.0;26.9;18;7;7;0;1.0;4.0;1.0;09-09-2024;0.48;1;28;550;256;64;0;0;0;0;0;1;0;0;0;0;1;0;0;0;1;0;0;0;0;0;1;0
20;0.0;13.4;;71.2;;4.7;7;3;6;2;;3.0;2.0;12-09-2024;12.46;0;28;480;265;78;0;0;0;0;1;0;0;0;1;0;0;0;1;0;0;0;0;0;0;0;1;0
19;0.0;36.1;0.0;91.4;39.0;73.6;88;0;12;7;5.0;5.0;3.0;16-09-2024;18.8;0;30;980;247;60;0;0;0;1;0;0;0;0;1;0;0;0;0;0;1;0;0;1;0;0;0;0
22;2.0;37.9;26.0;78.8;21.0;11.3;42;3;12;6;4.0;4.0;3.0;24-09-2024;6.06;1;30;930;293;75;0;0;1;0;0;0;0;0;1;0;0;0;0;0;0;0;1;0;0;0;1;0
21;2.0;40.8;8.0;88.2;30.0;39.6;60;5;8;3;3.0;2.0;1.0;12-09-2024;18.1;0;30;980;247;60;0;0;0;1;0;0;0;0;1;0;0;0;0;0;1;0;0;0;0;0;1;0
19;1.0;15.8;0.0;64.3;21.0;36.8;47;5;5;1;3.0;2.0;1.0;26-09-2024;7.58;1;30;980;247;60;0;0;0;1;0;0;0;0;1;0;0;0;0;0;1;0;0;0;0;0;1;0
18;0.0;6.7;;84.7;15.0;19.6;35;7;9;2;;4.0;2.0;26-09-2024;10.91;0;30;930;293;75;0;0;1;0;0;0;0;0;0;0;1;0;0;0;0;0;1;0;0;1;0;0
18;1.0;15.1;13.0;78.1;47.0;48.8;118;5;8;6;3.0;5.0;3.0;11-09-2024;14.23;0;30;620;263;66;0;0;0;0;0;0;0;1;0;0;1;0;0;1;0;0;0;0;0;0;1;0
19;;;6.0;79.8;41.0;86.3;74;3;12;8;5.0;3.0;1.0;12-09-2024;17.87;0;30;620;263;66;0;0;0;0;0;0;0;1;1;0;0;0;0;1;0;0;0;0;0;1;0;0
18;0.0;16.1;16.0;62.9;9.0;15.4;32;3;7;2;2.0;2.0;2.0;27-09-2024;14.63;0;30;830;282;65;0;1;0;0;0;0;0;0;1;0;0;1;0;0;0;0;0;0;0;0;1;0
18;0.0;8.1;18.0;80.3;27.0;45.2;68;3;12;1;5.0;3.0;2.0;04-09-2024;16.39;0;28;710;325;60;1;0;0;0;0;0;0;0;1;0;0;0;0;0;1;0;0;0;0;0;1;0
20;1.0;7.9;13.0;75.1;21.0;34.4;51;7;7;1;3.0;1.0;2.0;19-09-2024;14.57;0;30;930;293;75;0;0;1;0;0;0;0;0;1;0;0;0;0;0;0;0;1;0;0;0;1;0
21;2.0;6.6;10.0;90.5;9.0;8.1;32;8;9;0;3.0;4.0;3.0;24-09-2024;16.56;0;30;830;282;65;0;1;0;0;0;0;0;0;1;0;0;1;0;0;0;0;0;0;0;0;1;0
19;1.0;48.6;10.0;61.0;26.0;43.7;59;5;9;0;1.0;;2.0;26-09-2024;2.13;1;28;480;265;78;0;0;0;0;1;0;0;0;1;0;0;0;1;0;0;0;0;0;0;0;1;0
17;2.0;;0.0;83.5;29.0;27.0;77;7;7;4;5.0;4.0;4.0;12-09-2024;17.58;0;30;810;265;81;0;0;0;0;0;0;1;0;1;0;0;0;0;0;0;1;0;0;0;0;1;0
19;1.0;2.9;14.0;89.3;64.0;54.5;138;0;8;10;5.0;3.0;5.0;02-09-2024;19.48;0;30;620;263;66;0;0;0;0;0;0;0;1;1;0;0;0;0;1;0;0;0;0;1;0;0;0
19;0.0;56.1;0.0;77.1;33.0;58.5;82;4;7;4;3.0;3.0;4.0;11-09-2024;15.59;0;28;710;325;60;1;0;0;0;0;0;0;0;0;0;1;0;0;0;1;0;0;0;0;0;1;0
24;1.0;10.8;0.0;74.4;37.0;34.9;79;0;7;4;3.0;;3.0;02-09-2024;17.29;0;28;550;256;64;0;0;0;0;0;1;0;0;0;1;0;0;0;0;1;0;0;0;0;1;0;0
17;0.0;8.7;14.0;71.9;11.0;17.5;12;8;8;0;3.0;4.0;2.0;09-09-2024;6.98;1;30;810;265;81;0;0;0;0;0;0;1;0;1;0;0;0;0;0;0;1;0;0;0;0;1;0
21;2.0;12.9;0.0;74.5;35.0;44.2;75;3;7;2;2.0;4.0;3.0;13-09-2024;17.4;0;30;980;247;60;0;0;0;1;0;0;0;0;1;0;0;0;0;0;1;0;0;0;0;0;1;0
18;0.0;6.5;8.0;79.4;19.0;45.6;22;6;6;1;3.0;3.0;2.0;10-09-2024;7.16;1;30;830;282;65;0;1;0;0;0;0;0;0;1;0;0;1;0;0;0;0;0;0;0;0;1;0
17;0.0;28.7;9.0;76.6;43.0;81.1;60;2;8;6;4.0;3.0;2.0;27-09-2024;16.78;0;30;930;293;75;0;0;1;0;0;0;0;0;1;0;0;0;0;0;0;0;1;0;0;0;1;0
19;0.0;15.8;11.0;99.4;30.0;57.8;65;1;10;11;4.0;5.0;4.0;16-09-2024;17.53;0;28;480;265;78;0;0;0;0;1;0;0;0;0;0;1;0;1;0;0;0;0;0;0;1;0;0
18;3.0;44.1;;80.4;38.0;65.9;77;5;5;6;5.0;3.0;2.0;26-09-2024;17.5;0;30;830;282;65;0;1;0;0;0;0;0;0;1;0;0;1;0;0;0;0;0;0;0;1;0;0
20;1.0;5.2;11.0;76.6;27.0;43.3;62;4;10;4;4.0;3.0;3.0;17-09-2024;15.02;0;28;550;256;64;0;0;0;0;0;1;0;0;0;0;1;0;0;0;1;0;0;0;1;0;0;0
19;3.0;2.8;23.0;93.1;38.0;78.6;104;3;11;6;2.0;3.0;3.0;05-09-2024;17.51;0;30;980;247;60;0;0;0;1;0;0;0;0;1;0;0;0;0;0;1;0;0;0;0;0;1;0
19;2.0;9.8;3.0;84.3;29.0;60.3;61;7;7;1;1.0;4.0;3.0;16-09-2024;12.31;0;30;810;265;81;0;0;0;0;0;0;1;0;0;0;1;0;0;0;0;1;0;0;0;1;0;0
22;0.0;1.8;16.0;55.4;3.0;0.3;5;2;2;1;1.0;3.0;2.0;10-09-2024;0.57;1;30;810;265;81;0;0;0;0;0;0;1;0;1;0;0;0;0;0;0;1;0;0;0;0;1;0
18;0.0;18.9;14.0;70.2;23.0;34.8;32;2;9;4;3.0;;3.0;26-09-2024;12.73;0;30;930;293;75;0;0;1;0;0;0;0;0;0;1;0;0;0;0;0;0;1;0;0;0;1;0
20;0.0;3.9;25.0;85.6;25.0;27.7;62;2;8;0;3.0;4.0;1.0;04-09-2024;15.18;0;30;810;265;81;0;0;0;0;0;0;1;0;1;0;0;0;0;0;0;1;0;0;0;0;1;0
20;0.0;23.2;0.0;98.7;40.0;32.5;93;0;8;7;4.0;4.0;1.0;16-09-2024;14.89;0;30;980;247;60;0;0;0;1;0;0;0;0;0;0;1;0;0;0;1;0;0;0;0;0;1;0
22;1.0;3.7;6.0;64.6;13.0;5.3;31;3;6;0;;2.0;1.0;25-09-2024;3.29;1;28;480;265;78;0;0;0;0;1;0;0;0;1;0;0;0;1;0;0;0;0;0;0;0;1;0
20;0.0;4.6;0.0;77.6;28.0;51.0;43;2;8;7;4.0;4.0;;27-09-2024;19.13;0;30;980;247;60;0;0;0;1;0;0;0;0;1;0;0;0;0;0;1;0;0;0;0;0;1;0
19;0.0;21.2;0.0;96.1;51.0;38.2;91;2;12;4;5.0;5.0;4.0;16-09-2024;19.07;0;30;980;247;60;0;0;0;1;0;0;0;0;0;0;1;0;0;0;1;0;0;0;0;1;0;0
19;2.0;9.5;;58.6;21.0;19.5;41;6;8;0;2.0;3.0;2.0;16-09-2024;6.7;1;30;930;293;75;0;0;1;0;0;0;0;0;1;0;0;0;0;0;0;0;1;0;0;0;1;0
21;1.0;11.8;0.0;80.1;42.0;62.8;78;4;8;3;4.0;;4.0;23-09-2024;18.55;0;30;980;247;60;0;0;0;1;0;0;0;0;1;0;0;0;0;0;1;0;0;0;0;0;1;0
22;0.0;16.4;0.0;91.7;41.0;63.1;92;1;10;2;5.0;5.0;5.0;26-09-2024;16.79;0;30;980;247;60;0;0;0;1;0;0;0;0;0;0;1;0;0;0;1;0;0;0;0;0;1;0
22;0.0;16.2;;73.5;21.0;23.7;55;1;5;3;2.0;4.0;3.0;27-09-2024;14.72;0;30;980;247;60;0;0;0;1;0;0;0;0;1;0;0;0;0;0;1;0;0;0;0;0;1;0
20;0.0;7.6;9.0;70.6;14.0;28.7;34;5;10;0;3.0;4.0;;17-09-2024;4.49;1;30;620;263;66;0;0;0;0;0;0;0;1;1;0;0;0;0;1;0;0;0;0;0;0;1;0
18;0.0;17.4;;73.2;35.0;54.6;100;5;9;0;1.0;3.0;2.0;06-09-2024;13.34;0;30;930;293;75;0;0;1;0;0;0;0;0;1;0;0;0;0;0;0;0;1;0;0;0;1;0
26;0.0;57.3;23.0;91.9;47.0;80.7;124;0;8;7;5.0;4.0;3.0;25-09-2024;17.17;0;30;830;282;65;0;1;0;0;0;0;0;0;1;0;0;1;0;0;0;0;0;0;0;0;1;0
19;2.0;0.5;;73.6;6.0;7.2;13;5;8;1;2.0;3.0;5.0;10-09-2024;6.0;1;30;980;247;60;0;0;0;1;0;0;0;0;0;1;0;0;0;0;1;0;0;0;0;0;1;0
22;0.0;3.7;0.0;68.2;13.0;15.4;32;1;7;2;3.0;4.0;2.0;12-09-2024;14.83;0;30;810;265;81;0;0;0;0;0;0;1;0;1;0;0;0;0;0;0;1;0;0;0;0;1;0
20;0.0;16.3;0.0;82.2;;15.2;26;3;7;3;;5.0;4.0;04-09-2024;17.39;0;30;620;263;66;0;0;0;0;0;0;0;1;1;0;0;0;0;1;0;0;0;0;0;0;1;0
20;0.0;1.0;0.0;87.8;34.0;47.4;67;2;8;5;3.0;5.0;5.0;03-09-2024;14.09;0;30;830;282;65;0;1;0;0;0;0;0;0;1;0;0;1;0;0;0;0;0;0;0;0;1;0
19;2.0;20.6;24.0;74.6;25.0;44.4;57;7;9;1;;4.0;4.0;05-09-2024;7.26;1;28;480;265;78;0;0;0;0;1;0;0;0;0;1;0;0;1;0;0;0;0;0;0;0;1;0
20;0.0;19.2;11.0;56.6;23.0;31.5;68;5;6;2;4.0;;3.0;05-09-2024;6.24;1;30;980;247;60;0;0;0;1;0;0;0;0;1;0;0;0;0;0;1;0;0;0;0;0;1;0
20;2.0;19.9;16.0;63.2;26.0;23.2;48;6;6;2;2.0;;3.0;04-09-2024;7.91;1;30;980;247;60;0;0;0;1;0;0;0;0;0;0;1;0;0;0;1;0;0;0;0;0;1;0
18;1.0;6.8;;72.0;25.0;42.9;43;3;7;2;3.0;4.0;3.0;26-09-2024;9.86;1;30;930;293;75;0;0;1;0;0;0;0;0;1;0;0;0;0;0;0;0;1;0;0;0;1;0
21;2.0;0.1;0.0;97.7;55.0;66.7;93;2;11;12;5.0;4.0;5.0;26-09-2024;19.09;0;28;480;265;78;0;0;0;0;1;0;0;0;0;0;1;0;1;0;0;0;0;0;0;0;1;0
20;0.0;11.9;0.0;64.1;30.0;50.2;84;7;7;2;2.0;1.0;3.0;25-09-2024;6.72;1;30;930;293;75;0;0;1;0;0;0;0;0;1;0;0;0;0;0;0;0;1;0;0;0;1;0
20;0.0;22.7;18.0;51.0;7.0;3.9;18;4;5;0;1.0;4.0;3.0;04-09-2024;0.53;1;28;480;265;78;0;0;0;0;1;0;0;0;0;1;0;0;1;0;0;0;0;0;0;0;1;0
22;2.0;9.9;0.0;82.6;21.0;22.1;42;5;5;2;;3.0;1.0;04-09-2024;6.55;1;28;550;256;64;0;0;0;0;0;1;0;0;0;0;1;0;0;0;1;0;0;0;0;0;1;0
21;2.0;23.9;21.0;86.3;11.0;13.9;31;2;9;4;;4.0;3.0;02-09-2024;16.55;0;30;810;265;81;0;0;0;0;0;0;1;0;1;0;0;0;0;0;0;1;0;0;0;0;1;0
17;2.0;40.7;0.0;77.4;3.0;4.6;3;9;9;0;2.0;3.0;2.0;12-09-2024;13.17;0;28;550;256;64;0;0;0;0;0;1;0;0;1;0;0;0;0;0;1;0;0;0;0;0;1;0
25;0.0;2.3;6.0;86.7;;43.0;89;4;8;1;2.0;4.0;4.0;10-09-2024;5.26;1;30;830;282;65;0;1;0;0;0;0;0;0;1;0;0;1;0;0;0;0;0;0;0;1;0;0
20;2.0;33.4;8.0;99.9;33.0;48.3;72;4;11;5;3.0;5.0;3.0;10-09-2024;15.25;0;30;810;265;81;0;0;0;0;0;0;1;0;0;0;1;0;0;0;0;1;0;0;1;0;0;0
18;2.0;44.4;0.0;93.6;18.0;40.0;36;2;8;3;3.0;5.0;3.0;25-09-2024;15.03;0;30;980;247;60;0;0;0;1;0;0;0;0;0;1;0;0;0;0;1;0;0;0;0;0;0;1
18;0.0;5.8;3.0;63.7;18.0;23.3;49;5;7;2;3.0;;2.0;05-09-2024;6.82;1;28;550;256;64;0;0;0;0;0;1;0;0;0;0;1;0;0;0;1;0;0;0;0;0;1;0
18;0.0;2.6;17.0;93.5;20.0;40.6;46;1;12;5;3.0;5.0;3.0;03-09-2024;17.0;0;28;550;256;64;0;0;0;0;0;1;0;0;1;0;0;0;0;0;1;0;0;0;0;0;1;0
18;2.0;3.1;19.0;72.8;19.0;39.6;45;5;5;1;2.0;3.0;2.0;20-09-2024;5.27;1;30;980;247;60;0;0;0;1;0;0;0;0;0;0;1;0;0;0;1;0;0;0;0;0;1;0
19;1.0;4.3;0.0;53.2;23.0;34.8;50;7;7;0;2.0;4.0;2.0;27-09-2024;4.03;1;30;930;293;75;0;0;1;0;0;0;0;0;1;0;0;0;0;0;0;0;1;0;0;0;1;0
21;1.0;21.6;0.0;74.9;24.0;31.8;53;1;6;2;2.0;4.0;4.0;03-09-2024;13.34;0;28;550;256;64;0;0;0;0;0;1;0;0;1;0;0;0;0;0;1;0;0;0;0;0;1;0
20;0.0;23.9;5.0;98.1;27.0;25.0;70;2;10;5;;4.0;3.0;02-09-2024;19.34;0;30;930;293;75;0;0;1;0;0;0;0;0;1;0;0;0;0;0;0;0;1;0;0;1;0;0
21;1.0;0.3;5.0;75.2;46.0;50.1;95;3;7;4;5.0;3.0;3.0;16-09-2024;16.12;0;30;930;293;75;0;0;1;0;0;0;0;0;1;0;0;0;0;0;0;0;1;0;0;0;1;0
20;1.0;14.0;3.0;59.4;36.0;64.0;76;1;8;0;1.0;4.0;1.0;04-09-2024;4.04;1;30;830;282;65;0;1;0;0;0;0;0;0;0;1;0;1;0;0;0;0;0;0;1;0;0;0
18;0.0;24.5;15.0;76.2;21.0;9.2;48;6;8;2;4.0;5.0;4.0;20-09-2024;17.94;0;30;980;247;60;0;0;0;1;0;0;0;0;0;0;1;0;0;0;1;0;0;0;0;1;0;0
20;0.0;9.1;14.0;75.1;32.0;40.3;63;8;11;7;5.0;3.0;3.0;11-09-2024;15.63;0;30;930;293;75;0;0;1;0;0;0;0;0;1;0;0;0;0;0;0;0;1;0;0;0;1;0
24;0.0;8.4;27.0;76.7;31.0;64.3;92;8;11;4;3.0;3.0;3.0;17-09-2024;14.11;0;28;480;265;78;0;0;0;0;1;0;0;0;1;0;0;0;1;0;0;0;0;0;0;0;1;0
17;1.0;13.9;;88.4;45.0;60.7;117;1;13;6;3.0;3.0;3.0;18-09-2024;18.58;0;30;810;265;81;0;0;0;0;0;0;1;0;0;0;1;0;0;0;0;1;0;0;0;0;1;0
23;;27.1;18.0;93.6;60.0;120.8;113;1;13;6;4.0;5.0;;18-09-2024;16.44;0;30;930;293;75;0;0;1;0;0;0;0;0;0;1;0;0;0;0;0;0;1;0;0;1;0;0
19;0.0;3.0;4.0;81.3;38.0;52.0;98;3;9;4;4.0;5.0;1.0;23-09-2024;14.67;0;28;550;256;64;0;0;0;0;0;1;0;0;0;0;1;0;0;0;1;0;0;0;0;0;1;0
19;1.0;3.1;8.0;80.7;18.0;11.4;36;4;11;4;4.0;4.0;3.0;17-09-2024;7.77;1;30;810;265;81;0;0;0;0;0;0;1;0;1;0;0;0;0;0;0;1;0;0;0;0;1;0
21;0.0;12.8;0.0;77.9;36.0;46.3;65;3;7;3;2.0;;3.0;27-09-2024;15.07;0;30;810;265;81;0;0;0;0;0;0;1;0;1;0;0;0;0;0;0;1;0;0;0;0;1;0
17;1.0;1.4;0.0;86.7;20.0;31.1;59;6;13;0;1.0;4.0;4.0;12-09-2024;12.66;0;30;810;265;81;0;0;0;0;0;0;1;0;0;1;0;0;0;0;0;1;0;0;0;0;1;0
18;2.0;10.0;13.0;78.8;21.0;26.0;54;5;9;5;1.0;4.0;4.0;13-09-2024;6.36;1;28;710;325;60;1;0;0;0;0;0;0;0;0;0;1;0;0;0;1;0;0;0;0;0;1;0
21;0.0;36.1;26.0;83.6;45.0;83.9;78;5;8;8;4.0;4.0;4.0;05-09-2024;16.09;0;30;930;293;75;0;0;1;0;0;0;0;0;1;0;0;0;0;0;0;0;1;0;0;0;1;0
19;0.0;11.3;17.0;79.3;51.0;124.8;99;5;7;5;4.0;4.0;4.0;13-09-2024;16.62;0;30;830;282;65;0;1;0;0;0;0;0;0;1;0;0;1;0;0;0;0;0;0;0;1;0;0
20;0.0;5.8;0.0;61.8;8.0;17.5;1;7;9;0;3.0;2.0;1.0;03-09-2024;3.36;1;28;710;325;60;1;0;0;0;0;0;0;0;0;0;1;0;0;0;1;0;0;0;0;0;1;0
19;0.0;37.8;8.0;61.4;48.0;72.7;121;6;12;2;;1.0;3.0;13-09-2024;15.49;0;28;480;265;78;0;0;0;0;1;0;0;0;1;0;0;0;1;0;0;0;0;0;0;1;0;0
24;1.0;;0.0;50.8;13.0;27.6;12;6;8;0;3.0;4.0;2.0;09-09-2024;4.89;1;30;830;282;65;0;1;0;0;0;0;0;0;1;0;0;1;0;0;0;0;0;0;1;0;0;0
20;2.0;29.6;0.0;77.8;3.0;7.3;1;6;6;3;3.0;2.0;1.0;17-09-2024;15.34;0;28;480;265;78;0;0;0;0;1;0;0;0;1;0;0;0;1;0;0;0;0;0;0;0;1;0
19;2.0;5.0;11.0;74.7;18.0;32.9;57;3;12;0;4.0;1.0;3.0;04-09-2024;14.77;0;30;980;247;60;0;0;0;1;0;0;0;0;0;0;1;0;0;0;1;0;0;0;0;0;1;0
27;0.0;6.0;26.0;78.1;38.0;85.5;62;6;10;5;4.0;3.0;2.0;04-09-2024;14.54;0;28;550;256;64;0;0;0;0;0;1;0;0;1;0;0;0;0;0;1;0;0;1;0;0;0;0
18;0.0;0.5;4.0;71.6;17.0;10.3;27;7;9;0;2.0;3.0;2.0;16-09-2024;4.44;1;30;980;247;60;0;0;0;1;0;0;0;0;1;0;0;0;0;0;1;0;0;0;0;1;0;0
20;0.0;0.8;0.0;80.1;;51.5;56;1;10;2;3.0;3.0;2.0;27-09-2024;16.29;0;30;810;265;81;0;0;0;0;0;0;1;0;1;0;0;0;0;0;0;1;0;0;0;1;0;0
20;1.0;35.4;14.0;72.5;18.0;18.7;65;4;7;2;4.0;;2.0;10-09-2024;17.58;0;28;480;265;78;0;0;0;0;1;0;0;0;1;0;0;0;1;0;0;0;0;0;0;0;1;0
23;0.0;8.7;0.0;80.2;58.0;52.2;131;5;8;6;4.0;4.0;5.0;16-09-2024;15.93;0;30;620;263;66;0;0;0;0;0;0;0;1;0;1;0;0;0;1;0;0;0;0;0;0;1;0
18;;44.6;22.0;77.5;35.0;70.9;64;1;9;5;3.0;4.0;3.0;18-09-2024;16.16;0;28;480;265;78;0;0;0;0;1;0;0;0;1;0;0;0;1;0;0;0;0;1;0;0;0;0
19;1.0;7.1;0.0;57.3;10.0;16.7;32;2;10;0;1.0;1.0;1.0;27-09-2024;6.73;1;30;830;282;65;0;1;0;0;0;0;0;0;1;0;0;1;0;0;0;0;0;0;0;0;1;0
19;3.0;2.8;;78.5;31.0;65.3;58;6;6;3;3.0;4.0;2.0;12-09-2024;16.19;0;28;480;265;78;0;0;0;0;1;0;0;0;1;0;0;0;1;0;0;0;0;0;0;0;1;0
20;1.0;2.0;0.0;50.4;0.0;0.0;0;6;6;0;2.0;1.0;2.0;04-09-2024;2.59;1;30;830;282;65;0;1;0;0;0;0;0;0;0;0;1;1;0;0;0;0;0;0;0;0;1;0
18;0.0;9.5;;85.4;48.0;78.8;72;4;9;7;3.0;5.0;5.0;18-09-2024;17.05;0;30;980;247;60;0;0;0;1;0;0;0;0;1;0;0;0;0;0;1;0;0;0;0;1;0;0
21;1.0;43.0;25.0;80.2;3.0;5.9;1;5;7;0;1.0;2.0;1.0;27-09-2024;14.64;0;30;930;293;75;0;0;1;0;0;0;0;0;1;0;0;0;0;0;0;0;1;0;0;0;1;0
22;0.0;6.8;9.0;77.0;49.0;89.7;128;2;7;4;4.0;4.0;3.0;25-09-2024;17.67;0;30;810;265;81;0;0;0;0;0;0;1;0;0;1;0;0;0;0;0;1;0;0;0;1;0;0
18;0.0;45.3;0.0;63.9;35.0;47.2;60;5;7;4;5.0;3.0;2.0;19-09-2024;18.2;0;30;830;282;65;0;1;0;0;0;0;0;0;1;0;0;1;0;0;0;0;0;0;0;0;1;0
19;1.0;0.9;;85.2;64.0;56.9;107;0;12;9;5.0;5.0;4.0;13-09-2024;17.64;0;28;710;325;60;1;0;0;0;0;0;0;0;0;0;1;0;0;0;1;0;0;0;1;0;0;0
18;0.0;4.4;8.0;98.3;54.0;112.7;89;1;10;7;4.0;3.0;;25-09-2024;17.78;0;30;810;265;81;0;0;0;0;0;0;1;0;0;0;1;0;0;0;0;1;0;1;0;0;0;0
21;2.0;35.3;25.0;69.4;29.0;33.4;43;7;7;5;4.0;3.0;3.0;09-09-2024;16.44;0;28;480;265;78;0;0;0;0;1;0;0;0;1;0;0;0;1;0;0;0;0;0;1;0;0;0
22;2.0;19.2;;74.9;23.0;50.4;50;5;10;5;4.0;3.0;1.0;02-09-2024;13.99;0;28;710;325;60;1;0;0;0;0;0;0;0;0;0;1;0;0;0;1;0;0;0;0;0;0;1
19;1.0;8.1;25.0;84.5;48.0;44.3;83;2;7;3;5.0;3.0;;27-09-2024;16.61;0;30;980;247;60;0;0;0;1;0;0;0;0;1;0;0;0;0;0;1;0;0;0;0;0;1;0
21;0.0;0.6;20.0;74.6;28.0;65.0;68;4;10;3;3.0;4.0;2.0;27-09-2024;10.92;0;28;710;325;60;1;0;0;0;0;0;0;0;0;0;1;0;0;0;1;0;0;0;0;1;0;0
20;3.0;26.2;4.0;74.3;25.0;8.5;77;5;5;2;4.0;;3.0;12-09-2024;14.85;0;30;810;265;81;0;0;0;0;0;0;1;0;1;0;0;0;0;0;0;1;0;0;0;1;0;0
19;0.0;0.6;12.0;58.0;6.0;13.4;7;8;8;0;1.0;1.0;2.0;17-09-2024;4.15;1;28;550;256;64;0;0;0;0;0;1;0;0;0;0;1;0;0;0;1;0;0;0;0;0;1;0
20;0.0;25.1;0.0;59.5;14.0;9.2;45;5;9;0;1.0;3.0;;27-09-2024;0.38;1;30;930;293;75;0;0;1;0;0;0;0;0;0;0;1;0;0;0;0;0;1;0;0;0;1;0
21;0.0;7.4;8.0;69.3;19.0;17.3;53;4;10;2;4.0;5.0;4.0;02-09-2024;18.38;0;28;710;325;60;1;0;0;0;0;0;0;0;1;0;0;0;0;0;1;0;0;0;0;0;0;1
22;2.0;21.5;13.0;80.1;26.0;33.8;44;1;6;0;3.0;3.0;2.0;10-09-2024;16.22;0;30;930;293;75;0;0;1;0;0;0;0;0;1;0;0;0;0;0;0;0;1;0;0;0;1;0
19;2.0;16.5;13.0;78.1;21.0;31.3;48;4;7;1;1.0;3.0;;20-09-2024;14.65;0;30;930;293;75;0;0;1;0;0;0;0;0;1;0;0;0;0;0;0;0;1;0;0;1;0;0
22;1.0;5.0;0.0;97.8;55.0;67.0;112;0;9;6;5.0;5.0;5.0;26-09-2024;16.79;0;30;810;265;81;0;0;0;0;0;0;1;0;1;0;0;0;0;0;0;1;0;0;0;0;1;0
20;1.0;34.9;13.0;52.8;10.0;18.7;12;5;5;0;3.0;3.0;2.0;19-09-2024;5.18;1;30;930;293;75;0;0;1;0;0;0;0;0;1;0;0;0;0;0;0;0;1;0;0;0;1;0
17;0.0;19.5;0.0;65.9;28.0;55.8;83;5;7;0;3.0;4.0;;12-09-2024;6.32;1;30;980;247;60;0;0;0;1;0;0;0;0;1;0;0;0;0;0;1;0;0;0;0;1;0;0
18;1.0;11.4;0.0;88.2;39.0;52.8;88;2;9;1;3.0;2.0;3.0;16-09-2024;17.09;0;28;550;256;64;0;0;0;0;0;1;0;0;0;0;1;0;0;0;1;0;0;0;0;0;1;0
18;3.0;6.8;10.0;99.4;36.0;52.7;91;1;11;12;5.0;4.0;5.0;19-09-2024;19.8;0;30;810;265;81;0;0;0;0;0;0;1;0;1;0;0;0;0;0;0;1;0;0;0;0;1;0
21;1.0;15.7;0.0;77.4;37.0;32.4;81;0;8;10;5.0;5.0;3.0;20-09-2024;18.44;0;30;620;263;66;0;0;0;0;0;0;0;1;1;0;0;0;0;1;0;0;0;0;0;0;1;0
19;1.0;8.7;9.0;52.6;14.0;21.6;28;8;8;0;1.0;;;18-09-2024;2.46;1;30;810;265;81;0;0;0;0;0;0;1;0;1;0;0;0;0;0;0;1;0;0;0;0;1;0
18;0.0;15.0;14.0;80.3;;69.6;82;1;11;3;2.0;4.0;;25-09-2024;14.89;0;30;930;293;75;0;0;1;0;0;0;0;0;0;0;1;0;0;0;0;0;1;0;0;0;1;0
18;0.0;20.1;8.0;84.7;30.0;48.6;76;4;10;5;2.0;3.0;4.0;20-09-2024;13.22;0;30;930;293;75;0;0;1;0;0;0;0;0;1;0;0;0;0;0;0;0;1;0;0;0;1;0
21;1.0;0.8;11.0;97.2;38.0;77.9;86;4;11;4;5.0;4.0;4.0;27-09-2024;18.8;0;30;810;265;81;0;0;0;0;0;0;1;0;1;0;0;0;0;0;0;1;0;0;0;0;1;0
18;0.0;0.4;0.0;90.4;33.0;36.1;74;3;11;4;3.0;5.0;3.0;13-09-2024;13.81;0;30;980;247;60;0;0;0;1;0;0;0;0;0;0;1;0;0;0;1;0;0;0;0;0;1;0
18;1.0;18.1;;69.4;32.0;38.7;68;4;10;5;4.0;;5.0;16-09-2024;15.8;0;30;980;247;60;0;0;0;1;0;0;0;0;1;0;0;0;0;0;1;0;0;0;0;0;1;0
20;1.0;8.4;16.0;71.8;19.0;13.3;33;8;11;1;4.0;4.0;3.0;04-09-2024;14.95;0;30;930;293;75;0;0;1;0;0;0;0;0;1;0;0;0;0;0;0;0;1;0;0;0;1;0
18;0.0;0.3;0.0;93.9;42.0;69.4;79;7;13;4;4.0;3.0;4.0;09-09-2024;15.3;0;30;810;265;81;0;0;0;0;0;0;1;0;1;0;0;0;0;0;0;1;0;0;0;0;1;0
20;2.0;4.1;23.0;72.7;9.0;12.2;2;10;10;0;4.0;2.0;2.0;05-09-2024;6.25;1;30;620;263;66;0;0;0;0;0;0;0;1;1;0;0;0;0;1;0;0;0;0;0;0;0;1
18;2.0;2.6;23.0;77.2;26.0;42.8;53;6;6;2;3.0;2.0;4.0;04-09-2024;17.16;0;30;980;247;60;0;0;0;1;0;0;0;0;1;0;0;0;0;0;1;0;0;0;0;0;1;0
17;1.0;34.5;;79.2;22.0;30.6;57;4;12;4;2.0;3.0;3.0;03-09-2024;14.95;0;30;810;265;81;0;0;0;0;0;0;1;0;0;1;0;0;0;0;0;1;0;0;0;0;1;0
18;0.0;24.8;3.0;55.4;3.0;0.3;15;4;4;0;1.0;;;24-09-2024;1.31;1;30;980;247;60;0;0;0;1;0;0;0;0;1;0;0;0;0;0;1;0;0;0;0;0;0;1
23;0.0;13.0;8.0;48.0;8.0;15.4;18;2;7;0;1.0;2.0;2.0;03-09-2024;0.4;1;30;810;265;81;0;0;0;0;0;0;1;0;0;1;0;0;0;0;0;1;0;0;0;0;1;0
20;2.0;12.5;;88.9;35.0;75.3;64;1;11;2;4.0;4.0;4.0;03-09-2024;18.06;0;30;930;293;75;0;0;1;0;0;0;0;0;1;0;0;0;0;0;0;0;1;0;0;0;1;0
18;1.0;7.5;23.0;81.2;40.0;55.6;118;5;9;4;3.0;4.0;4.0;11-09-2024;16.27;0;30;810;265;81;0;0;0;0;0;0;1;0;0;0;1;0;0;0;0;1;0;0;0;0;1;0
20;0.0;2.4;13.0;60.7;20.0;29.2;53;5;8;1;2.0;2.0;4.0;04-09-2024;1.71;1;28;550;256;64;0;0;0;0;0;1;0;0;1;0;0;0;0;0;1;0;0;0;0;0;1;0
24;2.0;10.8;18.0;91.6;36.0;53.6;89;1;11;8;4.0;;5.0;19-09-2024;17.73;0;28;710;325;60;1;0;0;0;0;0;0;0;1;0;0;0;0;0;1;0;0;0;0;0;1;0
19;3.0;14.8;11.0;87.9;42.0;47.5;91;0;8;2;3.0;3.0;3.0;25-09-2024;15.22;0;30;810;265;81;0;0;0;0;0;0;1;0;0;1;0;0;0;0;0;1;0;0;0;0;1;0
20;1.0;1.2;27.0;75.5;17.0;37.4;39;6;9;1;3.0;3.0;3.0;06-09-2024;11.0;0;30;620;263;66;0;0;0;0;0;0;0;1;0;0;1;0;0;1;0;0;0;0;0;0;0;1
19;0.0;5.2;0.0;56.3;23.0;34.6;43;1;7;3;3.0;4.0;2.0;04-09-2024;13.35;0;30;810;265;81;0;0;0;0;0;0;1;0;1;0;0;0;0;0;0;1;0;0;0;0;1;0
19;0.0;2.0;8.0;85.3;32.0;68.8;100;4;7;2;2.0;4.0;3.0;12-09-2024;16.54;0;28;710;325;60;1;0;0;0;0;0;0;0;1;0;0;0;0;0;1;0;0;0;0;0;1;0
18;1.0;7.8;22.0;50.9;13.0;13.9;21;5;5;0;1.0;2.0;1.0;03-09-2024;5.09;1;28;710;325;60;1;0;0;0;0;0;0;0;1;0;0;0;0;0;1;0;0;0;1;0;0;0
18;0.0;16.3;8.0;66.6;30.0;12.2;85;5;5;2;1.0;2.0;3.0;26-09-2024;13.5;0;28;710;325;60;1;0;0;0;0;0;0;0;1;0;0;0;0;0;1;0;0;0;1;0;0;0
20;;17.3;14.0;89.4;41.0;82.0;113;2;9;2;3.0;3.0;4.0;18-09-2024;17.08;0;30;810;265;81;0;0;0;0;0;0;1;0;0;0;1;0;0;0;0;1;0;0;0;0;1;0
18;;18.4;14.0;79.6;23.0;31.6;64;6;10;1;4.0;2.0;3.0;02-09-2024;15.4;0;30;980;247;60;0;0;0;1;0;0;0;0;1;0;0;0;0;0;1;0;0;0;0;0;1;0
18;1.0;3.7;;92.9;41.0;62.0;80;3;11;7;5.0;5.0;4.0;26-09-2024;18.5;0;30;810;265;81;0;0;0;0;0;0;1;0;1;0;0;0;0;0;0;1;0;0;0;1;0;0
18;0.0;10.8;0.0;97.6;39.0;59.1;121;1;12;6;5.0;5.0;3.0;25-09-2024;18.95;0;30;830;282;65;0;1;0;0;0;0;0;0;1;0;0;1;0;0;0;0;0;0;0;0;1;0
17;1.0;25.4;14.0;95.3;43.0;31.8;91;3;5;6;5.0;4.0;3.0;16-09-2024;17.29;0;30;620;263;66;0;0;0;0;0;0;0;1;1;0;0;0;0;1;0;0;0;0;0;0;1;0
18;2.0;10.4;0.0;68.5;27.0;34.8;68;2;11;4;4.0;2.0;3.0;03-09-2024;13.7;0;30;980;247;60;0;0;0;1;0;0;0;0;0;0;1;0;0;0;1;0;0;0;0;0;1;0
23;2.0;11.0;8.0;81.0;30.0;54.1;50;0;8;3;4.0;5.0;2.0;16-09-2024;18.29;0;28;550;256;64;0;0;0;0;0;1;0;0;1;0;0;0;0;0;1;0;0;0;0;0;1;0
19;0.0;40.4;20.0;52.3;0.0;0.0;0;5;5;0;2.0;;1.0;16-09-2024;6.18;1;28;480;265;78;0;0;0;0;1;0;0;0;1;0;0;0;1;0;0;0;0;0;0;0;1;0
20;0.0;86.8;8.0;84.7;39.0;55.2;83;5;11;7;5.0;5.0;3.0;27-09-2024;14.12;0;28;480;265;78;0;0;0;0;1;0;0;0;0;0;1;0;1;0;0;0;0;0;0;0;1;0
20;2.0;30.8;7.0;76.1;4.0;8.3;1;6;7;0;;3.0;2.0;12-09-2024;5.78;1;28;710;325;60;1;0;0;0;0;0;0;0;1;0;0;0;0;0;1;0;0;0;0;1;0;0
20;;2.0;24.0;74.2;37.0;65.4;83;5;6;2;4.0;3.0;3.0;12-09-2024;8.34;1;30;620;263;66;0;0;0;0;0;0;0;1;0;0;1;0;0;1;0;0;0;0;0;0;0;1
18;0.0;27.3;17.0;75.5;22.0;23.2;54;5;5;2;4.0;1.0;3.0;03-09-2024;5.41;1;28;710;325;60;1;0;0;0;0;0;0;0;0;0;1;0;0;0;1;0;0;0;0;0;1;0
17;1.0;35.7;0.0;75.5;29.0;42.5;69;2;7;3;1.0;3.0;5.0;16-09-2024;14.62;0;30;930;293;75;0;0;1;0;0;0;0;0;1;0;0;0;0;0;0;0;1;0;0;0;1;0
20;2.0;4.5;0.0;67.1;3.0;4.3;21;6;8;2;2.0;3.0;3.0;23-09-2024;13.24;0;28;550;256;64;0;0;0;0;0;1;0;0;1;0;0;0;0;0;1;0;0;0;0;1;0;0
22;0.0;8.6;0.0;68.5;9.0;10.7;14;7;8;1;3.0;4.0;1.0;09-09-2024;3.75;1;28;710;325;60;1;0;0;0;0;0;0;0;0;1;0;0;0;0;1;0;0;0;0;1;0;0
24;0.0;2.9;0.0;86.4;36.0;41.0;83;5;8;1;3.0;3.0;2.0;19-09-2024;5.14;1;30;810;265;81;0;0;0;0;0;0;1;0;0;0;1;0;0;0;0;1;0;0;1;0;0;0
19;1.0;14.3;15.0;77.5;26.0;47.8;44;4;5;3;2.0;3.0;2.0;25-09-2024;13.63;0;30;830;282;65;0;1;0;0;0;0;0;0;0;0;1;1;0;0;0;0;0;0;0;0;0;1
18;0.0;19.8;0.0;56.7;5.0;5.1;16;7;7;1;1.0;3.0;1.0;27-09-2024;3.12;1;30;620;263;66;0;0;0;0;0;0;0;1;1;0;0;0;0;1;0;0;0;0;0;0;1;0
18;0.0;10.9;15.0;84.9;53.0;82.5;107;7;11;4;3.0;5.0;4.0;16-09-2024;16.29;0;28;710;325;60;1;0;0;0;0;0;0;0;0;0;1;0;0;0;1;0;0;0;0;1;0;0
17;0.0;1.1;0.0;71.2;12.0;18.8;17;4;7;1;;3.0;4.0;09-09-2024;8.67;1;30;810;265;81;0;0;0;0;0;0;1;0;1;0;0;0;0;0;0;1;0;0;0;0;1;0
19;2.0;11.1;28.0;77.1;32.0;52.9;95;3;12;2;4.0;3.0;4.0;18-09-2024;13.76;0;28;550;256;64;0;0;0;0;0;1;0;0;0;1;0;0;0;0;1;0;0;0;1;0;0;0
19;1.0;23.7;;84.8;35.0;38.4;61;3;8;6;5.0;5.0;3.0;16-09-2024;17.47;0;30;830;282;65;0;1;0;0;0;0;0;0;1;0;0;1;0;0;0;0;0;0;0;1;0;0
19;2.0;;;88.9;24.0;28.9;60;5;9;3;;3.0;5.0;27-09-2024;13.16;0;28;710;325;60;1;0;0;0;0;0;0;0;1;0;0;0;0;0;1;0;0;1;0;0;0;0
22;1.0;2.8;14.0;95.1;52.0;50.1;139;1;10;9;4.0;4.0;;26-09-2024;17.67;0;30;830;282;65;0;1;0;0;0;0;0;0;1;0;0;1;0;0;0;0;0;0;0;0;1;0
20;0.0;5.0;7.0;86.5;24.0;37.1;52;1;9;1;4.0;3.0;4.0;02-09-2024;16.22;0;28;710;325;60;1;0;0;0;0;0;0;0;1;0;0;0;0;0;1;0;0;0;0;0;1;0
21;3.0;8.5;0.0;67.3;7.0;15.9;10;5;5;0;3.0;3.0;2.0;05-09-2024;8.29;1;30;830;282;65;0;1;0;0;0;0;0;0;1;0;0;1;0;0;0;0;0;0;0;0;1;0
18;1.0;4.3;0.0;89.3;45.0;70.0;92;3;8;5;5.0;3.0;5.0;12-09-2024;16.88;0;28;710;325;60;1;0;0;0;0;0;0;0;1;0;0;0;0;0;1;0;0;0;0;0;1;0
21;1.0;4.1;0.0;96.5;14.0;17.1;1;7;11;2;1.0;4.0;2.0;26-09-2024;14.48;0;30;830;282;65;0;1;0;0;0;0;0;0;1;0;0;1;0;0;0;0;0;0;0;1;0;0
21;0.0;8.2;9.0;83.5;30.0;46.1;51;3;9;5;4.0;;2.0;23-09-2024;15.46;0;30;830;282;65;0;1;0;0;0;0;0;0;1;0;0;1;0;0;0;0;0;0;0;1;0;0
18;1.0;6.8;0.0;70.4;37.0;80.6;63;4;10;8;3.0;;;27-09-2024;15.43;0;28;710;325;60;1;0;0;0;0;0;0;0;0;0;1;0;0;0;1;0;0;0;0;0;1;0
22;1.0;30.2;0.0;82.8;41.0;52.7;73;4;8;2;4.0;4.0;1.0;20-09-2024;13.94;0;28;550;256;64;0;0;0;0;0;1;0;0;0;1;0;0;0;0;1;0;0;0;1;0;0;0
18;0.0;25.4;10.0;76.0;31.0;59.2;76;3;11;3;5.0;3.0;2.0;24-09-2024;18.75;0;28;710;325;60;1;0;0;0;0;0;0;0;1;0;0;0;0;0;1;0;0;0;0;0;1;0
19;0.0;23.2;0.0;81.7;12.0;18.2;22;4;7;1;4.0;4.0;2.0;23-09-2024;14.49;0;30;930;293;75;0;0;1;0;0;0;0;0;1;0;0;0;0;0;0;0;1;0;0;1;0;0
17;0.0;74.2;14.0;75.1;12.0;14.5;17;6;8;2;2.0;3.0;1.0;23-09-2024;14.06;0;30;620;263;66;0;0;0;0;0;0;0;1;1;0;0;0;0;1;0;0;0;0;0;1;0;0
20;3.0;5.7;13.0;81.0;48.0;84.2;87;3;6;1;;3.0;;11-09-2024;17.47;0;30;830;282;65;0;1;0;0;0;0;0;0;0;0;1;1;0;0;0;0;0;0;0;0;1;0
19;2.0;3.0;15.0;82.9;36.0;60.6;77;3;7;2;4.0;4.0;4.0;23-09-2024;15.38;0;30;620;263;66;0;0;0;0;0;0;0;1;0;0;1;0;0;1;0;0;0;0;0;0;0;1
19;0.0;15.7;0.0;67.1;18.0;16.7;40;7;7;3;4.0;2.0;4.0;23-09-2024;9.83;1;30;830;282;65;0;1;0;0;0;0;0;0;1;0;0;1;0;0;0;0;0;0;0;0;1;0
19;1.0;12.4;13.0;89.4;34.0;50.8;68;5;13;4;4.0;3.0;;10-09-2024;18.09;0;30;830;282;65;0;1;0;0;0;0;0;0;1;0;0;1;0;0;0;0;0;0;0;0;1;0
21;3.0;2.4;;94.1;48.0;59.2;79;0;9;8;5.0;4.0;3.0;25-09-2024;15.91;0;30;620;263;66;0;0;0;0;0;0;0;1;1;0;0;0;0;1;0;0;0;0;0;1;0;0
18;3.0;2.4;5.0;93.5;46.0;67.5;85;4;9;5;5.0;5.0;3.0;19-09-2024;19.88;0;30;980;247;60;0;0;0;1;0;0;0;0;1;0;0;0;0;0;1;0;0;0;0;0;1;0
20;1.0;83.3;6.0;84.4;17.0;24.6;40;8;9;0;2.0;4.0;;11-09-2024;3.94;1;30;830;282;65;0;1;0;0;0;0;0;0;1;0;0;1;0;0;0;0;0;0;0;0;1;0
18;2.0;1.4;13.0;88.1;39.0;49.2;93;1;9;3;4.0;5.0;3.0;26-09-2024;17.54;0;30;830;282;65;0;1;0;0;0;0;0;0;0;0;1;1;0;0;0;0;0;0;0;0;1;0
19;1.0;4.8;;50.4;21.0;31.2;51;7;9;0;3.0;1.0;3.0;10-09-2024;14.92;0;30;980;247;60;0;0;0;1;0;0;0;0;1;0;0;0;0;0;1;0;0;0;0;0;1;0
25;1.0;11.5;0.0;76.9;18.0;36.0;16;3;11;4;3.0;3.0;3.0;04-09-2024;15.39;0;28;550;256;64;0;0;0;0;0;1;0;0;1;0;0;0;0;0;1;0;0;0;0;0;0;1
20;2.0;16.4;6.0;68.9;17.0;28.3;49;7;9;0;3.0;3.0;3.0;02-09-2024;13.53;0;30;980;247;60;0;0;0;1;0;0;0;0;1;0;0;0;0;0;1;0;0;0;0;0;1;0
17;;47.0;13.0;97.4;49.0;81.6;122;0;12;11;5.0;5.0;5.0;02-09-2024;18.55;0;28;710;325;60;1;0;0;0;0;0;0;0;0;0;1;0;0;0;1;0;0;0;0;0;1;0
18;0.0;18.6;23.0;85.8;47.0;95.8;121;0;13;7;4.0;5.0;3.0;26-09-2024;17.82;0;30;980;247;60;0;0;0;1;0;0;0;0;1;0;0;0;0;0;1;0;0;0;0;0;1;0
20;1.0;55.3;0.0;90.5;58.0;71.4;123;3;10;9;5.0;5.0;4.0;13-09-2024;17.86;0;30;980;247;60;0;0;0;1;0;0;0;0;0;0;1;0;0;0;1;0;0;0;0;0;0;1
20;1.0;10.1;14.0;77.6;40.0;62.0;87;4;7;2;3.0;5.0;2.0;16-09-2024;15.37;0;30;930;293;75;0;0;1;0;0;0;0;0;1;0;0;0;0;0;0;0;1;0;0;0;1;0
22;2.0;0.5;0.0;80.7;;63.6;98;2;11;6;4.0;4.0;4.0;27-09-2024;17.87;0;30;980;247;60;0;0;0;1;0;0;0;0;1;0;0;0;0;0;1;0;0;0;0;0;1;0
19;3.0;5.1;19.0;82.5;19.0;40.2;36;4;9;7;2.0;3.0;2.0;24-09-2024;16.69;0;30;620;263;66;0;0;0;0;0;0;0;1;1;0;0;0;0;1;0;0;0;0;0;0;1;0
22;0.0;14.0;21.0;64.0;14.0;15.1;20;7;9;0;2.0;;1.0;10-09-2024;1.81;1;30;980;247;60;0;0;0;1;0;0;0;0;0;0;1;0;0;0;1;0;0;0;0;1;0;0
21;2.0;1.3;;68.1;16.0;12.6;37;5;7;1;1.0;1.0;3.0;23-09-2024;7.69;1;30;810;265;81;0;0;0;0;0;0;1;0;1;0;0;0;0;0;0;1;0;0;1;0;0;0
19;3.0;;0.0;87.5;22.0;29.1;50;7;7;5;4.0;2.0;1.0;25-09-2024;15.38;0;30;830;282;65;0;1;0;0;0;0;0;0;0;0;1;1;0;0;0;0;0;0;0;0;1;0
20;0.0;;;92.3;53.0;50.5;122;0;9;6;5.0;5.0;;04-09-2024;18.82;0;30;830;282;65;0;1;0;0;0;0;0;0;1;0;0;1;0;0;0;0;0;0;0;0;1;0
18;2.0;49.1;22.0;87.4;41.0;71.4;101;6;8;0;4.0;2.0;1.0;16-09-2024;17.64;0;28;710;325;60;1;0;0;0;0;0;0;0;1;0;0;0;0;0;1;0;0;0;0;0;1;0
18;2.0;5.4;0.0;97.1;38.0;73.2;79;1;12;3;2.0;3.0;3.0;17-09-2024;13.08;0;30;810;265;81;0;0;0;0;0;0;1;0;0;1;0;0;0;0;0;1;0;0;0;1;0;0
19;1.0;;3.0;99.8;35.0;66.3;51;0;9;6;5.0;5.0;5.0;20-09-2024;18.3;0;28;710;325;60;1;0;0;0;0;0;0;0;1;0;0;0;0;0;1;0;0;0;0;0;1;0
20;0.0;0.4;13.0;65.2;19.0;36.5;45;9;9;0;2.0;5.0;1.0;10-09-2024;11.95;0;30;930;293;75;0;0;1;0;0;0;0;0;1;0;0;0;0;0;0;0;1;0;0;1;0;0
18;;13.7;5.0;70.6;29.0;42.2;58;3;9;3;3.0;3.0;;24-09-2024;15.2;0;30;930;293;75;0;0;1;0;0;0;0;0;0;1;0;0;0;0;0;0;1;0;0;1;0;0
19;0.0;11.8;;76.9;24.0;36.9;59;5;8;3;5.0;5.0;3.0;16-09-2024;15.31;0;30;930;293;75;0;0;1;0;0;0;0;0;1;0;0;0;0;0;0;0;1;0;0;0;1;0
19;0.0;2.2;;70.8;70.0;118.4;143;2;7;7;3.0;3.0;4.0;09-09-2024;17.54;0;30;980;247;60;0;0;0;1;0;0;0;0;1;0;0;0;0;0;1;0;0;0;0;0;1;0
20;0.0;;11.0;81.0;35.0;54.7;88;4;12;9;3.0;;3.0;12-09-2024;15.67;0;30;930;293;75;0;0;1;0;0;0;0;0;1;0;0;0;0;0;0;0;1;0;0;0;1;0
22;0.0;13.5;13.0;58.3;10.0;7.7;29;8;8;0;2.0;2.0;2.0;04-09-2024;2.23;1;28;480;265;78;0;0;0;0;1;0;0;0;0;0;1;0;1;0;0;0;0;0;0;0;1;0
19;1.0;14.8;0.0;59.1;19.0;15.6;50;5;7;0;2.0;3.0;;17-09-2024;5.81;1;30;980;247;60;0;0;0;1;0;0;0;0;0;0;1;0;0;0;1;0;0;0;0;0;1;0
22;1.0;18.1;15.0;83.7;35.0;55.1;95;4;9;0;2.0;4.0;2.0;03-09-2024;13.2;0;28;550;256;64;0;0;0;0;0;1;0;0;0;1;0;0;0;0;1;0;0;0;0;0;1;0
19;0.0;3.8;;78.8;32.0;29.7;82;1;9;1;5.0;3.0;3.0;24-09-2024;17.96;0;28;550;256;64;0;0;0;0;0;1;0;0;1;0;0;0;0;0;1;0;0;1;0;0;0;0
23;3.0;6.6;11.0;52.4;0.0;0.0;0;6;6;0;2.0;1.0;;17-09-2024;6.45;1;28;710;325;60;1;0;0;0;0;0;0;0;1;0;0;0;0;0;1;0;0;0;0;1;0;0
20;0.0;4.7;6.0;97.2;;60.9;84;0;9;5;5.0;5.0;5.0;26-09-2024;17.23;0;30;980;247;60;0;0;0;1;0;0;0;0;1;0;0;0;0;0;1;0;0;0;0;0;1;0
19;0.0;13.7;16.0;79.5;19.0;23.7;22;1;9;3;3.0;;3.0;19-09-2024;16.19;0;28;550;256;64;0;0;0;0;0;1;0;0;1;0;0;0;0;0;1;0;0;0;0;0;1;0
22;3.0;23.1;16.0;87.5;38.0;67.3;74;2;6;4;4.0;3.0;4.0;12-09-2024;18.36;0;30;830;282;65;0;1;0;0;0;0;0;0;0;0;1;1;0;0;0;0;0;0;0;0;1;0
19;3.0;16.6;23.0;90.7;27.0;33.5;41;4;13;6;5.0;5.0;2.0;03-09-2024;17.47;0;30;980;247;60;0;0;0;1;0;0;0;0;0;0;1;0;0;0;1;0;0;0;0;0;1;0
20;0.0;18.8;15.0;81.8;38.0;57.9;99;1;11;4;3.0;4.0;3.0;05-09-2024;15.81;0;28;550;256;64;0;0;0;0;0;1;0;0;0;0;1;0;0;0;1;0;0;0;0;0;1;0
18;0.0;3.7;10.0;81.5;51.0;57.0;146;4;9;6;4.0;;2.0;23-09-2024;16.4;0;28;710;325;60;1;0;0;0;0;0;0;0;1;0;0;0;0;0;1;0;0;0;0;0;1;0
19;1.0;31.4;23.0;75.2;25.0;40.7;53;3;8;1;1.0;3.0;1.0;04-09-2024;4.91;1;30;810;265;81;0;0;0;0;0;0;1;0;0;1;0;0;0;0;0;1;0;0;1;0;0;0
17;2.0;9.6;28.0;76.6;34.0;50.4;74;1;10;6;4.0;4.0;;17-09-2024;18.7;0;28;480;265;78;0;0;0;0;1;0;0;0;1;0;0;0;1;0;0;0;0;0;0;0;1;0
22;0.0;11.4;13.0;71.2;33.0;52.4;76;8;8;4;2.0;3.0;4.0;16-09-2024;8.31;1;30;830;282;65;0;1;0;0;0;0;0;0;1;0;0;1;0;0;0;0;0;0;0;0;1;0
22;2.0;2.1;9.0;69.9;27.0;40.5;56;8;11;0;3.0;2.0;3.0;18-09-2024;6.23;1;28;710;325;60;1;0;0;0;0;0;0;0;1;0;0;0;0;0;1;0;0;0;0;0;0;1
18;1.0;31.1;23.0;92.4;44.0;50.6;81;1;9;7;;5.0;3.0;13-09-2024;15.79;0;30;830;282;65;0;1;0;0;0;0;0;0;0;1;0;1;0;0;0;0;0;0;0;0;1;0
19;1.0;12.3;18.0;98.9;51.0;54.7;94;0;9;5;;4.0;4.0;23-09-2024;18.69;0;30;620;263;66;0;0;0;0;0;0;0;1;0;1;0;0;0;1;0;0;0;0;0;1;0;0
20;1.0;8.6;;90.7;14.0;25.5;23;2;7;4;3.0;5.0;3.0;26-09-2024;18.71;0;30;980;247;60;0;0;0;1;0;0;0;0;0;0;1;0;0;0;1;0;0;1;0;0;0;0
19;2.0;9.1;0.0;93.0;43.0;75.1;96;5;10;7;3.0;5.0;3.0;13-09-2024;15.23;0;30;980;247;60;0;0;0;1;0;0;0;0;0;0;1;0;0;0;1;0;0;0;0;1;0;0
18;;9.6;25.0;93.3;16.0;19.0;33;3;7;2;2.0;4.0;2.0;06-09-2024;16.1;0;30;620;263;66;0;0;0;0;0;0;0;1;1;0;0;0;0;1;0;0;0;0;0;0;1;0
23;2.0;23.7;7.0;76.7;37.0;62.7;83;6;7;3;4.0;2.0;2.0;03-09-2024;8.2;1;28;480;265;78;0;0;0;0;1;0;0;0;0;0;1;0;1;0;0;0;0;0;0;0;1;0
20;3.0;21.0;0.0;73.9;38.0;62.3;104;5;10;1;3.0;4.0;2.0;06-09-2024;16.77;0;30;810;265;81;0;0;0;0;0;0;1;0;1;0;0;0;0;0;0;1;0;0;0;0;1;0
21;0.0;12.5;8.0;94.8;44.0;57.5;95;5;7;5;3.0;3.0;5.0;05-09-2024;15.31;0;28;480;265;78;0;0;0;0;1;0;0;0;0;1;0;0;1;0;0;0;0;0;0;0;1;0
19;0.0;11.2;6.0;78.8;35.0;50.9;67;6;10;2;3.0;3.0;4.0;12-09-2024;17.0;0;30;830;282;65;0;1;0;0;0;0;0;0;0;0;1;1;0;0;0;0;0;0;0;0;1;0
20;1.0;0.5;0.0;93.6;24.0;48.2;46;0;10;3;4.0;4.0;4.0;23-09-2024;16.54;0;30;830;282;65;0;1;0;0;0;0;0;0;0;0;1;1;0;0;0;0;0;0;0;0;1;0
23;0.0;13.5;14.0;90.4;28.0;51.5;63;2;7;2;3.0;3.0;3.0;27-09-2024;14.8;0;30;930;293;75;0;0;1;0;0;0;0;0;1;0;0;0;0;0;0;0;1;0;0;1;0;0
19;1.0;14.4;12.0;99.8;51.0;118.9;133;1;11;6;5.0;4.0;4.0;10-09-2024;17.46;0;30;810;265;81;0;0;0;0;0;0;1;0;0;0;1;0;0;0;0;1;0;1;0;0;0;0
20;1.0;52.9;27.0;66.3;20.0;16.7;57;6;8;3;3.0;4.0;3.0;18-09-2024;5.66;1;28;480;265;78;0;0;0;0;1;0;0;0;1;0;0;0;1;0;0;0;0;0;0;1;0;0
18;2.0;13.4;13.0;86.1;22.0;24.0;57;1;7;3;4.0;2.0;3.0;10-09-2024;12.17;0;28;710;325;60;1;0;0;0;0;0;0;0;0;0;1;0;0;0;1;0;0;0;0;0;1;0
19;1.0;48.8;;72.5;29.0;40.1;71;4;11;5;4.0;3.0;4.0;11-09-2024;9.62;1;30;930;293;75;0;0;1;0;0;0;0;0;1;0;0;0;0;0;0;0;1;0;0;0;1;0
23;1.0;11.7;13.0;91.3;22.0;26.8;49;3;10;1;4.0;5.0;2.0;12-09-2024;18.63;0;30;830;282;65;0;1;0;0;0;0;0;0;1;0;0;1;0;0;0;0;0;0;0;0;1;0
18;1.0;4.6;0.0;59.4;3.0;1.8;20;5;5;1;1.0;1.0;3.0;24-09-2024;1.88;1;28;480;265;78;0;0;0;0;1;0;0;0;0;0;1;0;1;0;0;0;0;0;0;0;1;0
20;2.0;3.9;4.0;71.7;29.0;38.3;52;5;7;5;3.0;4.0;2.0;27-09-2024;16.06;0;28;480;265;78;0;0;0;0;1;0;0;0;1;0;0;0;1;0;0;0;0;0;0;0;1;0
21;2.0;5.6;11.0;77.1;23.0;43.0;63;6;9;3;2.0;3.0;2.0;06-09-2024;15.43;0;30;830;282;65;0;1;0;0;0;0;0;0;1;0;0;1;0;0;0;0;0;0;0;0;1;0
21;0.0;;12.0;54.0;0.0;0.0;0;6;6;0;2.0;3.0;2.0;16-09-2024;5.2;1;30;980;247;60;0;0;0;1;0;0;0;0;1;0;0;0;0;0;1;0;0;0;0;0;1;0
22;1.0;13.8;17.0;66.1;38.0;81.5;66;7;7;1;2.0;2.0;2.0;24-09-2024;6.77;1;28;480;265;78;0;0;0;0;1;0;0;0;0;0;1;0;1;0;0;0;0;0;0;0;1;0
22;0.0;31.9;0.0;98.0;28.0;30.6;48;2;10;3;4.0;3.0;2.0;20-09-2024;17.57;0;28;710;325;60;1;0;0;0;0;0;0;0;1;0;0;0;0;0;1;0;0;0;0;0;1;0
20;1.0;15.8;0.0;74.5;25.0;52.9;50;2;7;4;3.0;5.0;4.0;26-09-2024;15.23;0;30;930;293;75;0;0;1;0;0;0;0;0;1;0;0;0;0;0;0;0;1;0;1;0;0;0
23;3.0;8.8;9.0;84.7;24.0;44.5;39;3;7;8;3.0;2.0;3.0;25-09-2024;15.86;0;30;810;265;81;0;0;0;0;0;0;1;0;1;0;0;0;0;0;0;1;0;0;0;0;1;0
18;2.0;57.5;27.0;74.3;17.0;12.7;31;7;11;1;3.0;3.0;3.0;18-09-2024;17.6;0;30;620;263;66;0;0;0;0;0;0;0;1;1;0;0;0;0;1;0;0;0;0;0;1;0;0
17;0.0;20.3;0.0;59.7;32.0;48.7;77;1;6;3;4.0;4.0;3.0;17-09-2024;16.86;0;30;620;263;66;0;0;0;0;0;0;0;1;1;0;0;0;0;1;0;0;0;0;0;1;0;0
17;;1.6;0.0;83.7;53.0;59.8;110;2;10;8;5.0;;2.0;04-09-2024;16.54;0;30;620;263;66;0;0;0;0;0;0;0;1;0;0;1;0;0;1;0;0;0;0;0;0;1;0
23;2.0;49.7;18.0;73.4;28.0;45.0;63;6;9;2;5.0;4.0;5.0;10-09-2024;18.64;0;30;810;265;81;0;0;0;0;0;0;1;0;1;0;0;0;0;0;0;1;0;0;0;0;1;0
23;0.0;14.9;7.0;57.4;;20.7;41;6;7;1;1.0;3.0;1.0;02-09-2024;6.56;1;30;830;282;65;0;1;0;0;0;0;0;0;0;0;1;1;0;0;0;0;0;0;0;0;1;0
20;0.0;36.1;;75.4;29.0;23.9;54;5;11;4;4.0;;1.0;11-09-2024;16.52;0;28;550;256;64;0;0;0;0;0;1;0;0;1;0;0;0;0;0;1;0;0;0;0;0;1;0
21;2.0;5.3;13.0;63.6;25.0;57.2;40;5;6;0;1.0;1.0;3.0;24-09-2024;2.91;1;30;620;263;66;0;0;0;0;0;0;0;1;1;0;0;0;0;1;0;0;0;0;0;0;1;0
19;1.0;43.9;0.0;98.2;50.0;58.7;88;0;11;5;5.0;5.0;2.0;20-09-2024;18.74;0;30;830;282;65;0;1;0;0;0;0;0;0;0;0;1;1;0;0;0;0;0;0;0;0;1;0
19;1.0;16.1;11.0;71.8;45.0;76.2;81;1;11;2;4.0;3.0;3.0;26-09-2024;16.74;0;30;810;265;81;0;0;0;0;0;0;1;0;0;0;1;0;0;0;0;1;0;0;0;0;1;0
22;0.0;5.6;8.0;97.2;43.0;80.4;84;4;13;7;3.0;3.0;3.0;27-09-2024;16.96;0;30;810;265;81;0;0;0;0;0;0;1;0;1;0;0;0;0;0;0;1;0;1;0;0;0;0
22;0.0;16.4;18.0;84.4;50.0;74.4;137;3;12;5;5.0;4.0;5.0;06-09-2024;18.46;0;28;480;265;78;0;0;0;0;1;0;0;0;1;0;0;0;1;0;0;0;0;0;0;0;1;0
23;2.0;6.1;11.0;69.8;12.0;24.4;37;3;11;1;2.0;1.0;2.0;13-09-2024;6.18;1;28;550;256;64;0;0;0;0;0;1;0;0;0;0;1;0;0;0;1;0;0;0;0;0;1;0
20;0.0;2.1;21.0;67.1;13.0;12.8;33;5;11;3;3.0;3.0;2.0;03-09-2024;2.17;1;30;930;293;75;0;0;1;0;0;0;0;0;0;1;0;0;0;0;0;0;1;0;0;0;1;0
20;2.0;8.7;0.0;59.0;18.0;26.2;38;5;5;1;3.0;1.0;4.0;19-09-2024;14.07;0;30;830;282;65;0;1;0;0;0;0;0;0;0;0;1;1;0;0;0;0;0;0;0;0;1;0
18;1.0;49.9;0.0;59.3;21.0;20.8;50;1;7;2;2.0;;2.0;17-09-2024;4.76;1;30;980;247;60;0;0;0;1;0;0;0;0;1;0;0;0;0;0;1;0;0;0;0;0;1;0
18;3.0;9.7;17.0;85.9;37.0;57.5;80;5;9;5;4.0;4.0;4.0;18-09-2024;18.94;0;30;980;247;60;0;0;0;1;0;0;0;0;1;0;0;0;0;0;1;0;0;0;0;1;0;0
23;0.0;7.9;15.0;70.1;31.0;49.2;70;1;9;5;2.0;4.0;3.0;17-09-2024;15.4;0;30;980;247;60;0;0;0;1;0;0;0;0;0;0;1;0;0;0;1;0;0;0;0;0;1;0
18;0.0;53.1;25.0;78.8;47.0;106.9;113;4;8;5;3.0;4.0;3.0;16-09-2024;12.94;0;28;480;265;78;0;0;0;0;1;0;0;0;1;0;0;0;1;0;0;0;0;0;0;0;0;1
20;1.0;30.8;22.0;78.6;22.0;34.2;40;4;12;3;1.0;3.0;3.0;16-09-2024;5.64;1;30;980;247;60;0;0;0;1;0;0;0;0;1;0;0;0;0;0;1;0;0;0;0;0;0;1
18;0.0;39.0;13.0;98.0;43.0;88.9;105;0;12;12;4.0;3.0;4.0;23-09-2024;15.44;0;30;930;293;75;0;0;1;0;0;0;0;0;0;0;1;0;0;0;0;0;1;0;0;1;0;0
18;3.0;3.3;3.0;74.2;25.0;37.9;45;2;10;0;5.0;2.0;;18-09-2024;17.76;0;30;810;265;81;0;0;0;0;0;0;1;0;1;0;0;0;0;0;0;1;0;0;0;1;0;0
19;0.0;9.8;0.0;70.2;28.0;67.3;59;2;7;2;4.0;4.0;2.0;25-09-2024;12.13;0;30;930;293;75;0;0;1;0;0;0;0;0;1;0;0;0;0;0;0;0;1;0;0;1;0;0
18;2.0;12.5;4.0;89.5;19.0;40.6;51;2;10;5;;5.0;;17-09-2024;16.89;0;28;710;325;60;1;0;0;0;0;0;0;0;1;0;0;0;0;0;1;0;0;0;0;0;1;0
23;0.0;6.6;0.0;57.1;8.0;12.1;7;5;5;1;3.0;;1.0;09-09-2024;5.67;1;30;620;263;66;0;0;0;0;0;0;0;1;0;0;1;0;0;1;0;0;0;0;0;1;0;0
20;0.0;;0.0;83.6;32.0;49.8;76;2;8;3;5.0;3.0;1.0;03-09-2024;13.3;0;30;980;247;60;0;0;0;1;0;0;0;0;1;0;0;0;0;0;1;0;0;0;0;0;1;0
20;1.0;21.4;0.0;81.6;34.0;25.5;52;4;13;4;5.0;2.0;;11-09-2024;17.36;0;30;830;282;65;0;1;0;0;0;0;0;0;1;0;0;1;0;0;0;0;0;0;0;0;1;0
25;0.0;23.5;0.0;87.9;52.0;53.1;84;3;12;2;3.0;3.0;3.0;10-09-2024;17.79;0;30;980;247;60;0;0;0;1;0;0;0;0;1;0;0;0;0;0;1;0;0;0;0;0;1;0
23;2.0;17.6;7.0;96.1;53.0;50.1;109;3;11;2;5.0;3.0;4.0;18-09-2024;17.08;0;30;980;247;60;0;0;0;1;0;0;0;0;0;0;1;0;0;0;1;0;0;1;0;0;0;0
19;1.0;3.4;0.0;62.5;13.0;18.1;43;7;7;0;3.0;3.0;2.0;04-09-2024;4.05;1;28;550;256;64;0;0;0;0;0;1;0;0;1;0;0;0;0;0;1;0;0;0;1;0;0;0
19;3.0;9.6;11.0;80.4;35.0;35.8;97;4;7;2;2.0;3.0;3.0;27-09-2024;14.03;0;30;620;263;66;0;0;0;0;0;0;0;1;0;1;0;0;0;1;0;0;0;0;0;0;1;0
21;1.0;3.7;20.0;52.9;8.0;7.0;25;5;5;0;1.0;3.0;;09-09-2024;0.69;1;30;980;247;60;0;0;0;1;0;0;0;0;0;0;1;0;0;0;1;0;0;0;0;0;1;0
21;1.0;4.8;;78.4;37.0;61.5;87;1;9;4;;3.0;3.0;06-09-2024;15.06;0;28;480;265;78;0;0;0;0;1;0;0;0;1;0;0;0;1;0;0;0;0;0;0;0;1;0
21;0.0;11.4;0.0;81.1;27.0;44.3;76;1;8;3;4.0;3.0;3.0;17-09-2024;16.8;0;30;930;293;75;0;0;1;0;0;0;0;0;1;0;0;0;0;0;0;0;1;0;0;0;1;0
20;0.0;1.8;0.0;58.8;27.0;38.6;61;7;7;1;;4.0;2.0;17-09-2024;6.22;1;30;830;282;65;0;1;0;0;0;0;0;0;0;0;1;1;0;0;0;0;0;1;0;0;0;0
18;0.0;8.2;0.0;74.6;;25.3;43;7;8;1;3.0;3.0;1.0;11-09-2024;8.28;1;30;930;293;75;0;0;1;0;0;0;0;0;1;0;0;0;0;0;0;0;1;0;1;0;0;0
20;;59.1;14.0;90.9;50.0;67.7;80;3;10;6;3.0;3.0;3.0;17-09-2024;13.64;0;30;830;282;65;0;1;0;0;0;0;0;0;1;0;0;1;0;0;0;0;0;0;0;0;1;0
19;0.0;7.0;;86.6;34.0;30.6;51;4;10;6;5.0;5.0;;05-09-2024;16.3;0;30;930;293;75;0;0;1;0;0;0;0;0;0;0;1;0;0;0;0;0;1;0;1;0;0;0
18;3.0;28.3;27.0;76.3;30.0;24.6;63;2;7;3;3.0;2.0;2.0;13-09-2024;14.18;0;30;810;265;81;0;0;0;0;0;0;1;0;1;0;0;0;0;0;0;1;0;0;0;1;0;0
19;1.0;18.8;25.0;86.6;17.0;38.5;52;4;7;2;2.0;3.0;1.0;12-09-2024;14.86;0;30;930;293;75;0;0;1;0;0;0;0;0;1;0;0;0;0;0;0;0;1;0;0;0;1;0
23;1.0;0.0;8.0;80.4;30.0;39.5;74;0;10;4;4.0;3.0;4.0;02-09-2024;17.2;0;28;710;325;60;1;0;0;0;0;0;0;0;1;0;0;0;0;0;1;0;0;0;0;0;1;0
20;0.0;23.8;5.0;84.5;42.0;60.1;112;2;9;4;4.0;4.0;3.0;17-09-2024;15.49;0;30;810;265;81;0;0;0;0;0;0;1;0;1;0;0;0;0;0;0;1;0;0;0;0;1;0
20;0.0;24.3;0.0;88.6;31.0;44.4;63;4;9;2;4.0;3.0;4.0;02-09-2024;18.11;0;30;810;265;81;0;0;0;0;0;0;1;0;1;0;0;0;0;0;0;1;0;0;1;0;0;0
18;2.0;6.0;24.0;88.0;35.0;15.9;87;0;7;6;4.0;3.0;3.0;02-09-2024;17.19;0;28;550;256;64;0;0;0;0;0;1;0;0;1;0;0;0;0;0;1;0;0;0;0;0;1;0
19;0.0;8.2;22.0;83.1;32.0;66.5;78;2;7;3;4.0;3.0;3.0;04-09-2024;17.86;0;30;620;263;66;0;0;0;0;0;0;0;1;1;0;0;0;0;1;0;0;0;0;0;0;1;0
17;0.0;14.6;22.0;95.9;26.0;29.4;44;1;12;3;5.0;4.0;5.0;04-09-2024;17.53;0;28;710;325;60;1;0;0;0;0;0;0;0;1;0;0;0;0;0;1;0;0;0;0;0;1;0
20;1.0;4.1;12.0;89.2;34.0;61.2;69;2;9;6;3.0;5.0;4.0;12-09-2024;17.02;0;30;930;293;75;0;0;1;0;0;0;0;0;0;1;0;0;0;0;0;0;1;0;0;0;0;1
21;0.0;3.3;16.0;99.2;57.0;69.1;149;1;9;4;;5.0;5.0;18-09-2024;17.17;0;28;710;325;60;1;0;0;0;0;0;0;0;1;0;0;0;0;0;1;0;0;0;0;0;1;0
19;1.0;22.1;9.0;62.2;22.0;28.5;59;3;9;2;4.0;3.0;3.0;03-09-2024;13.84;0;30;810;265;81;0;0;0;0;0;0;1;0;1;0;0;0;0;0;0;1;0;0;1;0;0;0
19;1.0;20.6;0.0;86.3;43.0;76.2;86;1;9;2;2.0;3.0;2.0;06-09-2024;16.88;0;28;550;256;64;0;0;0;0;0;1;0;0;1;0;0;0;0;0;1;0;0;0;1;0;0;0
19;0.0;1.7;;78.3;27.0;62.4;79;3;11;3;3.0;4.0;4.0;10-09-2024;15.19;0;30;980;247;60;0;0;0;1;0;0;0;0;1;0;0;0;0;0;1;0;0;0;0;0;0;1
17;1.0;87.8;27.0;67.1;16.0;22.5;46;3;4;0;3.0;2.0;1.0;24-09-2024;5.46;1;30;830;282;65;0;1;0;0;0;0;0;0;1;0;0;1;0;0;0;0;0;0;0;0;1;0
19;2.0;5.1;10.0;74.6;;0.5;1;3;6;0;1.0;3.0;3.0;24-09-2024;6.69;1;30;620;263;66;0;0;0;0;0;0;0;1;0;0;1;0;0;1;0;0;0;0;0;0;1;0
20;1.0;10.9;13.0;76.1;15.0;16.6;38;7;7;0;4.0;1.0;3.0;20-09-2024;10.06;0;30;810;265;81;0;0;0;0;0;0;1;0;0;0;1;0;0;0;0;1;0;0;0;0;1;0
19;0.0;25.6;0.0;92.8;38.0;66.5;65;3;10;5;2.0;3.0;4.0;27-09-2024;14.12;0;30;930;293;75;0;0;1;0;0;0;0;0;0;0;1;0;0;0;0;0;1;1;0;0;0;0
20;0.0;13.9;0.0;84.0;62.0;101.9;144;0;8;7;4.0;4.0;3.0;09-09-2024;18.48;0;30;930;293;75;0;0;1;0;0;0;0;0;1;0;0;0;0;0;0;0;1;0;1;0;0;0
21;1.0;15.4;23.0;80.3;;42.7;50;5;6;2;4.0;4.0;3.0;12-09-2024;13.98;0;28;550;256;64;0;0;0;0;0;1;0;0;0;0;1;0;0;0;1;0;0;0;0;0;1;0
18;1.0;8.7;;84.9;39.0;33.2;73;6;8;1;4.0;4.0;3.0;20-09-2024;14.39;0;28;710;325;60;1;0;0;0;0;0;0;0;1;0;0;0;0;0;1;0;0;0;0;1;0;0
19;0.0;12.8;0.0;69.2;26.0;50.9;60;6;6;4;2.0;2.0;4.0;20-09-2024;13.81;0;30;830;282;65;0;1;0;0;0;0;0;0;1;0;0;1;0;0;0;0;0;0;0;0;1;0
19;0.0;3.0;0.0;87.3;34.0;38.3;71;1;9;3;4.0;4.0;5.0;12-09-2024;15.15;0;30;980;247;60;0;0;0;1;0;0;0;0;0;0;1;0;0;0;1;0;0;0;0;0;1;0
21;2.0;20.1;23.0;66.7;11.0;32.1;35;6;6;1;2.0;2.0;3.0;04-09-2024;4.34;1;28;550;256;64;0;0;0;0;0;1;0;0;1;0;0;0;0;0;1;0;0;0;0;0;1;0
17;1.0;4.4;0.0;61.4;;42.9;26;3;10;3;2.0;3.0;4.0;26-09-2024;16.35;0;28;710;325;60;1;0;0;0;0;0;0;0;0;0;1;0;0;0;1;0;0;0;0;1;0;0
19;3.0;15.4;28.0;96.9;;38.1;150;1;8;2;5.0;4.0;5.0;20-09-2024;19.05;0;28;550;256;64;0;0;0;0;0;1;0;0;1;0;0;0;0;0;1;0;0;0;0;1;0;0
19;0.0;27.6;8.0;71.2;41.0;77.3;93;4;7;4;4.0;2.0;1.0;16-09-2024;17.82;0;30;810;265;81;0;0;0;0;0;0;1;0;0;0;1;0;0;0;0;1;0;0;0;1;0;0
19;0.0;41.8;15.0;72.9;32.0;50.5;50;4;7;6;2.0;3.0;3.0;05-09-2024;16.55;0;30;620;263;66;0;0;0;0;0;0;0;1;0;0;1;0;0;1;0;0;0;0;0;0;0;1
21;3.0;;0.0;85.9;38.0;63.7;92;3;12;8;5.0;4.0;3.0;16-09-2024;18.41;0;28;710;325;60;1;0;0;0;0;0;0;0;0;0;1;0;0;0;1;0;0;0;0;0;0;1
23;0.0;;12.0;96.6;;98.9;108;0;9;6;5.0;4.0;4.0;03-09-2024;19.37;0;30;980;247;60;0;0;0;1;0;0;0;0;1;0;0;0;0;0;1;0;0;0;0;0;1;0
22;0.0;10.7;0.0;88.8;35.0;31.1;87;4;11;1;2.0;5.0;3.0;13-09-2024;16.41;0;30;620;263;66;0;0;0;0;0;0;0;1;1;0;0;0;0;1;0;0;0;0;0;0;1;0
21;2.0;46.4;9.0;87.3;34.0;21.7;77;1;9;5;4.0;3.0;2.0;18-09-2024;17.61;0;28;550;256;64;0;0;0;0;0;1;0;0;0;0;1;0;0;0;1;0;0;0;0;1;0;0
20;1.0;1.8;0.0;85.6;32.0;66.3;67;2;8;3;4.0;5.0;3.0;05-09-2024;17.73;0;30;810;265;81;0;0;0;0;0;0;1;0;0;0;1;0;0;0;0;1;0;0;0;0;1;0
23;0.0;1.8;0.0;79.0;20.0;22.8;49;2;6;1;3.0;;1.0;11-09-2024;11.29;0;30;830;282;65;0;1;0;0;0;0;0;0;1;0;0;1;0;0;0;0;0;0;1;0;0;0
18;0.0;32.8;13.0;89.0;24.0;31.4;71;5;9;3;2.0;2.0;3.0;24-09-2024;15.08;0;30;620;263;66;0;0;0;0;0;0;0;1;1;0;0;0;0;1;0;0;0;0;0;0;1;0
22;0.0;20.1;18.0;94.2;13.0;25.9;50;2;8;4;5.0;;3.0;26-09-2024;16.52;0;28;480;265;78;0;0;0;0;1;0;0;0;1;0;0;0;1;0;0;0;0;0;0;0;1;0
19;2.0;7.8;10.0;84.3;31.0;41.5;68;4;8;1;3.0;2.0;1.0;11-09-2024;14.99;0;30;830;282;65;0;1;0;0;0;0;0;0;1;0;0;1;0;0;0;0;0;0;0;0;1;0
21;0.0;40.5;0.0;88.7;46.0;82.3;91;2;8;8;5.0;4.0;3.0;16-09-2024;19.05;0;28;710;325;60;1;0;0;0;0;0;0;0;1;0;0;0;0;0;1;0;0;0;0;0;1;0
17;2.0;2.2;17.0;95.2;38.0;60.9;76;3;11;7;5.0;4.0;3.0;18-09-2024;19.49;0;30;980;247;60;0;0;0;1;0;0;0;0;1;0;0;0;0;0;1;0;0;0;0;0;1;0
18;0.0;41.0;0.0;93.3;34.0;45.7;78;0;9;4;5.0;4.0;1.0;16-09-2024;16.44;0;30;830;282;65;0;1;0;0;0;0;0;0;0;0;1;1;0;0;0;0;0;0;0;0;1;0
24;1.0;2.2;0.0;89.5;8.0;3.3;14;5;5;0;3.0;4.0;1.0;17-09-2024;5.3;1;28;550;256;64;0;0;0;0;0;1;0;0;1;0;0;0;0;0;1;0;0;0;0;0;0;1
17;3.0;17.7;13.0;58.5;3.0;3.6;8;7;7;0;2.0;1.0;1.0;11-09-2024;13.66;0;30;930;293;75;0;0;1;0;0;0;0;0;1;0;0;0;0;0;0;0;1;0;0;0;1;0
17;1.0;18.7;0.0;74.2;;15.9;16;5;9;2;3.0;3.0;;09-09-2024;11.21;0;28;550;256;64;0;0;0;0;0;1;0;0;0;0;1;0;0;0;1;0;0;0;0;1;0;0
20;1.0;18.5;11.0;78.9;25.0;42.5;43;4;7;4;3.0;4.0;;03-09-2024;9.29;1;30;980;247;60;0;0;0;1;0;0;0;0;0;0;1;0;0;0;1;0;0;0;0;0;1;0
20;0.0;18.9;;39.7;1.0;0.3;9;5;5;1;1.0;1.0;2.0;05-09-2024;2.92;1;30;620;263;66;0;0;0;0;0;0;0;1;1;0;0;0;0;1;0;0;0;0;0;0;1;0
19;0.0;5.7;9.0;73.0;14.0;26.7;25;7;7;0;2.0;3.0;2.0;19-09-2024;3.79;1;30;980;247;60;0;0;0;1;0;0;0;0;1;0;0;0;0;0;1;0;0;0;0;1;0;0
21;1.0;11.1;0.0;79.8;30.0;55.1;74;5;12;3;4.0;3.0;3.0;16-09-2024;15.9;0;28;550;256;64;0;0;0;0;0;1;0;0;1;0;0;0;0;0;1;0;0;0;0;0;1;0
20;1.0;11.0;0.0;87.6;44.0;108.6;109;2;12;7;3.0;4.0;4.0;11-09-2024;19.24;0;30;980;247;60;0;0;0;1;0;0;0;0;0;0;1;0;0;0;1;0;0;0;0;0;1;0
17;2.0;48.6;28.0;73.0;17.0;27.5;43;0;10;0;4.0;1.0;2.0;18-09-2024;6.53;1;30;930;293;75;0;0;1;0;0;0;0;0;1;0;0;0;0;0;0;0;1;0;0;0;1;0
20;3.0;14.2;13.0;82.0;30.0;64.2;47;2;9;0;4.0;4.0;3.0;23-09-2024;18.99;0;30;620;263;66;0;0;0;0;0;0;0;1;1;0;0;0;0;1;0;0;0;0;0;0;1;0
17;0.0;3.0;0.0;70.6;30.0;47.0;59;4;7;3;4.0;1.0;3.0;02-09-2024;13.74;0;30;620;263;66;0;0;0;0;0;0;0;1;0;1;0;0;0;1;0;0;0;0;0;0;1;0
19;0.0;23.0;0.0;98.0;57.0;108.0;97;3;9;6;5.0;5.0;2.0;02-09-2024;17.66;0;30;980;247;60;0;0;0;1;0;0;0;0;0;0;1;0;0;0;1;0;0;0;0;0;1;0
23;1.0;31.6;19.0;92.7;3.0;10.3;15;5;8;3;3.0;2.0;1.0;19-09-2024;5.26;1;28;710;325;60;1;0;0;0;0;0;0;0;1;0;0;0;0;0;1;0;0;0;0;0;1;0
20;1.0;29.5;13.0;66.4;3.0;10.7;15;6;8;0;1.0;3.0;1.0;19-09-2024;2.64;1;28;710;325;60;1;0;0;0;0;0;0;0;0;0;1;0;0;0;1;0;0;1;0;0;0;0
18;0.0;1.7;6.0;97.6;62.0;66.1;165;0;12;11;5.0;4.0;4.0;27-09-2024;19.6;0;28;480;265;78;0;0;0;0;1;0;0;0;1;0;0;0;1;0;0;0;0;0;0;0;1;0
17;0.0;25.2;21.0;70.3;23.0;40.8;36;5;9;1;4.0;3.0;4.0;12-09-2024;15.84;0;30;620;263;66;0;0;0;0;0;0;0;1;1;0;0;0;0;1;0;0;0;0;0;0;1;0
22;1.0;4.0;28.0;75.5;25.0;34.0;37;5;9;2;3.0;3.0;4.0;25-09-2024;4.24;1;30;620;263;66;0;0;0;0;0;0;0;1;1;0;0;0;0;1;0;0;0;0;0;0;1;0
24;1.0;7.3;23.0;79.1;18.0;21.5;33;1;9;2;3.0;3.0;1.0;03-09-2024;6.43;1;30;930;293;75;0;0;1;0;0;0;0;0;0;1;0;0;0;0;0;0;1;0;0;1;0;0
20;1.0;18.9;9.0;75.6;24.0;31.2;42;9;9;1;2.0;3.0;2.0;26-09-2024;6.75;1;30;980;247;60;0;0;0;1;0;0;0;0;0;0;1;0;0;0;1;0;0;0;0;0;1;0
20;0.0;9.2;10.0;77.4;30.0;57.0;77;7;11;4;5.0;4.0;3.0;24-09-2024;15.64;0;30;930;293;75;0;0;1;0;0;0;0;0;1;0;0;0;0;0;0;0;1;0;1;0;0;0
24;0.0;;24.0;66.1;3.0;6.4;1;4;6;0;;3.0;1.0;11-09-2024;3.03;1;28;710;325;60;1;0;0;0;0;0;0;0;1;0;0;0;0;0;1;0;0;0;0;0;1;0
19;1.0;;0.0;52.1;15.0;19.2;26;6;6;0;3.0;3.0;1.0;19-09-2024;12.56;0;30;620;263;66;0;0;0;0;0;0;0;1;1;0;0;0;0;1;0;0;0;0;0;0;1;0
19;2.0;14.9;18.0;69.8;21.0;22.7;59;7;7;0;3.0;2.0;1.0;02-09-2024;7.24;1;30;830;282;65;0;1;0;0;0;0;0;0;1;0;0;1;0;0;0;0;0;0;0;0;1;0
20;0.0;;0.0;87.1;28.0;66.6;76;5;5;3;4.0;5.0;4.0;02-09-2024;14.19;0;28;710;325;60;1;0;0;0;0;0;0;0;0;0;1;0;0;0;1;0;0;0;0;0;1;0
17;0.0;2.4;0.0;57.4;18.0;12.9;41;7;7;0;3.0;2.0;;23-09-2024;5.85;1;30;830;282;65;0;1;0;0;0;0;0;0;1;0;0;1;0;0;0;0;0;0;0;0;1;0
19;3.0;;24.0;89.2;24.0;42.6;65;3;8;2;3.0;4.0;5.0;25-09-2024;18.44;0;30;980;247;60;0;0;0;1;0;0;0;0;1;0;0;0;0;0;1;0;0;0;0;0;1;0
21;1.0;3.0;26.0;78.0;3.0;0.3;5;6;8;0;3.0;1.0;1.0;13-09-2024;2.78;1;28;710;325;60;1;0;0;0;0;0;0;0;0;0;1;0;0;0;1;0;0;0;0;1;0;0
20;2.0;;;69.2;9.0;14.3;12;3;6;0;3.0;2.0;1.0;23-09-2024;7.81;1;30;930;293;75;0;0;1;0;0;0;0;0;0;0;1;0;0;0;0;0;1;0;0;0;1;0
21;2.0;4.4;13.0;97.4;59.0;77.0;105;2;10;7;5.0;3.0;5.0;03-09-2024;19.53;0;28;480;265;78;0;0;0;0;1;0;0;0;1;0;0;0;1;0;0;0;0;0;0;0;1;0
21;1.0;19.4;7.0;87.8;12.0;15.7;30;2;7;1;1.0;3.0;3.0;25-09-2024;13.78;0;30;810;265;81;0;0;0;0;0;0;1;0;0;1;0;0;0;0;0;1;0;0;0;0;1;0
18;2.0;15.7;3.0;79.2;3.0;4.2;3;6;6;0;1.0;2.0;2.0;05-09-2024;3.76;1;28;480;265;78;0;0;0;0;1;0;0;0;1;0;0;0;1;0;0;0;0;0;0;0;1;0
18;1.0;27.3;0.0;79.0;34.0;43.4;83;5;7;1;;4.0;3.0;20-09-2024;15.06;0;28;710;325;60;1;0;0;0;0;0;0;0;1;0;0;0;0;0;1;0;0;0;0;1;0;0
19;2.0;4.8;12.0;98.9;;115.5;126;0;9;9;5.0;;4.0;04-09-2024;19.67;0;28;710;325;60;1;0;0;0;0;0;0;0;1;0;0;0;0;0;1;0;0;1;0;0;0;0
23;1.0;3.2;4.0;67.2;38.0;61.8;65;5;8;1;3.0;4.0;2.0;20-09-2024;5.76;1;28;550;256;64;0;0;0;0;0;1;0;0;1;0;0;0;0;0;1;0;0;0;0;1;0;0
17;3.0;13.2;13.0;89.6;48.0;97.5;98;1;11;6;5.0;2.0;4.0;20-09-2024;17.62;0;28;480;265;78;0;0;0;0;1;0;0;0;0;0;1;0;1;0;0;0;0;0;0;1;0;0
23;0.0;1.0;10.0;73.1;35.0;50.2;71;0;7;6;4.0;3.0;2.0;23-09-2024;13.41;0;30;980;247;60;0;0;0;1;0;0;0;0;0;0;1;0;0;0;1;0;0;0;0;1;0;0
24;0.0;6.0;15.0;90.7;50.0;68.4;112;6;9;5;4.0;4.0;3.0;02-09-2024;18.52;0;30;810;265;81;0;0;0;0;0;0;1;0;0;0;1;0;0;0;0;1;0;0;0;1;0;0
21;0.0;14.9;0.0;98.1;22.0;36.2;53;1;8;4;4.0;2.0;;27-09-2024;12.03;0;30;930;293;75;0;0;1;0;0;0;0;0;0;0;1;0;0;0;0;0;1;0;0;1;0;0
19;3.0;2.9;0.0;74.0;21.0;27.5;45;5;10;3;4.0;4.0;3.0;09-09-2024;18.49;0;30;930;293;75;0;0;1;0;0;0;0;0;0;0;1;0;0;0;0;0;1;1;0;0;0;0
22;1.0;28.6;17.0;78.1;12.0;16.2;37;3;6;4;3.0;3.0;3.0;10-09-2024;15.68;0;30;930;293;75;0;0;1;0;0;0;0;0;1;0;0;0;0;0;0;0;1;0;0;0;1;0
21;1.0;8.7;;56.2;17.0;12.0;29;7;9;1;1.0;2.0;1.0;11-09-2024;2.05;1;30;980;247;60;0;0;0;1;0;0;0;0;1;0;0;0;0;0;1;0;0;0;0;0;1;0
19;3.0;1.4;0.0;74.8;28.0;27.1;49;3;7;3;4.0;2.0;1.0;20-09-2024;13.67;0;28;480;265;78;0;0;0;0;1;0;0;0;0;1;0;0;1;0;0;0;0;0;0;0;1;0
17;1.0;3.1;0.0;71.7;35.0;49.8;67;3;11;4;5.0;3.0;3.0;02-09-2024;17.23;0;30;810;265;81;0;0;0;0;0;0;1;0;1;0;0;0;0;0;0;1;0;0;0;1;0;0
18;0.0;1.9;0.0;75.0;43.0;87.4;105;4;8;6;3.0;3.0;3.0;26-09-2024;13.88;0;30;810;265;81;0;0;0;0;0;0;1;0;1;0;0;0;0;0;0;1;0;0;0;0;1;0
17;1.0;1.0;5.0;83.7;45.0;78.5;90;0;11;3;;5.0;3.0;18-09-2024;15.23;0;28;710;325;60;1;0;0;0;0;0;0;0;0;0;1;0;0;0;1;0;0;0;0;0;1;0
21;1.0;0.0;13.0;99.5;58.0;107.8;116;2;8;3;5.0;3.0;4.0;13-09-2024;17.84;0;30;830;282;65;0;1;0;0;0;0;0;0;0;1;0;1;0;0;0;0;0;1;0;0;0;0
19;0.0;8.2;15.0;70.3;25.0;21.5;71;6;12;0;3.0;1.0;4.0;04-09-2024;10.43;0;30;980;247;60;0;0;0;1;0;0;0;0;0;0;1;0;0;0;1;0;0;0;0;0;1;0
20;0.0;8.0;13.0;80.1;28.0;48.7;67;2;7;5;5.0;3.0;2.0;25-09-2024;12.89;0;30;810;265;81;0;0;0;0;0;0;1;0;1;0;0;0;0;0;0;1;0;0;1;0;0;0
19;0.0;;9.0;72.8;31.0;63.9;47;5;8;0;2.0;2.0;2.0;24-09-2024;4.59;1;30;810;265;81;0;0;0;0;0;0;1;0;0;0;1;0;0;0;0;1;0;0;0;0;1;0
22;1.0;40.1;0.0;91.4;46.0;52.6;99;1;9;7;5.0;5.0;;04-09-2024;18.78;0;30;830;282;65;0;1;0;0;0;0;0;0;1;0;0;1;0;0;0;0;0;0;0;0;1;0
17;1.0;40.1;10.0;84.0;71.0;66.5;187;1;13;4;4.0;4.0;5.0;10-09-2024;17.72;0;28;710;325;60;1;0;0;0;0;0;0;0;1;0;0;0;0;0;1;0;0;0;0;0;0;1
19;0.0;5.5;15.0;85.5;26.0;41.9;49;4;8;5;2.0;;4.0;09-09-2024;16.57;0;30;930;293;75;0;0;1;0;0;0;0;0;1;0;0;0;0;0;0;0;1;0;0;1;0;0
17;;23.9;0.0;45.2;;13.1;39;6;7;0;3.0;2.0;1.0;03-09-2024;5.91;1;30;930;293;75;0;0;1;0;0;0;0;0;1;0;0;0;0;0;0;0;1;0;0;0;1;0
22;2.0;;12.0;88.3;58.0;97.0;157;2;9;4;5.0;5.0;4.0;11-09-2024;17.51;0;30;930;293;75;0;0;1;0;0;0;0;0;0;1;0;0;0;0;0;0;1;0;0;0;1;0
18;3.0;7.4;;87.3;42.0;66.1;61;2;9;4;3.0;3.0;5.0;13-09-2024;16.47;0;30;830;282;65;0;1;0;0;0;0;0;0;0;0;1;1;0;0;0;0;0;0;0;0;1;0
17;;3.1;14.0;81.3;11.0;18.9;15;5;10;4;3.0;2.0;2.0;12-09-2024;2.04;1;30;930;293;75;0;0;1;0;0;0;0;0;1;0;0;0;0;0;0;0;1;0;0;1;0;0
18;2.0;0.5;0.0;63.4;33.0;52.0;87;2;6;1;2.0;3.0;4.0;18-09-2024;12.2;0;30;980;247;60;0;0;0;1;0;0;0;0;0;1;0;0;0;0;1;0;0;0;0;0;1;0
17;3.0;17.1;28.0;70.9;3.0;1.1;11;5;5;0;1.0;1.0;3.0;24-09-2024;5.64;1;30;830;282;65;0;1;0;0;0;0;0;0;0;0;1;1;0;0;0;0;0;0;0;0;1;0
21;2.0;6.1;11.0;57.5;3.0;2.9;5;4;6;0;3.0;2.0;2.0;26-09-2024;4.01;1;28;710;325;60;1;0;0;0;0;0;0;0;1;0;0;0;0;0;1;0;0;0;1;0;0;0
22;3.0;0.4;7.0;77.1;8.0;13.8;14;8;8;0;3.0;3.0;2.0;04-09-2024;13.79;0;30;980;247;60;0;0;0;1;0;0;0;0;1;0;0;0;0;0;1;0;0;0;0;1;0;0
23;;37.7;0.0;93.4;42.0;71.5;113;0;9;10;3.0;3.0;2.0;12-09-2024;16.68;0;30;810;265;81;0;0;0;0;0;0;1;0;1;0;0;0;0;0;0;1;0;0;0;0;1;0
20;1.0;16.2;6.0;89.3;40.0;45.3;74;1;10;7;;5.0;4.0;06-09-2024;17.16;0;28;480;265;78;0;0;0;0;1;0;0;0;1;0;0;0;1;0;0;0;0;0;0;0;1;0
22;0.0;34.5;0.0;53.1;24.0;17.0;70;7;10;1;4.0;2.0;2.0;13-09-2024;4.69;1;30;810;265;81;0;0;0;0;0;0;1;0;1;0;0;0;0;0;0;1;0;0;0;0;1;0
18;1.0;35.2;8.0;63.9;18.0;21.5;49;3;8;1;3.0;3.0;2.0;06-09-2024;6.61;1;30;930;293;75;0;0;1;0;0;0;0;0;0;1;0;0;0;0;0;0;1;0;0;0;1;0
18;3.0;34.7;8.0;74.0;34.0;50.5;58;4;9;3;4.0;4.0;1.0;27-09-2024;17.83;0;28;480;265;78;0;0;0;0;1;0;0;0;0;0;1;0;1;0;0;0;0;0;0;0;1;0
20;1.0;16.1;26.0;76.1;43.0;56.6;92;8;10;5;4.0;5.0;3.0;23-09-2024;14.82;0;30;620;263;66;0;0;0;0;0;0;0;1;1;0;0;0;0;1;0;0;0;0;0;1;0;0
20;2.0;13.8;0.0;53.0;0.0;0.0;0;5;5;0;1.0;2.0;2.0;26-09-2024;0.31;1;30;830;282;65;0;1;0;0;0;0;0;0;0;1;0;1;0;0;0;0;0;0;0;0;0;1
19;0.0;20.7;11.0;68.2;20.0;29.0;69;6;8;0;3.0;;3.0;09-09-2024;5.49;1;28;550;256;64;0;0;0;0;0;1;0;0;0;0;1;0;0;0;1;0;0;0;0;0;1;0
21;1.0;;13.0;44.3;18.0;37.0;26;2;6;2;2.0;2.0;2.0;06-09-2024;0.8;1;30;830;282;65;0;1;0;0;0;0;0;0;0;0;1;1;0;0;0;0;0;0;0;0;1;0
19;2.0;6.0;0.0;84.6;43.0;57.8;118;2;10;4;4.0;;;04-09-2024;19.27;0;30;620;263;66;0;0;0;0;0;0;0;1;0;1;0;0;0;1;0;0;0;0;0;0;1;0
21;1.0;16.7;13.0;50.8;17.0;35.5;30;1;6;1;2.0;2.0;2.0;17-09-2024;6.53;1;30;930;293;75;0;0;1;0;0;0;0;0;1;0;0;0;0;0;0;0;1;0;0;0;1;0
17;1.0;15.8;0.0;57.7;31.0;71.0;90;5;9;2;3.0;3.0;3.0;25-09-2024;13.46;0;30;810;265;81;0;0;0;0;0;0;1;0;1;0;0;0;0;0;0;1;0;0;0;1;0;0
18;0.0;13.9;9.0;74.6;26.0;47.7;17;5;7;1;2.0;3.0;;13-09-2024;5.33;1;28;480;265;78;0;0;0;0;1;0;0;0;1;0;0;0;1;0;0;0;0;0;0;0;1;0
21;2.0;1.4;7.0;94.2;39.0;66.1;101;1;8;4;4.0;4.0;2.0;19-09-2024;15.69;0;30;980;247;60;0;0;0;1;0;0;0;0;0;0;1;0;0;0;1;0;0;0;0;0;1;0
20;1.0;14.9;5.0;91.9;25.0;38.7;76;6;6;1;3.0;3.0;3.0;20-09-2024;12.41;0;30;980;247;60;0;0;0;1;0;0;0;0;0;0;1;0;0;0;1;0;0;0;0;0;1;0
20;1.0;20.4;7.0;75.8;37.0;44.3;106;1;9;7;5.0;3.0;1.0;19-09-2024;16.09;0;30;810;265;81;0;0;0;0;0;0;1;0;0;1;0;0;0;0;0;1;0;0;0;0;1;0
18;1.0;1.6;0.0;64.4;33.0;70.2;81;6;9;4;;2.0;5.0;17-09-2024;14.26;0;30;830;282;65;0;1;0;0;0;0;0;0;0;1;0;1;0;0;0;0;0;0;0;0;1;0
19;1.0;2.3;11.0;74.8;14.0;19.8;26;3;10;8;3.0;3.0;3.0;16-09-2024;16.55;0;30;980;247;60;0;0;0;1;0;0;0;0;1;0;0;0;0;0;1;0;0;1;0;0;0;0
22;3.0;7.4;21.0;85.2;33.0;47.5;57;0;11;1;5.0;4.0;5.0;11-09-2024;15.84;0;30;830;282;65;0;1;0;0;0;0;0;0;0;0;1;1;0;0;0;0;0;0;0;0;1;0
21;0.0;52.9;0.0;67.9;3.0;0.4;1;7;10;0;1.0;2.0;2.0;12-09-2024;2.77;1;30;620;263;66;0;0;0;0;0;0;0;1;1;0;0;0;0;1;0;0;0;0;0;0;1;0
22;3.0;3.5;0.0;87.6;56.0;83.7;144;0;11;5;5.0;4.0;5.0;11-09-2024;18.6;0;30;930;293;75;0;0;1;0;0;0;0;0;0;0;1;0;0;0;0;0;1;0;1;0;0;0
20;0.0;2.4;5.0;68.8;33.0;47.7;86;5;9;3;2.0;3.0;5.0;04-09-2024;14.56;0;30;980;247;60;0;0;0;1;0;0;0;0;1;0;0;0;0;0;1;0;0;0;0;0;1;0
21;3.0;12.0;0.0;99.1;47.0;74.8;121;2;11;3;4.0;5.0;3.0;05-09-2024;17.52;0;30;830;282;65;0;1;0;0;0;0;0;0;0;0;1;1;0;0;0;0;0;0;0;0;1;0
24;1.0;0.5;15.0;91.1;63.0;135.4;156;0;13;7;5.0;4.0;5.0;23-09-2024;19.84;0;30;830;282;65;0;1;0;0;0;0;0;0;1;0;0;1;0;0;0;0;0;0;0;0;1;0
19;0.0;47.6;21.0;88.1;27.0;38.7;51;2;10;3;2.0;4.0;3.0;11-09-2024;12.27;0;28;480;265;78;0;0;0;0;1;0;0;0;0;0;1;0;1;0;0;0;0;0;0;0;1;0
23;1.0;0.3;8.0;82.4;26.0;49.0;27;4;4;0;3.0;4.0;3.0;26-09-2024;13.82;0;30;620;263;66;0;0;0;0;0;0;0;1;1;0;0;0;0;1;0;0;0;0;0;0;1;0
19;0.0;8.1;;69.0;3.0;4.1;11;6;6;0;1.0;1.0;2.0;13-09-2024;5.44;1;30;930;293;75;0;0;1;0;0;0;0;0;1;0;0;0;0;0;0;0;1;0;0;1;0;0
22;1.0;4.5;;95.8;26.0;35.5;49;4;12;8;4.0;4.0;4.0;20-09-2024;16.57;0;30;810;265;81;0;0;0;0;0;0;1;0;0;0;1;0;0;0;0;1;0;0;0;0;1;0
18;0.0;11.6;11.0;79.2;20.0;34.5;20;1;7;3;3.0;4.0;2.0;17-09-2024;14.88;0;28;550;256;64;0;0;0;0;0;1;0;0;0;1;0;0;0;0;1;0;0;0;0;0;1;0
18;1.0;0.3;13.0;74.1;11.0;17.6;38;7;7;1;2.0;5.0;2.0;24-09-2024;5.57;1;30;810;265;81;0;0;0;0;0;0;1;0;0;0;1;0;0;0;0;1;0;0;0;0;0;1
21;2.0;9.2;0.0;93.5;19.0;35.1;31;3;10;4;4.0;;1.0;11-09-2024;15.96;0;30;810;265;81;0;0;0;0;0;0;1;0;0;1;0;0;0;0;0;1;0;0;0;0;1;0
21;2.0;21.0;18.0;78.3;29.0;37.6;65;6;6;3;4.0;4.0;3.0;19-09-2024;15.8;0;30;830;282;65;0;1;0;0;0;0;0;0;0;0;1;1;0;0;0;0;0;0;0;0;1;0
22;0.0;4.0;7.0;88.7;27.0;31.3;53;6;7;6;4.0;3.0;1.0;09-09-2024;17.66;0;28;480;265;78;0;0;0;0;1;0;0;0;0;0;1;0;1;0;0;0;0;0;0;0;1;0
19;0.0;2.5;21.0;61.6;8.0;18.9;18;4;4;0;2.0;;2.0;11-09-2024;3.28;1;30;620;263;66;0;0;0;0;0;0;0;1;0;1;0;0;0;1;0;0;0;0;0;0;1;0
19;2.0;10.6;24.0;84.2;37.0;20.8;77;1;12;6;5.0;4.0;5.0;16-09-2024;18.85;0;30;810;265;81;0;0;0;0;0;0;1;0;0;0;1;0;0;0;0;1;0;0;0;0;1;0
20;1.0;17.5;14.0;76.9;;55.3;46;2;10;5;3.0;5.0;3.0;02-09-2024;16.36;0;30;830;282;65;0;1;0;0;0;0;0;0;1;0;0;1;0;0;0;0;0;0;0;1;0;0
18;1.0;0.9;5.0;95.2;48.0;80.0;124;2;11;4;5.0;2.0;3.0;11-09-2024;18.22;0;30;930;293;75;0;0;1;0;0;0;0;0;1;0;0;0;0;0;0;0;1;0;0;0;0;1
17;0.0;69.2;12.0;90.2;16.0;22.1;40;4;7;2;3.0;5.0;3.0;17-09-2024;13.54;0;30;930;293;75;0;0;1;0;0;0;0;0;0;0;1;0;0;0;0;0;1;0;1;0;0;0
19;2.0;0.3;21.0;88.2;26.0;31.4;45;2;11;4;4.0;3.0;2.0;02-09-2024;14.94;0;28;480;265;78;0;0;0;0;1;0;0;0;1;0;0;0;1;0;0;0;0;0;0;0;1;0
21;0.0;10.3;0.0;82.9;40.0;72.9;78;2;10;3;5.0;4.0;3.0;13-09-2024;17.86;0;30;830;282;65;0;1;0;0;0;0;0;0;0;0;1;1;0;0;0;0;0;0;0;0;0;1
19;0.0;43.2;11.0;87.7;44.0;51.3;95;1;9;9;4.0;5.0;4.0;03-09-2024;17.65;0;30;980;247;60;0;0;0;1;0;0;0;0;1;0;0;0;0;0;1;0;0;0;0;0;1;0
20;3.0;4.2;0.0;72.8;31.0;34.4;61;4;9;7;4.0;5.0;4.0;13-09-2024;18.21;0;30;620;263;66;0;0;0;0;0;0;0;1;1;0;0;0;0;1;0;0;0;0;0;1;0;0
19;0.0;14.7;10.0;71.6;31.0;40.2;95;2;8;0;3.0;3.0;;12-09-2024;14.74;0;28;710;325;60;1;0;0;0;0;0;0;0;1;0;0;0;0;0;1;0;0;0;0;0;1;0
20;;5.4;;62.8;12.0;22.9;24;6;6;0;1.0;2.0;1.0;20-09-2024;3.32;1;30;810;265;81;0;0;0;0;0;0;1;0;0;0;1;0;0;0;0;1;0;0;0;0;1;0
17;3.0;6.3;7.0;88.2;20.0;37.4;47;2;10;6;4.0;5.0;4.0;05-09-2024;17.94;0;30;830;282;65;0;1;0;0;0;0;0;0;0;0;1;1;0;0;0;0;0;0;0;0;1;0
21;0.0;15.2;12.0;71.4;22.0;20.8;75;3;6;3;2.0;1.0;4.0;13-09-2024;7.47;1;28;710;325;60;1;0;0;0;0;0;0;0;0;0;1;0;0;0;1;0;0;0;0;1;0;0
21;0.0;;18.0;82.7;18.0;18.8;41;4;6;2;3.0;2.0;4.0;11-09-2024;13.7;0;30;810;265;81;0;0;0;0;0;0;1;0;0;1;0;0;0;0;0;1;0;0;0;1;0;0
18;0.0;3.5;0.0;64.6;12.0;22.8;24;3;7;2;5.0;2.0;5.0;27-09-2024;15.87;0;28;550;256;64;0;0;0;0;0;1;0;0;0;0;1;0;0;0;1;0;0;0;0;0;1;0
18;2.0;30.9;11.0;59.6;3.0;0.3;1;5;5;0;1.0;3.0;1.0;13-09-2024;2.67;1;30;620;263;66;0;0;0;0;0;0;0;1;0;0;1;0;0;1;0;0;0;0;0;0;1;0
18;2.0;21.5;23.0;74.6;6.0;6.8;12;4;7;2;2.0;2.0;4.0;16-09-2024;4.35;1;30;830;282;65;0;1;0;0;0;0;0;0;1;0;0;1;0;0;0;0;0;1;0;0;0;0
23;2.0;1.6;16.0;58.5;3.0;6.4;6;3;8;1;3.0;3.0;3.0;13-09-2024;7.48;1;30;830;282;65;0;1;0;0;0;0;0;0;0;0;1;1;0;0;0;0;0;0;1;0;0;0
18;2.0;;13.0;90.9;42.0;90.8;124;2;10;6;4.0;3.0;2.0;19-09-2024;18.28;0;30;980;247;60;0;0;0;1;0;0;0;0;1;0;0;0;0;0;1;0;0;0;0;0;1;0
18;1.0;14.6;3.0;91.5;28.0;45.7;70;1;8;3;2.0;4.0;3.0;18-09-2024;14.7;0;30;830;282;65;0;1;0;0;0;0;0;0;1;0;0;1;0;0;0;0;0;0;0;0;1;0
19;2.0;44.0;0.0;60.3;12.0;9.3;8;4;4;0;1.0;3.0;;23-09-2024;0.88;1;30;980;247;60;0;0;0;1;0;0;0;0;0;0;1;0;0;0;1;0;0;0;0;0;1;0
20;1.0;6.3;21.0;71.6;17.0;28.3;33;2;7;1;3.0;3.0;5.0;13-09-2024;13.05;0;28;710;325;60;1;0;0;0;0;0;0;0;1;0;0;0;0;0;1;0;0;1;0;0;0;0
22;0.0;2.7;12.0;71.0;27.0;22.8;48;3;6;2;5.0;2.0;4.0;05-09-2024;15.18;0;30;810;265;81;0;0;0;0;0;0;1;0;1;0;0;0;0;0;0;1;0;0;0;1;0;0
18;1.0;23.3;9.0;66.8;15.0;24.7;40;2;8;1;1.0;2.0;2.0;10-09-2024;2.58;1;30;620;263;66;0;0;0;0;0;0;0;1;0;0;1;0;0;1;0;0;0;0;0;0;0;1
20;0.0;8.3;0.0;72.3;34.0;52.4;50;9;9;2;3.0;4.0;3.0;06-09-2024;7.91;1;30;810;265;81;0;0;0;0;0;0;1;0;1;0;0;0;0;0;0;1;0;0;0;0;1;0
18;1.0;16.4;0.0;85.1;25.0;24.3;45;6;9;0;4.0;1.0;3.0;05-09-2024;12.65;0;30;810;265;81;0;0;0;0;0;0;1;0;1;0;0;0;0;0;0;1;0;0;0;1;0;0
22;0.0;37.5;;66.5;33.0;51.9;81;5;10;1;2.0;2.0;2.0;03-09-2024;3.29;1;30;930;293;75;0;0;1;0;0;0;0;0;1;0;0;0;0;0;0;0;1;0;0;0;1;0
25;1.0;8.0;0.0;78.9;28.0;50.8;59;5;8;1;4.0;4.0;2.0;26-09-2024;18.12;0;30;810;265;81;0;0;0;0;0;0;1;0;1;0;0;0;0;0;0;1;0;0;0;0;1;0
20;1.0;26.3;;67.1;30.0;31.9;87;3;11;5;4.0;2.0;1.0;10-09-2024;7.23;1;30;620;263;66;0;0;0;0;0;0;0;1;1;0;0;0;0;1;0;0;0;0;0;0;1;0
17;0.0;6.6;0.0;95.5;40.0;61.7;67;0;8;5;4.0;5.0;5.0;12-09-2024;17.76;0;30;620;263;66;0;0;0;0;0;0;0;1;1;0;0;0;0;1;0;0;0;0;0;0;1;0
19;1.0;14.3;9.0;61.3;3.0;5.4;6;5;5;0;2.0;2.0;2.0;05-09-2024;7.93;1;30;980;247;60;0;0;0;1;0;0;0;0;1;0;0;0;0;0;1;0;0;0;0;0;1;0
21;0.0;57.9;10.0;90.6;29.0;41.1;70;0;12;5;5.0;4.0;3.0;06-09-2024;18.5;0;30;980;247;60;0;0;0;1;0;0;0;0;1;0;0;0;0;0;1;0;0;0;0;1;0;0
20;0.0;2.2;;66.5;10.0;20.6;26;5;7;1;3.0;2.0;4.0;17-09-2024;6.16;1;30;930;293;75;0;0;1;0;0;0;0;0;1;0;0;0;0;0;0;0;1;0;1;0;0;0
20;0.0;68.5;18.0;70.3;32.0;52.9;86;1;11;2;3.0;4.0;3.0;12-09-2024;12.53;0;30;810;265;81;0;0;0;0;0;0;1;0;0;0;1;0;0;0;0;1;0;0;0;1;0;0
19;0.0;;0.0;88.4;44.0;40.5;72;1;11;10;5.0;;5.0;02-09-2024;18.49;0;28;710;325;60;1;0;0;0;0;0;0;0;0;0;1;0;0;0;1;0;0;0;0;1;0;0
20;;7.8;24.0;46.1;4.0;5.6;13;9;9;0;1.0;1.0;2.0;26-09-2024;5.46;1;30;810;265;81;0;0;0;0;0;0;1;0;1;0;0;0;0;0;0;1;0;0;0;0;1;0
23;0.0;4.8;10.0;81.3;8.0;9.4;27;4;8;1;1.0;2.0;4.0;03-09-2024;13.32;0;28;710;325;60;1;0;0;0;0;0;0;0;1;0;0;0;0;0;1;0;0;0;0;0;1;0
21;0.0;22.2;10.0;69.3;26.0;44.4;59;4;6;1;3.0;;2.0;24-09-2024;10.7;0;30;980;247;60;0;0;0;1;0;0;0;0;1;0;0;0;0;0;1;0;0;0;0;0;1;0
18;3.0;20.7;7.0;61.2;3.0;0.4;1;8;8;0;2.0;1.0;1.0;18-09-2024;4.12;1;30;980;247;60;0;0;0;1;0;0;0;0;1;0;0;0;0;0;1;0;0;0;0;0;1;0
20;2.0;4.8;10.0;64.5;28.0;30.4;55;6;10;1;3.0;2.0;1.0;25-09-2024;10.98;0;30;620;263;66;0;0;0;0;0;0;0;1;0;0;1;0;0;1;0;0;0;0;0;0;1;0
18;3.0;1.2;9.0;54.6;13.0;20.4;28;5;7;0;1.0;1.0;2.0;24-09-2024;3.79;1;28;550;256;64;0;0;0;0;0;1;0;0;1;0;0;0;0;0;1;0;0;0;0;0;1;0
19;2.0;14.4;13.0;90.6;53.0;104.0;138;2;11;8;5.0;5.0;3.0;25-09-2024;18.6;0;30;830;282;65;0;1;0;0;0;0;0;0;1;0;0;1;0;0;0;0;0;0;0;1;0;0
18;1.0;6.8;0.0;75.0;10.0;14.3;19;3;11;2;4.0;4.0;2.0;16-09-2024;15.33;0;28;710;325;60;1;0;0;0;0;0;0;0;0;0;1;0;0;0;1;0;0;0;0;0;1;0
21;2.0;35.4;;79.2;16.0;29.6;46;6;9;0;;3.0;1.0;04-09-2024;14.46;0;28;480;265;78;0;0;0;0;1;0;0;0;1;0;0;0;1;0;0;0;0;0;0;0;1;0
19;;0.6;;58.9;9.0;9.5;20;3;9;3;4.0;2.0;2.0;12-09-2024;5.01;1;30;980;247;60;0;0;0;1;0;0;0;0;1;0;0;0;0;0;1;0;0;0;0;1;0;0
26;0.0;7.2;0.0;55.6;3.0;1.1;18;5;5;0;1.0;3.0;1.0;26-09-2024;1.6;1;30;830;282;65;0;1;0;0;0;0;0;0;0;0;1;1;0;0;0;0;0;0;0;1;0;0
21;2.0;19.6;26.0;68.9;20.0;14.6;37;7;8;2;4.0;2.0;2.0;23-09-2024;5.09;1;28;480;265;78;0;0;0;0;1;0;0;0;1;0;0;0;1;0;0;0;0;1;0;0;0;0
20;2.0;15.2;5.0;54.0;10.0;12.1;17;6;8;0;2.0;4.0;2.0;10-09-2024;4.03;1;30;810;265;81;0;0;0;0;0;0;1;0;0;0;1;0;0;0;0;1;0;0;0;0;1;0
19;3.0;6.0;8.0;84.5;40.0;58.3;82;2;13;5;5.0;5.0;4.0;19-09-2024;15.77;0;28;550;256;64;0;0;0;0;0;1;0;0;0;0;1;0;0;0;1;0;0;0;0;0;1;0
22;3.0;;13.0;79.0;14.0;12.2;43;5;8;0;;3.0;2.0;20-09-2024;16.05;0;30;620;263;66;0;0;0;0;0;0;0;1;1;0;0;0;0;1;0;0;0;0;0;1;0;0
22;2.0;3.7;12.0;89.8;40.0;33.7;95;2;6;1;4.0;3.0;;13-09-2024;15.37;0;28;710;325;60;1;0;0;0;0;0;0;0;0;0;1;0;0;0;1;0;0;1;0;0;0;0
19;1.0;2.0;14.0;54.9;0.0;0.0;0;4;4;0;4.0;3.0;1.0;27-09-2024;14.66;0;30;810;265;81;0;0;0;0;0;0;1;0;1;0;0;0;0;0;0;1;0;0;0;0;1;0
22;1.0;15.8;;88.4;16.0;18.4;29;3;6;3;2.0;3.0;2.0;10-09-2024;6.79;1;30;980;247;60;0;0;0;1;0;0;0;0;1;0;0;0;0;0;1;0;0;0;0;1;0;0
17;2.0;3.0;;79.9;32.0;26.3;84;5;9;1;2.0;4.0;3.0;12-09-2024;8.5;1;30;930;293;75;0;0;1;0;0;0;0;0;0;0;1;0;0;0;0;0;1;0;0;0;1;0
17;0.0;3.6;;75.6;25.0;53.7;43;3;10;2;1.0;3.0;3.0;17-09-2024;12.01;0;28;550;256;64;0;0;0;0;0;1;0;0;1;0;0;0;0;0;1;0;0;0;0;0;1;0
20;0.0;11.6;0.0;70.3;16.0;18.5;20;4;4;0;1.0;2.0;1.0;23-09-2024;4.8;1;28;480;265;78;0;0;0;0;1;0;0;0;1;0;0;0;1;0;0;0;0;0;0;0;1;0
21;2.0;;10.0;82.0;20.0;35.2;29;4;5;1;2.0;2.0;1.0;05-09-2024;6.99;1;30;620;263;66;0;0;0;0;0;0;0;1;1;0;0;0;0;1;0;0;0;0;0;0;1;0
20;2.0;6.4;0.0;81.0;40.0;18.2;65;5;11;4;4.0;;;04-09-2024;15.09;0;28;550;256;64;0;0;0;0;0;1;0;0;0;1;0;0;0;0;1;0;0;0;0;0;1;0
20;0.0;4.6;11.0;76.2;45.0;94.5;108;3;10;4;3.0;4.0;2.0;03-09-2024;17.06;0;30;620;263;66;0;0;0;0;0;0;0;1;0;1;0;0;0;1;0;0;0;0;0;0;1;0
25;1.0;2.5;15.0;80.5;14.0;15.6;46;4;5;4;3.0;4.0;3.0;16-09-2024;8.72;1;30;930;293;75;0;0;1;0;0;0;0;0;1;0;0;0;0;0;0;0;1;0;0;1;0;0
19;1.0;9.1;8.0;68.0;23.0;45.8;43;6;7;0;1.0;4.0;1.0;02-09-2024;15.07;0;28;480;265;78;0;0;0;0;1;0;0;0;1;0;0;0;1;0;0;0;0;0;0;0;1;0
21;0.0;;0.0;87.0;27.0;35.9;50;6;9;2;5.0;2.0;2.0;11-09-2024;14.55;0;30;810;265;81;0;0;0;0;0;0;1;0;1;0;0;0;0;0;0;1;0;0;0;0;1;0
21;2.0;6.6;0.0;74.4;27.0;27.5;78;4;5;0;4.0;;2.0;10-09-2024;8.76;1;28;550;256;64;0;0;0;0;0;1;0;0;1;0;0;0;0;0;1;0;0;0;0;1;0;0
21;;47.5;14.0;58.4;8.0;6.8;17;4;7;0;2.0;2.0;1.0;16-09-2024;6.55;1;30;620;263;66;0;0;0;0;0;0;0;1;1;0;0;0;0;1;0;0;0;0;0;0;1;0
19;1.0;19.0;;67.2;13.0;19.2;32;4;6;0;;;2.0;04-09-2024;4.03;1;28;710;325;60;1;0;0;0;0;0;0;0;0;0;1;0;0;0;1;0;0;0;0;1;0;0
20;0.0;4.4;15.0;78.4;19.0;43.4;37;5;8;0;3.0;3.0;2.0;12-09-2024;12.37;0;28;710;325;60;1;0;0;0;0;0;0;0;0;0;1;0;0;0;1;0;0;0;0;0;1;0
19;1.0;13.0;9.0;75.3;;51.3;82;6;10;0;3.0;3.0;3.0;02-09-2024;15.65;0;28;550;256;64;0;0;0;0;0;1;0;0;1;0;0;0;0;0;1;0;0;0;0;0;1;0
21;1.0;0.2;17.0;79.7;23.0;39.4;35;4;9;3;;3.0;3.0;25-09-2024;14.48;0;30;810;265;81;0;0;0;0;0;0;1;0;0;1;0;0;0;0;0;1;0;0;0;0;1;0
17;2.0;3.7;7.0;87.7;45.0;92.4;108;1;12;3;4.0;2.0;4.0;12-09-2024;16.13;0;30;620;263;66;0;0;0;0;0;0;0;1;1;0;0;0;0;1;0;0;0;0;0;0;1;0
20;2.0;27.9;23.0;77.9;54.0;76.1;113;2;11;8;4.0;3.0;1.0;23-09-2024;18.3;0;30;830;282;65;0;1;0;0;0;0;0;0;1;0;0;1;0;0;0;0;0;0;0;1;0;0
19;2.0;51.6;0.0;97.9;23.0;36.8;55;7;7;4;3.0;4.0;4.0;03-09-2024;5.71;1;30;930;293;75;0;0;1;0;0;0;0;0;0;0;1;0;0;0;0;0;1;0;0;0;1;0
19;1.0;23.4;26.0;62.0;3.0;1.2;19;5;5;0;3.0;3.0;1.0;05-09-2024;4.11;1;30;810;265;81;0;0;0;0;0;0;1;0;1;0;0;0;0;0;0;1;0;0;0;0;1;0
18;0.0;16.7;0.0;90.9;49.0;126.8;98;0;11;6;;5.0;4.0;12-09-2024;17.24;0;30;980;247;60;0;0;0;1;0;0;0;0;0;0;1;0;0;0;1;0;0;0;0;0;1;0
21;1.0;16.1;17.0;79.4;28.0;45.9;40;5;9;2;4.0;3.0;1.0;20-09-2024;6.04;1;30;930;293;75;0;0;1;0;0;0;0;0;1;0;0;0;0;0;0;0;1;0;0;1;0;0
22;1.0;0.1;14.0;93.0;28.0;53.3;65;1;7;7;3.0;3.0;2.0;25-09-2024;12.03;0;30;810;265;81;0;0;0;0;0;0;1;0;0;1;0;0;0;0;0;1;0;0;0;0;1;0
18;2.0;2.0;10.0;74.5;25.0;33.7;40;4;7;4;3.0;5.0;5.0;11-09-2024;13.08;0;28;710;325;60;1;0;0;0;0;0;0;0;1;0;0;0;0;0;1;0;0;0;0;0;1;0
17;3.0;2.7;9.0;86.5;25.0;44.7;56;4;9;3;4.0;4.0;5.0;03-09-2024;16.1;0;30;810;265;81;0;0;0;0;0;0;1;0;0;0;1;0;0;0;0;1;0;0;0;0;0;1
23;0.0;15.1;17.0;61.1;14.0;21.7;29;7;7;0;2.0;2.0;1.0;09-09-2024;2.27;1;28;480;265;78;0;0;0;0;1;0;0;0;0;0;1;0;1;0;0;0;0;0;0;0;1;0
21;1.0;52.2;9.0;83.4;32.0;47.9;63;6;10;2;5.0;3.0;3.0;13-09-2024;15.4;0;30;930;293;75;0;0;1;0;0;0;0;0;1;0;0;0;0;0;0;0;1;0;0;0;1;0
22;0.0;6.5;;94.0;36.0;84.1;82;4;11;7;2.0;4.0;3.0;16-09-2024;13.15;0;28;710;325;60;1;0;0;0;0;0;0;0;1;0;0;0;0;0;1;0;0;0;0;0;0;1
19;2.0;19.1;11.0;79.4;17.0;24.6;26;2;8;0;3.0;2.0;3.0;24-09-2024;13.37;0;30;830;282;65;0;1;0;0;0;0;0;0;0;0;1;1;0;0;0;0;0;0;0;0;1;0
19;2.0;5.4;26.0;97.2;;36.1;55;5;13;1;4.0;3.0;3.0;23-09-2024;18.24;0;30;930;293;75;0;0;1;0;0;0;0;0;1;0;0;0;0;0;0;0;1;0;0;1;0;0
20;0.0;2.5;18.0;56.5;18.0;21.0;43;3;9;2;3.0;4.0;2.0;27-09-2024;11.87;0;28;550;256;64;0;0;0;0;0;1;0;0;0;0;1;0;0;0;1;0;0;0;0;0;0;1
23;1.0;62.8;11.0;96.3;36.0;45.8;102;1;11;6;4.0;4.0;3.0;26-09-2024;16.3;0;30;930;293;75;0;0;1;0;0;0;0;0;1;0;0;0;0;0;0;0;1;0;0;0;1;0
21;0.0;23.8;14.0;82.7;40.0;64.0;91;3;10;4;5.0;2.0;3.0;10-09-2024;15.14;0;30;980;247;60;0;0;0;1;0;0;0;0;0;0;1;0;0;0;1;0;0;0;0;0;1;0
21;1.0;12.1;15.0;95.0;62.0;48.9;142;3;10;6;3.0;3.0;2.0;12-09-2024;16.45;0;30;810;265;81;0;0;0;0;0;0;1;0;1;0;0;0;0;0;0;1;0;0;0;0;1;0
24;3.0;11.2;;75.8;24.0;39.9;31;1;9;2;3.0;;3.0;23-09-2024;6.9;1;30;830;282;65;0;1;0;0;0;0;0;0;1;0;0;1;0;0;0;0;0;0;1;0;0;0
22;0.0;2.5;19.0;60.9;3.0;6.0;13;6;6;0;2.0;4.0;;06-09-2024;7.05;1;30;810;265;81;0;0;0;0;0;0;1;0;1;0;0;0;0;0;0;1;0;0;0;0;1;0
17;;14.0;20.0;79.8;16.0;20.6;40;3;9;2;3.0;3.0;1.0;06-09-2024;6.12;1;30;980;247;60;0;0;0;1;0;0;0;0;1;0;0;0;0;0;1;0;0;0;0;0;1;0
19;;13.9;14.0;83.6;21.0;11.8;48;6;6;1;4.0;4.0;3.0;09-09-2024;16.81;0;30;930;293;75;0;0;1;0;0;0;0;0;1;0;0;0;0;0;0;0;1;0;0;0;1;0
19;0.0;6.2;5.0;95.9;35.0;36.2;50;5;9;5;5.0;3.0;5.0;25-09-2024;16.94;0;30;980;247;60;0;0;0;1;0;0;0;0;1;0;0;0;0;0;1;0;0;0;1;0;0;0
21;;86.5;0.0;69.5;21.0;28.8;32;7;7;1;3.0;2.0;;11-09-2024;5.54;1;30;980;247;60;0;0;0;1;0;0;0;0;0;0;1;0;0;0;1;0;0;0;0;0;1;0
19;3.0;49.4;;51.7;10.0;18.0;24;4;6;0;5.0;2.0;2.0;25-09-2024;13.72;0;30;620;263;66;0;0;0;0;0;0;0;1;1;0;0;0;0;1;0;0;0;0;0;0;1;0
21;0.0;0.5;0.0;81.8;46.0;64.6;88;7;7;10;;;2.0;27-09-2024;17.47;0;28;710;325;60;1;0;0;0;0;0;0;0;0;1;0;0;0;0;1;0;0;0;0;0;1;0
21;1.0;;15.0;74.3;3.0;0.5;1;6;8;2;3.0;5.0;4.0;26-09-2024;12.73;0;30;620;263;66;0;0;0;0;0;0;0;1;1;0;0;0;0;1;0;0;0;0;0;0;1;0
20;0.0;8.3;0.0;69.2;36.0;71.6;84;6;7;2;3.0;2.0;3.0;18-09-2024;17.55;0;30;930;293;75;0;0;1;0;0;0;0;0;0;0;1;0;0;0;0;0;1;0;0;0;1;0
19;1.0;4.5;;67.5;19.0;32.6;35;2;6;2;3.0;2.0;;12-09-2024;9.53;1;28;710;325;60;1;0;0;0;0;0;0;0;1;0;0;0;0;0;1;0;0;0;0;0;1;0
21;0.0;8.1;;88.3;44.0;63.0;129;0;12;3;5.0;4.0;4.0;26-09-2024;19.19;0;30;830;282;65;0;1;0;0;0;0;0;0;1;0;0;1;0;0;0;0;0;0;0;0;1;0
18;0.0;10.2;12.0;80.9;8.0;15.6;26;4;7;0;2.0;3.0;2.0;09-09-2024;4.31;1;30;980;247;60;0;0;0;1;0;0;0;0;0;0;1;0;0;0;1;0;0;0;0;1;0;0
21;2.0;8.0;6.0;70.6;21.0;38.3;39;7;10;4;4.0;3.0;2.0;18-09-2024;12.91;0;30;620;263;66;0;0;0;0;0;0;0;1;1;0;0;0;0;1;0;0;0;0;1;0;0;0
20;0.0;2.7;6.0;82.0;41.0;50.9;84;3;7;7;5.0;5.0;4.0;27-09-2024;18.19;0;28;710;325;60;1;0;0;0;0;0;0;0;1;0;0;0;0;0;1;0;0;0;0;0;0;1
18;0.0;4.8;13.0;87.9;25.0;20.6;55;6;7;2;3.0;5.0;3.0;05-09-2024;16.42;0;30;980;247;60;0;0;0;1;0;0;0;0;1;0;0;0;0;0;1;0;0;0;0;0;1;0
22;0.0;;18.0;43.4;15.0;36.0;26;5;5;1;2.0;2.0;1.0;17-09-2024;6.27;1;30;980;247;60;0;0;0;1;0;0;0;0;1;0;0;0;0;0;1;0;0;0;0;0;1;0
20;0.0;51.1;0.0;62.2;48.0;46.0;107;2;9;4;2.0;;2.0;18-09-2024;16.02;0;30;980;247;60;0;0;0;1;0;0;0;0;0;0;1;0;0;0;1;0;0;0;0;0;1;0
20;3.0;10.9;28.0;70.8;9.0;11.3;19;4;9;0;2.0;3.0;5.0;24-09-2024;16.21;0;30;620;263;66;0;0;0;0;0;0;0;1;1;0;0;0;0;1;0;0;0;0;0;1;0;0
18;0.0;2.0;8.0;74.2;16.0;23.9;53;5;8;3;4.0;4.0;4.0;09-09-2024;13.84;0;30;930;293;75;0;0;1;0;0;0;0;0;0;1;0;0;0;0;0;0;1;0;0;0;1;0
23;0.0;10.3;3.0;68.4;19.0;47.1;45;7;8;2;2.0;3.0;;13-09-2024;6.54;1;30;810;265;81;0;0;0;0;0;0;1;0;1;0;0;0;0;0;0;1;0;0;0;0;1;0
18;1.0;2.2;10.0;77.9;24.0;29.3;47;1;12;4;4.0;5.0;4.0;16-09-2024;18.21;0;30;980;247;60;0;0;0;1;0;0;0;0;1;0;0;0;0;0;1;0;0;0;1;0;0;0
22;1.0;28.1;0.0;76.1;15.0;24.5;44;4;9;2;3.0;3.0;2.0;13-09-2024;14.67;0;30;620;263;66;0;0;0;0;0;0;0;1;1;0;0;0;0;1;0;0;0;0;0;0;1;0
17;3.0;10.1;5.0;89.7;20.0;42.3;56;3;10;0;2.0;3.0;1.0;10-09-2024;16.81;0;30;930;293;75;0;0;1;0;0;0;0;0;1;0;0;0;0;0;0;0;1;0;0;1;0;0
17;2.0;28.7;13.0;53.8;10.0;14.4;17;4;8;1;;2.0;2.0;25-09-2024;10.23;0;30;930;293;75;0;0;1;0;0;0;0;0;0;1;0;0;0;0;0;0;1;0;0;0;1;0
19;1.0;0.2;18.0;69.9;39.0;60.3;64;6;10;5;3.0;3.0;5.0;11-09-2024;16.07;0;30;830;282;65;0;1;0;0;0;0;0;0;1;0;0;1;0;0;0;0;0;0;0;0;1;0
18;0.0;1.2;13.0;77.5;15.0;25.5;42;2;10;2;4.0;4.0;4.0;20-09-2024;15.41;0;30;930;293;75;0;0;1;0;0;0;0;0;1;0;0;0;0;0;0;0;1;0;0;1;0;0
20;3.0;46.6;0.0;55.5;3.0;1.4;23;4;9;0;1.0;3.0;1.0;03-09-2024;5.29;1;30;810;265;81;0;0;0;0;0;0;1;0;0;0;1;0;0;0;0;1;0;0;0;1;0;0
20;0.0;;27.0;70.8;;13.9;4;7;7;3;3.0;3.0;1.0;23-09-2024;13.71;0;30;830;282;65;0;1;0;0;0;0;0;0;1;0;0;1;0;0;0;0;0;0;0;1;0;0
24;0.0;7.7;16.0;77.0;15.0;17.3;19;1;8;1;2.0;3.0;;12-09-2024;6.35;1;30;980;247;60;0;0;0;1;0;0;0;0;0;0;1;0;0;0;1;0;0;0;0;1;0;0
20;2.0;3.2;8.0;94.1;47.0;70.3;135;0;8;4;5.0;5.0;3.0;03-09-2024;15.3;0;30;930;293;75;0;0;1;0;0;0;0;0;1;0;0;0;0;0;0;0;1;0;0;0;1;0
20;0.0;4.7;22.0;83.3;26.0;40.7;46;4;10;5;4.0;4.0;2.0;27-09-2024;12.51;0;28;710;325;60;1;0;0;0;0;0;0;0;1;0;0;0;0;0;1;0;0;0;0;0;1;0
24;0.0;5.1;0.0;70.9;30.0;48.2;63;7;8;0;4.0;4.0;2.0;24-09-2024;11.92;0;30;810;265;81;0;0;0;0;0;0;1;0;1;0;0;0;0;0;0;1;0;0;0;0;1;0
23;3.0;15.1;19.0;78.9;24.0;48.3;62;2;8;4;3.0;4.0;2.0;13-09-2024;16.92;0;28;550;256;64;0;0;0;0;0;1;0;0;0;0;1;0;0;0;1;0;0;0;0;0;1;0
19;3.0;44.1;21.0;75.3;37.0;51.6;98;6;6;0;4.0;2.0;1.0;13-09-2024;18.99;0;28;710;325;60;1;0;0;0;0;0;0;0;1;0;0;0;0;0;1;0;0;0;0;0;1;0
21;1.0;11.0;0.0;75.0;30.0;47.3;69;5;8;1;2.0;3.0;2.0;06-09-2024;16.2;0;30;810;265;81;0;0;0;0;0;0;1;0;1;0;0;0;0;0;0;1;0;0;0;1;0;0
20;3.0;23.2;12.0;65.0;24.0;24.2;64;5;9;0;1.0;3.0;1.0;04-09-2024;2.54;1;30;620;263;66;0;0;0;0;0;0;0;1;0;1;0;0;0;1;0;0;0;0;0;0;1;0
23;0.0;11.3;24.0;55.6;13.0;18.4;35;1;6;1;4.0;1.0;1.0;24-09-2024;8.88;1;30;830;282;65;0;1;0;0;0;0;0;0;1;0;0;1;0;0;0;0;0;0;0;0;1;0
18;0.0;15.3;0.0;74.1;34.0;58.3;66;5;12;2;2.0;3.0;1.0;10-09-2024;14.44;0;30;930;293;75;0;0;1;0;0;0;0;0;1;0;0;0;0;0;0;0;1;0;0;0;1;0
23;1.0;12.4;0.0;58.3;10.0;19.4;14;5;5;0;2.0;2.0;1.0;17-09-2024;6.16;1;30;810;265;81;0;0;0;0;0;0;1;0;0;0;1;0;0;0;0;1;0;0;0;0;1;0
19;1.0;5.0;;84.4;49.0;95.6;91;2;9;7;3.0;4.0;2.0;04-09-2024;15.62;0;30;620;263;66;0;0;0;0;0;0;0;1;0;0;1;0;0;1;0;0;0;0;0;1;0;0
18;0.0;1.2;16.0;97.3;31.0;37.9;85;3;8;6;3.0;4.0;5.0;09-09-2024;18.07;0;28;480;265;78;0;0;0;0;1;0;0;0;1;0;0;0;1;0;0;0;0;0;0;0;1;0
18;0.0;;22.0;89.1;49.0;64.4;97;2;12;4;;4.0;4.0;18-09-2024;14.54;0;30;930;293;75;0;0;1;0;0;0;0;0;0;1;0;0;0;0;0;0;1;0;0;0;1;0
17;2.0;27.4;9.0;83.0;44.0;74.5;107;2;7;5;5.0;4.0;;10-09-2024;18.76;0;30;930;293;75;0;0;1;0;0;0;0;0;1;0;0;0;0;0;0;0;1;0;0;0;1;0
21;1.0;0.7;18.0;56.2;7.0;11.3;7;2;8;0;;1.0;3.0;18-09-2024;5.04;1;30;620;263;66;0;0;0;0;0;0;0;1;1;0;0;0;0;1;0;0;0;0;0;0;1;0
22;0.0;9.2;10.0;87.6;65.0;98.6;120;1;13;7;5.0;4.0;4.0;06-09-2024;18.83;0;30;930;293;75;0;0;1;0;0;0;0;0;1;0;0;0;0;0;0;0;1;0;0;0;1;0
22;2.0;5.8;;42.3;17.0;31.3;60;7;9;0;1.0;1.0;;05-09-2024;7.36;1;30;930;293;75;0;0;1;0;0;0;0;0;0;0;1;0;0;0;0;0;1;1;0;0;0;0
17;1.0;5.5;15.0;84.5;22.0;42.1;43;7;10;1;2.0;4.0;2.0;25-09-2024;9.03;1;28;480;265;78;0;0;0;0;1;0;0;0;0;0;1;0;1;0;0;0;0;0;0;0;1;0
24;2.0;7.7;12.0;77.5;3.0;3.9;11;7;7;2;3.0;3.0;4.0;25-09-2024;8.82;1;30;830;282;65;0;1;0;0;0;0;0;0;1;0;0;1;0;0;0;0;0;0;0;0;1;0
17;0.0;30.0;0.0;69.2;4.0;4.4;15;5;8;2;1.0;3.0;3.0;23-09-2024;2.63;1;30;930;293;75;0;0;1;0;0;0;0;0;1;0;0;0;0;0;0;0;1;0;0;0;1;0
17;0.0;26.4;7.0;89.6;;63.0;56;2;7;2;4.0;;4.0;19-09-2024;14.33;0;30;980;247;60;0;0;0;1;0;0;0;0;0;1;0;0;0;0;1;0;0;0;0;0;0;1
18;1.0;8.6;15.0;73.2;7.0;10.4;15;3;11;2;4.0;2.0;3.0;25-09-2024;5.32;1;28;480;265;78;0;0;0;0;1;0;0;0;1;0;0;0;1;0;0;0;0;0;0;0;1;0
20;3.0;7.8;;86.0;30.0;70.0;67;4;8;6;3.0;3.0;2.0;11-09-2024;17.85;0;30;980;247;60;0;0;0;1;0;0;0;0;0;1;0;0;0;0;1;0;0;0;0;0;1;0
22;3.0;28.2;8.0;82.9;35.0;44.7;70;5;9;7;2.0;2.0;2.0;17-09-2024;15.72;0;28;480;265;78;0;0;0;0;1;0;0;0;1;0;0;0;1;0;0;0;0;0;0;0;1;0
19;0.0;26.3;;52.4;0.0;0.0;0;7;7;0;3.0;1.0;;12-09-2024;1.48;1;30;830;282;65;0;1;0;0;0;0;0;0;1;0;0;1;0;0;0;0;0;0;0;0;0;1
21;2.0;0.1;0.0;70.3;16.0;16.4;35;2;7;3;2.0;2.0;2.0;24-09-2024;12.08;0;30;980;247;60;0;0;0;1;0;0;0;0;0;1;0;0;0;0;1;0;0;0;0;1;0;0
18;3.0;9.9;;71.4;30.0;43.1;75;6;10;1;2.0;4.0;3.0;03-09-2024;7.3;1;28;710;325;60;1;0;0;0;0;0;0;0;0;1;0;0;0;0;1;0;0;0;0;0;1;0
17;1.0;;18.0;84.2;25.0;56.4;53;4;7;3;3.0;3.0;3.0;16-09-2024;15.44;0;28;550;256;64;0;0;0;0;0;1;0;0;0;0;1;0;0;0;1;0;0;0;0;0;1;0
18;0.0;5.1;0.0;72.1;35.0;55.2;55;6;7;1;3.0;3.0;2.0;02-09-2024;12.39;0;30;980;247;60;0;0;0;1;0;0;0;0;0;0;1;0;0;0;1;0;0;0;0;0;1;0
20;1.0;16.2;24.0;88.3;46.0;44.2;103;3;8;7;5.0;;3.0;12-09-2024;18.14;0;28;710;325;60;1;0;0;0;0;0;0;0;1;0;0;0;0;0;1;0;0;0;0;0;1;0
19;1.0;12.2;15.0;89.7;40.0;53.6;115;1;10;9;4.0;3.0;4.0;23-09-2024;18.99;0;30;810;265;81;0;0;0;0;0;0;1;0;0;0;1;0;0;0;0;1;0;0;0;0;1;0
19;0.0;9.4;18.0;68.7;32.0;46.1;61;6;9;5;4.0;;4.0;10-09-2024;13.82;0;30;930;293;75;0;0;1;0;0;0;0;0;1;0;0;0;0;0;0;0;1;0;0;0;1;0
18;2.0;52.4;0.0;72.2;20.0;18.7;28;7;7;0;1.0;3.0;;23-09-2024;13.32;0;28;480;265;78;0;0;0;0;1;0;0;0;1;0;0;0;1;0;0;0;0;0;0;1;0;0
22;0.0;63.6;10.0;59.1;22.0;42.2;32;2;7;2;2.0;2.0;1.0;12-09-2024;0.6;1;30;980;247;60;0;0;0;1;0;0;0;0;1;0;0;0;0;0;1;0;0;0;0;0;1;0
19;1.0;31.7;15.0;82.0;34.0;64.6;57;6;10;6;2.0;3.0;3.0;11-09-2024;15.02;0;30;930;293;75;0;0;1;0;0;0;0;0;0;0;1;0;0;0;0;0;1;0;0;0;1;0
21;0.0;1.0;0.0;69.0;14.0;21.0;29;4;10;0;2.0;3.0;5.0;23-09-2024;11.76;0;30;620;263;66;0;0;0;0;0;0;0;1;1;0;0;0;0;1;0;0;0;0;0;0;1;0
18;2.0;36.9;0.0;97.0;45.0;65.9;91;2;8;8;5.0;3.0;2.0;10-09-2024;19.81;0;30;930;293;75;0;0;1;0;0;0;0;0;0;0;1;0;0;0;0;0;1;1;0;0;0;0
20;0.0;19.8;18.0;54.0;0.0;0.0;0;6;6;0;1.0;1.0;2.0;24-09-2024;3.05;1;28;480;265;78;0;0;0;0;1;0;0;0;1;0;0;0;1;0;0;0;0;0;0;0;1;0
22;0.0;2.8;10.0;83.2;36.0;60.8;85;4;8;5;4.0;4.0;3.0;06-09-2024;17.39;0;30;620;263;66;0;0;0;0;0;0;0;1;1;0;0;0;0;1;0;0;0;0;0;0;1;0
18;2.0;28.5;26.0;86.6;20.0;31.7;37;2;10;2;3.0;4.0;2.0;10-09-2024;15.33;0;28;550;256;64;0;0;0;0;0;1;0;0;1;0;0;0;0;0;1;0;0;0;0;0;1;0
18;0.0;63.4;14.0;77.7;28.0;37.5;47;1;8;4;2.0;4.0;;17-09-2024;13.43;0;30;830;282;65;0;1;0;0;0;0;0;0;0;0;1;1;0;0;0;0;0;0;0;0;1;0
18;3.0;7.9;;76.6;30.0;32.8;67;5;9;3;3.0;2.0;4.0;26-09-2024;17.38;0;28;710;325;60;1;0;0;0;0;0;0;0;1;0;0;0;0;0;1;0;0;0;0;0;1;0
20;2.0;9.9;0.0;62.5;39.0;61.9;85;1;13;4;4.0;4.0;2.0;20-09-2024;17.81;0;30;810;265;81;0;0;0;0;0;0;1;0;1;0;0;0;0;0;0;1;0;0;0;0;1;0
22;2.0;3.3;5.0;88.7;21.0;44.2;46;1;10;4;5.0;4.0;5.0;16-09-2024;18.3;0;30;810;265;81;0;0;0;0;0;0;1;0;1;0;0;0;0;0;0;1;0;0;0;0;1;0
23;0.0;1.5;14.0;97.1;33.0;42.1;47;3;7;8;5.0;3.0;4.0;27-09-2024;15.6;0;30;980;247;60;0;0;0;1;0;0;0;0;1;0;0;0;0;0;1;0;0;1;0;0;0;0
21;0.0;0.5;0.0;67.8;27.0;57.1;59;8;9;1;3.0;3.0;3.0;19-09-2024;5.79;1;30;810;265;81;0;0;0;0;0;0;1;0;1;0;0;0;0;0;0;1;0;0;0;1;0;0
20;1.0;6.9;13.0;62.8;10.0;15.5;23;8;8;0;1.0;2.0;1.0;17-09-2024;4.74;1;30;620;263;66;0;0;0;0;0;0;0;1;1;0;0;0;0;1;0;0;0;0;0;0;1;0
18;0.0;3.1;13.0;70.4;35.0;58.8;93;6;10;3;;3.0;4.0;17-09-2024;15.58;0;30;980;247;60;0;0;0;1;0;0;0;0;1;0;0;0;0;0;1;0;0;0;0;0;1;0
18;3.0;39.8;0.0;84.6;27.0;30.7;71;3;8;4;5.0;4.0;1.0;04-09-2024;19.03;0;28;480;265;78;0;0;0;0;1;0;0;0;1;0;0;0;1;0;0;0;0;0;0;0;1;0
21;1.0;2.5;6.0;77.9;34.0;44.4;54;7;12;1;4.0;4.0;3.0;03-09-2024;15.12;0;28;710;325;60;1;0;0;0;0;0;0;0;0;1;0;0;0;0;1;0;0;0;0;0;1;0
21;2.0;15.2;23.0;68.3;32.0;79.3;80;3;8;1;4.0;3.0;3.0;16-09-2024;13.88;0;28;550;256;64;0;0;0;0;0;1;0;0;1;0;0;0;0;0;1;0;0;0;0;1;0;0
19;1.0;7.3;0.0;88.8;38.0;26.7;76;0;7;3;2.0;2.0;3.0;10-09-2024;15.03;0;30;620;263;66;0;0;0;0;0;0;0;1;1;0;0;0;0;1;0;0;0;0;0;0;1;0
19;0.0;40.1;14.0;67.9;25.0;36.9;57;7;13;1;3.0;3.0;1.0;05-09-2024;13.83;0;30;810;265;81;0;0;0;0;0;0;1;0;1;0;0;0;0;0;0;1;0;0;0;0;1;0
19;3.0;29.9;0.0;98.5;;45.6;91;2;13;4;5.0;5.0;3.0;13-09-2024;16.03;0;30;930;293;75;0;0;1;0;0;0;0;0;0;1;0;0;0;0;0;0;1;0;0;0;1;0
17;2.0;9.4;22.0;77.6;19.0;38.9;28;5;5;3;3.0;3.0;3.0;10-09-2024;13.53;0;30;980;247;60;0;0;0;1;0;0;0;0;1;0;0;0;0;0;1;0;0;0;0;0;1;0
23;1.0;42.4;;72.2;20.0;20.3;44;4;10;1;3.0;2.0;3.0;27-09-2024;4.43;1;30;810;265;81;0;0;0;0;0;0;1;0;0;1;0;0;0;0;0;1;0;0;0;0;1;0
23;;21.6;17.0;96.4;35.0;61.4;72;4;7;7;2.0;4.0;3.0;04-09-2024;14.16;0;30;810;265;81;0;0;0;0;0;0;1;0;1;0;0;0;0;0;0;1;0;0;0;0;1;0
22;2.0;1.5;0.0;91.3;28.0;42.0;80;2;9;5;4.0;2.0;4.0;05-09-2024;17.91;0;28;550;256;64;0;0;0;0;0;1;0;0;0;0;1;0;0;0;1;0;0;0;0;0;1;0
21;0.0;9.2;0.0;77.6;;58.0;50;8;11;5;4.0;2.0;2.0;23-09-2024;14.33;0;30;830;282;65;0;1;0;0;0;0;0;0;1;0;0;1;0;0;0;0;0;0;0;0;1;0
20;0.0;13.8;;92.9;34.0;59.3;63;4;11;2;4.0;3.0;5.0;12-09-2024;18.42;0;30;620;263;66;0;0;0;0;0;0;0;1;1;0;0;0;0;1;0;0;0;0;0;0;1;0
19;0.0;21.4;25.0;75.4;3.0;4.8;1;7;7;1;1.0;3.0;4.0;26-09-2024;5.82;1;28;710;325;60;1;0;0;0;0;0;0;0;1;0;0;0;0;0;1;0;0;0;0;0;1;0
21;1.0;1.1;14.0;79.3;20.0;23.9;51;9;9;0;1.0;2.0;4.0;03-09-2024;15.45;0;30;830;282;65;0;1;0;0;0;0;0;0;1;0;0;1;0;0;0;0;0;0;0;0;1;0
18;0.0;31.9;10.0;50.1;0.0;0.0;0;6;6;0;;2.0;2.0;04-09-2024;5.84;1;30;980;247;60;0;0;0;1;0;0;0;0;1;0;0;0;0;0;1;0;0;1;0;0;0;0
19;0.0;;0.0;86.4;54.0;81.8;123;2;11;3;5.0;4.0;3.0;10-09-2024;19.23;0;30;930;293;75;0;0;1;0;0;0;0;0;1;0;0;0;0;0;0;0;1;0;0;0;1;0
19;0.0;21.0;17.0;73.5;6.0;2.8;19;6;10;4;2.0;4.0;3.0;03-09-2024;7.28;1;30;810;265;81;0;0;0;0;0;0;1;0;1;0;0;0;0;0;0;1;0;0;1;0;0;0
20;1.0;41.1;9.0;55.6;13.0;13.5;28;1;9;1;5.0;4.0;5.0;06-09-2024;14.06;0;30;830;282;65;0;1;0;0;0;0;0;0;1;0;0;1;0;0;0;0;0;0;0;0;1;0
21;2.0;13.5;0.0;49.2;8.0;1.4;16;4;5;0;2.0;3.0;1.0;26-09-2024;1.5;1;30;980;247;60;0;0;0;1;0;0;0;0;0;0;1;0;0;0;1;0;0;0;0;0;1;0
21;2.0;0.0;;68.6;50.0;76.3;148;4;7;2;4.0;5.0;2.0;26-09-2024;14.71;0;30;830;282;65;0;1;0;0;0;0;0;0;1;0;0;1;0;0;0;0;0;0;0;0;1;0
21;1.0;22.6;15.0;66.7;22.0;30.8;49;2;12;4;3.0;4.0;3.0;18-09-2024;8.91;1;30;980;247;60;0;0;0;1;0;0;0;0;1;0;0;0;0;0;1;0;0;0;0;0;1;0
18;1.0;5.5;22.0;62.7;25.0;34.1;53;6;7;0;1.0;2.0;2.0;27-09-2024;5.12;1;30;810;265;81;0;0;0;0;0;0;1;0;0;1;0;0;0;0;0;1;0;1;0;0;0;0
19;0.0;12.6;4.0;77.2;16.0;17.7;39;4;9;2;3.0;1.0;;23-09-2024;5.46;1;30;810;265;81;0;0;0;0;0;0;1;0;1;0;0;0;0;0;0;1;0;0;0;1;0;0
18;2.0;0.9;0.0;83.2;22.0;40.9;30;3;11;2;;3.0;3.0;27-09-2024;17.72;0;30;830;282;65;0;1;0;0;0;0;0;0;1;0;0;1;0;0;0;0;0;0;0;0;0;1
25;2.0;0.0;13.0;91.5;43.0;64.4;110;2;10;4;5.0;5.0;3.0;26-09-2024;19.87;0;28;480;265;78;0;0;0;0;1;0;0;0;1;0;0;0;1;0;0;0;0;0;0;0;1;0
21;2.0;0.6;19.0;76.7;32.0;48.4;86;3;6;5;2.0;3.0;5.0;27-09-2024;14.79;0;28;550;256;64;0;0;0;0;0;1;0;0;0;0;1;0;0;0;1;0;0;0;0;1;0;0
21;0.0;11.6;11.0;84.5;29.0;40.9;50;4;7;4;4.0;4.0;3.0;20-09-2024;16.67;0;30;620;263;66;0;0;0;0;0;0;0;1;1;0;0;0;0;1;0;0;0;0;0;0;1;0
20;3.0;;28.0;74.1;;43.8;105;4;9;3;4.0;5.0;2.0;20-09-2024;14.96;0;30;830;282;65;0;1;0;0;0;0;0;0;1;0;0;1;0;0;0;0;0;0;0;0;1;0
19;1.0;5.2;12.0;72.8;13.0;16.1;25;4;6;2;3.0;3.0;2.0;20-09-2024;13.84;0;30;980;247;60;0;0;0;1;0;0;0;0;0;1;0;0;0;0;1;0;0;0;0;0;1;0
18;2.0;7.7;11.0;74.8;21.0;36.1;51;3;8;6;3.0;4.0;3.0;05-09-2024;14.95;0;28;550;256;64;0;0;0;0;0;1;0;0;1;0;0;0;0;0;1;0;0;0;0;0;1;0
20;1.0;31.4;0.0;78.5;22.0;31.1;65;3;10;6;4.0;;2.0;06-09-2024;13.96;0;28;550;256;64;0;0;0;0;0;1;0;0;1;0;0;0;0;0;1;0;0;0;0;1;0;0
18;2.0;18.7;0.0;71.5;7.0;2.8;26;5;6;0;3.0;3.0;2.0;03-09-2024;15.18;0;30;930;293;75;0;0;1;0;0;0;0;0;1;0;0;0;0;0;0;0;1;0;0;0;1;0
22;1.0;11.0;;98.1;49.0;83.2;124;1;10;5;4.0;4.0;5.0;03-09-2024;14.51;0;30;980;247;60;0;0;0;1;0;0;0;0;0;1;0;0;0;0;1;0;0;0;0;0;1;0
18;;8.2;0.0;93.2;34.0;37.4;81;2;9;4;4.0;4.0;3.0;16-09-2024;17.57;0;30;930;293;75;0;0;1;0;0;0;0;0;1;0;0;0;0;0;0;0;1;0;0;1;0;0
21;3.0;24.6;21.0;73.6;33.0;53.2;87;6;8;2;4.0;4.0;1.0;10-09-2024;16.08;0;30;830;282;65;0;1;0;0;0;0;0;0;0;0;1;1;0;0;0;0;0;0;0;0;1;0
18;1.0;8.0;;74.7;37.0;33.4;72;4;11;5;1.0;4.0;3.0;13-09-2024;13.12;0;30;830;282;65;0;1;0;0;0;0;0;0;1;0;0;1;0;0;0;0;0;0;0;1;0;0
17;2.0;8.1;26.0;73.0;19.0;23.6;37;5;13;7;;3.0;4.0;12-09-2024;19.02;0;28;480;265;78;0;0;0;0;1;0;0;0;1;0;0;0;1;0;0;0;0;0;0;0;1;0
19;3.0;5.1;0.0;92.8;49.0;90.0;115;0;8;4;5.0;4.0;4.0;06-09-2024;19.78;0;30;830;282;65;0;1;0;0;0;0;0;0;1;0;0;1;0;0;0;0;0;0;0;0;1;0
19;2.0;1.9;26.0;70.0;19.0;28.9;56;6;8;0;3.0;2.0;2.0;04-09-2024;7.51;1;30;620;263;66;0;0;0;0;0;0;0;1;0;0;1;0;0;1;0;0;0;0;0;1;0;0
22;1.0;17.4;0.0;70.4;13.0;23.2;42;3;10;4;4.0;4.0;3.0;23-09-2024;16.21;0;30;620;263;66;0;0;0;0;0;0;0;1;1;0;0;0;0;1;0;0;0;1;0;0;0;0
19;0.0;8.5;14.0;77.9;4.0;4.4;1;5;7;1;3.0;3.0;3.0;27-09-2024;4.94;1;30;980;247;60;0;0;0;1;0;0;0;0;1;0;0;0;0;0;1;0;0;0;0;1;0;0
18;0.0;18.3;23.0;99.5;43.0;82.2;107;1;8;6;4.0;4.0;3.0;10-09-2024;19.02;0;30;980;247;60;0;0;0;1;0;0;0;0;1;0;0;0;0;0;1;0;0;0;1;0;0;0
18;0.0;35.0;15.0;71.6;17.0;19.4;25;4;6;0;3.0;2.0;1.0;06-09-2024;3.56;1;30;930;293;75;0;0;1;0;0;0;0;0;1;0;0;0;0;0;0;0;1;0;0;1;0;0
20;0.0;11.3;0.0;83.6;56.0;78.8;99;2;9;3;4.0;3.0;5.0;13-09-2024;18.92;0;30;980;247;60;0;0;0;1;0;0;0;0;1;0;0;0;0;0;1;0;0;0;0;1;0;0
22;2.0;29.8;9.0;79.5;21.0;27.8;51;5;8;0;4.0;4.0;1.0;03-09-2024;15.09;0;30;930;293;75;0;0;1;0;0;0;0;0;1;0;0;0;0;0;0;0;1;0;1;0;0;0
20;0.0;5.5;0.0;94.1;25.0;60.7;52;6;9;3;5.0;3.0;3.0;03-09-2024;17.12;0;30;980;247;60;0;0;0;1;0;0;0;0;0;1;0;0;0;0;1;0;0;0;0;0;1;0
20;0.0;63.3;13.0;94.1;37.0;57.6;95;1;13;5;4.0;5.0;2.0;13-09-2024;16.42;0;28;710;325;60;1;0;0;0;0;0;0;0;1;0;0;0;0;0;1;0;0;0;0;0;1;0
17;0.0;7.4;8.0;78.3;20.0;42.5;62;2;10;3;2.0;4.0;3.0;03-09-2024;8.94;1;30;620;263;66;0;0;0;0;0;0;0;1;1;0;0;0;0;1;0;0;0;0;0;0;1;0
22;1.0;1.6;;76.5;16.0;22.6;45;4;7;3;4.0;2.0;;03-09-2024;17.58;0;30;980;247;60;0;0;0;1;0;0;0;0;1;0;0;0;0;0;1;0;0;0;1;0;0;0
17;1.0;28.0;0.0;80.6;31.0;43.1;76;0;8;1;4.0;4.0;3.0;06-09-2024;16.19;0;30;810;265;81;0;0;0;0;0;0;1;0;1;0;0;0;0;0;0;1;0;0;0;0;1;0
21;2.0;17.3;8.0;82.2;29.0;33.3;40;4;9;4;3.0;4.0;4.0;24-09-2024;17.67;0;30;620;263;66;0;0;0;0;0;0;0;1;1;0;0;0;0;1;0;0;0;0;0;0;1;0
19;2.0;10.4;10.0;99.2;27.0;32.5;42;2;9;4;5.0;3.0;;06-09-2024;16.84;0;30;980;247;60;0;0;0;1;0;0;0;0;1;0;0;0;0;0;1;0;0;0;0;0;1;0
18;3.0;1.1;8.0;66.4;3.0;1.8;1;6;6;0;;1.0;;17-09-2024;6.32;1;30;830;282;65;0;1;0;0;0;0;0;0;1;0;0;1;0;0;0;0;0;0;0;0;1;0
17;1.0;25.3;23.0;75.7;23.0;25.9;52;2;10;2;5.0;4.0;2.0;23-09-2024;15.83;0;30;980;247;60;0;0;0;1;0;0;0;0;0;1;0;0;0;0;1;0;0;0;0;0;1;0
21;1.0;19.2;12.0;87.6;29.0;21.1;32;4;11;6;4.0;5.0;;25-09-2024;16.72;0;28;710;325;60;1;0;0;0;0;0;0;0;1;0;0;0;0;0;1;0;0;0;0;0;1;0
19;1.0;15.0;0.0;85.3;42.0;74.5;86;7;8;8;4.0;4.0;3.0;27-09-2024;12.64;0;28;710;325;60;1;0;0;0;0;0;0;0;0;0;1;0;0;0;1;0;0;0;0;0;1;0
19;2.0;12.4;13.0;70.7;16.0;29.9;29;5;11;0;2.0;3.0;2.0;06-09-2024;13.75;0;30;830;282;65;0;1;0;0;0;0;0;0;1;0;0;1;0;0;0;0;0;0;0;1;0;0
17;1.0;15.8;0.0;74.8;24.0;40.0;58;6;8;2;4.0;2.0;2.0;03-09-2024;8.51;1;28;550;256;64;0;0;0;0;0;1;0;0;1;0;0;0;0;0;1;0;0;0;0;0;1;0
20;1.0;18.2;21.0;99.5;60.0;96.8;116;0;13;7;4.0;4.0;3.0;25-09-2024;17.61;0;28;550;256;64;0;0;0;0;0;1;0;0;0;1;0;0;0;0;1;0;0;0;0;0;1;0
22;2.0;1.6;13.0;66.3;25.0;24.7;57;2;6;2;4.0;3.0;3.0;24-09-2024;17.26;0;28;550;256;64;0;0;0;0;0;1;0;0;0;0;1;0;0;0;1;0;0;0;0;0;1;0
23;0.0;4.4;12.0;83.1;54.0;70.3;119;1;11;3;5.0;3.0;;19-09-2024;17.06;0;30;930;293;75;0;0;1;0;0;0;0;0;1;0;0;0;0;0;0;0;1;0;0;0;1;0
19;2.0;5.0;26.0;80.8;45.0;70.8;103;2;8;0;5.0;2.0;4.0;17-09-2024;15.35;0;30;980;247;60;0;0;0;1;0;0;0;0;1;0;0;0;0;0;1;0;0;0;0;0;1;0
19;2.0;4.0;18.0;81.8;18.0;32.1;22;6;7;1;3.0;2.0;3.0;23-09-2024;13.67;0;30;980;247;60;0;0;0;1;0;0;0;0;0;0;1;0;0;0;1;0;0;0;0;0;1;0
18;2.0;12.9;0.0;70.1;18.0;30.6;36;2;6;1;3.0;3.0;3.0;16-09-2024;13.9;0;30;830;282;65;0;1;0;0;0;0;0;0;1;0;0;1;0;0;0;0;0;0;0;1;0;0
19;3.0;6.2;13.0;92.8;52.0;51.7;120;5;9;5;3.0;4.0;3.0;11-09-2024;17.11;0;28;550;256;64;0;0;0;0;0;1;0;0;0;0;1;0;0;0;1;0;0;0;0;0;1;0
23;0.0;13.0;;78.6;33.0;44.7;90;1;8;11;4.0;3.0;4.0;09-09-2024;17.43;0;28;550;256;64;0;0;0;0;0;1;0;0;1;0;0;0;0;0;1;0;0;0;0;0;1;0
23;0.0;15.5;;89.8;53.0;71.9;102;1;12;4;5.0;5.0;4.0;23-09-2024;15.19;0;30;620;263;66;0;0;0;0;0;0;0;1;1;0;0;0;0;1;0;0;0;0;0;0;1;0
21;1.0;19.1;0.0;98.5;68.0;100.5;111;2;11;4;5.0;3.0;4.0;13-09-2024;19.54;0;30;980;247;60;0;0;0;1;0;0;0;0;0;1;0;0;0;0;1;0;0;0;0;0;1;0
24;1.0;0.8;8.0;66.0;14.0;18.8;35;4;6;0;2.0;2.0;4.0;10-09-2024;10.53;0;30;930;293;75;0;0;1;0;0;0;0;0;1;0;0;0;0;0;0;0;1;0;0;0;1;0
20;3.0;29.5;;51.6;19.0;9.1;14;6;6;0;2.0;;2.0;26-09-2024;4.0;1;28;550;256;64;0;0;0;0;0;1;0;0;0;1;0;0;0;0;1;0;0;1;0;0;0;0
18;0.0;55.4;;48.3;5.0;6.2;15;9;10;0;4.0;4.0;1.0;11-09-2024;1.85;1;30;830;282;65;0;1;0;0;0;0;0;0;1;0;0;1;0;0;0;0;0;0;0;1;0;0
23;1.0;;6.0;80.3;42.0;47.1;119;2;11;3;4.0;4.0;4.0;11-09-2024;14.53;0;30;830;282;65;0;1;0;0;0;0;0;0;0;1;0;1;0;0;0;0;0;1;0;0;0;0
18;0.0;16.7;15.0;80.8;37.0;32.0;59;4;8;7;4.0;5.0;1.0;19-09-2024;16.62;0;28;550;256;64;0;0;0;0;0;1;0;0;0;0;1;0;0;0;1;0;0;0;0;0;1;0
20;0.0;26.1;0.0;59.9;3.0;8.6;1;6;6;0;2.0;4.0;3.0;05-09-2024;1.0;1;28;480;265;78;0;0;0;0;1;0;0;0;0;0;1;0;1;0;0;0;0;0;0;0;1;0
18;0.0;3.6;6.0;65.1;17.0;27.8;35;3;11;1;3.0;4.0;;25-09-2024;14.73;0;30;810;265;81;0;0;0;0;0;0;1;0;1;0;0;0;0;0;0;1;0;0;0;0;1;0
18;0.0;14.1;20.0;95.9;33.0;28.4;78;1;9;4;5.0;3.0;5.0;04-09-2024;13.8;0;30;980;247;60;0;0;0;1;0;0;0;0;1;0;0;0;0;0;1;0;0;0;0;0;0;1
19;0.0;;9.0;82.6;31.0;36.6;55;2;8;3;2.0;4.0;3.0;13-09-2024;14.17;0;30;830;282;65;0;1;0;0;0;0;0;0;0;0;1;1;0;0;0;0;0;0;0;0;1;0
18;3.0;2.8;0.0;46.4;8.0;7.0;35;5;5;0;3.0;3.0;;24-09-2024;4.99;1;30;810;265;81;0;0;0;0;0;0;1;0;0;0;1;0;0;0;0;1;0;0;0;0;1;0
23;1.0;7.4;;64.7;18.0;16.2;26;6;7;0;4.0;4.0;2.0;19-09-2024;5.55;1;30;930;293;75;0;0;1;0;0;0;0;0;1;0;0;0;0;0;0;0;1;0;0;1;0;0
22;2.0;2.7;0.0;86.6;38.0;62.8;70;3;11;5;3.0;4.0;3.0;23-09-2024;18.3;0;28;710;325;60;1;0;0;0;0;0;0;0;1;0;0;0;0;0;1;0;0;0;0;0;1;0
23;0.0;15.2;;87.0;27.0;32.8;49;3;8;6;5.0;3.0;;18-09-2024;16.61;0;28;710;325;60;1;0;0;0;0;0;0;0;0;1;0;0;0;0;1;0;0;0;0;0;1;0
19;0.0;6.1;0.0;57.2;30.0;54.3;68;5;5;1;2.0;3.0;3.0;13-09-2024;12.3;0;30;980;247;60;0;0;0;1;0;0;0;0;0;0;1;0;0;0;1;0;0;0;0;1;0;0
17;3.0;13.2;21.0;85.4;33.0;19.4;66;3;11;6;4.0;3.0;3.0;12-09-2024;18.58;0;28;550;256;64;0;0;0;0;0;1;0;0;1;0;0;0;0;0;1;0;0;0;0;0;1;0
20;0.0;1.1;;79.3;21.0;32.2;51;0;8;3;5.0;4.0;3.0;13-09-2024;15.5;0;30;830;282;65;0;1;0;0;0;0;0;0;1;0;0;1;0;0;0;0;0;0;0;0;1;0
20;0.0;37.0;14.0;73.7;14.0;17.2;32;6;6;1;4.0;2.0;1.0;16-09-2024;4.25;1;28;550;256;64;0;0;0;0;0;1;0;0;1;0;0;0;0;0;1;0;0;0;1;0;0;0
19;;21.3;0.0;94.0;64.0;107.2;130;1;8;6;4.0;4.0;2.0;25-09-2024;17.16;0;30;830;282;65;0;1;0;0;0;0;0;0;1;0;0;1;0;0;0;0;0;0;0;0;1;0
18;0.0;20.4;;71.5;49.0;83.6;116;2;9;7;4.0;3.0;3.0;12-09-2024;15.32;0;30;810;265;81;0;0;0;0;0;0;1;0;0;1;0;0;0;0;0;1;0;0;0;1;0;0
17;0.0;8.1;0.0;78.5;28.0;48.2;54;4;6;6;;4.0;3.0;16-09-2024;16.27;0;30;810;265;81;0;0;0;0;0;0;1;0;1;0;0;0;0;0;0;1;0;0;0;0;1;0
18;3.0;9.9;0.0;98.6;15.0;21.9;38;2;8;0;5.0;;3.0;12-09-2024;15.99;0;28;550;256;64;0;0;0;0;0;1;0;0;1;0;0;0;0;0;1;0;0;0;0;0;1;0
19;1.0;25.8;7.0;92.9;36.0;33.6;68;2;9;2;4.0;3.0;4.0;12-09-2024;17.21;0;30;830;282;65;0;1;0;0;0;0;0;0;0;1;0;1;0;0;0;0;0;0;0;1;0;0
20;0.0;22.8;0.0;77.2;46.0;41.4;110;3;9;4;3.0;3.0;3.0;06-09-2024;15.45;0;30;810;265;81;0;0;0;0;0;0;1;0;1;0;0;0;0;0;0;1;0;0;1;0;0;0
20;0.0;6.0;20.0;85.4;34.0;64.3;100;4;12;2;3.0;;1.0;16-09-2024;14.78;0;28;710;325;60;1;0;0;0;0;0;0;0;0;1;0;0;0;0;1;0;0;0;0;1;0;0
20;1.0;8.7;0.0;51.8;15.0;13.7;33;8;8;0;2.0;4.0;2.0;16-09-2024;2.66;1;30;980;247;60;0;0;0;1;0;0;0;0;1;0;0;0;0;0;1;0;0;0;0;0;1;0
21;3.0;20.3;;77.5;4.0;6.9;18;8;9;0;3.0;2.0;2.0;13-09-2024;7.88;1;30;620;263;66;0;0;0;0;0;0;0;1;1;0;0;0;0;1;0;0;0;0;0;0;1;0
25;2.0;3.6;0.0;98.5;43.0;103.2;119;1;8;1;5.0;4.0;3.0;05-09-2024;18.19;0;30;810;265;81;0;0;0;0;0;0;1;0;0;0;1;0;0;0;0;1;0;0;1;0;0;0
22;1.0;28.0;0.0;76.0;24.0;46.0;46;2;9;7;5.0;2.0;4.0;25-09-2024;15.91;0;30;980;247;60;0;0;0;1;0;0;0;0;1;0;0;0;0;0;1;0;0;0;0;0;1;0
22;0.0;11.1;10.0;80.6;16.0;21.1;30;8;8;1;4.0;4.0;2.0;18-09-2024;5.43;1;28;710;325;60;1;0;0;0;0;0;0;0;1;0;0;0;0;0;1;0;0;0;0;1;0;0
23;0.0;0.0;14.0;74.6;42.0;67.6;67;4;8;4;3.0;2.0;3.0;05-09-2024;14.2;0;30;930;293;75;0;0;1;0;0;0;0;0;1;0;0;0;0;0;0;0;1;0;0;0;1;0
20;1.0;14.4;12.0;66.2;;18.6;15;9;11;2;2.0;1.0;4.0;12-09-2024;3.73;1;30;830;282;65;0;1;0;0;0;0;0;0;0;0;1;1;0;0;0;0;0;0;0;0;1;0
22;0.0;3.0;10.0;93.1;42.0;97.6;98;3;10;9;5.0;3.0;5.0;26-09-2024;18.22;0;30;930;293;75;0;0;1;0;0;0;0;0;0;0;1;0;0;0;0;0;1;0;0;0;1;0
17;0.0;27.3;27.0;73.9;46.0;54.6;140;4;7;3;2.0;1.0;3.0;24-09-2024;15.58;0;30;810;265;81;0;0;0;0;0;0;1;0;0;0;1;0;0;0;0;1;0;0;0;1;0;0
19;1.0;35.1;26.0;88.8;43.0;54.4;116;3;9;13;5.0;3.0;5.0;26-09-2024;17.3;0;30;930;293;75;0;0;1;0;0;0;0;0;1;0;0;0;0;0;0;0;1;0;0;0;1;0
18;2.0;52.7;9.0;85.7;53.0;115.6;151;2;10;4;4.0;5.0;3.0;05-09-2024;19.05;0;30;830;282;65;0;1;0;0;0;0;0;0;0;0;1;1;0;0;0;0;0;0;0;0;0;1
18;1.0;30.7;0.0;67.7;24.0;27.3;71;5;7;4;5.0;3.0;1.0;03-09-2024;14.29;0;28;550;256;64;0;0;0;0;0;1;0;0;0;0;1;0;0;0;1;0;0;0;0;0;1;0
19;0.0;0.3;16.0;76.4;36.0;45.0;64;0;10;2;4.0;3.0;4.0;20-09-2024;18.29;0;30;930;293;75;0;0;1;0;0;0;0;0;1;0;0;0;0;0;0;0;1;0;0;0;1;0
23;0.0;2.3;;73.2;37.0;69.9;89;2;12;3;5.0;4.0;4.0;27-09-2024;15.57;0;30;980;247;60;0;0;0;1;0;0;0;0;1;0;0;0;0;0;1;0;0;0;0;0;1;0
22;0.0;93.4;23.0;55.2;3.0;3.1;1;3;6;0;1.0;2.0;1.0;11-09-2024;1.59;1;30;810;265;81;0;0;0;0;0;0;1;0;0;0;1;0;0;0;0;1;0;0;0;0;1;0
18;1.0;9.2;0.0;84.9;25.0;29.7;37;8;9;1;4.0;3.0;3.0;05-09-2024;15.77;0;30;980;247;60;0;0;0;1;0;0;0;0;1;0;0;0;0;0;1;0;0;0;1;0;0;0
20;1.0;3.0;9.0;84.1;16.0;11.0;36;3;12;1;3.0;4.0;2.0;12-09-2024;16.14;0;30;830;282;65;0;1;0;0;0;0;0;0;1;0;0;1;0;0;0;0;0;1;0;0;0;0
18;0.0;4.5;13.0;80.8;27.0;28.9;52;4;9;4;4.0;;4.0;18-09-2024;14.71;0;28;480;265;78;0;0;0;0;1;0;0;0;0;0;1;0;1;0;0;0;0;0;0;1;0;0
18;2.0;;12.0;85.8;31.0;47.2;50;5;8;5;4.0;4.0;4.0;19-09-2024;18.01;0;30;810;265;81;0;0;0;0;0;0;1;0;1;0;0;0;0;0;0;1;0;0;0;0;1;0
19;2.0;31.6;14.0;42.1;0.0;0.0;0;1;1;0;1.0;1.0;1.0;18-09-2024;1.22;1;30;980;247;60;0;0;0;1;0;0;0;0;0;1;0;0;0;0;1;0;0;0;0;0;0;1
18;0.0;19.5;25.0;72.0;34.0;37.4;88;4;10;2;3.0;2.0;2.0;03-09-2024;11.93;0;30;810;265;81;0;0;0;0;0;0;1;0;0;0;1;0;0;0;0;1;0;0;0;1;0;0
20;1.0;17.6;0.0;82.7;41.0;67.6;81;3;7;4;3.0;3.0;2.0;17-09-2024;12.15;0;30;830;282;65;0;1;0;0;0;0;0;0;0;0;1;1;0;0;0;0;0;0;0;0;1;0
18;2.0;3.9;12.0;54.3;3.0;4.3;1;5;5;0;2.0;5.0;3.0;11-09-2024;3.46;1;28;550;256;64;0;0;0;0;0;1;0;0;1;0;0;0;0;0;1;0;0;0;0;0;1;0
20;2.0;3.5;9.0;65.9;22.0;26.5;42;7;10;0;2.0;2.0;;05-09-2024;3.22;1;30;930;293;75;0;0;1;0;0;0;0;0;1;0;0;0;0;0;0;0;1;0;0;0;1;0
18;1.0;4.7;11.0;76.8;41.0;83.2;115;6;8;2;1.0;4.0;5.0;05-09-2024;4.47;1;30;930;293;75;0;0;1;0;0;0;0;0;0;1;0;0;0;0;0;0;1;0;0;0;1;0
18;2.0;28.2;0.0;80.6;;49.5;74;2;8;7;5.0;4.0;1.0;12-09-2024;19.11;0;30;620;263;66;0;0;0;0;0;0;0;1;1;0;0;0;0;1;0;0;0;0;0;1;0;0
20;1.0;2.8;12.0;62.4;;60.7;88;3;8;0;1.0;1.0;2.0;23-09-2024;2.37;1;30;810;265;81;0;0;0;0;0;0;1;0;0;1;0;0;0;0;0;1;0;0;0;0;1;0
23;0.0;4.6;23.0;83.7;33.0;67.5;81;3;8;6;3.0;5.0;4.0;12-09-2024;15.08;0;28;480;265;78;0;0;0;0;1;0;0;0;1;0;0;0;1;0;0;0;0;0;0;0;1;0
19;2.0;38.4;4.0;95.3;37.0;38.3;62;1;11;9;5.0;5.0;5.0;17-09-2024;15.36;0;30;830;282;65;0;1;0;0;0;0;0;0;0;0;1;1;0;0;0;0;0;0;0;0;1;0
20;1.0;16.9;19.0;98.9;40.0;59.4;83;2;11;3;5.0;4.0;5.0;18-09-2024;18.52;0;30;810;265;81;0;0;0;0;0;0;1;0;0;0;1;0;0;0;0;1;0;0;0;0;1;0
20;0.0;14.3;25.0;79.8;36.0;53.5;79;1;10;2;4.0;2.0;5.0;27-09-2024;16.02;0;30;830;282;65;0;1;0;0;0;0;0;0;1;0;0;1;0;0;0;0;0;0;0;0;1;0
22;1.0;3.2;0.0;77.1;43.0;84.7;71;7;10;3;5.0;5.0;4.0;18-09-2024;15.42;0;30;810;265;81;0;0;0;0;0;0;1;0;0;0;1;0;0;0;0;1;0;0;0;0;0;1
21;2.0;8.7;28.0;63.1;3.0;0.3;2;4;4;0;1.0;4.0;;06-09-2024;0.36;1;28;550;256;64;0;0;0;0;0;1;0;0;0;1;0;0;0;0;1;0;0;0;0;1;0;0
20;1.0;16.7;0.0;74.8;40.0;66.7;55;3;10;3;3.0;1.0;4.0;10-09-2024;15.04;0;30;980;247;60;0;0;0;1;0;0;0;0;0;0;1;0;0;0;1;0;0;0;0;1;0;0
19;3.0;87.6;11.0;76.0;17.0;27.5;28;2;9;2;4.0;3.0;1.0;25-09-2024;8.97;1;30;810;265;81;0;0;0;0;0;0;1;0;1;0;0;0;0;0;0;1;0;1;0;0;0;0
18;3.0;67.6;10.0;81.8;23.0;33.8;52;2;11;3;4.0;4.0;2.0;06-09-2024;18.14;0;30;810;265;81;0;0;0;0;0;0;1;0;0;0;1;0;0;0;0;1;0;0;0;1;0;0
19;1.0;3.2;0.0;64.4;19.0;32.5;47;2;6;1;3.0;3.0;1.0;19-09-2024;13.28;0;30;620;263;66;0;0;0;0;0;0;0;1;1;0;0;0;0;1;0;0;0;0;1;0;0;0
18;1.0;0.4;;68.3;16.0;15.7;30;6;6;0;2.0;1.0;3.0;06-09-2024;2.08;1;28;710;325;60;1;0;0;0;0;0;0;0;0;0;1;0;0;0;1;0;0;0;0;1;0;0
19;;;26.0;81.0;23.0;41.7;50;4;10;3;3.0;4.0;4.0;09-09-2024;11.95;0;30;930;293;75;0;0;1;0;0;0;0;0;0;1;0;0;0;0;0;0;1;0;1;0;0;0
17;1.0;;10.0;53.9;1.0;4.3;1;8;8;0;1.0;;2.0;03-09-2024;4.26;1;28;550;256;64;0;0;0;0;0;1;0;0;0;0;1;0;0;0;1;0;0;0;0;0;1;0
20;1.0;31.4;10.0;65.3;8.0;16.4;27;6;7;0;3.0;2.0;1.0;05-09-2024;4.09;1;30;930;293;75;0;0;1;0;0;0;0;0;1;0;0;0;0;0;0;0;1;0;0;0;1;0
24;1.0;7.3;14.0;62.2;3.0;5.5;6;7;7;0;1.0;2.0;1.0;25-09-2024;4.13;1;30;930;293;75;0;0;1;0;0;0;0;0;1;0;0;0;0;0;0;0;1;0;0;0;1;0
22;2.0;7.3;13.0;86.2;19.0;25.1;51;4;9;3;5.0;3.0;4.0;26-09-2024;15.65;0;30;830;282;65;0;1;0;0;0;0;0;0;0;0;1;1;0;0;0;0;0;0;0;0;1;0
18;1.0;8.4;8.0;77.0;;61.5;79;4;5;2;5.0;4.0;4.0;26-09-2024;18.0;0;30;620;263;66;0;0;0;0;0;0;0;1;1;0;0;0;0;1;0;0;0;0;0;0;1;0
18;0.0;11.9;0.0;94.8;31.0;42.4;69;2;11;4;4.0;2.0;5.0;20-09-2024;15.72;0;28;710;325;60;1;0;0;0;0;0;0;0;1;0;0;0;0;0;1;0;0;0;0;0;1;0
24;0.0;;9.0;73.2;49.0;74.2;136;4;7;1;2.0;4.0;2.0;09-09-2024;14.62;0;30;810;265;81;0;0;0;0;0;0;1;0;0;0;1;0;0;0;0;1;0;1;0;0;0;0
19;0.0;15.7;0.0;67.7;18.0;28.5;55;0;9;2;1.0;2.0;4.0;18-09-2024;11.05;0;28;710;325;60;1;0;0;0;0;0;0;0;1;0;0;0;0;0;1;0;0;0;0;1;0;0
17;1.0;47.2;0.0;47.6;0.0;0.0;0;2;2;0;1.0;1.0;1.0;03-09-2024;2.86;1;30;930;293;75;0;0;1;0;0;0;0;0;1;0;0;0;0;0;0;0;1;0;0;0;1;0
24;0.0;4.5;9.0;73.7;;18.8;68;0;11;3;3.0;5.0;4.0;10-09-2024;12.2;0;30;830;282;65;0;1;0;0;0;0;0;0;0;0;1;1;0;0;0;0;0;0;0;0;0;1
19;1.0;6.0;20.0;62.1;15.0;17.9;43;4;9;1;2.0;;2.0;25-09-2024;8.81;1;28;480;265;78;0;0;0;0;1;0;0;0;1;0;0;0;1;0;0;0;0;0;0;0;0;1
18;0.0;30.0;15.0;64.0;12.0;18.2;25;10;10;1;4.0;3.0;1.0;03-09-2024;17.44;0;30;620;263;66;0;0;0;0;0;0;0;1;1;0;0;0;0;1;0;0;0;0;0;0;1;0
18;0.0;1.4;14.0;77.9;56.0;88.5;139;1;13;7;4.0;5.0;4.0;03-09-2024;17.11;0;30;980;247;60;0;0;0;1;0;0;0;0;1;0;0;0;0;0;1;0;0;0;0;0;1;0
17;1.0;26.4;0.0;97.9;32.0;57.3;49;0;11;11;5.0;5.0;3.0;06-09-2024;19.48;0;28;550;256;64;0;0;0;0;0;1;0;0;1;0;0;0;0;0;1;0;0;0;0;0;1;0
23;1.0;11.7;0.0;94.1;61.0;85.9;155;2;10;6;5.0;3.0;3.0;23-09-2024;17.52;0;30;620;263;66;0;0;0;0;0;0;0;1;1;0;0;0;0;1;0;0;0;0;0;0;1;0
19;0.0;11.2;0.0;72.0;47.0;26.7;99;3;5;1;5.0;3.0;5.0;02-09-2024;18.27;0;28;550;256;64;0;0;0;0;0;1;0;0;1;0;0;0;0;0;1;0;0;0;0;1;0;0
18;3.0;1.6;0.0;64.4;19.0;22.1;55;5;5;0;2.0;3.0;1.0;27-09-2024;7.69;1;30;980;247;60;0;0;0;1;0;0;0;0;1;0;0;0;0;0;1;0;0;0;0;0;0;1
21;2.0;6.9;11.0;84.9;34.0;76.8;87;2;7;4;;;5.0;13-09-2024;16.76;0;30;980;247;60;0;0;0;1;0;0;0;0;1;0;0;0;0;0;1;0;0;0;0;0;0;1
20;2.0;50.9;18.0;78.0;16.0;32.5;39;3;5;2;3.0;4.0;1.0;06-09-2024;7.23;1;30;980;247;60;0;0;0;1;0;0;0;0;0;0;1;0;0;0;1;0;0;0;0;0;1;0
17;0.0;26.5;;90.2;17.0;19.1;26;6;7;2;3.0;4.0;4.0;06-09-2024;14.9;0;28;710;325;60;1;0;0;0;0;0;0;0;1;0;0;0;0;0;1;0;0;0;0;0;1;0
20;1.0;;0.0;93.5;24.0;37.3;38;3;10;4;4.0;4.0;3.0;20-09-2024;18.2;0;28;480;265;78;0;0;0;0;1;0;0;0;1;0;0;0;1;0;0;0;0;0;0;1;0;0
18;2.0;2.1;17.0;87.5;58.0;98.4;110;0;7;3;3.0;;4.0;18-09-2024;15.29;0;30;980;247;60;0;0;0;1;0;0;0;0;0;1;0;0;0;0;1;0;0;0;0;0;1;0
20;1.0;28.8;;87.8;42.0;70.0;108;0;11;7;5.0;5.0;3.0;25-09-2024;17.95;0;28;550;256;64;0;0;0;0;0;1;0;0;1;0;0;0;0;0;1;0;0;0;0;0;1;0
21;2.0;11.7;;90.2;45.0;66.4;98;2;7;3;3.0;5.0;3.0;19-09-2024;19.35;0;30;980;247;60;0;0;0;1;0;0;0;0;1;0;0;0;0;0;1;0;0;0;0;0;1;0
19;0.0;1.2;20.0;89.5;34.0;66.9;66;1;8;5;5.0;4.0;4.0;03-09-2024;17.77;0;30;930;293;75;0;0;1;0;0;0;0;0;1;0;0;0;0;0;0;0;1;0;0;0;1;0
22;2.0;29.6;12.0;72.4;9.0;14.6;30;4;7;2;2.0;2.0;3.0;13-09-2024;4.81;1;28;550;256;64;0;0;0;0;0;1;0;0;0;1;0;0;0;0;1;0;0;0;0;0;1;0
18;0.0;23.0;7.0;78.8;12.0;29.7;46;6;10;7;5.0;4.0;3.0;18-09-2024;14.98;0;30;810;265;81;0;0;0;0;0;0;1;0;1;0;0;0;0;0;0;1;0;0;0;0;1;0
19;1.0;9.9;28.0;60.2;22.0;44.6;52;7;9;1;2.0;4.0;1.0;05-09-2024;5.3;1;28;550;256;64;0;0;0;0;0;1;0;0;0;1;0;0;0;0;1;0;0;0;0;1;0;0
17;0.0;37.4;8.0;95.6;37.0;59.4;86;3;10;6;4.0;2.0;5.0;11-09-2024;16.98;0;30;930;293;75;0;0;1;0;0;0;0;0;1;0;0;0;0;0;0;0;1;0;0;1;0;0
21;1.0;28.7;0.0;75.4;41.0;40.4;88;4;6;1;;3.0;3.0;05-09-2024;16.86;0;30;930;293;75;0;0;1;0;0;0;0;0;1;0;0;0;0;0;0;0;1;0;0;0;1;0
19;1.0;1.6;22.0;71.3;16.0;18.4;50;4;8;1;1.0;3.0;5.0;03-09-2024;3.59;1;30;620;263;66;0;0;0;0;0;0;0;1;1;0;0;0;0;1;0;0;0;0;0;0;1;0
23;2.0;9.6;7.0;68.0;3.0;5.9;17;6;6;0;1.0;2.0;2.0;24-09-2024;1.29;1;28;550;256;64;0;0;0;0;0;1;0;0;0;0;1;0;0;0;1;0;0;0;0;0;1;0
18;0.0;11.9;9.0;99.5;34.0;67.3;53;0;10;8;5.0;;4.0;17-09-2024;19.62;0;30;830;282;65;0;1;0;0;0;0;0;0;1;0;0;1;0;0;0;0;0;0;0;0;1;0
19;0.0;14.5;9.0;69.1;14.0;29.3;30;6;10;0;3.0;;2.0;06-09-2024;6.84;1;28;710;325;60;1;0;0;0;0;0;0;0;0;1;0;0;0;0;1;0;0;0;0;0;1;0
22;0.0;20.7;6.0;68.4;14.0;18.0;25;8;8;0;2.0;1.0;1.0;11-09-2024;4.26;1;30;810;265;81;0;0;0;0;0;0;1;0;1;0;0;0;0;0;0;1;0;0;0;0;1;0
18;1.0;33.5;;94.2;46.0;74.6;94;3;8;3;3.0;2.0;3.0;13-09-2024;17.46;0;28;550;256;64;0;0;0;0;0;1;0;0;0;0;1;0;0;0;1;0;0;0;1;0;0;0
19;1.0;6.8;8.0;78.7;20.0;28.8;62;4;9;2;2.0;2.0;2.0;04-09-2024;14.72;0;30;980;247;60;0;0;0;1;0;0;0;0;0;0;1;0;0;0;1;0;0;0;0;0;1;0
17;0.0;19.6;;95.5;55.0;61.0;89;1;10;7;3.0;4.0;4.0;12-09-2024;17.17;0;30;930;293;75;0;0;1;0;0;0;0;0;0;1;0;0;0;0;0;0;1;0;0;0;0;1
19;2.0;0.6;27.0;70.3;14.0;19.3;30;2;7;1;2.0;5.0;2.0;24-09-2024;7.56;1;30;930;293;75;0;0;1;0;0;0;0;0;0;0;1;0;0;0;0;0;1;0;0;0;1;0
18;0.0;7.1;0.0;72.3;34.0;33.1;85;6;6;1;3.0;2.0;3.0;10-09-2024;11.27;0;30;980;247;60;0;0;0;1;0;0;0;0;1;0;0;0;0;0;1;0;0;0;0;1;0;0
22;1.0;10.2;0.0;73.4;27.0;23.2;64;0;8;4;4.0;3.0;2.0;10-09-2024;16.24;0;30;620;263;66;0;0;0;0;0;0;0;1;0;1;0;0;0;1;0;0;0;0;0;0;1;0
23;0.0;5.8;19.0;83.6;21.0;43.5;51;4;9;3;3.0;3.0;3.0;06-09-2024;14.72;0;30;930;293;75;0;0;1;0;0;0;0;0;0;0;1;0;0;0;0;0;1;0;0;0;1;0
19;2.0;;0.0;76.9;18.0;20.2;45;2;11;4;3.0;4.0;3.0;20-09-2024;14.94;0;30;980;247;60;0;0;0;1;0;0;0;0;1;0;0;0;0;0;1;0;0;0;1;0;0;0
21;0.0;7.7;;77.6;30.0;54.9;44;4;10;0;3.0;3.0;2.0;04-09-2024;15.69;0;30;810;265;81;0;0;0;0;0;0;1;0;1;0;0;0;0;0;0;1;0;0;0;1;0;0
19;1.0;16.7;0.0;54.7;21.0;41.6;38;6;10;2;4.0;3.0;2.0;11-09-2024;15.76;0;28;710;325;60;1;0;0;0;0;0;0;0;0;0;1;0;0;0;1;0;0;0;0;0;1;0
22;0.0;39.0;22.0;90.7;14.0;5.9;27;1;11;4;5.0;5.0;3.0;12-09-2024;16.57;0;28;480;265;78;0;0;0;0;1;0;0;0;0;0;1;0;1;0;0;0;0;0;0;1;0;0
20;0.0;7.8;0.0;77.5;21.0;19.4;29;3;7;3;3.0;4.0;1.0;25-09-2024;6.67;1;30;980;247;60;0;0;0;1;0;0;0;0;1;0;0;0;0;0;1;0;0;0;0;0;1;0
23;1.0;13.3;0.0;78.0;53.0;97.7;90;3;10;4;;3.0;3.0;03-09-2024;14.31;0;28;710;325;60;1;0;0;0;0;0;0;0;0;1;0;0;0;0;1;0;0;0;0;1;0;0
18;2.0;1.8;;96.9;45.0;80.0;108;1;13;7;;4.0;4.0;03-09-2024;18.16;0;30;830;282;65;0;1;0;0;0;0;0;0;0;0;1;1;0;0;0;0;0;0;0;0;1;0
18;0.0;7.1;10.0;92.7;36.0;59.8;95;3;7;7;5.0;3.0;3.0;17-09-2024;17.88;0;28;480;265;78;0;0;0;0;1;0;0;0;0;0;1;0;1;0;0;0;0;0;0;0;1;0
21;0.0;6.5;0.0;91.2;62.0;93.6;110;4;11;6;2.0;3.0;;09-09-2024;15.79;0;30;980;247;60;0;0;0;1;0;0;0;0;1;0;0;0;0;0;1;0;0;0;0;1;0;0
19;0.0;7.5;5.0;78.6;16.0;28.2;39;3;6;1;2.0;2.0;1.0;26-09-2024;14.21;0;30;980;247;60;0;0;0;1;0;0;0;0;0;1;0;0;0;0;1;0;0;0;0;0;1;0
18;0.0;7.1;5.0;70.3;12.0;20.0;22;3;7;0;2.0;;2.0;10-09-2024;6.76;1;28;480;265;78;0;0;0;0;1;0;0;0;0;0;1;0;1;0;0;0;0;0;0;0;1;0
20;0.0;6.2;12.0;87.3;43.0;69.5;102;0;10;7;4.0;5.0;3.0;12-09-2024;19.23;0;28;710;325;60;1;0;0;0;0;0;0;0;0;0;1;0;0;0;1;0;0;0;0;0;1;0
19;1.0;5.2;18.0;87.8;24.0;46.8;68;2;9;1;;3.0;3.0;20-09-2024;14.75;0;30;930;293;75;0;0;1;0;0;0;0;0;0;0;1;0;0;0;0;0;1;0;0;0;1;0
19;3.0;14.6;0.0;67.2;16.0;27.0;28;6;9;1;3.0;3.0;;20-09-2024;17.39;0;30;930;293;75;0;0;1;0;0;0;0;0;0;0;1;0;0;0;0;0;1;0;0;0;0;1
19;2.0;9.1;0.0;70.6;14.0;11.3;52;6;6;0;3.0;3.0;2.0;11-09-2024;5.24;1;30;620;263;66;0;0;0;0;0;0;0;1;1;0;0;0;0;1;0;0;0;0;0;0;1;0
18;1.0;1.0;15.0;71.0;7.0;7.4;25;3;8;1;3.0;2.0;3.0;11-09-2024;13.52;0;30;930;293;75;0;0;1;0;0;0;0;0;0;0;1;0;0;0;0;0;1;0;0;1;0;0
21;3.0;43.1;14.0;60.4;12.0;27.9;41;4;6;2;2.0;3.0;;03-09-2024;5.5;1;30;620;263;66;0;0;0;0;0;0;0;1;0;0;1;0;0;1;0;0;0;0;0;0;1;0
18;1.0;2.4;14.0;60.5;16.0;15.7;42;6;10;0;4.0;2.0;1.0;05-09-2024;3.8;1;30;930;293;75;0;0;1;0;0;0;0;0;0;1;0;0;0;0;0;0;1;0;0;0;1;0
20;1.0;20.2;0.0;74.7;29.0;59.5;58;3;8;2;4.0;4.0;2.0;04-09-2024;16.67;0;30;830;282;65;0;1;0;0;0;0;0;0;0;0;1;1;0;0;0;0;0;0;0;0;1;0
19;2.0;1.9;3.0;75.3;18.0;28.9;45;4;11;5;3.0;5.0;2.0;27-09-2024;18.82;0;28;710;325;60;1;0;0;0;0;0;0;0;0;0;1;0;0;0;1;0;0;0;0;0;1;0
20;3.0;51.0;0.0;77.4;35.0;28.1;90;1;7;2;3.0;3.0;2.0;13-09-2024;17.49;0;28;480;265;78;0;0;0;0;1;0;0;0;1;0;0;0;1;0;0;0;0;0;0;0;1;0
17;0.0;23.0;22.0;93.8;30.0;42.3;68;2;9;3;5.0;5.0;;20-09-2024;18.79;0;30;930;293;75;0;0;1;0;0;0;0;0;1;0;0;0;0;0;0;0;1;0;0;1;0;0
18;0.0;;28.0;58.2;27.0;39.4;56;6;6;3;1.0;1.0;1.0;05-09-2024;7.66;1;30;810;265;81;0;0;0;0;0;0;1;0;1;0;0;0;0;0;0;1;0;0;0;0;1;0
18;1.0;21.2;;97.5;38.0;77.5;77;0;8;7;5.0;3.0;5.0;19-09-2024;16.6;0;28;480;265;78;0;0;0;0;1;0;0;0;1;0;0;0;1;0;0;0;0;0;0;0;1;0
20;1.0;14.1;0.0;64.8;27.0;26.2;56;5;7;3;3.0;5.0;3.0;25-09-2024;3.49;1;30;930;293;75;0;0;1;0;0;0;0;0;1;0;0;0;0;0;0;0;1;0;0;1;0;0
21;0.0;14.9;;84.9;26.0;32.8;64;8;8;4;4.0;3.0;3.0;06-09-2024;7.57;1;30;830;282;65;0;1;0;0;0;0;0;0;1;0;0;1;0;0;0;0;0;0;0;0;1;0
17;1.0;33.2;0.0;77.8;52.0;94.3;101;4;8;5;5.0;4.0;3.0;04-09-2024;16.43;0;28;550;256;64;0;0;0;0;0;1;0;0;1;0;0;0;0;0;1;0;0;0;1;0;0;0
19;0.0;34.9;8.0;80.7;37.0;43.7;99;4;9;6;5.0;4.0;4.0;26-09-2024;17.04;0;28;480;265;78;0;0;0;0;1;0;0;0;0;1;0;0;1;0;0;0;0;0;0;0;1;0
19;1.0;9.1;19.0;72.4;40.0;43.5;61;5;8;7;3.0;4.0;3.0;02-09-2024;16.4;0;30;980;247;60;0;0;0;1;0;0;0;0;1;0;0;0;0;0;1;0;0;0;1;0;0;0
21;1.0;13.5;13.0;78.2;36.0;40.2;60;2;8;2;4.0;5.0;2.0;17-09-2024;17.63;0;30;930;293;75;0;0;1;0;0;0;0;0;1;0;0;0;0;0;0;0;1;0;1;0;0;0
20;0.0;31.3;12.0;56.9;8.0;15.0;21;3;7;0;1.0;3.0;1.0;05-09-2024;2.97;1;30;930;293;75;0;0;1;0;0;0;0;0;0;0;1;0;0;0;0;0;1;0;0;1;0;0
19;1.0;30.8;;75.5;11.0;9.8;20;5;5;1;3.0;;;12-09-2024;5.94;1;30;930;293;75;0;0;1;0;0;0;0;0;1;0;0;0;0;0;0;0;1;0;0;0;1;0
18;0.0;23.4;0.0;61.4;17.0;8.6;26;5;8;0;1.0;3.0;2.0;12-09-2024;6.66;1;30;980;247;60;0;0;0;1;0;0;0;0;1;0;0;0;0;0;1;0;0;0;0;1;0;0
18;1.0;6.7;0.0;82.9;;32.7;54;3;10;4;5.0;4.0;4.0;12-09-2024;12.61;0;28;710;325;60;1;0;0;0;0;0;0;0;1;0;0;0;0;0;1;0;0;0;0;0;1;0
23;0.0;25.5;0.0;58.1;14.0;29.3;32;4;7;1;2.0;2.0;;26-09-2024;10.49;0;28;480;265;78;0;0;0;0;1;0;0;0;1;0;0;0;1;0;0;0;0;0;0;0;1;0
19;0.0;11.3;19.0;66.8;25.0;41.3;54;5;8;1;3.0;5.0;2.0;04-09-2024;12.05;0;28;710;325;60;1;0;0;0;0;0;0;0;1;0;0;0;0;0;1;0;0;0;0;0;1;0
20;2.0;4.2;;92.2;28.0;27.1;63;0;12;8;4.0;4.0;5.0;17-09-2024;17.76;0;30;930;293;75;0;0;1;0;0;0;0;0;0;0;1;0;0;0;0;0;1;0;0;0;1;0
22;1.0;7.5;6.0;99.2;31.0;37.7;69;2;9;3;2.0;4.0;4.0;26-09-2024;16.2;0;30;930;293;75;0;0;1;0;0;0;0;0;0;0;1;0;0;0;0;0;1;0;0;0;1;0
19;1.0;7.8;8.0;86.0;20.0;39.1;47;7;7;1;4.0;4.0;4.0;06-09-2024;17.64;0;28;710;325;60;1;0;0;0;0;0;0;0;1;0;0;0;0;0;1;0;0;0;0;1;0;0
19;2.0;26.1;9.0;65.3;19.0;31.7;32;5;7;1;3.0;2.0;2.0;24-09-2024;9.72;1;30;930;293;75;0;0;1;0;0;0;0;0;1;0;0;0;0;0;0;0;1;0;0;0;1;0
18;1.0;1.6;11.0;74.3;26.0;48.0;68;5;7;2;2.0;4.0;5.0;19-09-2024;6.32;1;30;810;265;81;0;0;0;0;0;0;1;0;0;0;1;0;0;0;0;1;0;0;0;0;1;0
20;2.0;26.4;;81.0;44.0;82.3;111;2;10;5;3.0;4.0;4.0;24-09-2024;15.96;0;28;480;265;78;0;0;0;0;1;0;0;0;0;0;1;0;1;0;0;0;0;0;0;0;1;0
19;1.0;19.3;0.0;80.0;;96.0;62;4;9;6;5.0;4.0;5.0;06-09-2024;18.26;0;30;620;263;66;0;0;0;0;0;0;0;1;1;0;0;0;0;1;0;0;0;0;0;0;1;0
25;1.0;36.2;0.0;71.6;43.0;59.5;107;1;12;3;2.0;2.0;2.0;09-09-2024;13.93;0;30;930;293;75;0;0;1;0;0;0;0;0;0;1;0;0;0;0;0;0;1;0;1;0;0;0
18;0.0;2.0;0.0;54.4;19.0;36.8;46;6;8;0;1.0;1.0;3.0;09-09-2024;2.98;1;28;480;265;78;0;0;0;0;1;0;0;0;1;0;0;0;1;0;0;0;0;0;1;0;0;0
18;1.0;13.7;0.0;76.1;29.0;58.8;62;3;9;6;5.0;4.0;4.0;26-09-2024;18.75;0;30;980;247;60;0;0;0;1;0;0;0;0;1;0;0;0;0;0;1;0;0;0;0;1;0;0
20;3.0;;8.0;80.8;32.0;56.7;67;3;9;1;2.0;3.0;3.0;24-09-2024;15.36;0;30;830;282;65;0;1;0;0;0;0;0;0;0;1;0;1;0;0;0;0;0;0;0;0;1;0
19;2.0;12.0;;95.4;53.0;62.4;147;1;9;5;5.0;3.0;4.0;05-09-2024;18.74;0;28;480;265;78;0;0;0;0;1;0;0;0;1;0;0;0;1;0;0;0;0;0;0;0;1;0
20;0.0;58.0;23.0;46.5;0.0;0.0;0;4;4;0;2.0;2.0;1.0;13-09-2024;0.96;1;30;830;282;65;0;1;0;0;0;0;0;0;0;1;0;1;0;0;0;0;0;0;0;0;1;0
18;1.0;32.7;6.0;78.8;25.0;32.2;42;3;8;6;3.0;2.0;;26-09-2024;14.61;0;30;830;282;65;0;1;0;0;0;0;0;0;0;1;0;1;0;0;0;0;0;0;0;0;1;0
22;2.0;17.3;0.0;83.4;29.0;35.8;74;2;11;4;3.0;4.0;2.0;12-09-2024;15.27;0;28;710;325;60;1;0;0;0;0;0;0;0;1;0;0;0;0;0;1;0;0;0;0;0;1;0
20;0.0;4.9;0.0;75.6;29.0;55.3;81;5;7;0;4.0;5.0;3.0;23-09-2024;15.82;0;28;710;325;60;1;0;0;0;0;0;0;0;0;0;1;0;0;0;1;0;0;0;0;0;1;0
18;3.0;15.2;19.0;93.2;42.0;79.9;126;1;7;9;4.0;4.0;3.0;10-09-2024;16.04;0;30;810;265;81;0;0;0;0;0;0;1;0;1;0;0;0;0;0;0;1;0;0;0;0;0;1
18;2.0;11.7;0.0;59.2;15.0;18.7;34;5;5;0;3.0;3.0;5.0;20-09-2024;4.17;1;30;830;282;65;0;1;0;0;0;0;0;0;0;0;1;1;0;0;0;0;0;0;0;0;1;0
18;;0.9;12.0;95.7;44.0;75.2;136;1;12;10;5.0;5.0;3.0;04-09-2024;18.45;0;28;480;265;78;0;0;0;0;1;0;0;0;1;0;0;0;1;0;0;0;0;0;0;0;1;0
19;0.0;11.3;4.0;62.2;27.0;31.2;64;8;8;1;3.0;3.0;2.0;05-09-2024;10.57;0;30;930;293;75;0;0;1;0;0;0;0;0;0;0;1;0;0;0;0;0;1;0;0;1;0;0
18;2.0;0.5;;68.0;39.0;84.1;90;0;11;3;5.0;2.0;4.0;20-09-2024;16.1;0;30;930;293;75;0;0;1;0;0;0;0;0;1;0;0;0;0;0;0;0;1;0;0;1;0;0
22;1.0;2.8;17.0;90.4;45.0;55.2;79;2;10;2;5.0;5.0;3.0;20-09-2024;19.03;0;30;930;293;75;0;0;1;0;0;0;0;0;1;0;0;0;0;0;0;0;1;0;0;0;1;0
18;3.0;20.0;7.0;59.5;5.0;8.8;26;6;6;1;3.0;;3.0;12-09-2024;4.78;1;30;620;263;66;0;0;0;0;0;0;0;1;1;0;0;0;0;1;0;0;0;0;0;0;1;0
18;0.0;33.1;0.0;83.8;17.0;20.5;44;3;8;3;2.0;4.0;3.0;06-09-2024;13.81;0;30;980;247;60;0;0;0;1;0;0;0;0;1;0;0;0;0;0;1;0;0;1;0;0;0;0
23;0.0;6.3;19.0;79.9;36.0;56.8;106;3;7;5;3.0;3.0;4.0;05-09-2024;14.82;0;30;810;265;81;0;0;0;0;0;0;1;0;1;0;0;0;0;0;0;1;0;0;0;0;1;0
18;0.0;11.7;;82.3;31.0;60.1;44;2;8;3;4.0;3.0;2.0;17-09-2024;16.65;0;30;980;247;60;0;0;0;1;0;0;0;0;1;0;0;0;0;0;1;0;0;0;0;0;1;0
18;2.0;11.9;23.0;49.4;1.0;0.3;3;7;7;0;1.0;2.0;;12-09-2024;2.67;1;30;830;282;65;0;1;0;0;0;0;0;0;1;0;0;1;0;0;0;0;0;0;0;0;1;0
18;0.0;7.7;3.0;78.7;54.0;93.5;125;2;12;4;4.0;5.0;3.0;24-09-2024;14.83;0;30;980;247;60;0;0;0;1;0;0;0;0;0;1;0;0;0;0;1;0;0;0;0;0;1;0
18;1.0;6.1;0.0;96.9;37.0;63.6;55;1;11;6;5.0;5.0;4.0;24-09-2024;17.99;0;28;480;265;78;0;0;0;0;1;0;0;0;0;0;1;0;1;0;0;0;0;0;0;0;1;0
18;0.0;4.0;13.0;72.9;20.0;22.5;55;1;6;2;3.0;2.0;3.0;17-09-2024;5.37;1;30;620;263;66;0;0;0;0;0;0;0;1;1;0;0;0;0;1;0;0;0;0;0;0;1;0
19;1.0;0.5;15.0;91.3;31.0;45.8;45;3;10;6;2.0;3.0;;10-09-2024;17.15;0;30;810;265;81;0;0;0;0;0;0;1;0;0;0;1;0;0;0;0;1;0;1;0;0;0;0
21;0.0;8.8;17.0;84.3;31.0;53.3;68;2;10;5;3.0;2.0;3.0;05-09-2024;16.58;0;30;810;265;81;0;0;0;0;0;0;1;0;1;0;0;0;0;0;0;1;0;0;0;0;0;1
24;1.0;0.9;25.0;83.1;18.0;39.6;35;4;9;7;5.0;4.0;;23-09-2024;17.63;0;30;810;265;81;0;0;0;0;0;0;1;0;0;0;1;0;0;0;0;1;0;0;0;0;1;0
18;3.0;5.0;0.0;93.2;20.0;37.2;33;3;8;4;3.0;3.0;3.0;11-09-2024;16.59;0;30;980;247;60;0;0;0;1;0;0;0;0;1;0;0;0;0;0;1;0;0;0;0;0;1;0
19;2.0;7.6;17.0;56.0;4.0;7.7;15;6;6;0;2.0;1.0;3.0;25-09-2024;4.78;1;30;980;247;60;0;0;0;1;0;0;0;0;1;0;0;0;0;0;1;0;0;1;0;0;0;0
22;3.0;20.2;8.0;80.5;33.0;51.6;93;2;7;6;3.0;3.0;2.0;20-09-2024;14.93;0;30;810;265;81;0;0;0;0;0;0;1;0;0;0;1;0;0;0;0;1;0;0;0;1;0;0
21;;30.2;11.0;71.7;16.0;10.6;37;3;9;1;3.0;3.0;3.0;09-09-2024;9.43;1;28;710;325;60;1;0;0;0;0;0;0;0;0;0;1;0;0;0;1;0;0;0;0;0;1;0
19;0.0;10.9;;98.2;35.0;69.3;100;1;9;9;5.0;4.0;2.0;17-09-2024;16.77;0;28;550;256;64;0;0;0;0;0;1;0;0;0;1;0;0;0;0;1;0;0;0;0;1;0;0
18;0.0;25.1;0.0;64.1;29.0;47.0;86;3;10;0;4.0;3.0;4.0;11-09-2024;15.11;0;30;620;263;66;0;0;0;0;0;0;0;1;1;0;0;0;0;1;0;0;0;0;0;0;1;0
18;;14.2;0.0;95.0;45.0;74.3;97;2;9;3;3.0;5.0;5.0;26-09-2024;17.89;0;30;620;263;66;0;0;0;0;0;0;0;1;1;0;0;0;0;1;0;0;0;1;0;0;0;0
20;1.0;13.4;13.0;69.7;24.0;25.7;74;5;10;4;3.0;3.0;;18-09-2024;7.17;1;30;830;282;65;0;1;0;0;0;0;0;0;1;0;0;1;0;0;0;0;0;0;0;0;1;0
23;0.0;11.8;0.0;61.6;10.0;15.6;25;3;7;0;1.0;1.0;2.0;09-09-2024;1.89;1;30;980;247;60;0;0;0;1;0;0;0;0;0;0;1;0;0;0;1;0;0;0;0;0;1;0
18;0.0;4.3;13.0;83.4;47.0;74.1;82;6;8;2;3.0;3.0;2.0;20-09-2024;18.8;0;30;980;247;60;0;0;0;1;0;0;0;0;1;0;0;0;0;0;1;0;0;0;0;0;1;0
18;2.0;38.8;0.0;63.5;20.0;31.0;34;6;11;2;2.0;1.0;3.0;16-09-2024;1.68;1;30;830;282;65;0;1;0;0;0;0;0;0;0;0;1;1;0;0;0;0;0;0;0;0;1;0
26;0.0;18.2;11.0;62.9;32.0;81.8;56;3;9;1;;4.0;3.0;19-09-2024;17.03;0;28;710;325;60;1;0;0;0;0;0;0;0;1;0;0;0;0;0;1;0;0;0;0;0;0;1
21;1.0;2.8;16.0;69.6;57.0;103.9;131;2;9;1;3.0;5.0;5.0;27-09-2024;17.66;0;30;830;282;65;0;1;0;0;0;0;0;0;0;0;1;1;0;0;0;0;0;0;0;0;0;1
22;1.0;2.2;0.0;79.9;18.0;31.5;43;6;9;5;4.0;5.0;3.0;18-09-2024;6.89;1;28;550;256;64;0;0;0;0;0;1;0;0;0;0;1;0;0;0;1;0;0;0;0;1;0;0
18;3.0;25.9;15.0;86.4;17.0;22.4;40;4;7;4;3.0;5.0;1.0;03-09-2024;12.79;0;28;710;325;60;1;0;0;0;0;0;0;0;0;1;0;0;0;0;1;0;0;0;0;0;1;0
22;;5.0;26.0;81.2;29.0;66.0;71;2;10;3;5.0;4.0;2.0;04-09-2024;16.83;0;28;480;265;78;0;0;0;0;1;0;0;0;0;1;0;0;1;0;0;0;0;0;0;1;0;0
18;0.0;7.6;6.0;73.4;37.0;56.7;73;5;5;1;2.0;4.0;2.0;24-09-2024;17.13;0;30;830;282;65;0;1;0;0;0;0;0;0;1;0;0;1;0;0;0;0;0;0;0;0;1;0
17;2.0;16.0;0.0;99.1;52.0;76.1;79;0;9;6;5.0;5.0;4.0;17-09-2024;19.62;0;30;810;265;81;0;0;0;0;0;0;1;0;0;0;1;0;0;0;0;1;0;0;0;0;1;0
23;2.0;;0.0;87.7;39.0;64.2;99;1;11;4;4.0;;5.0;02-09-2024;19.47;0;28;480;265;78;0;0;0;0;1;0;0;0;1;0;0;0;1;0;0;0;0;0;0;0;1;0
19;1.0;12.0;24.0;62.4;32.0;68.0;38;4;10;6;4.0;5.0;4.0;20-09-2024;16.34;0;28;710;325;60;1;0;0;0;0;0;0;0;1;0;0;0;0;0;1;0;0;0;0;1;0;0
19;1.0;1.2;9.0;75.4;27.0;32.1;78;4;6;3;3.0;;4.0;05-09-2024;14.11;0;28;710;325;60;1;0;0;0;0;0;0;0;1;0;0;0;0;0;1;0;0;0;0;0;1;0
18;2.0;6.7;0.0;94.3;34.0;41.8;74;3;11;5;3.0;3.0;4.0;18-09-2024;15.64;0;30;980;247;60;0;0;0;1;0;0;0;0;0;0;1;0;0;0;1;0;0;0;0;0;1;0
18;0.0;;28.0;96.3;38.0;57.2;89;3;11;5;5.0;3.0;;09-09-2024;18.19;0;28;550;256;64;0;0;0;0;0;1;0;0;1;0;0;0;0;0;1;0;0;0;0;1;0;0
22;0.0;17.3;;81.4;4.0;7.0;6;1;8;2;4.0;3.0;3.0;23-09-2024;7.01;1;30;810;265;81;0;0;0;0;0;0;1;0;0;0;1;0;0;0;0;1;0;0;0;0;1;0
18;0.0;1.2;20.0;89.7;24.0;16.3;54;3;8;2;5.0;3.0;3.0;09-09-2024;14.97;0;30;830;282;65;0;1;0;0;0;0;0;0;1;0;0;1;0;0;0;0;0;0;0;0;1;0
19;0.0;6.0;;85.8;34.0;59.1;80;1;10;7;2.0;4.0;4.0;17-09-2024;14.92;0;28;480;265;78;0;0;0;0;1;0;0;0;1;0;0;0;1;0;0;0;0;0;0;0;1;0
22;3.0;5.1;0.0;77.8;13.0;17.1;13;5;6;2;3.0;3.0;4.0;26-09-2024;5.28;1;28;550;256;64;0;0;0;0;0;1;0;0;0;0;1;0;0;0;1;0;0;0;0;0;1;0
18;0.0;6.7;0.0;80.9;15.0;21.9;33;7;7;0;;4.0;2.0;25-09-2024;1.28;1;30;930;293;75;0;0;1;0;0;0;0;0;0;0;1;0;0;0;0;0;1;0;0;0;1;0
17;2.0;22.6;;85.4;34.0;13.8;93;3;8;5;4.0;3.0;3.0;03-09-2024;17.39;0;28;550;256;64;0;0;0;0;0;1;0;0;0;0;1;0;0;0;1;0;0;0;0;0;1;0
18;0.0;30.6;10.0;73.3;33.0;65.3;75;2;7;2;5.0;3.0;2.0;05-09-2024;14.52;0;30;930;293;75;0;0;1;0;0;0;0;0;0;0;1;0;0;0;0;0;1;0;0;1;0;0
20;1.0;9.5;0.0;88.7;53.0;73.8;91;1;7;6;5.0;4.0;3.0;03-09-2024;18.39;0;30;810;265;81;0;0;0;0;0;0;1;0;0;0;1;0;0;0;0;1;0;0;0;0;1;0
20;1.0;10.5;13.0;76.9;34.0;29.5;93;7;9;6;5.0;2.0;4.0;26-09-2024;15.47;0;30;830;282;65;0;1;0;0;0;0;0;0;1;0;0;1;0;0;0;0;0;0;0;1;0;0
24;2.0;6.3;0.0;69.7;32.0;45.4;64;6;6;1;4.0;2.0;3.0;24-09-2024;3.48;1;28;710;325;60;1;0;0;0;0;0;0;0;0;0;1;0;0;0;1;0;0;0;0;0;1;0
20;2.0;2.2;0.0;82.2;35.0;41.2;82;2;12;12;5.0;2.0;2.0;20-09-2024;17.5;0;30;930;293;75;0;0;1;0;0;0;0;0;0;0;1;0;0;0;0;0;1;0;0;0;1;0
21;1.0;3.6;11.0;78.2;45.0;72.4;95;2;9;5;2.0;2.0;3.0;27-09-2024;17.38;0;30;980;247;60;0;0;0;1;0;0;0;0;1;0;0;0;0;0;1;0;0;0;0;0;1;0
19;0.0;;8.0;86.4;20.0;21.8;27;2;9;3;4.0;5.0;4.0;17-09-2024;16.32;0;30;980;247;60;0;0;0;1;0;0;0;0;0;0;1;0;0;0;1;0;0;0;0;0;1;0
18;1.0;5.9;10.0;70.0;29.0;56.3;51;5;7;4;2.0;3.0;3.0;11-09-2024;12.96;0;30;810;265;81;0;0;0;0;0;0;1;0;1;0;0;0;0;0;0;1;0;0;0;0;1;0
17;1.0;6.7;23.0;73.5;50.0;60.8;91;3;13;8;4.0;;4.0;16-09-2024;16.05;0;30;810;265;81;0;0;0;0;0;0;1;0;0;0;1;0;0;0;0;1;0;0;0;0;1;0
17;0.0;5.8;19.0;72.1;;33.7;35;7;10;4;2.0;4.0;4.0;19-09-2024;6.23;1;28;480;265;78;0;0;0;0;1;0;0;0;1;0;0;0;1;0;0;0;0;1;0;0;0;0
20;2.0;7.4;9.0;92.2;26.0;39.8;52;3;12;3;4.0;;3.0;12-09-2024;17.32;0;30;620;263;66;0;0;0;0;0;0;0;1;1;0;0;0;0;1;0;0;0;0;0;0;1;0
19;2.0;9.3;28.0;84.6;22.0;34.9;43;4;7;5;5.0;4.0;5.0;02-09-2024;15.24;0;30;930;293;75;0;0;1;0;0;0;0;0;1;0;0;0;0;0;0;0;1;0;0;0;1;0
19;1.0;30.0;0.0;72.1;11.0;16.3;22;2;10;0;3.0;4.0;1.0;06-09-2024;11.65;0;30;930;293;75;0;0;1;0;0;0;0;0;1;0;0;0;0;0;0;0;1;0;0;0;1;0
25;0.0;5.3;10.0;80.9;38.0;44.5;109;5;5;4;2.0;4.0;2.0;18-09-2024;14.54;0;28;710;325;60;1;0;0;0;0;0;0;0;1;0;0;0;0;0;1;0;0;0;0;0;1;0
18;0.0;16.3;0.0;79.2;3.0;11.5;4;6;6;2;2.0;3.0;2.0;03-09-2024;3.96;1;30;980;247;60;0;0;0;1;0;0;0;0;0;0;1;0;0;0;1;0;0;0;0;0;1;0
18;0.0;16.2;;99.1;56.0;88.2;139;6;10;4;4.0;5.0;5.0;06-09-2024;16.24;0;30;980;247;60;0;0;0;1;0;0;0;0;0;0;1;0;0;0;1;0;0;0;0;0;1;0
18;0.0;1.4;18.0;76.5;32.0;71.1;61;4;9;5;;5.0;4.0;23-09-2024;16.87;0;30;980;247;60;0;0;0;1;0;0;0;0;1;0;0;0;0;0;1;0;0;0;0;0;1;0
17;1.0;45.9;0.0;71.7;23.0;32.7;45;4;11;2;3.0;3.0;5.0;02-09-2024;11.63;0;30;980;247;60;0;0;0;1;0;0;0;0;0;1;0;0;0;0;1;0;0;0;0;0;1;0
20;1.0;31.9;24.0;83.5;54.0;96.8;128;2;13;4;4.0;4.0;2.0;05-09-2024;5.31;1;30;830;282;65;0;1;0;0;0;0;0;0;1;0;0;1;0;0;0;0;0;0;0;0;1;0
18;0.0;8.7;23.0;70.6;13.0;3.6;40;4;6;0;2.0;3.0;3.0;10-09-2024;8.55;1;30;930;293;75;0;0;1;0;0;0;0;0;1;0;0;0;0;0;0;0;1;0;0;0;1;0
20;;12.5;0.0;99.8;34.0;44.8;63;1;12;8;5.0;5.0;2.0;16-09-2024;15.68;0;30;930;293;75;0;0;1;0;0;0;0;0;0;0;1;0;0;0;0;0;1;0;0;0;1;0
18;0.0;15.2;0.0;84.4;33.0;50.6;63;7;8;3;3.0;5.0;2.0;27-09-2024;15.62;0;30;830;282;65;0;1;0;0;0;0;0;0;1;0;0;1;0;0;0;0;0;0;0;0;1;0
21;1.0;8.6;0.0;72.3;24.0;54.5;56;4;7;4;2.0;3.0;3.0;10-09-2024;12.38;0;28;710;325;60;1;0;0;0;0;0;0;0;0;1;0;0;0;0;1;0;0;0;0;0;1;0
20;2.0;4.1;7.0;80.4;44.0;54.8;91;2;11;1;5.0;4.0;5.0;17-09-2024;15.98;0;30;810;265;81;0;0;0;0;0;0;1;0;1;0;0;0;0;0;0;1;0;0;0;0;1;0
21;1.0;39.0;;75.1;45.0;72.0;85;3;9;3;;4.0;3.0;02-09-2024;16.07;0;30;980;247;60;0;0;0;1;0;0;0;0;0;0;1;0;0;0;1;0;0;0;0;0;1;0
17;1.0;34.9;24.0;59.0;16.0;13.2;46;6;10;0;3.0;1.0;2.0;13-09-2024;3.62;1;30;930;293;75;0;0;1;0;0;0;0;0;1;0;0;0;0;0;0;0;1;0;0;0;1;0
23;1.0;7.2;6.0;77.1;27.0;57.1;73;1;11;1;5.0;;3.0;12-09-2024;16.0;0;30;620;263;66;0;0;0;0;0;0;0;1;0;0;1;0;0;1;0;0;0;0;0;1;0;0
17;0.0;38.9;0.0;79.1;22.0;44.4;55;2;8;2;5.0;5.0;2.0;04-09-2024;18.85;0;30;980;247;60;0;0;0;1;0;0;0;0;1;0;0;0;0;0;1;0;0;0;0;0;1;0
22;0.0;9.4;13.0;83.8;29.0;30.0;77;4;4;1;4.0;5.0;3.0;10-09-2024;16.74;0;30;830;282;65;0;1;0;0;0;0;0;0;1;0;0;1;0;0;0;0;0;0;0;1;0;0
20;0.0;6.4;19.0;64.6;38.0;61.7;97;2;10;4;3.0;;3.0;11-09-2024;16.29;0;28;550;256;64;0;0;0;0;0;1;0;0;1;0;0;0;0;0;1;0;0;0;0;0;1;0
20;1.0;38.6;18.0;65.8;18.0;28.9;16;2;5;0;3.0;4.0;1.0;13-09-2024;4.62;1;28;710;325;60;1;0;0;0;0;0;0;0;1;0;0;0;0;0;1;0;0;1;0;0;0;0
18;;43.5;10.0;96.0;45.0;58.5;103;2;8;6;3.0;;2.0;12-09-2024;16.76;0;30;830;282;65;0;1;0;0;0;0;0;0;0;0;1;1;0;0;0;0;0;0;0;0;1;0
20;0.0;55.1;22.0;70.9;15.0;27.6;29;6;6;0;1.0;;2.0;20-09-2024;3.2;1;30;810;265;81;0;0;0;0;0;0;1;0;1;0;0;0;0;0;0;1;0;0;0;0;1;0
17;2.0;0.1;14.0;76.3;23.0;37.2;54;6;9;0;1.0;2.0;3.0;02-09-2024;11.34;0;30;620;263;66;0;0;0;0;0;0;0;1;0;0;1;0;0;1;0;0;0;0;0;0;1;0
19;0.0;0.3;26.0;90.7;47.0;109.3;113;0;11;6;3.0;5.0;5.0;05-09-2024;18.53;0;30;930;293;75;0;0;1;0;0;0;0;0;0;0;1;0;0;0;0;0;1;0;0;0;1;0
24;0.0;0.8;11.0;80.4;3.0;5.6;19;4;7;0;3.0;2.0;2.0;10-09-2024;3.56;1;28;710;325;60;1;0;0;0;0;0;0;0;0;1;0;0;0;0;1;0;0;0;0;1;0;0
21;1.0;26.0;;98.1;49.0;81.7;101;6;10;4;5.0;2.0;2.0;20-09-2024;18.2;0;30;980;247;60;0;0;0;1;0;0;0;0;0;0;1;0;0;0;1;0;0;0;0;0;1;0
22;1.0;4.9;0.0;74.6;;20.3;25;7;7;1;4.0;1.0;;25-09-2024;11.14;0;30;980;247;60;0;0;0;1;0;0;0;0;1;0;0;0;0;0;1;0;0;0;0;1;0;0
19;1.0;;0.0;77.0;41.0;22.6;62;7;7;3;4.0;3.0;1.0;10-09-2024;18.88;0;30;980;247;60;0;0;0;1;0;0;0;0;1;0;0;0;0;0;1;0;0;0;0;1;0;0
21;1.0;20.2;0.0;62.9;26.0;32.1;69;3;8;4;3.0;2.0;2.0;17-09-2024;16.09;0;30;980;247;60;0;0;0;1;0;0;0;0;0;1;0;0;0;0;1;0;0;0;0;0;1;0
20;0.0;7.0;7.0;70.7;24.0;50.3;48;3;8;7;3.0;5.0;2.0;13-09-2024;15.41;0;30;980;247;60;0;0;0;1;0;0;0;0;1;0;0;0;0;0;1;0;0;0;0;0;1;0
23;1.0;0.8;8.0;61.0;48.0;61.6;87;4;6;4;3.0;1.0;3.0;16-09-2024;15.51;0;28;480;265;78;0;0;0;0;1;0;0;0;1;0;0;0;1;0;0;0;0;0;0;0;1;0
20;3.0;3.4;0.0;86.7;22.0;37.3;54;2;10;3;4.0;3.0;4.0;04-09-2024;17.24;0;30;810;265;81;0;0;0;0;0;0;1;0;0;0;1;0;0;0;0;1;0;0;0;0;1;0
18;0.0;1.7;;91.4;49.0;95.4;101;7;12;3;4.0;5.0;4.0;25-09-2024;18.03;0;28;550;256;64;0;0;0;0;0;1;0;0;1;0;0;0;0;0;1;0;0;0;0;0;1;0
21;1.0;67.0;7.0;99.0;33.0;49.8;85;3;10;10;2.0;4.0;2.0;17-09-2024;15.52;0;28;710;325;60;1;0;0;0;0;0;0;0;1;0;0;0;0;0;1;0;0;0;0;0;1;0
21;2.0;9.2;28.0;75.6;23.0;44.9;62;1;10;3;4.0;2.0;3.0;10-09-2024;12.95;0;28;710;325;60;1;0;0;0;0;0;0;0;1;0;0;0;0;0;1;0;0;0;0;0;0;1
20;0.0;13.4;;74.2;40.0;61.8;94;5;6;2;3.0;4.0;2.0;16-09-2024;15.88;0;30;810;265;81;0;0;0;0;0;0;1;0;1;0;0;0;0;0;0;1;0;0;0;0;1;0
20;;8.0;0.0;80.7;33.0;70.3;69;1;8;3;3.0;4.0;2.0;11-09-2024;15.25;0;30;810;265;81;0;0;0;0;0;0;1;0;1;0;0;0;0;0;0;1;0;0;0;0;1;0
19;0.0;12.2;6.0;51.9;11.0;9.4;36;4;8;0;1.0;2.0;5.0;09-09-2024;2.34;1;30;830;282;65;0;1;0;0;0;0;0;0;0;0;1;1;0;0;0;0;0;0;0;0;1;0
22;2.0;44.1;8.0;77.0;36.0;73.4;85;3;9;3;4.0;5.0;2.0;11-09-2024;14.31;0;30;980;247;60;0;0;0;1;0;0;0;0;1;0;0;0;0;0;1;0;0;0;0;0;1;0
19;;5.1;9.0;88.6;62.0;67.6;104;1;9;6;3.0;3.0;4.0;20-09-2024;14.27;0;30;930;293;75;0;0;1;0;0;0;0;0;0;1;0;0;0;0;0;0;1;0;0;0;1;0
21;1.0;3.8;12.0;91.0;25.0;41.7;55;4;13;4;2.0;;4.0;18-09-2024;16.17;0;28;710;325;60;1;0;0;0;0;0;0;0;1;0;0;0;0;0;1;0;0;0;1;0;0;0
20;0.0;13.4;;85.0;27.0;45.6;61;1;9;1;2.0;3.0;1.0;25-09-2024;13.51;0;30;810;265;81;0;0;0;0;0;0;1;0;1;0;0;0;0;0;0;1;0;0;0;0;1;0
18;0.0;37.5;15.0;75.8;36.0;52.2;103;2;11;0;4.0;3.0;3.0;12-09-2024;15.48;0;30;810;265;81;0;0;0;0;0;0;1;0;1;0;0;0;0;0;0;1;0;0;0;0;1;0
21;2.0;21.1;16.0;63.9;8.0;10.0;31;6;6;0;3.0;2.0;1.0;19-09-2024;4.45;1;30;980;247;60;0;0;0;1;0;0;0;0;1;0;0;0;0;0;1;0;0;0;0;0;1;0
21;1.0;9.2;;75.4;15.0;29.7;25;7;12;0;1.0;2.0;;27-09-2024;8.61;1;28;710;325;60;1;0;0;0;0;0;0;0;1;0;0;0;0;0;1;0;0;0;0;0;0;1
18;0.0;;0.0;65.2;24.0;34.1;41;5;5;0;4.0;2.0;1.0;13-09-2024;8.03;1;30;620;263;66;0;0;0;0;0;0;0;1;1;0;0;0;0;1;0;0;0;0;0;0;1;0
20;3.0;1.4;8.0;53.7;7.0;12.9;20;5;7;0;1.0;4.0;3.0;10-09-2024;6.06;1;30;620;263;66;0;0;0;0;0;0;0;1;0;0;1;0;0;1;0;0;0;0;0;0;1;0
19;1.0;5.2;22.0;99.4;70.0;140.4;135;0;9;5;;4.0;3.0;26-09-2024;19.6;0;30;830;282;65;0;1;0;0;0;0;0;0;1;0;0;1;0;0;0;0;0;0;0;1;0;0
18;1.0;14.1;27.0;71.4;13.0;18.9;34;4;11;3;4.0;3.0;3.0;25-09-2024;16.97;0;30;980;247;60;0;0;0;1;0;0;0;0;1;0;0;0;0;0;1;0;0;0;0;0;1;0
19;1.0;12.5;23.0;66.9;23.0;25.7;48;4;9;1;3.0;2.0;3.0;23-09-2024;16.49;0;30;980;247;60;0;0;0;1;0;0;0;0;1;0;0;0;0;0;1;0;0;0;0;0;1;0
24;1.0;28.7;13.0;90.7;42.0;74.3;80;2;10;6;4.0;4.0;4.0;24-09-2024;16.46;0;30;980;247;60;0;0;0;1;0;0;0;0;1;0;0;0;0;0;1;0;0;0;0;0;1;0
18;3.0;16.5;9.0;69.5;23.0;50.9;41;7;7;1;2.0;3.0;1.0;20-09-2024;3.8;1;28;710;325;60;1;0;0;0;0;0;0;0;0;0;1;0;0;0;1;0;0;0;0;0;1;0
18;0.0;;7.0;72.6;19.0;15.8;50;1;6;1;3.0;;2.0;13-09-2024;13.72;0;30;620;263;66;0;0;0;0;0;0;0;1;0;1;0;0;0;1;0;0;0;0;0;0;1;0
21;1.0;;0.0;87.9;16.0;36.8;49;5;10;4;5.0;5.0;5.0;17-09-2024;18.93;0;30;810;265;81;0;0;0;0;0;0;1;0;1;0;0;0;0;0;0;1;0;0;0;0;1;0
18;2.0;0.6;22.0;73.2;28.0;19.0;56;5;11;1;4.0;3.0;5.0;05-09-2024;15.08;0;30;830;282;65;0;1;0;0;0;0;0;0;1;0;0;1;0;0;0;0;0;0;0;0;1;0
19;0.0;0.5;23.0;72.9;19.0;19.5;62;1;7;2;2.0;;1.0;16-09-2024;10.94;0;28;710;325;60;1;0;0;0;0;0;0;0;1;0;0;0;0;0;1;0;0;0;0;1;0;0
21;3.0;5.5;0.0;80.4;24.0;32.9;58;5;9;3;5.0;4.0;3.0;09-09-2024;17.72;0;28;550;256;64;0;0;0;0;0;1;0;0;1;0;0;0;0;0;1;0;0;0;0;0;1;0
18;0.0;13.1;10.0;81.3;15.0;13.9;42;4;9;11;3.0;3.0;1.0;19-09-2024;12.62;0;30;830;282;65;0;1;0;0;0;0;0;0;1;0;0;1;0;0;0;0;0;1;0;0;0;0
17;3.0;;12.0;58.5;3.0;8.2;11;4;5;0;1.0;;1.0;06-09-2024;2.91;1;28;480;265;78;0;0;0;0;1;0;0;0;1;0;0;0;1;0;0;0;0;0;0;0;1;0
18;3.0;7.7;18.0;97.7;17.0;32.7;46;5;6;4;4.0;2.0;2.0;17-09-2024;15.67;0;30;980;247;60;0;0;0;1;0;0;0;0;1;0;0;0;0;0;1;0;0;0;0;0;1;0
19;0.0;34.8;0.0;84.0;36.0;61.7;71;2;10;7;3.0;3.0;1.0;04-09-2024;15.91;0;30;930;293;75;0;0;1;0;0;0;0;0;1;0;0;0;0;0;0;0;1;0;0;0;1;0
19;0.0;22.3;;93.2;43.0;48.2;107;3;13;4;5.0;;4.0;19-09-2024;18.69;0;28;480;265;78;0;0;0;0;1;0;0;0;1;0;0;0;1;0;0;0;0;0;0;1;0;0
18;2.0;46.8;0.0;78.8;28.0;59.2;61;4;12;2;3.0;2.0;2.0;03-09-2024;14.0;0;30;830;282;65;0;1;0;0;0;0;0;0;0;0;1;1;0;0;0;0;0;0;0;1;0;0
21;0.0;12.6;6.0;80.2;28.0;55.7;77;4;7;6;3.0;3.0;4.0;25-09-2024;14.72;0;30;620;263;66;0;0;0;0;0;0;0;1;1;0;0;0;0;1;0;0;0;0;1;0;0;0
20;1.0;31.8;;89.0;26.0;37.8;47;2;10;3;4.0;5.0;4.0;06-09-2024;17.7;0;30;810;265;81;0;0;0;0;0;0;1;0;1;0;0;0;0;0;0;1;0;0;0;0;1;0
22;1.0;25.5;13.0;66.9;15.0;19.1;33;3;7;2;1.0;3.0;3.0;06-09-2024;11.26;0;30;810;265;81;0;0;0;0;0;0;1;0;0;0;1;0;0;0;0;1;0;0;0;0;1;0
20;0.0;11.6;10.0;87.1;37.0;47.9;61;6;8;2;3.0;4.0;2.0;24-09-2024;16.12;0;28;550;256;64;0;0;0;0;0;1;0;0;0;0;1;0;0;0;1;0;0;0;0;0;1;0
18;3.0;9.1;26.0;99.3;51.0;67.8;142;4;12;4;5.0;5.0;5.0;11-09-2024;18.16;0;30;830;282;65;0;1;0;0;0;0;0;0;0;0;1;1;0;0;0;0;0;0;0;1;0;0
18;2.0;8.8;28.0;71.6;38.0;57.9;106;2;7;4;5.0;5.0;2.0;24-09-2024;19.46;0;30;980;247;60;0;0;0;1;0;0;0;0;1;0;0;0;0;0;1;0;0;0;0;0;1;0
18;1.0;13.9;18.0;96.0;42.0;62.1;107;4;12;4;4.0;4.0;4.0;09-09-2024;16.22;0;30;830;282;65;0;1;0;0;0;0;0;0;0;1;0;1;0;0;0;0;0;0;0;0;1;0
17;2.0;21.0;20.0;81.0;45.0;67.7;110;2;6;1;5.0;3.0;4.0;24-09-2024;18.77;0;28;480;265;78;0;0;0;0;1;0;0;0;1;0;0;0;1;0;0;0;0;0;0;0;1;0
19;2.0;21.0;0.0;71.0;28.0;47.2;56;2;6;1;4.0;5.0;3.0;11-09-2024;16.04;0;28;550;256;64;0;0;0;0;0;1;0;0;1;0;0;0;0;0;1;0;0;0;0;1;0;0
23;;8.5;0.0;84.9;;68.5;54;4;8;3;4.0;;;20-09-2024;17.51;0;30;620;263;66;0;0;0;0;0;0;0;1;1;0;0;0;0;1;0;0;0;0;1;0;0;0
19;0.0;2.2;0.0;77.5;4.0;4.7;1;8;9;1;4.0;5.0;4.0;03-09-2024;16.61;0;28;480;265;78;0;0;0;0;1;0;0;0;1;0;0;0;1;0;0;0;0;0;0;0;1;0
21;0.0;2.6;12.0;79.3;17.0;32.2;42;5;5;1;1.0;5.0;3.0;17-09-2024;10.4;0;30;980;247;60;0;0;0;1;0;0;0;0;0;1;0;0;0;0;1;0;0;0;0;0;1;0
18;2.0;7.0;12.0;79.5;37.0;18.7;81;4;11;2;;4.0;3.0;25-09-2024;14.39;0;30;620;263;66;0;0;0;0;0;0;0;1;0;0;1;0;0;1;0;0;0;0;0;1;0;0
19;;8.8;12.0;92.4;36.0;58.9;83;1;11;5;5.0;4.0;5.0;16-09-2024;18.13;0;28;710;325;60;1;0;0;0;0;0;0;0;0;0;1;0;0;0;1;0;0;0;0;0;0;1
17;3.0;19.6;3.0;62.8;3.0;1.7;11;5;8;2;2.0;3.0;1.0;25-09-2024;6.59;1;30;620;263;66;0;0;0;0;0;0;0;1;0;0;1;0;0;1;0;0;0;0;0;0;1;0
20;1.0;1.5;15.0;76.3;49.0;86.0;80;6;7;5;5.0;4.0;3.0;11-09-2024;16.67;0;28;710;325;60;1;0;0;0;0;0;0;0;1;0;0;0;0;0;1;0;0;0;0;0;1;0
19;0.0;37.4;4.0;54.9;26.0;18.2;72;2;8;2;2.0;1.0;1.0;13-09-2024;5.92;1;30;930;293;75;0;0;1;0;0;0;0;0;1;0;0;0;0;0;0;0;1;0;0;0;1;0
22;0.0;0.2;;77.5;32.0;34.2;97;7;12;6;3.0;4.0;1.0;10-09-2024;12.49;0;30;930;293;75;0;0;1;0;0;0;0;0;0;1;0;0;0;0;0;0;1;0;0;0;1;0
19;1.0;46.1;13.0;71.6;35.0;40.0;87;3;9;1;4.0;4.0;4.0;03-09-2024;18.97;0;30;810;265;81;0;0;0;0;0;0;1;0;1;0;0;0;0;0;0;1;0;1;0;0;0;0
19;1.0;3.6;0.0;87.5;;32.1;56;4;9;4;2.0;1.0;3.0;27-09-2024;10.95;0;30;620;263;66;0;0;0;0;0;0;0;1;0;1;0;0;0;1;0;0;0;0;0;1;0;0
20;3.0;6.5;;88.6;44.0;54.2;118;3;13;5;5.0;4.0;3.0;13-09-2024;18.51;0;30;930;293;75;0;0;1;0;0;0;0;0;0;0;1;0;0;0;0;0;1;0;0;1;0;0
17;0.0;2.7;0.0;71.7;21.0;29.9;52;8;8;0;1.0;3.0;2.0;16-09-2024;10.83;0;30;620;263;66;0;0;0;0;0;0;0;1;0;0;1;0;0;1;0;0;0;0;0;0;1;0
23;0.0;1.9;17.0;85.7;33.0;58.4;93;1;12;4;2.0;2.0;3.0;06-09-2024;15.1;0;30;980;247;60;0;0;0;1;0;0;0;0;1;0;0;0;0;0;1;0;0;0;0;0;1;0
24;1.0;11.7;11.0;96.6;81.0;126.2;222;0;13;16;;5.0;5.0;24-09-2024;19.41;0;28;550;256;64;0;0;0;0;0;1;0;0;0;0;1;0;0;0;1;0;0;0;0;0;1;0
18;1.0;6.8;7.0;83.6;33.0;24.8;69;2;9;5;4.0;5.0;3.0;02-09-2024;15.53;0;30;980;247;60;0;0;0;1;0;0;0;0;0;1;0;0;0;0;1;0;0;0;0;0;1;0
19;1.0;2.9;24.0;61.8;3.0;3.9;3;3;3;0;1.0;3.0;1.0;11-09-2024;4.75;1;28;710;325;60;1;0;0;0;0;0;0;0;1;0;0;0;0;0;1;0;0;0;0;0;1;0
19;1.0;10.6;0.0;75.2;13.0;27.3;44;3;5;1;4.0;4.0;2.0;13-09-2024;14.9;0;28;710;325;60;1;0;0;0;0;0;0;0;1;0;0;0;0;0;1;0;0;0;0;0;1;0
18;3.0;26.7;26.0;98.7;65.0;95.4;128;2;8;3;5.0;4.0;5.0;16-09-2024;19.74;0;30;980;247;60;0;0;0;1;0;0;0;0;1;0;0;0;0;0;1;0;0;0;0;0;0;1
19;1.0;3.5;0.0;67.7;13.0;16.3;31;7;7;0;2.0;2.0;4.0;24-09-2024;5.88;1;28;480;265;78;0;0;0;0;1;0;0;0;1;0;0;0;1;0;0;0;0;0;0;0;1;0
17;1.0;0.4;0.0;80.5;22.0;26.3;50;1;8;3;4.0;5.0;3.0;20-09-2024;15.25;0;30;930;293;75;0;0;1;0;0;0;0;0;0;0;1;0;0;0;0;0;1;0;0;0;1;0
22;0.0;18.2;0.0;90.0;52.0;80.5;129;2;11;6;4.0;4.0;2.0;19-09-2024;18.91;0;28;550;256;64;0;0;0;0;0;1;0;0;0;0;1;0;0;0;1;0;0;0;0;0;1;0
21;0.0;23.0;0.0;83.8;51.0;86.2;134;3;9;4;2.0;2.0;3.0;03-09-2024;18.35;0;28;550;256;64;0;0;0;0;0;1;0;0;0;0;1;0;0;0;1;0;0;1;0;0;0;0
23;0.0;22.5;4.0;81.9;27.0;42.5;56;1;7;4;;;1.0;05-09-2024;14.7;0;30;980;247;60;0;0;0;1;0;0;0;0;1;0;0;0;0;0;1;0;0;0;0;0;1;0
18;2.0;;9.0;79.3;18.0;20.8;46;3;6;4;4.0;2.0;3.0;27-09-2024;14.55;0;30;810;265;81;0;0;0;0;0;0;1;0;0;1;0;0;0;0;0;1;0;0;0;0;0;1
18;0.0;1.6;24.0;70.7;6.0;2.9;8;7;9;2;3.0;2.0;1.0;23-09-2024;1.32;1;28;550;256;64;0;0;0;0;0;1;0;0;0;1;0;0;0;0;1;0;0;1;0;0;0;0
23;0.0;29.0;26.0;74.9;;13.7;30;4;9;0;3.0;2.0;3.0;02-09-2024;5.23;1;30;930;293;75;0;0;1;0;0;0;0;0;0;0;1;0;0;0;0;0;1;0;0;1;0;0
23;;;8.0;60.6;26.0;35.9;78;5;8;1;3.0;3.0;1.0;02-09-2024;14.29;0;30;930;293;75;0;0;1;0;0;0;0;0;1;0;0;0;0;0;0;0;1;0;0;0;1;0
23;2.0;2.5;8.0;99.1;27.0;30.5;53;7;10;7;3.0;3.0;3.0;06-09-2024;15.86;0;28;710;325;60;1;0;0;0;0;0;0;0;0;0;1;0;0;0;1;0;0;0;0;0;1;0
18;0.0;58.8;0.0;67.1;21.0;31.9;58;7;7;1;2.0;;1.0;06-09-2024;5.54;1;30;810;265;81;0;0;0;0;0;0;1;0;0;0;1;0;0;0;0;1;0;0;0;1;0;0
20;1.0;16.3;0.0;82.6;34.0;38.3;105;4;6;2;4.0;4.0;3.0;25-09-2024;16.69;0;28;710;325;60;1;0;0;0;0;0;0;0;1;0;0;0;0;0;1;0;0;0;0;0;1;0
18;2.0;24.0;18.0;63.5;26.0;37.0;67;4;9;0;2.0;3.0;5.0;25-09-2024;13.06;0;30;620;263;66;0;0;0;0;0;0;0;1;0;0;1;0;0;1;0;0;0;0;0;1;0;0
20;3.0;3.8;0.0;65.8;3.0;6.1;1;4;4;0;1.0;1.0;1.0;16-09-2024;6.02;1;30;810;265;81;0;0;0;0;0;0;1;0;0;1;0;0;0;0;0;1;0;0;0;1;0;0
20;0.0;5.7;22.0;78.5;37.0;56.5;81;2;8;4;2.0;5.0;3.0;25-09-2024;17.37;0;28;480;265;78;0;0;0;0;1;0;0;0;1;0;0;0;1;0;0;0;0;0;0;0;1;0
19;3.0;13.3;0.0;65.3;13.0;15.3;35;6;9;0;2.0;2.0;4.0;26-09-2024;4.95;1;30;620;263;66;0;0;0;0;0;0;0;1;1;0;0;0;0;1;0;0;0;0;0;1;0;0
21;3.0;22.8;11.0;47.5;8.0;3.7;12;6;6;1;3.0;2.0;2.0;17-09-2024;4.88;1;28;480;265;78;0;0;0;0;1;0;0;0;0;0;1;0;1;0;0;0;0;0;1;0;0;0
22;0.0;4.6;4.0;68.6;17.0;29.5;48;3;5;1;;3.0;1.0;10-09-2024;5.03;1;30;980;247;60;0;0;0;1;0;0;0;0;0;0;1;0;0;0;1;0;0;0;1;0;0;0
22;2.0;;27.0;88.8;30.0;39.9;54;6;7;1;4.0;3.0;2.0;11-09-2024;16.19;0;30;980;247;60;0;0;0;1;0;0;0;0;1;0;0;0;0;0;1;0;0;0;0;0;1;0
23;1.0;3.9;;80.6;20.0;25.4;58;5;6;0;3.0;2.0;;24-09-2024;17.28;0;28;550;256;64;0;0;0;0;0;1;0;0;1;0;0;0;0;0;1;0;0;0;0;1;0;0
20;0.0;10.8;10.0;97.2;59.0;63.2;88;0;9;10;5.0;5.0;4.0;02-09-2024;19.48;0;28;710;325;60;1;0;0;0;0;0;0;0;1;0;0;0;0;0;1;0;0;0;0;0;1;0
21;0.0;8.3;;60.6;21.0;36.7;41;4;5;1;3.0;5.0;2.0;26-09-2024;13.23;0;28;550;256;64;0;0;0;0;0;1;0;0;1;0;0;0;0;0;1;0;0;0;0;0;1;0
19;;63.3;0.0;77.8;33.0;42.8;68;6;9;2;3.0;;4.0;06-09-2024;16.92;0;28;480;265;78;0;0;0;0;1;0;0;0;0;0;1;0;1;0;0;0;0;0;0;0;1;0
19;0.0;8.2;4.0;51.2;7.0;9.7;3;5;5;0;1.0;2.0;3.0;06-09-2024;6.46;1;30;930;293;75;0;0;1;0;0;0;0;0;1;0;0;0;0;0;0;0;1;0;0;0;1;0
19;2.0;16.3;;75.1;3.0;9.6;14;5;6;0;1.0;4.0;1.0;02-09-2024;0.79;1;30;980;247;60;0;0;0;1;0;0;0;0;0;0;1;0;0;0;1;0;0;0;0;0;1;0
19;2.0;4.9;;64.4;30.0;74.3;57;2;6;0;3.0;4.0;1.0;24-09-2024;13.93;0;28;480;265;78;0;0;0;0;1;0;0;0;0;0;1;0;1;0;0;0;0;0;0;1;0;0
17;3.0;16.4;0.0;84.8;36.0;29.8;65;5;11;3;2.0;3.0;3.0;17-09-2024;15.38;0;30;810;265;81;0;0;0;0;0;0;1;0;0;0;1;0;0;0;0;1;0;0;0;1;0;0
18;1.0;3.4;9.0;72.3;30.0;28.9;69;6;11;1;2.0;2.0;2.0;11-09-2024;14.2;0;28;480;265;78;0;0;0;0;1;0;0;0;0;0;1;0;1;0;0;0;0;0;0;0;1;0
20;0.0;10.3;5.0;40.5;21.0;19.3;26;8;9;1;2.0;3.0;3.0;24-09-2024;6.51;1;30;810;265;81;0;0;0;0;0;0;1;0;1;0;0;0;0;0;0;1;0;0;0;0;1;0
19;1.0;2.3;7.0;88.2;29.0;41.7;56;2;10;4;4.0;3.0;3.0;16-09-2024;14.35;0;30;830;282;65;0;1;0;0;0;0;0;0;0;0;1;1;0;0;0;0;0;0;0;1;0;0
19;2.0;6.6;0.0;81.2;45.0;49.7;107;2;13;6;5.0;3.0;3.0;20-09-2024;19.18;0;30;980;247;60;0;0;0;1;0;0;0;0;1;0;0;0;0;0;1;0;0;0;1;0;0;0
19;2.0;3.5;0.0;89.8;32.0;24.8;82;4;8;5;4.0;4.0;4.0;16-09-2024;18.05;0;30;930;293;75;0;0;1;0;0;0;0;0;0;1;0;0;0;0;0;0;1;0;0;0;1;0
17;0.0;16.5;13.0;64.9;23.0;19.8;42;7;8;0;2.0;2.0;3.0;17-09-2024;13.02;0;30;810;265;81;0;0;0;0;0;0;1;0;1;0;0;0;0;0;0;1;0;1;0;0;0;0
23;0.0;16.5;0.0;84.7;35.0;75.0;68;1;11;0;3.0;2.0;3.0;09-09-2024;16.64;0;28;480;265;78;0;0;0;0;1;0;0;0;1;0;0;0;1;0;0;0;0;0;0;1;0;0
24;1.0;12.8;0.0;77.8;18.0;35.5;45;4;8;1;3.0;1.0;4.0;10-09-2024;15.83;0;30;930;293;75;0;0;1;0;0;0;0;0;0;0;1;0;0;0;0;0;1;0;0;1;0;0
20;0.0;7.7;;69.6;29.0;69.4;71;5;8;5;4.0;3.0;3.0;04-09-2024;18.52;0;28;480;265;78;0;0;0;0;1;0;0;0;1;0;0;0;1;0;0;0;0;0;0;1;0;0
22;1.0;4.4;0.0;78.1;14.0;10.9;12;5;5;1;1.0;2.0;2.0;18-09-2024;6.01;1;30;830;282;65;0;1;0;0;0;0;0;0;1;0;0;1;0;0;0;0;0;0;0;0;1;0
20;0.0;2.7;0.0;69.7;34.0;39.4;45;2;12;4;2.0;3.0;;26-09-2024;13.29;0;30;980;247;60;0;0;0;1;0;0;0;0;0;1;0;0;0;0;1;0;0;1;0;0;0;0
17;1.0;;10.0;67.3;15.0;24.2;37;5;7;1;4.0;2.0;3.0;23-09-2024;2.84;1;30;980;247;60;0;0;0;1;0;0;0;0;1;0;0;0;0;0;1;0;0;0;0;1;0;0
22;3.0;11.6;;57.3;20.0;29.1;53;8;9;1;2.0;2.0;2.0;02-09-2024;3.67;1;30;980;247;60;0;0;0;1;0;0;0;0;1;0;0;0;0;0;1;0;0;0;0;0;1;0
20;0.0;10.1;0.0;81.0;46.0;80.2;106;0;11;2;3.0;4.0;3.0;20-09-2024;17.13;0;30;930;293;75;0;0;1;0;0;0;0;0;0;1;0;0;0;0;0;0;1;0;0;0;1;0
18;1.0;24.8;3.0;89.8;32.0;32.2;57;3;9;3;4.0;3.0;3.0;16-09-2024;15.99;0;30;980;247;60;0;0;0;1;0;0;0;0;1;0;0;0;0;0;1;0;0;0;1;0;0;0
